location,context,observed,expected,authority,tolerance,status
main manuscript,"e-added composite segmentation target in ten fixed logit-space updates. In 113 prelocked independent internal patients, mean Dice at threshold 0.5 was 0.",113,113,frozen scientific authorities / journal requirements,exact rendered token; core floats additionally regression-asserted,PASS
main manuscript,"es. In 113 prelocked independent internal patients, mean Dice at threshold 0.5 was 0.239 for P0 and 0.444 for canonical PCC (paired difference 0.205, 95%",0.5,0.5,frozen scientific authorities / journal requirements,exact rendered token; core floats additionally regression-asserted,PASS
main manuscript,"13 prelocked independent internal patients, mean Dice at threshold 0.5 was 0.239 for P0 and 0.444 for canonical PCC (paired difference 0.205, 95% bootstrap",0.239,0.239,frozen scientific authorities / journal requirements,exact rendered token; core floats additionally regression-asserted,PASS
main manuscript,"pendent internal patients, mean Dice at threshold 0.5 was 0.239 for P0 and 0.444 for canonical PCC (paired difference 0.205, 95% bootstrap CI 0.191–0.218; ",0.444,0.444,frozen scientific authorities / journal requirements,exact rendered token; core floats additionally regression-asserted,PASS
main manuscript,"eshold 0.5 was 0.239 for P0 and 0.444 for canonical PCC (paired difference 0.205, 95% bootstrap CI 0.191–0.218; Holm-adjusted P=5.61e-20). A no-smoothing c",0.205,0.205,frozen scientific authorities / journal requirements,exact rendered token; core floats additionally regression-asserted,PASS
main manuscript,"0.5 was 0.239 for P0 and 0.444 for canonical PCC (paired difference 0.205, 95% bootstrap CI 0.191–0.218; Holm-adjusted P=5.61e-20). A no-smoothing candi",95,95,frozen scientific authorities / journal requirements,exact rendered token; core floats additionally regression-asserted,PASS
main manuscript," P0 and 0.444 for canonical PCC (paired difference 0.205, 95% bootstrap CI 0.191–0.218; Holm-adjusted P=5.61e-20). A no-smoothing candidate identified duri",0.191,0.191,frozen scientific authorities / journal requirements,exact rendered token; core floats additionally regression-asserted,PASS
main manuscript,"d 0.444 for canonical PCC (paired difference 0.205, 95% bootstrap CI 0.191–0.218; Holm-adjusted P=5.61e-20). A no-smoothing candidate identified during dev",0.218,0.218,frozen scientific authorities / journal requirements,exact rendered token; core floats additionally regression-asserted,PASS
main manuscript,"CC (paired difference 0.205, 95% bootstrap CI 0.191–0.218; Holm-adjusted P=5.61e-20). A no-smoothing candidate identified during development and prelocked bef",5.61e-20,5.61e-20,frozen scientific authorities / journal requirements,exact rendered token; core floats additionally regression-asserted,PASS
main manuscript,"te identified during development and prelocked before confirmation reached 0.637. In 39 RHUH patients, a physically isolated five-checkpoint P0 ensemble yi",0.637,0.637,frozen scientific authorities / journal requirements,exact rendered token; core floats additionally regression-asserted,PASS
main manuscript,"ied during development and prelocked before confirmation reached 0.637. In 39 RHUH patients, a physically isolated five-checkpoint P0 ensemble yielded m",39,39,frozen scientific authorities / journal requirements,exact rendered token; core floats additionally regression-asserted,PASS
main manuscript,"ients, a physically isolated five-checkpoint P0 ensemble yielded mean Dice 0.190; canonical PCC and prelocked no-smoothing reached 0.365 and 0.451. Descrip",0.190,0.190,frozen scientific authorities / journal requirements,exact rendered token; core floats additionally regression-asserted,PASS
main manuscript, yielded mean Dice 0.190; canonical PCC and prelocked no-smoothing reached 0.365 and 0.451. Descriptive target-access comparators showed that target-derive,0.365,0.365,frozen scientific authorities / journal requirements,exact rendered token; core floats additionally regression-asserted,PASS
main manuscript,ean Dice 0.190; canonical PCC and prelocked no-smoothing reached 0.365 and 0.451. Descriptive target-access comparators showed that target-derived informat,0.451,0.451,frozen scientific authorities / journal requirements,exact rendered token; core floats additionally regression-asserted,PASS
main manuscript,"ating every new imaging abnormality as equivalent evidence of progression [1,14]. Segmentation adds a spatial representation to that assessment, but a ",1,1,frozen scientific authorities / journal requirements,exact rendered token; core floats additionally regression-asserted,PASS
main manuscript,"ing every new imaging abnormality as equivalent evidence of progression [1,14]. Segmentation adds a spatial representation to that assessment, but a dat",14,14,frozen scientific authorities / journal requirements,exact rendered token; core floats additionally regression-asserted,PASS
main manuscript,"d, non-enhancing abnormality, necrosis or resection-cavity-related labels [2,3]. Our task is consequently described as localization of segmentation cha",2,2,frozen scientific authorities / journal requirements,exact rendered token; core floats additionally regression-asserted,PASS
main manuscript," non-enhancing abnormality, necrosis or resection-cavity-related labels [2,3]. Our task is consequently described as localization of segmentation chang",3,3,frozen scientific authorities / journal requirements,exact rendered token; core floats additionally regression-asserted,PASS
main manuscript, recurrence without supplying the evaluated recurrence label at inference [16]. That design addresses predictive information available before the future,16,16,frozen scientific authorities / journal requirements,exact rendered token; core floats additionally regression-asserted,PASS
main manuscript,"ers and annotation practices, making frozen external evaluation important [5,6]. The present work includes a future-blind component with the same outco",5,5,frozen scientific authorities / journal requirements,exact rendered token; core floats additionally regression-asserted,PASS
main manuscript,"s and annotation practices, making frozen external evaluation important [5,6]. The present work includes a future-blind component with the same outcome",6,6,frozen scientific authorities / journal requirements,exact rendered token; core floats additionally regression-asserted,PASS
main manuscript,ferent questions. Dice and intersection-over-union at a fixed threshold of 0.5 quantify binary localization under the predeclared decision rule. Soft Dic,0.5,0.5,frozen scientific authorities / journal requirements,exact rendered token; core floats additionally regression-asserted,PASS
main manuscript,"tic error, and average precision summarizes ranking under class imbalance [10,11,15]. Target-volume-matched top-k overlap was used only as an oracle-ass",10,10,frozen scientific authorities / journal requirements,exact rendered token; core floats additionally regression-asserted,PASS
main manuscript," error, and average precision summarizes ranking under class imbalance [10,11,15]. Target-volume-matched top-k overlap was used only as an oracle-assist",11,11,frozen scientific authorities / journal requirements,exact rendered token; core floats additionally regression-asserted,PASS
main manuscript,"ror, and average precision summarizes ranking under class imbalance [10,11,15]. Target-volume-matched top-k overlap was used only as an oracle-assisted ",15,15,frozen scientific authorities / journal requirements,exact rendered token; core floats additionally regression-asserted,PASS
main manuscript,and is therefore neither a deployment metric nor interchangeable with Dice@0.5. Keeping these metric systems separate prevents a target-dependent develop,0.5,0.5,frozen scientific authorities / journal requirements,exact rendered token; core floats additionally regression-asserted,PASS
main manuscript," performance.  We evaluated this framework across three evidence levels. A 40-patient development cohort supported algorithmic ablation, imperfect-guida",40,40,frozen scientific authorities / journal requirements,exact rendered token; core floats additionally regression-asserted,PASS
main manuscript,"lysis and the post hoc identification of a no-smoothing candidate. A later 113-patient independent internal cohort used prelocked, future-blind P0 maps a",113,113,frozen scientific authorities / journal requirements,exact rendered token; core floats additionally regression-asserted,PASS
main manuscript,"ture-blind P0 maps and two prespecified confirmatory comparisons. Finally, 39 patients from the independent RHUH-GBM collection tested transfer of the u",39,39,frozen scientific authorities / journal requirements,exact rendered token; core floats additionally regression-asserted,PASS
main manuscript,point predictor before a separately locked retrospective correction stage [3]. The canonical method remained Prediction-Comparison-Correction (PCC); “P,3,3,frozen scientific authorities / journal requirements,exact rendered token; core floats additionally regression-asserted,PASS
main manuscript,"get semantics and future-access boundary  The evidence hierarchy comprised 40 development patients, 113 independent internal patients and 39 RHUH extern",40,40,frozen scientific authorities / journal requirements,exact rendered token; core floats additionally regression-asserted,PASS
main manuscript,"access boundary  The evidence hierarchy comprised 40 development patients, 113 independent internal patients and 39 RHUH external patients (Table 1). The",113,113,frozen scientific authorities / journal requirements,exact rendered token; core floats additionally regression-asserted,PASS
main manuscript,"y comprised 40 development patients, 113 independent internal patients and 39 RHUH external patients (Table 1). The internal source manifest initially c",39,39,frozen scientific authorities / journal requirements,exact rendered token; core floats additionally regression-asserted,PASS
main manuscript,"ts, 113 independent internal patients and 39 RHUH external patients (Table 1). The internal source manifest initially contained 115 patients. PatientID",1,1,frozen scientific authorities / journal requirements,exact rendered token; core floats additionally regression-asserted,PASS
main manuscript,ernal patients (Table 1). The internal source manifest initially contained 115 patients. PatientID_0113 and PatientID_0132 were excluded together after S,115,115,frozen scientific authorities / journal requirements,exact rendered token; core floats additionally regression-asserted,PASS
main manuscript,. The internal source manifest initially contained 115 patients. PatientID_0113 and PatientID_0132 were excluded together after Stage A P0 generation but ,0113,0113,frozen scientific authorities / journal requirements,exact rendered token; core floats additionally regression-asserted,PASS
main manuscript,ce manifest initially contained 115 patients. PatientID_0113 and PatientID_0132 were excluded together after Stage A P0 generation but before target const,0132,0132,frozen scientific authorities / journal requirements,exact rendered token; core floats additionally regression-asserted,PASS
main manuscript,ted treating them as independent patients; their original P0 files and the 115-patient manifest remained in the audit chain. The RHUH source contained 40,115,115,frozen scientific authorities / journal requirements,exact rendered token; core floats additionally regression-asserted,PASS
main manuscript,15-patient manifest remained in the audit chain. The RHUH source contained 40 patients. RHUH-0008 was excluded before external P0 generation because los,40,40,frozen scientific authorities / journal requirements,exact rendered token; core floats additionally regression-asserted,PASS
main manuscript,t remained in the audit chain. The RHUH source contained 40 patients. RHUH-0008 was excluded before external P0 generation because lossless axis permutati,0008,0008,frozen scientific authorities / journal requirements,exact rendered token; core floats additionally regression-asserted,PASS
main manuscript,"rmality, enhancing foreground and resection cavity. RHUH used segmentation>0, combining necrosis, peritumoral/non-enhancing abnormality and enhancing t",0,0,frozen scientific authorities / journal requirements,exact rendered token; core floats additionally regression-asserted,PASS
main manuscript,"ent's patient-disjoint held-out fold. At the deployment-style threshold of 0.5, mean Dice was 0.216 for Fixed, 0.326 for canonical Full PCC and 0.385 for",0.5,0.5,frozen scientific authorities / journal requirements,exact rendered token; core floats additionally regression-asserted,PASS
main manuscript,"int held-out fold. At the deployment-style threshold of 0.5, mean Dice was 0.216 for Fixed, 0.326 for canonical Full PCC and 0.385 for no-smoothing; corres",0.216,0.216,frozen scientific authorities / journal requirements,exact rendered token; core floats additionally regression-asserted,PASS
main manuscript,". At the deployment-style threshold of 0.5, mean Dice was 0.216 for Fixed, 0.326 for canonical Full PCC and 0.385 for no-smoothing; corresponding soft-Dice",0.326,0.326,frozen scientific authorities / journal requirements,exact rendered token; core floats additionally regression-asserted,PASS
main manuscript,"ld of 0.5, mean Dice was 0.216 for Fixed, 0.326 for canonical Full PCC and 0.385 for no-smoothing; corresponding soft-Dice means were 0.222, 0.270 and 0.30",0.385,0.385,frozen scientific authorities / journal requirements,exact rendered token; core floats additionally regression-asserted,PASS
main manuscript,"al Full PCC and 0.385 for no-smoothing; corresponding soft-Dice means were 0.222, 0.270 and 0.309, average precision means were 0.229, 0.373 and 0.523, and",0.222,0.222,frozen scientific authorities / journal requirements,exact rendered token; core floats additionally regression-asserted,PASS
main manuscript," PCC and 0.385 for no-smoothing; corresponding soft-Dice means were 0.222, 0.270 and 0.309, average precision means were 0.229, 0.373 and 0.523, and Brier ",0.270,0.270,frozen scientific authorities / journal requirements,exact rendered token; core floats additionally regression-asserted,PASS
main manuscript,".385 for no-smoothing; corresponding soft-Dice means were 0.222, 0.270 and 0.309, average precision means were 0.229, 0.373 and 0.523, and Brier scores wer",0.309,0.309,frozen scientific authorities / journal requirements,exact rendered token; core floats additionally regression-asserted,PASS
main manuscript," soft-Dice means were 0.222, 0.270 and 0.309, average precision means were 0.229, 0.373 and 0.523, and Brier scores were 0.00630, 0.00470 and 0.00385. Thes",0.229,0.229,frozen scientific authorities / journal requirements,exact rendered token; core floats additionally regression-asserted,PASS
main manuscript,"ice means were 0.222, 0.270 and 0.309, average precision means were 0.229, 0.373 and 0.523, and Brier scores were 0.00630, 0.00470 and 0.00385. These descr",0.373,0.373,frozen scientific authorities / journal requirements,exact rendered token; core floats additionally regression-asserted,PASS
main manuscript,"were 0.222, 0.270 and 0.309, average precision means were 0.229, 0.373 and 0.523, and Brier scores were 0.00630, 0.00470 and 0.00385. These descriptive dev",0.523,0.523,frozen scientific authorities / journal requirements,exact rendered token; core floats additionally regression-asserted,PASS
main manuscript,"average precision means were 0.229, 0.373 and 0.523, and Brier scores were 0.00630, 0.00470 and 0.00385. These descriptive development estimates use a differ",0.00630,0.00630,frozen scientific authorities / journal requirements,exact rendered token; core floats additionally regression-asserted,PASS
main manuscript,"recision means were 0.229, 0.373 and 0.523, and Brier scores were 0.00630, 0.00470 and 0.00385. These descriptive development estimates use a different data ",0.00470,0.00470,frozen scientific authorities / journal requirements,exact rendered token; core floats additionally regression-asserted,PASS
main manuscript,"ns were 0.229, 0.373 and 0.523, and Brier scores were 0.00630, 0.00470 and 0.00385. These descriptive development estimates use a different data role from th",0.00385,0.00385,frozen scientific authorities / journal requirements,exact rendered token; core floats additionally regression-asserted,PASS
main manuscript,"parately locked oracle-assisted target-volume-matched top-k metric (Figure 5 and Supplementary Table S5). Under that target-dependent metric, Fixed P0 ",5,5,frozen scientific authorities / journal requirements,exact rendered token; core floats additionally regression-asserted,PASS
main manuscript,"Table S5). Under that target-dependent metric, Fixed P0 achieved mean Dice 0.276, canonical Full PCC 0.388 and no-smoothing 0.500. Turning off error guidan",0.276,0.276,frozen scientific authorities / journal requirements,exact rendered token; core floats additionally regression-asserted,PASS
main manuscript,"et-dependent metric, Fixed P0 achieved mean Dice 0.276, canonical Full PCC 0.388 and no-smoothing 0.500. Turning off error guidance while retaining outside",0.388,0.388,frozen scientific authorities / journal requirements,exact rendered token; core floats additionally regression-asserted,PASS
main manuscript,"xed P0 achieved mean Dice 0.276, canonical Full PCC 0.388 and no-smoothing 0.500. Turning off error guidance while retaining outside suppression reduced th",0.500,0.500,frozen scientific authorities / journal requirements,exact rendered token; core floats additionally regression-asserted,PASS
main manuscript,ff error guidance while retaining outside suppression reduced the score to 0.288; retaining error guidance but removing outside suppression yielded 0.361. ,0.288,0.288,frozen scientific authorities / journal requirements,exact rendered token; core floats additionally regression-asserted,PASS
main manuscript,"o 0.288; retaining error guidance but removing outside suppression yielded 0.361. With both terms off, the score returned to 0.276. A global-discrepancy va",0.361,0.361,frozen scientific authorities / journal requirements,exact rendered token; core floats additionally regression-asserted,PASS
main manuscript,"side suppression yielded 0.361. With both terms off, the score returned to 0.276. A global-discrepancy variant reached 0.393, showing that not every deviat",0.276,0.276,frozen scientific authorities / journal requirements,exact rendered token; core floats additionally regression-asserted,PASS
main manuscript,"rms off, the score returned to 0.276. A global-discrepancy variant reached 0.393, showing that not every deviation from the canonical support reduced the d",0.393,0.393,frozen scientific authorities / journal requirements,exact rendered token; core floats additionally regression-asserted,PASS
main manuscript,"plementary Tables S6 and S7). For Full PCC, oracle-assisted top-k Dice was 0.388 with clean guidance, 0.349 with 50% partial guidance, 0.324 with 25% parti",0.388,0.388,frozen scientific authorities / journal requirements,exact rendered token; core floats additionally regression-asserted,PASS
main manuscript,"). For Full PCC, oracle-assisted top-k Dice was 0.388 with clean guidance, 0.349 with 50% partial guidance, 0.324 with 25% partial guidance, 0.384 after ad",0.349,0.349,frozen scientific authorities / journal requirements,exact rendered token; core floats additionally regression-asserted,PASS
main manuscript," PCC, oracle-assisted top-k Dice was 0.388 with clean guidance, 0.349 with 50% partial guidance, 0.324 with 25% partial guidance, 0.384 after addition o",50,50,frozen scientific authorities / journal requirements,exact rendered token; core floats additionally regression-asserted,PASS
main manuscript,"top-k Dice was 0.388 with clean guidance, 0.349 with 50% partial guidance, 0.324 with 25% partial guidance, 0.384 after addition of 25% false-positive guid",0.324,0.324,frozen scientific authorities / journal requirements,exact rendered token; core floats additionally regression-asserted,PASS
main manuscript,"was 0.388 with clean guidance, 0.349 with 50% partial guidance, 0.324 with 25% partial guidance, 0.384 after addition of 25% false-positive guidance, 0.",25,25,frozen scientific authorities / journal requirements,exact rendered token; core floats additionally regression-asserted,PASS
main manuscript,"uidance, 0.349 with 50% partial guidance, 0.324 with 25% partial guidance, 0.384 after addition of 25% false-positive guidance, 0.368 after a three-voxel s",0.384,0.384,frozen scientific authorities / journal requirements,exact rendered token; core floats additionally regression-asserted,PASS
main manuscript,"partial guidance, 0.324 with 25% partial guidance, 0.384 after addition of 25% false-positive guidance, 0.368 after a three-voxel shift and 0.333 under ",25,25,frozen scientific authorities / journal requirements,exact rendered token; core floats additionally regression-asserted,PASS
main manuscript,"25% partial guidance, 0.384 after addition of 25% false-positive guidance, 0.368 after a three-voxel shift and 0.333 under mixed perturbation. Thus incompl",0.368,0.368,frozen scientific authorities / journal requirements,exact rendered token; core floats additionally regression-asserted,PASS
main manuscript,"dition of 25% false-positive guidance, 0.368 after a three-voxel shift and 0.333 under mixed perturbation. Thus incomplete or displaced guidance generally ",0.333,0.333,frozen scientific authorities / journal requirements,exact rendered token; core floats additionally regression-asserted,PASS
main manuscript,causal or biological evidence.  ### Independent internal confirmation  All 113 independent internal patients were absent from every predictor-training pa,113,113,frozen scientific authorities / journal requirements,exact rendered token; core floats additionally regression-asserted,PASS
main manuscript," checkpoint receiving only current T1c and current segmentation. Mean Dice@0.5 was 0.239 for Fixed P0, 0.444 for canonical Full PCC and 0.637 for no-smoo",0.5,0.5,frozen scientific authorities / journal requirements,exact rendered token; core floats additionally regression-asserted,PASS
main manuscript,"int receiving only current T1c and current segmentation. Mean Dice@0.5 was 0.239 for Fixed P0, 0.444 for canonical Full PCC and 0.637 for no-smoothing (Fig",0.239,0.239,frozen scientific authorities / journal requirements,exact rendered token; core floats additionally regression-asserted,PASS
main manuscript,"urrent T1c and current segmentation. Mean Dice@0.5 was 0.239 for Fixed P0, 0.444 for canonical Full PCC and 0.637 for no-smoothing (Figure 2). Full PCC min",0.444,0.444,frozen scientific authorities / journal requirements,exact rendered token; core floats additionally regression-asserted,PASS
main manuscript,"on. Mean Dice@0.5 was 0.239 for Fixed P0, 0.444 for canonical Full PCC and 0.637 for no-smoothing (Figure 2). Full PCC minus Fixed had a mean paired differ",0.637,0.637,frozen scientific authorities / journal requirements,exact rendered token; core floats additionally regression-asserted,PASS
main manuscript," Fixed P0, 0.444 for canonical Full PCC and 0.637 for no-smoothing (Figure 2). Full PCC minus Fixed had a mean paired difference of 0.205, median diffe",2,2,frozen scientific authorities / journal requirements,exact rendered token; core floats additionally regression-asserted,PASS
main manuscript,"smoothing (Figure 2). Full PCC minus Fixed had a mean paired difference of 0.205, median difference of 0.212 and 113/0/0 wins/ties/losses. The paired two-s",0.205,0.205,frozen scientific authorities / journal requirements,exact rendered token; core floats additionally regression-asserted,PASS
main manuscript,"CC minus Fixed had a mean paired difference of 0.205, median difference of 0.212 and 113/0/0 wins/ties/losses. The paired two-sided Wilcoxon P value was 2.",0.212,0.212,frozen scientific authorities / journal requirements,exact rendered token; core floats additionally regression-asserted,PASS
main manuscript,"ixed had a mean paired difference of 0.205, median difference of 0.212 and 113/0/0 wins/ties/losses. The paired two-sided Wilcoxon P value was 2.803e-20,",113,113,frozen scientific authorities / journal requirements,exact rendered token; core floats additionally regression-asserted,PASS
main manuscript," had a mean paired difference of 0.205, median difference of 0.212 and 113/0/0 wins/ties/losses. The paired two-sided Wilcoxon P value was 2.803e-20, t",0,0,frozen scientific authorities / journal requirements,exact rendered token; core floats additionally regression-asserted,PASS
main manuscript,"ad a mean paired difference of 0.205, median difference of 0.212 and 113/0/0 wins/ties/losses. The paired two-sided Wilcoxon P value was 2.803e-20, the",0,0,frozen scientific authorities / journal requirements,exact rendered token; core floats additionally regression-asserted,PASS
main manuscript,"12 and 113/0/0 wins/ties/losses. The paired two-sided Wilcoxon P value was 2.803e-20, the Holm-adjusted P value was 5.606e-20, the 10,000-resample paired boots",2.803e-20,2.803e-20,frozen scientific authorities / journal requirements,exact rendered token; core floats additionally regression-asserted,PASS
main manuscript,"ed two-sided Wilcoxon P value was 2.803e-20, the Holm-adjusted P value was 5.606e-20, the 10,000-resample paired bootstrap 95% interval was 0.191–0.218, Cohen ",5.606e-20,5.606e-20,frozen scientific authorities / journal requirements,exact rendered token; core floats additionally regression-asserted,PASS
main manuscript,"lcoxon P value was 2.803e-20, the Holm-adjusted P value was 5.606e-20, the 10,000-resample paired bootstrap 95% interval was 0.191–0.218, Cohen dz was 2",10,10,frozen scientific authorities / journal requirements,exact rendered token; core floats additionally regression-asserted,PASS
main manuscript,"xon P value was 2.803e-20, the Holm-adjusted P value was 5.606e-20, the 10,000-resample paired bootstrap 95% interval was 0.191–0.218, Cohen dz was 2.746",000,000,frozen scientific authorities / journal requirements,exact rendered token; core floats additionally regression-asserted,PASS
main manuscript," Holm-adjusted P value was 5.606e-20, the 10,000-resample paired bootstrap 95% interval was 0.191–0.218, Cohen dz was 2.746 and rank-biserial effect siz",95,95,frozen scientific authorities / journal requirements,exact rendered token; core floats additionally regression-asserted,PASS
main manuscript,"value was 5.606e-20, the 10,000-resample paired bootstrap 95% interval was 0.191–0.218, Cohen dz was 2.746 and rank-biserial effect size was 1.000 (Table 2",0.191,0.191,frozen scientific authorities / journal requirements,exact rendered token; core floats additionally regression-asserted,PASS
main manuscript,"was 5.606e-20, the 10,000-resample paired bootstrap 95% interval was 0.191–0.218, Cohen dz was 2.746 and rank-biserial effect size was 1.000 (Table 2).  No",0.218,0.218,frozen scientific authorities / journal requirements,exact rendered token; core floats additionally regression-asserted,PASS
main manuscript,"0,000-resample paired bootstrap 95% interval was 0.191–0.218, Cohen dz was 2.746 and rank-biserial effect size was 1.000 (Table 2).  No-smoothing minus Ful",2.746,2.746,frozen scientific authorities / journal requirements,exact rendered token; core floats additionally regression-asserted,PASS
main manuscript,"rval was 0.191–0.218, Cohen dz was 2.746 and rank-biserial effect size was 1.000 (Table 2).  No-smoothing minus Full PCC had mean difference 0.193, median ",1.000,1.000,frozen scientific authorities / journal requirements,exact rendered token; core floats additionally regression-asserted,PASS
main manuscript,"1–0.218, Cohen dz was 2.746 and rank-biserial effect size was 1.000 (Table 2).  No-smoothing minus Full PCC had mean difference 0.193, median differenc",2,2,frozen scientific authorities / journal requirements,exact rendered token; core floats additionally regression-asserted,PASS
main manuscript,"size was 1.000 (Table 2).  No-smoothing minus Full PCC had mean difference 0.193, median difference 0.189 and 113/0/0 wins/ties/losses. Its two-sided P val",0.193,0.193,frozen scientific authorities / journal requirements,exact rendered token; core floats additionally regression-asserted,PASS
main manuscript,"  No-smoothing minus Full PCC had mean difference 0.193, median difference 0.189 and 113/0/0 wins/ties/losses. Its two-sided P value was 2.803e-20, Holm-ad",0.189,0.189,frozen scientific authorities / journal requirements,exact rendered token; core floats additionally regression-asserted,PASS
main manuscript,"hing minus Full PCC had mean difference 0.193, median difference 0.189 and 113/0/0 wins/ties/losses. Its two-sided P value was 2.803e-20, Holm-adjusted P",113,113,frozen scientific authorities / journal requirements,exact rendered token; core floats additionally regression-asserted,PASS
main manuscript," minus Full PCC had mean difference 0.193, median difference 0.189 and 113/0/0 wins/ties/losses. Its two-sided P value was 2.803e-20, Holm-adjusted P w",0,0,frozen scientific authorities / journal requirements,exact rendered token; core floats additionally regression-asserted,PASS
main manuscript,"inus Full PCC had mean difference 0.193, median difference 0.189 and 113/0/0 wins/ties/losses. Its two-sided P value was 2.803e-20, Holm-adjusted P was",0,0,frozen scientific authorities / journal requirements,exact rendered token; core floats additionally regression-asserted,PASS
main manuscript,"n difference 0.189 and 113/0/0 wins/ties/losses. Its two-sided P value was 2.803e-20, Holm-adjusted P was 5.606e-20, bootstrap interval was 0.174–0.213, Cohen ",2.803e-20,2.803e-20,frozen scientific authorities / journal requirements,exact rendered token; core floats additionally regression-asserted,PASS
main manuscript,"wins/ties/losses. Its two-sided P value was 2.803e-20, Holm-adjusted P was 5.606e-20, bootstrap interval was 0.174–0.213, Cohen dz was 1.797 and rank-biserial ",5.606e-20,5.606e-20,frozen scientific authorities / journal requirements,exact rendered token; core floats additionally regression-asserted,PASS
main manuscript,"value was 2.803e-20, Holm-adjusted P was 5.606e-20, bootstrap interval was 0.174–0.213, Cohen dz was 1.797 and rank-biserial effect size was 1.000. These w",0.174,0.174,frozen scientific authorities / journal requirements,exact rendered token; core floats additionally regression-asserted,PASS
main manuscript,"was 2.803e-20, Holm-adjusted P was 5.606e-20, bootstrap interval was 0.174–0.213, Cohen dz was 1.797 and rank-biserial effect size was 1.000. These were th",0.213,0.213,frozen scientific authorities / journal requirements,exact rendered token; core floats additionally regression-asserted,PASS
main manuscript,"adjusted P was 5.606e-20, bootstrap interval was 0.174–0.213, Cohen dz was 1.797 and rank-biserial effect size was 1.000. These were the only two internal ",1.797,1.797,frozen scientific authorities / journal requirements,exact rendered token; core floats additionally regression-asserted,PASS
main manuscript,"rval was 0.174–0.213, Cohen dz was 1.797 and rank-biserial effect size was 1.000. These were the only two internal confirmatory hypotheses. Supporting prob",1.000,1.000,frozen scientific authorities / journal requirements,exact rendered token; core floats additionally regression-asserted,PASS
main manuscript," the same general direction: Fixed, Full PCC and no-smoothing had mean IoU@0.5 of 0.143, 0.303 and 0.496; soft Dice of 0.185, 0.267 and 0.320; Brier scor",0.5,0.5,frozen scientific authorities / journal requirements,exact rendered token; core floats additionally regression-asserted,PASS
main manuscript,"me general direction: Fixed, Full PCC and no-smoothing had mean IoU@0.5 of 0.143, 0.303 and 0.496; soft Dice of 0.185, 0.267 and 0.320; Brier score of 0.00",0.143,0.143,frozen scientific authorities / journal requirements,exact rendered token; core floats additionally regression-asserted,PASS
main manuscript,"ral direction: Fixed, Full PCC and no-smoothing had mean IoU@0.5 of 0.143, 0.303 and 0.496; soft Dice of 0.185, 0.267 and 0.320; Brier score of 0.00452, 0.",0.303,0.303,frozen scientific authorities / journal requirements,exact rendered token; core floats additionally regression-asserted,PASS
main manuscript,"ion: Fixed, Full PCC and no-smoothing had mean IoU@0.5 of 0.143, 0.303 and 0.496; soft Dice of 0.185, 0.267 and 0.320; Brier score of 0.00452, 0.00310 and ",0.496,0.496,frozen scientific authorities / journal requirements,exact rendered token; core floats additionally regression-asserted,PASS
main manuscript," and no-smoothing had mean IoU@0.5 of 0.143, 0.303 and 0.496; soft Dice of 0.185, 0.267 and 0.320; Brier score of 0.00452, 0.00310 and 0.00258; and average",0.185,0.185,frozen scientific authorities / journal requirements,exact rendered token; core floats additionally regression-asserted,PASS
main manuscript,"-smoothing had mean IoU@0.5 of 0.143, 0.303 and 0.496; soft Dice of 0.185, 0.267 and 0.320; Brier score of 0.00452, 0.00310 and 0.00258; and average precis",0.267,0.267,frozen scientific authorities / journal requirements,exact rendered token; core floats additionally regression-asserted,PASS
main manuscript," had mean IoU@0.5 of 0.143, 0.303 and 0.496; soft Dice of 0.185, 0.267 and 0.320; Brier score of 0.00452, 0.00310 and 0.00258; and average precision of 0.2",0.320,0.320,frozen scientific authorities / journal requirements,exact rendered token; core floats additionally regression-asserted,PASS
main manuscript,".143, 0.303 and 0.496; soft Dice of 0.185, 0.267 and 0.320; Brier score of 0.00452, 0.00310 and 0.00258; and average precision of 0.227, 0.414 and 0.647, res",0.00452,0.00452,frozen scientific authorities / journal requirements,exact rendered token; core floats additionally regression-asserted,PASS
main manuscript,"03 and 0.496; soft Dice of 0.185, 0.267 and 0.320; Brier score of 0.00452, 0.00310 and 0.00258; and average precision of 0.227, 0.414 and 0.647, respectively",0.00310,0.00310,frozen scientific authorities / journal requirements,exact rendered token; core floats additionally regression-asserted,PASS
main manuscript,"; soft Dice of 0.185, 0.267 and 0.320; Brier score of 0.00452, 0.00310 and 0.00258; and average precision of 0.227, 0.414 and 0.647, respectively. The patter",0.00258,0.00258,frozen scientific authorities / journal requirements,exact rendered token; core floats additionally regression-asserted,PASS
main manuscript,"320; Brier score of 0.00452, 0.00310 and 0.00258; and average precision of 0.227, 0.414 and 0.647, respectively. The pattern therefore was not confined to ",0.227,0.227,frozen scientific authorities / journal requirements,exact rendered token; core floats additionally regression-asserted,PASS
main manuscript,"ier score of 0.00452, 0.00310 and 0.00258; and average precision of 0.227, 0.414 and 0.647, respectively. The pattern therefore was not confined to one thr",0.414,0.414,frozen scientific authorities / journal requirements,exact rendered token; core floats additionally regression-asserted,PASS
main manuscript,"of 0.00452, 0.00310 and 0.00258; and average precision of 0.227, 0.414 and 0.647, respectively. The pattern therefore was not confined to one thresholded-o",0.647,0.647,frozen scientific authorities / journal requirements,exact rendered token; core floats additionally regression-asserted,PASS
main manuscript,verlap summary.  ### Retrospective target-access comparator context  Table 3 places the confirmatory methods beside frozen descriptive controls without,3,3,frozen scientific authorities / journal requirements,exact rendered token; core floats additionally regression-asserted,PASS
main manuscript,"ithout adding inferential hypotheses. Internally, EIA-linear and EIA-blend-0.75 achieved mean Dice@0.5 of 0.296 and 0.317, compared with 0.444 for canonic",0.75,0.75,frozen scientific authorities / journal requirements,exact rendered token; core floats additionally regression-asserted,PASS
main manuscript,"l hypotheses. Internally, EIA-linear and EIA-blend-0.75 achieved mean Dice@0.5 of 0.296 and 0.317, compared with 0.444 for canonical PCC and 0.637 for no",0.5,0.5,frozen scientific authorities / journal requirements,exact rendered token; core floats additionally regression-asserted,PASS
main manuscript,"heses. Internally, EIA-linear and EIA-blend-0.75 achieved mean Dice@0.5 of 0.296 and 0.317, compared with 0.444 for canonical PCC and 0.637 for no-smoothin",0.296,0.296,frozen scientific authorities / journal requirements,exact rendered token; core floats additionally regression-asserted,PASS
main manuscript,"ernally, EIA-linear and EIA-blend-0.75 achieved mean Dice@0.5 of 0.296 and 0.317, compared with 0.444 for canonical PCC and 0.637 for no-smoothing. Their p",0.317,0.317,frozen scientific authorities / journal requirements,exact rendered token; core floats additionally regression-asserted,PASS
main manuscript,"nd EIA-blend-0.75 achieved mean Dice@0.5 of 0.296 and 0.317, compared with 0.444 for canonical PCC and 0.637 for no-smoothing. Their probability-metric ran",0.444,0.444,frozen scientific authorities / journal requirements,exact rendered token; core floats additionally regression-asserted,PASS
main manuscript,"ean Dice@0.5 of 0.296 and 0.317, compared with 0.444 for canonical PCC and 0.637 for no-smoothing. Their probability-metric rankings were not identical: EI",0.637,0.637,frozen scientific authorities / journal requirements,exact rendered token; core floats additionally regression-asserted,PASS
main manuscript,"smoothing. Their probability-metric rankings were not identical: EIA-blend-0.75 had mean soft Dice 0.253 and average precision 0.478, whereas canonical PC",0.75,0.75,frozen scientific authorities / journal requirements,exact rendered token; core floats additionally regression-asserted,PASS
main manuscript,"lity-metric rankings were not identical: EIA-blend-0.75 had mean soft Dice 0.253 and average precision 0.478, whereas canonical PCC had 0.267 and 0.414. EI",0.253,0.253,frozen scientific authorities / journal requirements,exact rendered token; core floats additionally regression-asserted,PASS
main manuscript,"t identical: EIA-blend-0.75 had mean soft Dice 0.253 and average precision 0.478, whereas canonical PCC had 0.267 and 0.414. EIA-morph, evaluated only in t",0.478,0.478,frozen scientific authorities / journal requirements,exact rendered token; core floats additionally regression-asserted,PASS
main manuscript,"ean soft Dice 0.253 and average precision 0.478, whereas canonical PCC had 0.267 and 0.414. EIA-morph, evaluated only in the internal confirmatory analysis",0.267,0.267,frozen scientific authorities / journal requirements,exact rendered token; core floats additionally regression-asserted,PASS
main manuscript,"ice 0.253 and average precision 0.478, whereas canonical PCC had 0.267 and 0.414. EIA-morph, evaluated only in the internal confirmatory analysis, is repor",0.414,0.414,frozen scientific authorities / journal requirements,exact rendered token; core floats additionally regression-asserted,PASS
main manuscript,", is reported in Supplementary Table S8. In RHUH, EIA-linear and EIA-blend-0.75 reached Dice@0.5 of 0.246 and 0.248, compared with 0.365 and 0.451 for can",0.75,0.75,frozen scientific authorities / journal requirements,exact rendered token; core floats additionally regression-asserted,PASS
main manuscript,"upplementary Table S8. In RHUH, EIA-linear and EIA-blend-0.75 reached Dice@0.5 of 0.246 and 0.248, compared with 0.365 and 0.451 for canonical and no-smo",0.5,0.5,frozen scientific authorities / journal requirements,exact rendered token; core floats additionally regression-asserted,PASS
main manuscript,"ntary Table S8. In RHUH, EIA-linear and EIA-blend-0.75 reached Dice@0.5 of 0.246 and 0.248, compared with 0.365 and 0.451 for canonical and no-smoothing PC",0.246,0.246,frozen scientific authorities / journal requirements,exact rendered token; core floats additionally regression-asserted,PASS
main manuscript,"e S8. In RHUH, EIA-linear and EIA-blend-0.75 reached Dice@0.5 of 0.246 and 0.248, compared with 0.365 and 0.451 for canonical and no-smoothing PCC. EIA-lin",0.248,0.248,frozen scientific authorities / journal requirements,exact rendered token; core floats additionally regression-asserted,PASS
main manuscript,"near and EIA-blend-0.75 reached Dice@0.5 of 0.246 and 0.248, compared with 0.365 and 0.451 for canonical and no-smoothing PCC. EIA-linear had external soft",0.365,0.365,frozen scientific authorities / journal requirements,exact rendered token; core floats additionally regression-asserted,PASS
main manuscript,"IA-blend-0.75 reached Dice@0.5 of 0.246 and 0.248, compared with 0.365 and 0.451 for canonical and no-smoothing PCC. EIA-linear had external soft Dice 0.27",0.451,0.451,frozen scientific authorities / journal requirements,exact rendered token; core floats additionally regression-asserted,PASS
main manuscript,".451 for canonical and no-smoothing PCC. EIA-linear had external soft Dice 0.276, exceeding canonical PCC at 0.238, and EIA-blend-0.75 average precision wa",0.276,0.276,frozen scientific authorities / journal requirements,exact rendered token; core floats additionally regression-asserted,PASS
main manuscript,"g PCC. EIA-linear had external soft Dice 0.276, exceeding canonical PCC at 0.238, and EIA-blend-0.75 average precision was 0.407 compared with 0.309 for ca",0.238,0.238,frozen scientific authorities / journal requirements,exact rendered token; core floats additionally regression-asserted,PASS
main manuscript," external soft Dice 0.276, exceeding canonical PCC at 0.238, and EIA-blend-0.75 average precision was 0.407 compared with 0.309 for canonical PCC and 0.40",0.75,0.75,frozen scientific authorities / journal requirements,exact rendered token; core floats additionally regression-asserted,PASS
main manuscript,"exceeding canonical PCC at 0.238, and EIA-blend-0.75 average precision was 0.407 compared with 0.309 for canonical PCC and 0.404 for no-smoothing. These mi",0.407,0.407,frozen scientific authorities / journal requirements,exact rendered token; core floats additionally regression-asserted,PASS
main manuscript,"PCC at 0.238, and EIA-blend-0.75 average precision was 0.407 compared with 0.309 for canonical PCC and 0.404 for no-smoothing. These mixed rankings are ret",0.309,0.309,frozen scientific authorities / journal requirements,exact rendered token; core floats additionally regression-asserted,PASS
main manuscript,0.75 average precision was 0.407 compared with 0.309 for canonical PCC and 0.404 for no-smoothing. These mixed rankings are retained as negative context. T,0.404,0.404,frozen scientific authorities / journal requirements,exact rendered token; core floats additionally regression-asserted,PASS
main manuscript,"nonical PCC propagated its probability state for exactly ten rounds, and P10 was formal for every patient (Figure 3). Internal cohort mean Dice@0.5 inc",0,0,frozen scientific authorities / journal requirements,exact rendered token; core floats additionally regression-asserted,PASS
main manuscript,"state for exactly ten rounds, and P10 was formal for every patient (Figure 3). Internal cohort mean Dice@0.5 increased from P1 to P10, but the protocol",3,3,frozen scientific authorities / journal requirements,exact rendered token; core floats additionally regression-asserted,PASS
main manuscript,"and P10 was formal for every patient (Figure 3). Internal cohort mean Dice@0.5 increased from P1 to P10, but the protocol did not select a per-patient be",0.5,0.5,frozen scientific authorities / journal requirements,exact rendered token; core floats additionally regression-asserted,PASS
main manuscript,"y patient (Figure 3). Internal cohort mean Dice@0.5 increased from P1 to P10, but the protocol did not select a per-patient best round. P10 was best or",0,0,frozen scientific authorities / journal requirements,exact rendered token; core floats additionally regression-asserted,PASS
main manuscript,"rom P1 to P10, but the protocol did not select a per-patient best round. P10 was best or tied-best for 112 of 113 internal cases. PatientID_0242_T1_to_",0,0,frozen scientific authorities / journal requirements,exact rendered token; core floats additionally regression-asserted,PASS
main manuscript,col did not select a per-patient best round. P10 was best or tied-best for 112 of 113 internal cases. PatientID_0242_T1_to_T3_t1c declined from P9 to P10,112,112,frozen scientific authorities / journal requirements,exact rendered token; core floats additionally regression-asserted,PASS
main manuscript, not select a per-patient best round. P10 was best or tied-best for 112 of 113 internal cases. PatientID_0242_T1_to_T3_t1c declined from P9 to P10 and ne,113,113,frozen scientific authorities / journal requirements,exact rendered token; core floats additionally regression-asserted,PASS
main manuscript," round. P10 was best or tied-best for 112 of 113 internal cases. PatientID_0242_T1_to_T3_t1c declined from P9 to P10 and nevertheless retained P10, provid",0242,0242,frozen scientific authorities / journal requirements,exact rendered token; core floats additionally regression-asserted,PASS
main manuscript,"2 of 113 internal cases. PatientID_0242_T1_to_T3_t1c declined from P9 to P10 and nevertheless retained P10, providing a concrete counterexample to univ",0,0,frozen scientific authorities / journal requirements,exact rendered token; core floats additionally regression-asserted,PASS
main manuscript,"ntID_0242_T1_to_T3_t1c declined from P9 to P10 and nevertheless retained P10, providing a concrete counterexample to universal patient-level monotonici",0,0,frozen scientific authorities / journal requirements,exact rendered token; core floats additionally regression-asserted,PASS
main manuscript,"level monotonicity. The RHUH cohort also improved across the fixed P1-to-P10 sequence, and no RHUH patient showed late P10 degradation. These trajector",0,0,frozen scientific authorities / journal requirements,exact rendered token; core floats additionally regression-asserted,PASS
main manuscript,"ved across the fixed P1-to-P10 sequence, and no RHUH patient showed late P10 degradation. These trajectories describe the locked update path; they were",0,0,frozen scientific authorities / journal requirements,exact rendered token; core floats additionally regression-asserted,PASS
main manuscript,"e predictor before any correction. The execution environment contained the 39 early-postoperative T1ce images, their current segmentations and the five ",39,39,frozen scientific authorities / journal requirements,exact rendered token; core floats additionally regression-asserted,PASS
main manuscript," checkpoints, but no recurrence image or segmentation array. The same p1/p99 current-volume normalization and equal 0.2 checkpoint weights were used; t",9,9,frozen scientific authorities / journal requirements,exact rendered token; core floats additionally regression-asserted,PASS
main manuscript,"segmentation array. The same p1/p99 current-volume normalization and equal 0.2 checkpoint weights were used; there was no RHUH training, fine-tuning, rec",0.2,0.2,frozen scientific authorities / journal requirements,exact rendered token; core floats additionally regression-asserted,PASS
main manuscript,"e-tuning, recalibration, checkpoint selection or test-time adaptation. All 39 float32 P0 maps passed geometry, finiteness and range checks and were froz",39,39,frozen scientific authorities / journal requirements,exact rendered token; core floats additionally regression-asserted,PASS
main manuscript," recalibration, checkpoint selection or test-time adaptation. All 39 float32 P0 maps passed geometry, finiteness and range checks and were frozen by SH",2,2,frozen scientific authorities / journal requirements,exact rendered token; core floats additionally regression-asserted,PASS
main manuscript,"0 maps passed geometry, finiteness and range checks and were frozen by SHA-256 before outcome access.  These Fixed results are the external future-blind ",256,256,frozen scientific authorities / journal requirements,exact rendered token; core floats additionally regression-asserted,PASS
main manuscript," Fixed results are the external future-blind transfer estimates. Mean Dice@0.5 was 0.190, IoU@0.5 0.111, soft Dice 0.151, Brier score 0.00928 and average",0.5,0.5,frozen scientific authorities / journal requirements,exact rendered token; core floats additionally regression-asserted,PASS
main manuscript,"esults are the external future-blind transfer estimates. Mean Dice@0.5 was 0.190, IoU@0.5 0.111, soft Dice 0.151, Brier score 0.00928 and average precision",0.190,0.190,frozen scientific authorities / journal requirements,exact rendered token; core floats additionally regression-asserted,PASS
main manuscript,"the external future-blind transfer estimates. Mean Dice@0.5 was 0.190, IoU@0.5 0.111, soft Dice 0.151, Brier score 0.00928 and average precision 0.153. E",0.5,0.5,frozen scientific authorities / journal requirements,exact rendered token; core floats additionally regression-asserted,PASS
main manuscript,"external future-blind transfer estimates. Mean Dice@0.5 was 0.190, IoU@0.5 0.111, soft Dice 0.151, Brier score 0.00928 and average precision 0.153. Each wa",0.111,0.111,frozen scientific authorities / journal requirements,exact rendered token; core floats additionally regression-asserted,PASS
main manuscript,"lind transfer estimates. Mean Dice@0.5 was 0.190, IoU@0.5 0.111, soft Dice 0.151, Brier score 0.00928 and average precision 0.153. Each was lower than the ",0.151,0.151,frozen scientific authorities / journal requirements,exact rendered token; core floats additionally regression-asserted,PASS
main manuscript,"ates. Mean Dice@0.5 was 0.190, IoU@0.5 0.111, soft Dice 0.151, Brier score 0.00928 and average precision 0.153. Each was lower than the corresponding indepen",0.00928,0.00928,frozen scientific authorities / journal requirements,exact rendered token; core floats additionally regression-asserted,PASS
main manuscript," IoU@0.5 0.111, soft Dice 0.151, Brier score 0.00928 and average precision 0.153. Each was lower than the corresponding independent internal estimate, a de",0.153,0.153,frozen scientific authorities / journal requirements,exact rendered token; core floats additionally regression-asserted,PASS
main manuscript,"n institution, acquisition, postoperative context and annotation practice [5,6]. No between-cohort significance test was prespecified or performed. Imp",5,5,frozen scientific authorities / journal requirements,exact rendered token; core floats additionally regression-asserted,PASS
main manuscript,"institution, acquisition, postoperative context and annotation practice [5,6]. No between-cohort significance test was prespecified or performed. Impor",6,6,frozen scientific authorities / journal requirements,exact rendered token; core floats additionally regression-asserted,PASS
main manuscript,"tion  After the outcome-access lock, canonical Full PCC achieved mean Dice@0.5 of 0.365 and no-smoothing 0.451 (Figure 4). Full PCC minus Fixed had n=39,",0.5,0.5,frozen scientific authorities / journal requirements,exact rendered token; core floats additionally regression-asserted,PASS
main manuscript,"fter the outcome-access lock, canonical Full PCC achieved mean Dice@0.5 of 0.365 and no-smoothing 0.451 (Figure 4). Full PCC minus Fixed had n=39, mean dif",0.365,0.365,frozen scientific authorities / journal requirements,exact rendered token; core floats additionally regression-asserted,PASS
main manuscript," lock, canonical Full PCC achieved mean Dice@0.5 of 0.365 and no-smoothing 0.451 (Figure 4). Full PCC minus Fixed had n=39, mean difference 0.176, median d",0.451,0.451,frozen scientific authorities / journal requirements,exact rendered token; core floats additionally regression-asserted,PASS
main manuscript,"al Full PCC achieved mean Dice@0.5 of 0.365 and no-smoothing 0.451 (Figure 4). Full PCC minus Fixed had n=39, mean difference 0.176, median difference ",4,4,frozen scientific authorities / journal requirements,exact rendered token; core floats additionally regression-asserted,PASS
main manuscript,"0.5 of 0.365 and no-smoothing 0.451 (Figure 4). Full PCC minus Fixed had n=39, mean difference 0.176, median difference 0.185 and 39/0/0 wins/ties/losse",39,39,frozen scientific authorities / journal requirements,exact rendered token; core floats additionally regression-asserted,PASS
main manuscript,"smoothing 0.451 (Figure 4). Full PCC minus Fixed had n=39, mean difference 0.176, median difference 0.185 and 39/0/0 wins/ties/losses. The two-sided Wilcox",0.176,0.176,frozen scientific authorities / journal requirements,exact rendered token; core floats additionally regression-asserted,PASS
main manuscript,"). Full PCC minus Fixed had n=39, mean difference 0.176, median difference 0.185 and 39/0/0 wins/ties/losses. The two-sided Wilcoxon P value was 3.638e-12,",0.185,0.185,frozen scientific authorities / journal requirements,exact rendered token; core floats additionally regression-asserted,PASS
main manuscript,"C minus Fixed had n=39, mean difference 0.176, median difference 0.185 and 39/0/0 wins/ties/losses. The two-sided Wilcoxon P value was 3.638e-12, Holm-a",39,39,frozen scientific authorities / journal requirements,exact rendered token; core floats additionally regression-asserted,PASS
main manuscript,"inus Fixed had n=39, mean difference 0.176, median difference 0.185 and 39/0/0 wins/ties/losses. The two-sided Wilcoxon P value was 3.638e-12, Holm-adj",0,0,frozen scientific authorities / journal requirements,exact rendered token; core floats additionally regression-asserted,PASS
main manuscript,"us Fixed had n=39, mean difference 0.176, median difference 0.185 and 39/0/0 wins/ties/losses. The two-sided Wilcoxon P value was 3.638e-12, Holm-adjus",0,0,frozen scientific authorities / journal requirements,exact rendered token; core floats additionally regression-asserted,PASS
main manuscript,"ence 0.185 and 39/0/0 wins/ties/losses. The two-sided Wilcoxon P value was 3.638e-12, Holm-adjusted P was 7.276e-12, the paired bootstrap interval was 0.151–0.",3.638e-12,3.638e-12,frozen scientific authorities / journal requirements,exact rendered token; core floats additionally regression-asserted,PASS
main manuscript,"/losses. The two-sided Wilcoxon P value was 3.638e-12, Holm-adjusted P was 7.276e-12, the paired bootstrap interval was 0.151–0.199, Cohen dz was 2.236 and ran",7.276e-12,7.276e-12,frozen scientific authorities / journal requirements,exact rendered token; core floats additionally regression-asserted,PASS
main manuscript,".638e-12, Holm-adjusted P was 7.276e-12, the paired bootstrap interval was 0.151–0.199, Cohen dz was 2.236 and rank-biserial effect size was 1.000. No-smoo",0.151,0.151,frozen scientific authorities / journal requirements,exact rendered token; core floats additionally regression-asserted,PASS
main manuscript,"12, Holm-adjusted P was 7.276e-12, the paired bootstrap interval was 0.151–0.199, Cohen dz was 2.236 and rank-biserial effect size was 1.000. No-smoothing ",0.199,0.199,frozen scientific authorities / journal requirements,exact rendered token; core floats additionally regression-asserted,PASS
main manuscript,"was 7.276e-12, the paired bootstrap interval was 0.151–0.199, Cohen dz was 2.236 and rank-biserial effect size was 1.000. No-smoothing minus Full PCC had m",2.236,2.236,frozen scientific authorities / journal requirements,exact rendered token; core floats additionally regression-asserted,PASS
main manuscript,"rval was 0.151–0.199, Cohen dz was 2.236 and rank-biserial effect size was 1.000. No-smoothing minus Full PCC had mean difference 0.086, median 0.088, 38/0",1.000,1.000,frozen scientific authorities / journal requirements,exact rendered token; core floats additionally regression-asserted,PASS
main manuscript,"ial effect size was 1.000. No-smoothing minus Full PCC had mean difference 0.086, median 0.088, 38/0/1 wins/ties/losses, P=7.276e-12, Holm P=7.276e-12, int",0.086,0.086,frozen scientific authorities / journal requirements,exact rendered token; core floats additionally regression-asserted,PASS
main manuscript,"e was 1.000. No-smoothing minus Full PCC had mean difference 0.086, median 0.088, 38/0/1 wins/ties/losses, P=7.276e-12, Holm P=7.276e-12, interval 0.072–0.",0.088,0.088,frozen scientific authorities / journal requirements,exact rendered token; core floats additionally regression-asserted,PASS
main manuscript,".000. No-smoothing minus Full PCC had mean difference 0.086, median 0.088, 38/0/1 wins/ties/losses, P=7.276e-12, Holm P=7.276e-12, interval 0.072–0.101,",38,38,frozen scientific authorities / journal requirements,exact rendered token; core floats additionally regression-asserted,PASS
main manuscript,"0. No-smoothing minus Full PCC had mean difference 0.086, median 0.088, 38/0/1 wins/ties/losses, P=7.276e-12, Holm P=7.276e-12, interval 0.072–0.101, C",0,0,frozen scientific authorities / journal requirements,exact rendered token; core floats additionally regression-asserted,PASS
main manuscript," No-smoothing minus Full PCC had mean difference 0.086, median 0.088, 38/0/1 wins/ties/losses, P=7.276e-12, Holm P=7.276e-12, interval 0.072–0.101, Coh",1,1,frozen scientific authorities / journal requirements,exact rendered token; core floats additionally regression-asserted,PASS
main manuscript,"ll PCC had mean difference 0.086, median 0.088, 38/0/1 wins/ties/losses, P=7.276e-12, Holm P=7.276e-12, interval 0.072–0.101, Cohen dz 1.807 and rank-biserial ",7.276e-12,7.276e-12,frozen scientific authorities / journal requirements,exact rendered token; core floats additionally regression-asserted,PASS
main manuscript,"fference 0.086, median 0.088, 38/0/1 wins/ties/losses, P=7.276e-12, Holm P=7.276e-12, interval 0.072–0.101, Cohen dz 1.807 and rank-biserial 0.997 (Table 2).  ",7.276e-12,7.276e-12,frozen scientific authorities / journal requirements,exact rendered token; core floats additionally regression-asserted,PASS
main manuscript,"an 0.088, 38/0/1 wins/ties/losses, P=7.276e-12, Holm P=7.276e-12, interval 0.072–0.101, Cohen dz 1.807 and rank-biserial 0.997 (Table 2).  Supporting metri",0.072,0.072,frozen scientific authorities / journal requirements,exact rendered token; core floats additionally regression-asserted,PASS
main manuscript,"88, 38/0/1 wins/ties/losses, P=7.276e-12, Holm P=7.276e-12, interval 0.072–0.101, Cohen dz 1.807 and rank-biserial 0.997 (Table 2).  Supporting metrics aga",0.101,0.101,frozen scientific authorities / journal requirements,exact rendered token; core floats additionally regression-asserted,PASS
main manuscript,"ties/losses, P=7.276e-12, Holm P=7.276e-12, interval 0.072–0.101, Cohen dz 1.807 and rank-biserial 0.997 (Table 2).  Supporting metrics again showed substa",1.807,1.807,frozen scientific authorities / journal requirements,exact rendered token; core floats additionally regression-asserted,PASS
main manuscript,", Holm P=7.276e-12, interval 0.072–0.101, Cohen dz 1.807 and rank-biserial 0.997 (Table 2).  Supporting metrics again showed substantial but non-identical ",0.997,0.997,frozen scientific authorities / journal requirements,exact rendered token; core floats additionally regression-asserted,PASS
main manuscript,"6e-12, interval 0.072–0.101, Cohen dz 1.807 and rank-biserial 0.997 (Table 2).  Supporting metrics again showed substantial but non-identical changes. ",2,2,frozen scientific authorities / journal requirements,exact rendered token; core floats additionally regression-asserted,PASS
main manuscript,"stantial but non-identical changes. Full PCC and no-smoothing had mean IoU@0.5 of 0.239 and 0.314, soft Dice of 0.238 and 0.270, Brier scores of 0.00646 ",0.5,0.5,frozen scientific authorities / journal requirements,exact rendered token; core floats additionally regression-asserted,PASS
main manuscript,"l but non-identical changes. Full PCC and no-smoothing had mean IoU@0.5 of 0.239 and 0.314, soft Dice of 0.238 and 0.270, Brier scores of 0.00646 and 0.005",0.239,0.239,frozen scientific authorities / journal requirements,exact rendered token; core floats additionally regression-asserted,PASS
main manuscript,"identical changes. Full PCC and no-smoothing had mean IoU@0.5 of 0.239 and 0.314, soft Dice of 0.238 and 0.270, Brier scores of 0.00646 and 0.00576, and av",0.314,0.314,frozen scientific authorities / journal requirements,exact rendered token; core floats additionally regression-asserted,PASS
main manuscript,"ull PCC and no-smoothing had mean IoU@0.5 of 0.239 and 0.314, soft Dice of 0.238 and 0.270, Brier scores of 0.00646 and 0.00576, and average precision of 0",0.238,0.238,frozen scientific authorities / journal requirements,exact rendered token; core floats additionally regression-asserted,PASS
main manuscript,"d no-smoothing had mean IoU@0.5 of 0.239 and 0.314, soft Dice of 0.238 and 0.270, Brier scores of 0.00646 and 0.00576, and average precision of 0.309 and 0",0.270,0.270,frozen scientific authorities / journal requirements,exact rendered token; core floats additionally regression-asserted,PASS
main manuscript," IoU@0.5 of 0.239 and 0.314, soft Dice of 0.238 and 0.270, Brier scores of 0.00646 and 0.00576, and average precision of 0.309 and 0.404. The target-access c",0.00646,0.00646,frozen scientific authorities / journal requirements,exact rendered token; core floats additionally regression-asserted,PASS
main manuscript,"0.239 and 0.314, soft Dice of 0.238 and 0.270, Brier scores of 0.00646 and 0.00576, and average precision of 0.309 and 0.404. The target-access comparators p",0.00576,0.00576,frozen scientific authorities / journal requirements,exact rendered token; core floats additionally regression-asserted,PASS
main manuscript,"8 and 0.270, Brier scores of 0.00646 and 0.00576, and average precision of 0.309 and 0.404. The target-access comparators provided the mixed contextual ran",0.309,0.309,frozen scientific authorities / journal requirements,exact rendered token; core floats additionally regression-asserted,PASS
main manuscript,"0, Brier scores of 0.00646 and 0.00576, and average precision of 0.309 and 0.404. The target-access comparators provided the mixed contextual rankings desc",0.404,0.404,frozen scientific authorities / journal requirements,exact rendered token; core floats additionally regression-asserted,PASS
main manuscript, comparators provided the mixed contextual rankings described above (Table 3). Oracle-assisted target-volume-matched top-k results are reported separat,3,3,frozen scientific authorities / journal requirements,exact rendered token; core floats additionally regression-asserted,PASS
main manuscript,"separately in Supplementary Table S9 and are not deployment estimates. All 39 patients completed every method, no result-driven exclusion occurred, and ",39,39,frozen scientific authorities / journal requirements,exact rendered token; core floats additionally regression-asserted,PASS
main manuscript,"mpleted every method, no result-driven exclusion occurred, and the fixed P10 endpoint was retained.  ## Discussion  This study separates two forms of e",0,0,frozen scientific authorities / journal requirements,exact rendered token; core floats additionally regression-asserted,PASS
main manuscript,in a fixed retrospective update. Canonical PCC improved the prelocked Dice@0.5 endpoint in both the 113-patient independent internal cohort and the 39-pa,0.5,0.5,frozen scientific authorities / journal requirements,exact rendered token; core floats additionally regression-asserted,PASS
main manuscript,"update. Canonical PCC improved the prelocked Dice@0.5 endpoint in both the 113-patient independent internal cohort and the 39-patient RHUH cohort, and a ",113,113,frozen scientific authorities / journal requirements,exact rendered token; core floats additionally regression-asserted,PASS
main manuscript,"e@0.5 endpoint in both the 113-patient independent internal cohort and the 39-patient RHUH cohort, and a no-smoothing candidate discovered post hoc in d",39,39,frozen scientific authorities / journal requirements,exact rendered token; core floats additionally regression-asserted,PASS
main manuscript,h transformation changes the representation delivered to the output. Table 3 should therefore be read as descriptive context rather than a causal decom,3,3,frozen scientific authorities / journal requirements,exact rendered token; core floats additionally regression-asserted,PASS
main manuscript,ain improved canonical PCC. The descriptive mean Full-PCC effect was about 0.205 internally and 0.176 externally; the additional no-smoothing effect was ab,0.205,0.205,frozen scientific authorities / journal requirements,exact rendered token; core floats additionally regression-asserted,PASS
main manuscript,l PCC. The descriptive mean Full-PCC effect was about 0.205 internally and 0.176 externally; the additional no-smoothing effect was about 0.193 and 0.086. ,0.176,0.176,frozen scientific authorities / journal requirements,exact rendered token; core floats additionally regression-asserted,PASS
main manuscript,"ernally and 0.176 externally; the additional no-smoothing effect was about 0.193 and 0.086. These differences may reflect domain-shift attenuation, but no ",0.193,0.193,frozen scientific authorities / journal requirements,exact rendered token; core floats additionally regression-asserted,PASS
main manuscript,"d 0.176 externally; the additional no-smoothing effect was about 0.193 and 0.086. These differences may reflect domain-shift attenuation, but no between-co",0.086,0.086,frozen scientific authorities / journal requirements,exact rendered token; core floats additionally regression-asserted,PASS
main manuscript, MRI features without giving the evaluated future label to the classifier [16]. Such studies ask whether current information forecasts a later spatial e,16,16,frozen scientific authorities / journal requirements,exact rendered token; core floats additionally regression-asserted,PASS
main manuscript,"t, boundary safety, treatment utility or patient-outcome improvement. Dice@0.5 was the primary localization endpoint; soft Dice, Brier score and average ",0.5,0.5,frozen scientific authorities / journal requirements,exact rendered token; core floats additionally regression-asserted,PASS
main manuscript," establish that a corrected region is clinically actionable. RHUH included 39 analysable patients from a single institution, no reader study was conduct",39,39,frozen scientific authorities / journal requirements,exact rendered token; core floats additionally regression-asserted,PASS
main manuscript,"s  This retrospective secondary analysis used MU-Glioma-Post and RHUH-GBM [2,3]. The evidence hierarchy was fixed before manuscript V2.1: a 40-patient ",2,2,frozen scientific authorities / journal requirements,exact rendered token; core floats additionally regression-asserted,PASS
main manuscript," This retrospective secondary analysis used MU-Glioma-Post and RHUH-GBM [2,3]. The evidence hierarchy was fixed before manuscript V2.1: a 40-patient de",3,3,frozen scientific authorities / journal requirements,exact rendered token; core floats additionally regression-asserted,PASS
main manuscript," and RHUH-GBM [2,3]. The evidence hierarchy was fixed before manuscript V2.1: a 40-patient development cohort, an independent internal cohort and an ex",1,1,frozen scientific authorities / journal requirements,exact rendered token; core floats additionally regression-asserted,PASS
main manuscript,"RHUH-GBM [2,3]. The evidence hierarchy was fixed before manuscript V2.1: a 40-patient development cohort, an independent internal cohort and an external",40,40,frozen scientific authorities / journal requirements,exact rendered token; core floats additionally regression-asserted,PASS
main manuscript,dent internal cohort and an external RHUH cohort. The development set used 40 patient-level pairs and five 32-train/8-test folds. The independent intern,40,40,frozen scientific authorities / journal requirements,exact rendered token; core floats additionally regression-asserted,PASS
main manuscript,rnal RHUH cohort. The development set used 40 patient-level pairs and five 32-train/8-test folds. The independent internal source set contained 115 pati,32,32,frozen scientific authorities / journal requirements,exact rendered token; core floats additionally regression-asserted,PASS
main manuscript, cohort. The development set used 40 patient-level pairs and five 32-train/8-test folds. The independent internal source set contained 115 patients; Pa,8,8,frozen scientific authorities / journal requirements,exact rendered token; core floats additionally regression-asserted,PASS
main manuscript, five 32-train/8-test folds. The independent internal source set contained 115 patients; PatientID_0113 and PatientID_0132 were excluded together under t,115,115,frozen scientific authorities / journal requirements,exact rendered token; core floats additionally regression-asserted,PASS
main manuscript,lds. The independent internal source set contained 115 patients; PatientID_0113 and PatientID_0132 were excluded together under the pre-outcome identity/l,0113,0113,frozen scientific authorities / journal requirements,exact rendered token; core floats additionally regression-asserted,PASS
main manuscript,t internal source set contained 115 patients; PatientID_0113 and PatientID_0132 were excluded together under the pre-outcome identity/label-assignment ano,0132,0132,frozen scientific authorities / journal requirements,exact rendered token; core floats additionally regression-asserted,PASS
main manuscript,"ent anomaly rule before target construction or performance access, leaving 113. RHUH used early-postoperative current and recurrence future timepoints. R",113,113,frozen scientific authorities / journal requirements,exact rendered token; core floats additionally regression-asserted,PASS
main manuscript,UH used early-postoperative current and recurrence future timepoints. RHUH-0008 was excluded before P0 generation because lossless orientation operations ,0008,0008,frozen scientific authorities / journal requirements,exact rendered token; core floats additionally regression-asserted,PASS
main manuscript,"s orientation operations did not establish physical-grid identity, leaving 39. Geometry repair by registration, resampling, interpolation or header rewr",39,39,frozen scientific authorities / journal requirements,exact rendered token; core floats additionally regression-asserted,PASS
main manuscript,"rce terminology differed (“Sex at Birth” for MU and “Sex” for RHUH); Table 1 reports Sex, female/male without inferring gender identity. No metadata va",1,1,frozen scientific authorities / journal requirements,exact rendered token; core floats additionally regression-asserted,PASS
main manuscript,"y, enhancing foreground and resection cavity. RHUH masks were segmentation>0, combining necrosis (label 1), peritumoral/non-enhancing abnormality (labe",0,0,frozen scientific authorities / journal requirements,exact rendered token; core floats additionally regression-asserted,PASS
main manuscript,"esection cavity. RHUH masks were segmentation>0, combining necrosis (label 1), peritumoral/non-enhancing abnormality (label 2) and enhancing tumour (la",1,1,frozen scientific authorities / journal requirements,exact rendered token; core floats additionally regression-asserted,PASS
main manuscript,"combining necrosis (label 1), peritumoral/non-enhancing abnormality (label 2) and enhancing tumour (label 3). These definitions were prelocked as the c",2,2,frozen scientific authorities / journal requirements,exact rendered token; core floats additionally regression-asserted,PASS
main manuscript,"eritumoral/non-enhancing abnormality (label 2) and enhancing tumour (label 3). These definitions were prelocked as the closest available mapping, not p",3,3,frozen scientific authorities / journal requirements,exact rendered token; core floats additionally regression-asserted,PASS
main manuscript," perfect ontology equivalence. After P0 freeze, the target was T=(M_future>0) AND NOT(M_current>0), a one-sided, segmentation-derived future-added comp",0,0,frozen scientific authorities / journal requirements,exact rendered token; core floats additionally regression-asserted,PASS
main manuscript,"ivalence. After P0 freeze, the target was T=(M_future>0) AND NOT(M_current>0), a one-sided, segmentation-derived future-added composite foreground targ",0,0,frozen scientific authorities / journal requirements,exact rendered token; core floats additionally regression-asserted,PASS
main manuscript,"slice-wise CrossCaseSmallUNet was a compact U-Net-derived encoder-decoder [4] with two input channels, one output channel and base width 16. Channel 0 ",4,4,frozen scientific authorities / journal requirements,exact rendered token; core floats additionally regression-asserted,PASS
main manuscript,"der-decoder [4] with two input channels, one output channel and base width 16. Channel 0 was current T1c normalized by the positive-voxel 1st and 99th p",16,16,frozen scientific authorities / journal requirements,exact rendered token; core floats additionally regression-asserted,PASS
main manuscript,"[4] with two input channels, one output channel and base width 16. Channel 0 was current T1c normalized by the positive-voxel 1st and 99th percentiles ",0,0,frozen scientific authorities / journal requirements,exact rendered token; core floats additionally regression-asserted,PASS
main manuscript," base width 16. Channel 0 was current T1c normalized by the positive-voxel 1st and 99th percentiles of that current volume and clipped to [0,1]. Channe",1,1,frozen scientific authorities / journal requirements,exact rendered token; core floats additionally regression-asserted,PASS
main manuscript,"dth 16. Channel 0 was current T1c normalized by the positive-voxel 1st and 99th percentiles of that current volume and clipped to [0,1]. Channel 1 was t",99,99,frozen scientific authorities / journal requirements,exact rendered token; core floats additionally regression-asserted,PASS
main manuscript,"tive-voxel 1st and 99th percentiles of that current volume and clipped to [0,1]. Channel 1 was the binary current foreground segmentation. Sigmoid conv",0,0,frozen scientific authorities / journal requirements,exact rendered token; core floats additionally regression-asserted,PASS
main manuscript,"ve-voxel 1st and 99th percentiles of that current volume and clipped to [0,1]. Channel 1 was the binary current foreground segmentation. Sigmoid conver",1,1,frozen scientific authorities / journal requirements,exact rendered token; core floats additionally regression-asserted,PASS
main manuscript," and 99th percentiles of that current volume and clipped to [0,1]. Channel 1 was the binary current foreground segmentation. Sigmoid converted logits t",1,1,frozen scientific authorities / journal requirements,exact rendered token; core floats additionally regression-asserted,PASS
main manuscript," training-label foreground was present. Five patient-level folds used seed 42, 20 epochs, batch size 8, Adam learning rate 0.001, and 0.5 weighted binar",42,42,frozen scientific authorities / journal requirements,exact rendered token; core floats additionally regression-asserted,PASS
main manuscript,"ining-label foreground was present. Five patient-level folds used seed 42, 20 epochs, batch size 8, Adam learning rate 0.001, and 0.5 weighted binary cr",20,20,frozen scientific authorities / journal requirements,exact rendered token; core floats additionally regression-asserted,PASS
main manuscript," was present. Five patient-level folds used seed 42, 20 epochs, batch size 8, Adam learning rate 0.001, and 0.5 weighted binary cross-entropy plus 0.5 ",8,8,frozen scientific authorities / journal requirements,exact rendered token; core floats additionally regression-asserted,PASS
main manuscript,"ient-level folds used seed 42, 20 epochs, batch size 8, Adam learning rate 0.001, and 0.5 weighted binary cross-entropy plus 0.5 soft-Dice loss, with posit",0.001,0.001,frozen scientific authorities / journal requirements,exact rendered token; core floats additionally regression-asserted,PASS
main manuscript,"folds used seed 42, 20 epochs, batch size 8, Adam learning rate 0.001, and 0.5 weighted binary cross-entropy plus 0.5 soft-Dice loss, with positive weigh",0.5,0.5,frozen scientific authorities / journal requirements,exact rendered token; core floats additionally regression-asserted,PASS
main manuscript,"ze 8, Adam learning rate 0.001, and 0.5 weighted binary cross-entropy plus 0.5 soft-Dice loss, with positive weight capped at 50. Checkpoints minimized m",0.5,0.5,frozen scientific authorities / journal requirements,exact rendered token; core floats additionally regression-asserted,PASS
main manuscript,"nary cross-entropy plus 0.5 soft-Dice loss, with positive weight capped at 50. Checkpoints minimized mean training loss. The historical canonical implem",50,50,frozen scientific authorities / journal requirements,exact rendered token; core floats additionally regression-asserted,PASS
main manuscript,"d single-predictor pathway, not a five-model ensemble. For the independent 113, every evaluated patient was absent from all five development training par",113,113,frozen scientific authorities / journal requirements,exact rendered token; core floats additionally regression-asserted,PASS
main manuscript,ive frozen checkpoint probability maps were averaged with equal weights of 0.2. RHUH used the same five hash-matched checkpoints and equal weights on a p,0.2,0.2,frozen scientific authorities / journal requirements,exact rendered token; core floats additionally regression-asserted,PASS
main manuscript,"ation, fold selection or test-time adaptation. Each P0 was stored as float32, checked for geometry identity, finiteness and range [0,1], and frozen by ",2,2,frozen scientific authorities / journal requirements,exact rendered token; core floats additionally regression-asserted,PASS
main manuscript,"as stored as float32, checked for geometry identity, finiteness and range [0,1], and frozen by SHA-256 before future outcome access.  ### Prediction-Co",0,0,frozen scientific authorities / journal requirements,exact rendered token; core floats additionally regression-asserted,PASS
main manuscript," stored as float32, checked for geometry identity, finiteness and range [0,1], and frozen by SHA-256 before future outcome access.  ### Prediction-Comp",1,1,frozen scientific authorities / journal requirements,exact rendered token; core floats additionally regression-asserted,PASS
main manuscript,"ecked for geometry identity, finiteness and range [0,1], and frozen by SHA-256 before future outcome access.  ### Prediction-Comparison-Correction  Let P",256,256,frozen scientific authorities / journal requirements,exact rendered token; core floats additionally regression-asserted,PASS
main manuscript,"s.  ### Prediction-Comparison-Correction  Let P_r denote the current float32 probability map, T the realized future-added target and R the support comp",2,2,frozen scientific authorities / journal requirements,exact rendered token; core floats additionally regression-asserted,PASS
main manuscript,"added target and R the support comprising voxels within Euclidean distance 26 voxels of T. Initial P_0 was safely clipped to [epsilon,1-epsilon], epsilo",26,26,frozen scientific authorities / journal requirements,exact rendered token; core floats additionally regression-asserted,PASS
main manuscript,"port comprising voxels within Euclidean distance 26 voxels of T. Initial P_0 was safely clipped to [epsilon,1-epsilon], epsilon=1e-5. At round r, signe",0,0,frozen scientific authorities / journal requirements,exact rendered token; core floats additionally regression-asserted,PASS
main manuscript,"lidean distance 26 voxels of T. Initial P_0 was safely clipped to [epsilon,1-epsilon], epsilon=1e-5. At round r, signed discrepancy within support was ",1,1,frozen scientific authorities / journal requirements,exact rendered token; core floats additionally regression-asserted,PASS
main manuscript,"oxels of T. Initial P_0 was safely clipped to [epsilon,1-epsilon], epsilon=1e-5. At round r, signed discrepancy within support was D_r=(T-P_r)R, Gaussian-",1e-5,1e-5,frozen scientific authorities / journal requirements,exact rendered token; core floats additionally regression-asserted,PASS
main manuscript,"r=(T-P_r)R, Gaussian-smoothed discrepancy was S_r=GaussianSmooth(D_r,sigma=2.0 voxels), and outside-support probability was O_r=P_r(1-R). Canonical PCC t",2.0,2.0,frozen scientific authorities / journal requirements,exact rendered token; core floats additionally regression-asserted,PASS
main manuscript,"nSmooth(D_r,sigma=2.0 voxels), and outside-support probability was O_r=P_r(1-R). Canonical PCC then applied the editable logit-space update in equation",1,1,frozen scientific authorities / journal requirements,exact rendered token; core floats additionally regression-asserted,PASS
main manuscript,"). Canonical PCC then applied the editable logit-space update in equation (1), followed by sigmoid, clipping and state propagation. The coefficient eta",1,1,frozen scientific authorities / journal requirements,exact rendered token; core floats additionally regression-asserted,PASS
main manuscript,"llowed by sigmoid, clipping and state propagation. The coefficient eta was 0.30, calculations were float32, ten rounds were always executed and P10 was th",0.30,0.30,frozen scientific authorities / journal requirements,exact rendered token; core floats additionally regression-asserted,PASS
main manuscript,"d state propagation. The coefficient eta was 0.30, calculations were float32, ten rounds were always executed and P10 was the formal output. Outside-su",2,2,frozen scientific authorities / journal requirements,exact rendered token; core floats additionally regression-asserted,PASS
main manuscript,"was 0.30, calculations were float32, ten rounds were always executed and P10 was the formal output. Outside-support probability was explicitly suppress",0,0,frozen scientific authorities / journal requirements,exact rendered token; core floats additionally regression-asserted,PASS
main manuscript," P0, not to prospective forecasting by the correction stage.    logit(P_{r+1}) = logit(P_r) + eta S_r - eta O_r    (1)  ### No-smoothing and comparator",1,1,frozen scientific authorities / journal requirements,exact rendered token; core floats additionally regression-asserted,PASS
main manuscript,e correction stage.    logit(P_{r+1}) = logit(P_r) + eta S_r - eta O_r    (1)  ### No-smoothing and comparator methods  No-smoothing PCC was identical ,1,1,frozen scientific authorities / journal requirements,exact rendered token; core floats additionally regression-asserted,PASS
main manuscript,"t suppression, eta, radius, clipping, state propagation, round count and P10 selection were unchanged. Full PCC remained canonical. No-smoothing was id",0,0,frozen scientific authorities / journal requirements,exact rendered token; core floats additionally regression-asserted,PASS
main manuscript,"ed returned safely clipped P0 without target access. Naive applied sigmoid(2.5 logit(P0)), using epsilon 1e-5 and logit clipping [-30,30], without target",2.5,2.5,frozen scientific authorities / journal requirements,exact rendered token; core floats additionally regression-asserted,PASS
main manuscript,"without target access. Naive applied sigmoid(2.5 logit(P0)), using epsilon 1e-5 and logit clipping [-30,30], without target access. For EIA methods, R use",1e-5,1e-5,frozen scientific authorities / journal requirements,exact rendered token; core floats additionally regression-asserted,PASS
main manuscript,"ive applied sigmoid(2.5 logit(P0)), using epsilon 1e-5 and logit clipping [-30,30], without target access. For EIA methods, R used the same 26-voxel radi",-30,-30,frozen scientific authorities / journal requirements,exact rendered token; core floats additionally regression-asserted,PASS
main manuscript,"applied sigmoid(2.5 logit(P0)), using epsilon 1e-5 and logit clipping [-30,30], without target access. For EIA methods, R used the same 26-voxel radius ",30,30,frozen scientific authorities / journal requirements,exact rendered token; core floats additionally regression-asserted,PASS
main manuscript,"clipping [-30,30], without target access. For EIA methods, R used the same 26-voxel radius and G was the [0,1]-normalized Gaussian smoothing of float32 ",26,26,frozen scientific authorities / journal requirements,exact rendered token; core floats additionally regression-asserted,PASS
main manuscript,"et access. For EIA methods, R used the same 26-voxel radius and G was the [0,1]-normalized Gaussian smoothing of float32 T with sigma 2.0. EIA-linear r",0,0,frozen scientific authorities / journal requirements,exact rendered token; core floats additionally regression-asserted,PASS
main manuscript," access. For EIA methods, R used the same 26-voxel radius and G was the [0,1]-normalized Gaussian smoothing of float32 T with sigma 2.0. EIA-linear ret",1,1,frozen scientific authorities / journal requirements,exact rendered token; core floats additionally regression-asserted,PASS
main manuscript,"26-voxel radius and G was the [0,1]-normalized Gaussian smoothing of float32 T with sigma 2.0. EIA-linear returned clip[P0+0.30G(1-P0)-0.30(1-R)P0]. EI",2,2,frozen scientific authorities / journal requirements,exact rendered token; core floats additionally regression-asserted,PASS
main manuscript," and G was the [0,1]-normalized Gaussian smoothing of float32 T with sigma 2.0. EIA-linear returned clip[P0+0.30G(1-P0)-0.30(1-R)P0]. EIA-blend-0.90 and ",2.0,2.0,frozen scientific authorities / journal requirements,exact rendered token; core floats additionally regression-asserted,PASS
main manuscript,Gaussian smoothing of float32 T with sigma 2.0. EIA-linear returned clip[P0+0.30G(1-P0)-0.30(1-R)P0]. EIA-blend-0.90 and EIA-blend-0.75 returned clip(0.90P,+0.30,+0.30,frozen scientific authorities / journal requirements,exact rendered token; core floats additionally regression-asserted,PASS
main manuscript,n smoothing of float32 T with sigma 2.0. EIA-linear returned clip[P0+0.30G(1-P0)-0.30(1-R)P0]. EIA-blend-0.90 and EIA-blend-0.75 returned clip(0.90P0+0,1,1,frozen scientific authorities / journal requirements,exact rendered token; core floats additionally regression-asserted,PASS
main manuscript,othing of float32 T with sigma 2.0. EIA-linear returned clip[P0+0.30G(1-P0)-0.30(1-R)P0]. EIA-blend-0.90 and EIA-blend-0.75 returned clip(0.90P0+0.10G) and,-0.30,-0.30,frozen scientific authorities / journal requirements,exact rendered token; core floats additionally regression-asserted,PASS
main manuscript, of float32 T with sigma 2.0. EIA-linear returned clip[P0+0.30G(1-P0)-0.30(1-R)P0]. EIA-blend-0.90 and EIA-blend-0.75 returned clip(0.90P0+0.10G) and c,1,1,frozen scientific authorities / journal requirements,exact rendered token; core floats additionally regression-asserted,PASS
main manuscript,sigma 2.0. EIA-linear returned clip[P0+0.30G(1-P0)-0.30(1-R)P0]. EIA-blend-0.90 and EIA-blend-0.75 returned clip(0.90P0+0.10G) and clip(0.75P0+0.25G). Int,0.90,0.90,frozen scientific authorities / journal requirements,exact rendered token; core floats additionally regression-asserted,PASS
main manuscript,ar returned clip[P0+0.30G(1-P0)-0.30(1-R)P0]. EIA-blend-0.90 and EIA-blend-0.75 returned clip(0.90P0+0.10G) and clip(0.75P0+0.25G). Internal-only EIA-morp,0.75,0.75,frozen scientific authorities / journal requirements,exact rendered token; core floats additionally regression-asserted,PASS
main manuscript,+0.30G(1-P0)-0.30(1-R)P0]. EIA-blend-0.90 and EIA-blend-0.75 returned clip(0.90P0+0.10G) and clip(0.75P0+0.25G). Internal-only EIA-morph thresholded P0 at,0.90,0.90,frozen scientific authorities / journal requirements,exact rendered token; core floats additionally regression-asserted,PASS
main manuscript,"(1-P0)-0.30(1-R)P0]. EIA-blend-0.90 and EIA-blend-0.75 returned clip(0.90P0+0.10G) and clip(0.75P0+0.25G). Internal-only EIA-morph thresholded P0 at 0.5, i",+0.10,+0.10,frozen scientific authorities / journal requirements,exact rendered token; core floats additionally regression-asserted,PASS
main manuscript,"0]. EIA-blend-0.90 and EIA-blend-0.75 returned clip(0.90P0+0.10G) and clip(0.75P0+0.25G). Internal-only EIA-morph thresholded P0 at 0.5, intersected it wi",0.75,0.75,frozen scientific authorities / journal requirements,exact rendered token; core floats additionally regression-asserted,PASS
main manuscript,"A-blend-0.90 and EIA-blend-0.75 returned clip(0.90P0+0.10G) and clip(0.75P0+0.25G). Internal-only EIA-morph thresholded P0 at 0.5, intersected it with R, p",+0.25,+0.25,frozen scientific authorities / journal requirements,exact rendered token; core floats additionally regression-asserted,PASS
main manuscript,"0+0.10G) and clip(0.75P0+0.25G). Internal-only EIA-morph thresholded P0 at 0.5, intersected it with R, performed one binary closing and hole filling, and",0.5,0.5,frozen scientific authorities / journal requirements,exact rendered token; core floats additionally regression-asserted,PASS
main manuscript,"ry closing and hole filling, and retained connected components of at least 20 voxels. EIA methods were retrospective oracle-style target-access controls",20,20,frozen scientific authorities / journal requirements,exact rendered token; core floats additionally regression-asserted,PASS
main manuscript," development controls. Imperfect-guidance conditions included retention of 50% or 25% of target foreground, addition of 25% false-positive guidance, a t",50,50,frozen scientific authorities / journal requirements,exact rendered token; core floats additionally regression-asserted,PASS
main manuscript,"pment controls. Imperfect-guidance conditions included retention of 50% or 25% of target foreground, addition of 25% false-positive guidance, a three-vo",25,25,frozen scientific authorities / journal requirements,exact rendered token; core floats additionally regression-asserted,PASS
main manuscript,"ditions included retention of 50% or 25% of target foreground, addition of 25% false-positive guidance, a three-voxel shift and a mixed partial-plus-fal",25,25,frozen scientific authorities / journal requirements,exact rendered token; core floats additionally regression-asserted,PASS
main manuscript,ial-plus-false-positive condition. These experiments were not rerun for V2.1; only frozen summaries were reported. Canonical Full PCC trajectories reco,1,1,frozen scientific authorities / journal requirements,exact rendered token; core floats additionally regression-asserted,PASS
main manuscript,aries were reported. Canonical Full PCC trajectories recorded P1 through P10 for all 113 internal and 39 RHUH patients. P10 remained formal without per,0,0,frozen scientific authorities / journal requirements,exact rendered token; core floats additionally regression-asserted,PASS
main manuscript, reported. Canonical Full PCC trajectories recorded P1 through P10 for all 113 internal and 39 RHUH patients. P10 remained formal without per-case best-r,113,113,frozen scientific authorities / journal requirements,exact rendered token; core floats additionally regression-asserted,PASS
main manuscript,cal Full PCC trajectories recorded P1 through P10 for all 113 internal and 39 RHUH patients. P10 remained formal without per-case best-round selection. ,39,39,frozen scientific authorities / journal requirements,exact rendered token; core floats additionally regression-asserted,PASS
main manuscript,ories recorded P1 through P10 for all 113 internal and 39 RHUH patients. P10 remained formal without per-case best-round selection.  ### Evaluation met,0,0,frozen scientific authorities / journal requirements,exact rendered token; core floats additionally regression-asserted,PASS
main manuscript," confirmatory cohort was patient-level Dice at the fixed rule probability>=0.5. Secondary metrics were IoU@0.5, precision@0.5, recall@0.5, soft Dice, Bri",0.5,0.5,frozen scientific authorities / journal requirements,exact rendered token; core floats additionally regression-asserted,PASS
main manuscript,"-level Dice at the fixed rule probability>=0.5. Secondary metrics were IoU@0.5, precision@0.5, recall@0.5, soft Dice, Brier score, average precision, pre",0.5,0.5,frozen scientific authorities / journal requirements,exact rendered token; core floats additionally regression-asserted,PASS
main manuscript,"the fixed rule probability>=0.5. Secondary metrics were IoU@0.5, precision@0.5, recall@0.5, soft Dice, Brier score, average precision, predicted positive",0.5,0.5,frozen scientific authorities / journal requirements,exact rendered token; core floats additionally regression-asserted,PASS
main manuscript,"le probability>=0.5. Secondary metrics were IoU@0.5, precision@0.5, recall@0.5, soft Dice, Brier score, average precision, predicted positive volume and ",0.5,0.5,frozen scientific authorities / journal requirements,exact rendered token; core floats additionally regression-asserted,PASS
main manuscript,"precision, predicted positive volume and target-to-predicted-volume ratio [10,11,15]. Target-volume-matched top-k Dice and IoU selected the k highest pr",10,10,frozen scientific authorities / journal requirements,exact rendered token; core floats additionally regression-asserted,PASS
main manuscript,"cision, predicted positive volume and target-to-predicted-volume ratio [10,11,15]. Target-volume-matched top-k Dice and IoU selected the k highest proba",11,11,frozen scientific authorities / journal requirements,exact rendered token; core floats additionally regression-asserted,PASS
main manuscript,"ion, predicted positive volume and target-to-predicted-volume ratio [10,11,15]. Target-volume-matched top-k Dice and IoU selected the k highest probabil",15,15,frozen scientific authorities / journal requirements,exact rendered token; core floats additionally regression-asserted,PASS
main manuscript,ach cohort's confirmatory family contained exactly two comparisons on Dice@0.5: Full PCC versus Fixed and no-smoothing versus Full PCC. Paired two-sided ,0.5,0.5,frozen scientific authorities / journal requirements,exact rendered token; core floats additionally regression-asserted,PASS
main manuscript,"aimed to be exact. Holm adjustment covered exactly two hypotheses at alpha=0.05 [12]. Reports included n, paired mean and median differences, wins/ties/lo",0.05,0.05,frozen scientific authorities / journal requirements,exact rendered token; core floats additionally regression-asserted,PASS
main manuscript,"to be exact. Holm adjustment covered exactly two hypotheses at alpha=0.05 [12]. Reports included n, paired mean and median differences, wins/ties/losses",12,12,frozen scientific authorities / journal requirements,exact rendered token; core floats additionally regression-asserted,PASS
main manuscript,"alues, Holm-adjusted P, Cohen dz, rank-biserial effect size and percentile 95% intervals from 10,000 paired patient bootstrap resamples [13]. Locked see",95,95,frozen scientific authorities / journal requirements,exact rendered token; core floats additionally regression-asserted,PASS
main manuscript,"d P, Cohen dz, rank-biserial effect size and percentile 95% intervals from 10,000 paired patient bootstrap resamples [13]. Locked seeds were 20260803 in",10,10,frozen scientific authorities / journal requirements,exact rendered token; core floats additionally regression-asserted,PASS
main manuscript,", Cohen dz, rank-biserial effect size and percentile 95% intervals from 10,000 paired patient bootstrap resamples [13]. Locked seeds were 20260803 intern",000,000,frozen scientific authorities / journal requirements,exact rendered token; core floats additionally regression-asserted,PASS
main manuscript,"d percentile 95% intervals from 10,000 paired patient bootstrap resamples [13]. Locked seeds were 20260803 internally and 20260810 externally. Secondary",13,13,frozen scientific authorities / journal requirements,exact rendered token; core floats additionally regression-asserted,PASS
main manuscript,"als from 10,000 paired patient bootstrap resamples [13]. Locked seeds were 20260803 internally and 20260810 externally. Secondary metrics used descriptive pat",20260803,20260803,frozen scientific authorities / journal requirements,exact rendered token; core floats additionally regression-asserted,PASS
main manuscript,atient bootstrap resamples [13]. Locked seeds were 20260803 internally and 20260810 externally. Secondary metrics used descriptive patient bootstrap intervals,20260810,20260810,frozen scientific authorities / journal requirements,exact rendered token; core floats additionally regression-asserted,PASS
main manuscript, RHUH Stage A mounted no recurrence voxel arrays; Stage B began only after 39/39 P0 maps were frozen. Manuscript V2.1 read CSV and report authorities an,39,39,frozen scientific authorities / journal requirements,exact rendered token; core floats additionally regression-asserted,PASS
main manuscript,UH Stage A mounted no recurrence voxel arrays; Stage B began only after 39/39 P0 maps were frozen. Manuscript V2.1 read CSV and report authorities and o,39,39,frozen scientific authorities / journal requirements,exact rendered token; core floats additionally regression-asserted,PASS
main manuscript, arrays; Stage B began only after 39/39 P0 maps were frozen. Manuscript V2.1 read CSV and report authorities and official descriptive metadata only. It,1,1,frozen scientific authorities / journal requirements,exact rendered token; core floats additionally regression-asserted,PASS
main manuscript,od.  The MU source study reports University of Missouri IRB approval (IRB #2096253 MU) and waiver of informed consent for retrospective de-identified data sh,2096253,2096253,frozen scientific authorities / journal requirements,exact rendered token; core floats additionally regression-asserted,PASS
main manuscript,d waiver of informed consent for retrospective de-identified data sharing [2]. The RHUH source study reports written consent and approval by the Río Ho,2,2,frozen scientific authorities / journal requirements,exact rendered token; core floats additionally regression-asserted,PASS
main manuscript,stitutional Review Board and CEIm of the West Valladolid Health Area (Ref. 22PI-208) [3]. [AUTHOR CONFIRMATION REQUIRED: present-institution secondary-u,22,22,frozen scientific authorities / journal requirements,exact rendered token; core floats additionally regression-asserted,PASS
main manuscript,tional Review Board and CEIm of the West Valladolid Health Area (Ref. 22PI-208) [3]. [AUTHOR CONFIRMATION REQUIRED: present-institution secondary-use det,208,208,frozen scientific authorities / journal requirements,exact rendered token; core floats additionally regression-asserted,PASS
main manuscript, Review Board and CEIm of the West Valladolid Health Area (Ref. 22PI-208) [3]. [AUTHOR CONFIRMATION REQUIRED: present-institution secondary-use determi,3,3,frozen scientific authorities / journal requirements,exact rendered token; core floats additionally regression-asserted,PASS
main manuscript,he Cancer Imaging Archive (TCIA) under the source collection's conditions [2]. RHUH-GBM is available from TCIA under DOI 10.7937/4545-c905 and applicab,2,2,frozen scientific authorities / journal requirements,exact rendered token; core floats additionally regression-asserted,PASS
main manuscript,"rce collection's conditions [2]. RHUH-GBM is available from TCIA under DOI 10.7937/4545-c905 and applicable access terms [3]. Derived numeric tables, protoco",10.7937,10.7937,frozen scientific authorities / journal requirements,exact rendered token; core floats additionally regression-asserted,PASS
main manuscript,"ection's conditions [2]. RHUH-GBM is available from TCIA under DOI 10.7937/4545-c905 and applicable access terms [3]. Derived numeric tables, protocol sum",4545,4545,frozen scientific authorities / journal requirements,exact rendered token; core floats additionally regression-asserted,PASS
main manuscript,"s conditions [2]. RHUH-GBM is available from TCIA under DOI 10.7937/4545-c905 and applicable access terms [3]. Derived numeric tables, protocol summarie",05,05,frozen scientific authorities / journal requirements,exact rendered token; core floats additionally regression-asserted,PASS
main manuscript,"ailable from TCIA under DOI 10.7937/4545-c905 and applicable access terms [3]. Derived numeric tables, protocol summaries and figure source data will b",3,3,frozen scientific authorities / journal requirements,exact rendered token; core floats additionally regression-asserted,PASS
main manuscript,"ed if public release is unavailable at initial submission.  ## References  1. Wen, P. Y. et al. RANO 2.0: Update to the Response Assessment in Neuro-On",1,1,frozen scientific authorities / journal requirements,exact rendered token; core floats additionally regression-asserted,PASS
main manuscript,"available at initial submission.  ## References  1. Wen, P. Y. et al. RANO 2.0: Update to the Response Assessment in Neuro-Oncology criteria for high- an",2.0,2.0,frozen scientific authorities / journal requirements,exact rendered token; core floats additionally regression-asserted,PASS
main manuscript,"cology criteria for high- and low-grade gliomas in adults. J. Clin. Oncol. 41, 5187–5199 (2023). https://doi.org/10.1200/JCO.23.01059  2. Mahmoud, E. et",41,41,frozen scientific authorities / journal requirements,exact rendered token; core floats additionally regression-asserted,PASS
main manuscript,"gy criteria for high- and low-grade gliomas in adults. J. Clin. Oncol. 41, 5187–5199 (2023). https://doi.org/10.1200/JCO.23.01059  2. Mahmoud, E. et al. M",5187,5187,frozen scientific authorities / journal requirements,exact rendered token; core floats additionally regression-asserted,PASS
main manuscript,"iteria for high- and low-grade gliomas in adults. J. Clin. Oncol. 41, 5187–5199 (2023). https://doi.org/10.1200/JCO.23.01059  2. Mahmoud, E. et al. MU-Gli",5199,5199,frozen scientific authorities / journal requirements,exact rendered token; core floats additionally regression-asserted,PASS
main manuscript," for high- and low-grade gliomas in adults. J. Clin. Oncol. 41, 5187–5199 (2023). https://doi.org/10.1200/JCO.23.01059  2. Mahmoud, E. et al. MU-Glioma Po",2023,2023,frozen scientific authorities / journal requirements,exact rendered token; core floats additionally regression-asserted,PASS
main manuscript,"e gliomas in adults. J. Clin. Oncol. 41, 5187–5199 (2023). https://doi.org/10.1200/JCO.23.01059  2. Mahmoud, E. et al. MU-Glioma Post: A comprehensive datase",10.1200,10.1200,frozen scientific authorities / journal requirements,exact rendered token; core floats additionally regression-asserted,PASS
main manuscript," adults. J. Clin. Oncol. 41, 5187–5199 (2023). https://doi.org/10.1200/JCO.23.01059  2. Mahmoud, E. et al. MU-Glioma Post: A comprehensive dataset of automate",23.01059,23.01059,frozen scientific authorities / journal requirements,exact rendered token; core floats additionally regression-asserted,PASS
main manuscript,". Clin. Oncol. 41, 5187–5199 (2023). https://doi.org/10.1200/JCO.23.01059  2. Mahmoud, E. et al. MU-Glioma Post: A comprehensive dataset of automated M",2,2,frozen scientific authorities / journal requirements,exact rendered token; core floats additionally regression-asserted,PASS
main manuscript," automated MR multi-sequence segmentation and clinical features. Sci. Data 12, 1847 (2025). https://doi.org/10.1038/s41597-025-06011-7  3. Cepeda, S. et",12,12,frozen scientific authorities / journal requirements,exact rendered token; core floats additionally regression-asserted,PASS
main manuscript,"omated MR multi-sequence segmentation and clinical features. Sci. Data 12, 1847 (2025). https://doi.org/10.1038/s41597-025-06011-7  3. Cepeda, S. et al. T",1847,1847,frozen scientific authorities / journal requirements,exact rendered token; core floats additionally regression-asserted,PASS
main manuscript," MR multi-sequence segmentation and clinical features. Sci. Data 12, 1847 (2025). https://doi.org/10.1038/s41597-025-06011-7  3. Cepeda, S. et al. The Río",2025,2025,frozen scientific authorities / journal requirements,exact rendered token; core floats additionally regression-asserted,PASS
main manuscript,"entation and clinical features. Sci. Data 12, 1847 (2025). https://doi.org/10.1038/s41597-025-06011-7  3. Cepeda, S. et al. The Río Hortega University Hospit",10.1038,10.1038,frozen scientific authorities / journal requirements,exact rendered token; core floats additionally regression-asserted,PASS
main manuscript,"nd clinical features. Sci. Data 12, 1847 (2025). https://doi.org/10.1038/s41597-025-06011-7  3. Cepeda, S. et al. The Río Hortega University Hospital Glio",1597,1597,frozen scientific authorities / journal requirements,exact rendered token; core floats additionally regression-asserted,PASS
main manuscript,"linical features. Sci. Data 12, 1847 (2025). https://doi.org/10.1038/s41597-025-06011-7  3. Cepeda, S. et al. The Río Hortega University Hospital Glioblas",-025,-025,frozen scientific authorities / journal requirements,exact rendered token; core floats additionally regression-asserted,PASS
main manuscript,"cal features. Sci. Data 12, 1847 (2025). https://doi.org/10.1038/s41597-025-06011-7  3. Cepeda, S. et al. The Río Hortega University Hospital Glioblastoma d",-06011,-06011,frozen scientific authorities / journal requirements,exact rendered token; core floats additionally regression-asserted,PASS
main manuscript,"atures. Sci. Data 12, 1847 (2025). https://doi.org/10.1038/s41597-025-06011-7  3. Cepeda, S. et al. The Río Hortega University Hospital Glioblastoma dat",-7,-7,frozen scientific authorities / journal requirements,exact rendered token; core floats additionally regression-asserted,PASS
main manuscript,"es. Sci. Data 12, 1847 (2025). https://doi.org/10.1038/s41597-025-06011-7  3. Cepeda, S. et al. The Río Hortega University Hospital Glioblastoma datase",3,3,frozen scientific authorities / journal requirements,exact rendered token; core floats additionally regression-asserted,PASS
main manuscript,"ative, early postoperative and recurrence MRI scans (RHUH-GBM). Data Brief 50, 109617 (2023). https://doi.org/10.1016/j.dib.2023.109617  4. Ronneberger,",50,50,frozen scientific authorities / journal requirements,exact rendered token; core floats additionally regression-asserted,PASS
main manuscript,"e, early postoperative and recurrence MRI scans (RHUH-GBM). Data Brief 50, 109617 (2023). https://doi.org/10.1016/j.dib.2023.109617  4. Ronneberger, O., Fis",109617,109617,frozen scientific authorities / journal requirements,exact rendered token; core floats additionally regression-asserted,PASS
main manuscript," postoperative and recurrence MRI scans (RHUH-GBM). Data Brief 50, 109617 (2023). https://doi.org/10.1016/j.dib.2023.109617  4. Ronneberger, O., Fischer, ",2023,2023,frozen scientific authorities / journal requirements,exact rendered token; core floats additionally regression-asserted,PASS
main manuscript,"rrence MRI scans (RHUH-GBM). Data Brief 50, 109617 (2023). https://doi.org/10.1016/j.dib.2023.109617  4. Ronneberger, O., Fischer, P. & Brox, T. U-Net: Convo",10.1016,10.1016,frozen scientific authorities / journal requirements,exact rendered token; core floats additionally regression-asserted,PASS
main manuscript,"ns (RHUH-GBM). Data Brief 50, 109617 (2023). https://doi.org/10.1016/j.dib.2023.109617  4. Ronneberger, O., Fischer, P. & Brox, T. U-Net: Convolutional networks ",2023.109617,2023.109617,frozen scientific authorities / journal requirements,exact rendered token; core floats additionally regression-asserted,PASS
main manuscript,". Data Brief 50, 109617 (2023). https://doi.org/10.1016/j.dib.2023.109617  4. Ronneberger, O., Fischer, P. & Brox, T. U-Net: Convolutional networks for",4,4,frozen scientific authorities / journal requirements,exact rendered token; core floats additionally regression-asserted,PASS
main manuscript,"ional networks for biomedical image segmentation. Lect. Notes Comput. Sci. 9351, 234–241 (2015). https://doi.org/10.1007/978-3-319-24574-4_28  5. Yu, A. C",9351,9351,frozen scientific authorities / journal requirements,exact rendered token; core floats additionally regression-asserted,PASS
main manuscript,"networks for biomedical image segmentation. Lect. Notes Comput. Sci. 9351, 234–241 (2015). https://doi.org/10.1007/978-3-319-24574-4_28  5. Yu, A. C., Mo",234,234,frozen scientific authorities / journal requirements,exact rendered token; core floats additionally regression-asserted,PASS
main manuscript,"orks for biomedical image segmentation. Lect. Notes Comput. Sci. 9351, 234–241 (2015). https://doi.org/10.1007/978-3-319-24574-4_28  5. Yu, A. C., Mohaje",241,241,frozen scientific authorities / journal requirements,exact rendered token; core floats additionally regression-asserted,PASS
main manuscript,"for biomedical image segmentation. Lect. Notes Comput. Sci. 9351, 234–241 (2015). https://doi.org/10.1007/978-3-319-24574-4_28  5. Yu, A. C., Mohajer, B. ",2015,2015,frozen scientific authorities / journal requirements,exact rendered token; core floats additionally regression-asserted,PASS
main manuscript,"gmentation. Lect. Notes Comput. Sci. 9351, 234–241 (2015). https://doi.org/10.1007/978-3-319-24574-4_28  5. Yu, A. C., Mohajer, B. & Eng, J. External validat",10.1007,10.1007,frozen scientific authorities / journal requirements,exact rendered token; core floats additionally regression-asserted,PASS
main manuscript,"on. Lect. Notes Comput. Sci. 9351, 234–241 (2015). https://doi.org/10.1007/978-3-319-24574-4_28  5. Yu, A. C., Mohajer, B. & Eng, J. External validation ",978,978,frozen scientific authorities / journal requirements,exact rendered token; core floats additionally regression-asserted,PASS
main manuscript," Lect. Notes Comput. Sci. 9351, 234–241 (2015). https://doi.org/10.1007/978-3-319-24574-4_28  5. Yu, A. C., Mohajer, B. & Eng, J. External validation of",-3,-3,frozen scientific authorities / journal requirements,exact rendered token; core floats additionally regression-asserted,PASS
main manuscript,"ect. Notes Comput. Sci. 9351, 234–241 (2015). https://doi.org/10.1007/978-3-319-24574-4_28  5. Yu, A. C., Mohajer, B. & Eng, J. External validation of dee",-319,-319,frozen scientific authorities / journal requirements,exact rendered token; core floats additionally regression-asserted,PASS
main manuscript," Notes Comput. Sci. 9351, 234–241 (2015). https://doi.org/10.1007/978-3-319-24574-4_28  5. Yu, A. C., Mohajer, B. & Eng, J. External validation of deep lear",-24574,-24574,frozen scientific authorities / journal requirements,exact rendered token; core floats additionally regression-asserted,PASS
main manuscript," Comput. Sci. 9351, 234–241 (2015). https://doi.org/10.1007/978-3-319-24574-4_28  5. Yu, A. C., Mohajer, B. & Eng, J. External validation of deep learni",-4,-4,frozen scientific authorities / journal requirements,exact rendered token; core floats additionally regression-asserted,PASS
main manuscript,"mput. Sci. 9351, 234–241 (2015). https://doi.org/10.1007/978-3-319-24574-4_28  5. Yu, A. C., Mohajer, B. & Eng, J. External validation of deep learning ",28,28,frozen scientific authorities / journal requirements,exact rendered token; core floats additionally regression-asserted,PASS
main manuscript,". Sci. 9351, 234–241 (2015). https://doi.org/10.1007/978-3-319-24574-4_28  5. Yu, A. C., Mohajer, B. & Eng, J. External validation of deep learning alg",5,5,frozen scientific authorities / journal requirements,exact rendered token; core floats additionally regression-asserted,PASS
main manuscript,"thms for radiologic diagnosis: A systematic review. Radiol. Artif. Intell. 4, e210064 (2022). https://doi.org/10.1148/ryai.210064  6. Guan, H. & Liu, M",4,4,frozen scientific authorities / journal requirements,exact rendered token; core floats additionally regression-asserted,PASS
main manuscript,"for radiologic diagnosis: A systematic review. Radiol. Artif. Intell. 4, e210064 (2022). https://doi.org/10.1148/ryai.210064  6. Guan, H. & Liu, M. Domain ",10064,10064,frozen scientific authorities / journal requirements,exact rendered token; core floats additionally regression-asserted,PASS
main manuscript,"iologic diagnosis: A systematic review. Radiol. Artif. Intell. 4, e210064 (2022). https://doi.org/10.1148/ryai.210064  6. Guan, H. & Liu, M. Domain adapta",2022,2022,frozen scientific authorities / journal requirements,exact rendered token; core floats additionally regression-asserted,PASS
main manuscript,"stematic review. Radiol. Artif. Intell. 4, e210064 (2022). https://doi.org/10.1148/ryai.210064  6. Guan, H. & Liu, M. Domain adaptation for medical image ana",10.1148,10.1148,frozen scientific authorities / journal requirements,exact rendered token; core floats additionally regression-asserted,PASS
main manuscript,"ew. Radiol. Artif. Intell. 4, e210064 (2022). https://doi.org/10.1148/ryai.210064  6. Guan, H. & Liu, M. Domain adaptation for medical image analysis: A sur",210064,210064,frozen scientific authorities / journal requirements,exact rendered token; core floats additionally regression-asserted,PASS
main manuscript,"ol. Artif. Intell. 4, e210064 (2022). https://doi.org/10.1148/ryai.210064  6. Guan, H. & Liu, M. Domain adaptation for medical image analysis: A survey",6,6,frozen scientific authorities / journal requirements,exact rendered token; core floats additionally regression-asserted,PASS
main manuscript," adaptation for medical image analysis: A survey. IEEE Trans. Biomed. Eng. 69, 1173–1185 (2022). https://doi.org/10.1109/TBME.2021.3117407  7. Tejani, A",69,69,frozen scientific authorities / journal requirements,exact rendered token; core floats additionally regression-asserted,PASS
main manuscript,"ptation for medical image analysis: A survey. IEEE Trans. Biomed. Eng. 69, 1173–1185 (2022). https://doi.org/10.1109/TBME.2021.3117407  7. Tejani, A. S. e",1173,1173,frozen scientific authorities / journal requirements,exact rendered token; core floats additionally regression-asserted,PASS
main manuscript,"on for medical image analysis: A survey. IEEE Trans. Biomed. Eng. 69, 1173–1185 (2022). https://doi.org/10.1109/TBME.2021.3117407  7. Tejani, A. S. et al.",1185,1185,frozen scientific authorities / journal requirements,exact rendered token; core floats additionally regression-asserted,PASS
main manuscript," medical image analysis: A survey. IEEE Trans. Biomed. Eng. 69, 1173–1185 (2022). https://doi.org/10.1109/TBME.2021.3117407  7. Tejani, A. S. et al. Check",2022,2022,frozen scientific authorities / journal requirements,exact rendered token; core floats additionally regression-asserted,PASS
main manuscript,": A survey. IEEE Trans. Biomed. Eng. 69, 1173–1185 (2022). https://doi.org/10.1109/TBME.2021.3117407  7. Tejani, A. S. et al. Checklist for Artificial Intell",10.1109,10.1109,frozen scientific authorities / journal requirements,exact rendered token; core floats additionally regression-asserted,PASS
main manuscript,"EEE Trans. Biomed. Eng. 69, 1173–1185 (2022). https://doi.org/10.1109/TBME.2021.3117407  7. Tejani, A. S. et al. Checklist for Artificial Intelligence in Medical ",2021.3117407,2021.3117407,frozen scientific authorities / journal requirements,exact rendered token; core floats additionally regression-asserted,PASS
main manuscript,"med. Eng. 69, 1173–1185 (2022). https://doi.org/10.1109/TBME.2021.3117407  7. Tejani, A. S. et al. Checklist for Artificial Intelligence in Medical Ima",7,7,frozen scientific authorities / journal requirements,exact rendered token; core floats additionally regression-asserted,PASS
main manuscript,". et al. Checklist for Artificial Intelligence in Medical Imaging (CLAIM): 2024 update. Radiol. Artif. Intell. 6, e240300 (2024). https://doi.org/10.1148/",2024,2024,frozen scientific authorities / journal requirements,exact rendered token; core floats additionally regression-asserted,PASS
main manuscript,"telligence in Medical Imaging (CLAIM): 2024 update. Radiol. Artif. Intell. 6, e240300 (2024). https://doi.org/10.1148/ryai.240300  8. Collins, G. S. et",6,6,frozen scientific authorities / journal requirements,exact rendered token; core floats additionally regression-asserted,PASS
main manuscript,"gence in Medical Imaging (CLAIM): 2024 update. Radiol. Artif. Intell. 6, e240300 (2024). https://doi.org/10.1148/ryai.240300  8. Collins, G. S. et al. TRIP",40300,40300,frozen scientific authorities / journal requirements,exact rendered token; core floats additionally regression-asserted,PASS
main manuscript,"n Medical Imaging (CLAIM): 2024 update. Radiol. Artif. Intell. 6, e240300 (2024). https://doi.org/10.1148/ryai.240300  8. Collins, G. S. et al. TRIPOD+AI ",2024,2024,frozen scientific authorities / journal requirements,exact rendered token; core floats additionally regression-asserted,PASS
main manuscript,"M): 2024 update. Radiol. Artif. Intell. 6, e240300 (2024). https://doi.org/10.1148/ryai.240300  8. Collins, G. S. et al. TRIPOD+AI statement: Updated guidanc",10.1148,10.1148,frozen scientific authorities / journal requirements,exact rendered token; core floats additionally regression-asserted,PASS
main manuscript,"te. Radiol. Artif. Intell. 6, e240300 (2024). https://doi.org/10.1148/ryai.240300  8. Collins, G. S. et al. TRIPOD+AI statement: Updated guidance for report",240300,240300,frozen scientific authorities / journal requirements,exact rendered token; core floats additionally regression-asserted,PASS
main manuscript,"ol. Artif. Intell. 6, e240300 (2024). https://doi.org/10.1148/ryai.240300  8. Collins, G. S. et al. TRIPOD+AI statement: Updated guidance for reporting",8,8,frozen scientific authorities / journal requirements,exact rendered token; core floats additionally regression-asserted,PASS
main manuscript,"cal prediction models that use regression or machine learning methods. BMJ 385, e078378 (2024). https://doi.org/10.1136/bmj-2023-078378  9. Moons, K. G. ",385,385,frozen scientific authorities / journal requirements,exact rendered token; core floats additionally regression-asserted,PASS
main manuscript,"diction models that use regression or machine learning methods. BMJ 385, e078378 (2024). https://doi.org/10.1136/bmj-2023-078378  9. Moons, K. G. M. et al.",78378,78378,frozen scientific authorities / journal requirements,exact rendered token; core floats additionally regression-asserted,PASS
main manuscript," models that use regression or machine learning methods. BMJ 385, e078378 (2024). https://doi.org/10.1136/bmj-2023-078378  9. Moons, K. G. M. et al. PROBA",2024,2024,frozen scientific authorities / journal requirements,exact rendered token; core floats additionally regression-asserted,PASS
main manuscript,"sion or machine learning methods. BMJ 385, e078378 (2024). https://doi.org/10.1136/bmj-2023-078378  9. Moons, K. G. M. et al. PROBAST+AI: An updated quality,",10.1136,10.1136,frozen scientific authorities / journal requirements,exact rendered token; core floats additionally regression-asserted,PASS
main manuscript,"ine learning methods. BMJ 385, e078378 (2024). https://doi.org/10.1136/bmj-2023-078378  9. Moons, K. G. M. et al. PROBAST+AI: An updated quality, risk of ",2023,2023,frozen scientific authorities / journal requirements,exact rendered token; core floats additionally regression-asserted,PASS
main manuscript,"learning methods. BMJ 385, e078378 (2024). https://doi.org/10.1136/bmj-2023-078378  9. Moons, K. G. M. et al. PROBAST+AI: An updated quality, risk of bias, a",-078378,-078378,frozen scientific authorities / journal requirements,exact rendered token; core floats additionally regression-asserted,PASS
main manuscript,"methods. BMJ 385, e078378 (2024). https://doi.org/10.1136/bmj-2023-078378  9. Moons, K. G. M. et al. PROBAST+AI: An updated quality, risk of bias, and ",9,9,frozen scientific authorities / journal requirements,exact rendered token; core floats additionally regression-asserted,PASS
main manuscript,"prediction models using regression or artificial intelligence methods. BMJ 388, e082505 (2025). https://doi.org/10.1136/bmj-2024-082505  10. Müller, D., ",388,388,frozen scientific authorities / journal requirements,exact rendered token; core floats additionally regression-asserted,PASS
main manuscript,"ion models using regression or artificial intelligence methods. BMJ 388, e082505 (2025). https://doi.org/10.1136/bmj-2024-082505  10. Müller, D., Soto-Rey,",82505,82505,frozen scientific authorities / journal requirements,exact rendered token; core floats additionally regression-asserted,PASS
main manuscript,"els using regression or artificial intelligence methods. BMJ 388, e082505 (2025). https://doi.org/10.1136/bmj-2024-082505  10. Müller, D., Soto-Rey, I. & ",2025,2025,frozen scientific authorities / journal requirements,exact rendered token; core floats additionally regression-asserted,PASS
main manuscript," artificial intelligence methods. BMJ 388, e082505 (2025). https://doi.org/10.1136/bmj-2024-082505  10. Müller, D., Soto-Rey, I. & Kramer, F. Towards a guide",10.1136,10.1136,frozen scientific authorities / journal requirements,exact rendered token; core floats additionally regression-asserted,PASS
main manuscript,"intelligence methods. BMJ 388, e082505 (2025). https://doi.org/10.1136/bmj-2024-082505  10. Müller, D., Soto-Rey, I. & Kramer, F. Towards a guideline for ",2024,2024,frozen scientific authorities / journal requirements,exact rendered token; core floats additionally regression-asserted,PASS
main manuscript,"lligence methods. BMJ 388, e082505 (2025). https://doi.org/10.1136/bmj-2024-082505  10. Müller, D., Soto-Rey, I. & Kramer, F. Towards a guideline for evaluat",-082505,-082505,frozen scientific authorities / journal requirements,exact rendered token; core floats additionally regression-asserted,PASS
main manuscript,"methods. BMJ 388, e082505 (2025). https://doi.org/10.1136/bmj-2024-082505  10. Müller, D., Soto-Rey, I. & Kramer, F. Towards a guideline for evaluation ",10,10,frozen scientific authorities / journal requirements,exact rendered token; core floats additionally regression-asserted,PASS
main manuscript,"eline for evaluation metrics in medical image segmentation. BMC Res. Notes 15, 210 (2022). https://doi.org/10.1186/s13104-022-06096-y  11. Brier, G. W. ",15,15,frozen scientific authorities / journal requirements,exact rendered token; core floats additionally regression-asserted,PASS
main manuscript,"e for evaluation metrics in medical image segmentation. BMC Res. Notes 15, 210 (2022). https://doi.org/10.1186/s13104-022-06096-y  11. Brier, G. W. Verif",210,210,frozen scientific authorities / journal requirements,exact rendered token; core floats additionally regression-asserted,PASS
main manuscript," evaluation metrics in medical image segmentation. BMC Res. Notes 15, 210 (2022). https://doi.org/10.1186/s13104-022-06096-y  11. Brier, G. W. Verificatio",2022,2022,frozen scientific authorities / journal requirements,exact rendered token; core floats additionally regression-asserted,PASS
main manuscript,"medical image segmentation. BMC Res. Notes 15, 210 (2022). https://doi.org/10.1186/s13104-022-06096-y  11. Brier, G. W. Verification of forecasts expressed i",10.1186,10.1186,frozen scientific authorities / journal requirements,exact rendered token; core floats additionally regression-asserted,PASS
main manuscript,"age segmentation. BMC Res. Notes 15, 210 (2022). https://doi.org/10.1186/s13104-022-06096-y  11. Brier, G. W. Verification of forecasts expressed in terms",3104,3104,frozen scientific authorities / journal requirements,exact rendered token; core floats additionally regression-asserted,PASS
main manuscript,"segmentation. BMC Res. Notes 15, 210 (2022). https://doi.org/10.1186/s13104-022-06096-y  11. Brier, G. W. Verification of forecasts expressed in terms of ",-022,-022,frozen scientific authorities / journal requirements,exact rendered token; core floats additionally regression-asserted,PASS
main manuscript,"entation. BMC Res. Notes 15, 210 (2022). https://doi.org/10.1186/s13104-022-06096-y  11. Brier, G. W. Verification of forecasts expressed in terms of probab",-06096,-06096,frozen scientific authorities / journal requirements,exact rendered token; core floats additionally regression-asserted,PASS
main manuscript,"BMC Res. Notes 15, 210 (2022). https://doi.org/10.1186/s13104-022-06096-y  11. Brier, G. W. Verification of forecasts expressed in terms of probability.",11,11,frozen scientific authorities / journal requirements,exact rendered token; core floats additionally regression-asserted,PASS
main manuscript,"fication of forecasts expressed in terms of probability. Mon. Weather Rev. 78, 1–3 (1950). https://doi.org/10.1175/1520-0493(1950)078<0001:VOFEIT>2.0.CO",78,78,frozen scientific authorities / journal requirements,exact rendered token; core floats additionally regression-asserted,PASS
main manuscript,"tion of forecasts expressed in terms of probability. Mon. Weather Rev. 78, 1–3 (1950). https://doi.org/10.1175/1520-0493(1950)078<0001:VOFEIT>2.0.CO;2 ",1,1,frozen scientific authorities / journal requirements,exact rendered token; core floats additionally regression-asserted,PASS
main manuscript,"on of forecasts expressed in terms of probability. Mon. Weather Rev. 78, 1–3 (1950). https://doi.org/10.1175/1520-0493(1950)078<0001:VOFEIT>2.0.CO;2  1",3,3,frozen scientific authorities / journal requirements,exact rendered token; core floats additionally regression-asserted,PASS
main manuscript,"of forecasts expressed in terms of probability. Mon. Weather Rev. 78, 1–3 (1950). https://doi.org/10.1175/1520-0493(1950)078<0001:VOFEIT>2.0.CO;2  12. Hol",1950,1950,frozen scientific authorities / journal requirements,exact rendered token; core floats additionally regression-asserted,PASS
main manuscript,"in terms of probability. Mon. Weather Rev. 78, 1–3 (1950). https://doi.org/10.1175/1520-0493(1950)078<0001:VOFEIT>2.0.CO;2  12. Holm, S. A simple sequentiall",10.1175,10.1175,frozen scientific authorities / journal requirements,exact rendered token; core floats additionally regression-asserted,PASS
main manuscript," of probability. Mon. Weather Rev. 78, 1–3 (1950). https://doi.org/10.1175/1520-0493(1950)078<0001:VOFEIT>2.0.CO;2  12. Holm, S. A simple sequentially rej",1520,1520,frozen scientific authorities / journal requirements,exact rendered token; core floats additionally regression-asserted,PASS
main manuscript,"probability. Mon. Weather Rev. 78, 1–3 (1950). https://doi.org/10.1175/1520-0493(1950)078<0001:VOFEIT>2.0.CO;2  12. Holm, S. A simple sequentially rejectiv",-0493,-0493,frozen scientific authorities / journal requirements,exact rendered token; core floats additionally regression-asserted,PASS
main manuscript,"ility. Mon. Weather Rev. 78, 1–3 (1950). https://doi.org/10.1175/1520-0493(1950)078<0001:VOFEIT>2.0.CO;2  12. Holm, S. A simple sequentially rejective mul",1950,1950,frozen scientific authorities / journal requirements,exact rendered token; core floats additionally regression-asserted,PASS
main manuscript,". Mon. Weather Rev. 78, 1–3 (1950). https://doi.org/10.1175/1520-0493(1950)078<0001:VOFEIT>2.0.CO;2  12. Holm, S. A simple sequentially rejective multipl",078,078,frozen scientific authorities / journal requirements,exact rendered token; core floats additionally regression-asserted,PASS
main manuscript,"n. Weather Rev. 78, 1–3 (1950). https://doi.org/10.1175/1520-0493(1950)078<0001:VOFEIT>2.0.CO;2  12. Holm, S. A simple sequentially rejective multiple tes",0001,0001,frozen scientific authorities / journal requirements,exact rendered token; core floats additionally regression-asserted,PASS
main manuscript,"ev. 78, 1–3 (1950). https://doi.org/10.1175/1520-0493(1950)078<0001:VOFEIT>2.0.CO;2  12. Holm, S. A simple sequentially rejective multiple test procedure",2.0,2.0,frozen scientific authorities / journal requirements,exact rendered token; core floats additionally regression-asserted,PASS
main manuscript," 1–3 (1950). https://doi.org/10.1175/1520-0493(1950)078<0001:VOFEIT>2.0.CO;2  12. Holm, S. A simple sequentially rejective multiple test procedure. Sca",2,2,frozen scientific authorities / journal requirements,exact rendered token; core floats additionally regression-asserted,PASS
main manuscript,"3 (1950). https://doi.org/10.1175/1520-0493(1950)078<0001:VOFEIT>2.0.CO;2  12. Holm, S. A simple sequentially rejective multiple test procedure. Scand. ",12,12,frozen scientific authorities / journal requirements,exact rendered token; core floats additionally regression-asserted,PASS
main manuscript,". A simple sequentially rejective multiple test procedure. Scand. J. Stat. 6, 65–70 (1979). https://doi.org/10.2307/4615733  13. Efron, B. Bootstrap me",6,6,frozen scientific authorities / journal requirements,exact rendered token; core floats additionally regression-asserted,PASS
main manuscript," simple sequentially rejective multiple test procedure. Scand. J. Stat. 6, 65–70 (1979). https://doi.org/10.2307/4615733  13. Efron, B. Bootstrap method",65,65,frozen scientific authorities / journal requirements,exact rendered token; core floats additionally regression-asserted,PASS
main manuscript,"mple sequentially rejective multiple test procedure. Scand. J. Stat. 6, 65–70 (1979). https://doi.org/10.2307/4615733  13. Efron, B. Bootstrap methods: ",70,70,frozen scientific authorities / journal requirements,exact rendered token; core floats additionally regression-asserted,PASS
main manuscript," sequentially rejective multiple test procedure. Scand. J. Stat. 6, 65–70 (1979). https://doi.org/10.2307/4615733  13. Efron, B. Bootstrap methods: Anothe",1979,1979,frozen scientific authorities / journal requirements,exact rendered token; core floats additionally regression-asserted,PASS
main manuscript," multiple test procedure. Scand. J. Stat. 6, 65–70 (1979). https://doi.org/10.2307/4615733  13. Efron, B. Bootstrap methods: Another look at the jackknife. A",10.2307,10.2307,frozen scientific authorities / journal requirements,exact rendered token; core floats additionally regression-asserted,PASS
main manuscript,"e test procedure. Scand. J. Stat. 6, 65–70 (1979). https://doi.org/10.2307/4615733  13. Efron, B. Bootstrap methods: Another look at the jackknife. Ann. Stat",4615733,4615733,frozen scientific authorities / journal requirements,exact rendered token; core floats additionally regression-asserted,PASS
main manuscript,"ocedure. Scand. J. Stat. 6, 65–70 (1979). https://doi.org/10.2307/4615733  13. Efron, B. Bootstrap methods: Another look at the jackknife. Ann. Stat. 7,",13,13,frozen scientific authorities / journal requirements,exact rendered token; core floats additionally regression-asserted,PASS
main manuscript,"13. Efron, B. Bootstrap methods: Another look at the jackknife. Ann. Stat. 7, 1–26 (1979). https://doi.org/10.1214/aos/1176344552  14. Johnson, D. R. e",7,7,frozen scientific authorities / journal requirements,exact rendered token; core floats additionally regression-asserted,PASS
main manuscript," Efron, B. Bootstrap methods: Another look at the jackknife. Ann. Stat. 7, 1–26 (1979). https://doi.org/10.1214/aos/1176344552  14. Johnson, D. R. et a",1,1,frozen scientific authorities / journal requirements,exact rendered token; core floats additionally regression-asserted,PASS
main manuscript,"fron, B. Bootstrap methods: Another look at the jackknife. Ann. Stat. 7, 1–26 (1979). https://doi.org/10.1214/aos/1176344552  14. Johnson, D. R. et al. ",26,26,frozen scientific authorities / journal requirements,exact rendered token; core floats additionally regression-asserted,PASS
main manuscript,", B. Bootstrap methods: Another look at the jackknife. Ann. Stat. 7, 1–26 (1979). https://doi.org/10.1214/aos/1176344552  14. Johnson, D. R. et al. Congre",1979,1979,frozen scientific authorities / journal requirements,exact rendered token; core floats additionally regression-asserted,PASS
main manuscript," Another look at the jackknife. Ann. Stat. 7, 1–26 (1979). https://doi.org/10.1214/aos/1176344552  14. Johnson, D. R. et al. Congress of Neurological Surgeon",10.1214,10.1214,frozen scientific authorities / journal requirements,exact rendered token; core floats additionally regression-asserted,PASS
main manuscript,"k at the jackknife. Ann. Stat. 7, 1–26 (1979). https://doi.org/10.1214/aos/1176344552  14. Johnson, D. R. et al. Congress of Neurological Surgeons systematic re",1176344552,1176344552,frozen scientific authorities / journal requirements,exact rendered token; core floats additionally regression-asserted,PASS
main manuscript,"kknife. Ann. Stat. 7, 1–26 (1979). https://doi.org/10.1214/aos/1176344552  14. Johnson, D. R. et al. Congress of Neurological Surgeons systematic review",14,14,frozen scientific authorities / journal requirements,exact rendered token; core floats additionally regression-asserted,PASS
main manuscript,"ng in the management of progressive glioblastoma in adults. J. Neurooncol. 158, 225–247 (2022). https://doi.org/10.1007/s11060-021-03896-9  15. Taha, A. ",158,158,frozen scientific authorities / journal requirements,exact rendered token; core floats additionally regression-asserted,PASS
main manuscript," the management of progressive glioblastoma in adults. J. Neurooncol. 158, 225–247 (2022). https://doi.org/10.1007/s11060-021-03896-9  15. Taha, A. A. & ",225,225,frozen scientific authorities / journal requirements,exact rendered token; core floats additionally regression-asserted,PASS
main manuscript," management of progressive glioblastoma in adults. J. Neurooncol. 158, 225–247 (2022). https://doi.org/10.1007/s11060-021-03896-9  15. Taha, A. A. & Hanb",247,247,frozen scientific authorities / journal requirements,exact rendered token; core floats additionally regression-asserted,PASS
main manuscript,"gement of progressive glioblastoma in adults. J. Neurooncol. 158, 225–247 (2022). https://doi.org/10.1007/s11060-021-03896-9  15. Taha, A. A. & Hanbury, A",2022,2022,frozen scientific authorities / journal requirements,exact rendered token; core floats additionally regression-asserted,PASS
main manuscript,"lioblastoma in adults. J. Neurooncol. 158, 225–247 (2022). https://doi.org/10.1007/s11060-021-03896-9  15. Taha, A. A. & Hanbury, A. Metrics for evaluating 3",10.1007,10.1007,frozen scientific authorities / journal requirements,exact rendered token; core floats additionally regression-asserted,PASS
main manuscript,"a in adults. J. Neurooncol. 158, 225–247 (2022). https://doi.org/10.1007/s11060-021-03896-9  15. Taha, A. A. & Hanbury, A. Metrics for evaluating 3D medic",1060,1060,frozen scientific authorities / journal requirements,exact rendered token; core floats additionally regression-asserted,PASS
main manuscript," adults. J. Neurooncol. 158, 225–247 (2022). https://doi.org/10.1007/s11060-021-03896-9  15. Taha, A. A. & Hanbury, A. Metrics for evaluating 3D medical i",-021,-021,frozen scientific authorities / journal requirements,exact rendered token; core floats additionally regression-asserted,PASS
main manuscript,"lts. J. Neurooncol. 158, 225–247 (2022). https://doi.org/10.1007/s11060-021-03896-9  15. Taha, A. A. & Hanbury, A. Metrics for evaluating 3D medical image s",-03896,-03896,frozen scientific authorities / journal requirements,exact rendered token; core floats additionally regression-asserted,PASS
main manuscript,". Neurooncol. 158, 225–247 (2022). https://doi.org/10.1007/s11060-021-03896-9  15. Taha, A. A. & Hanbury, A. Metrics for evaluating 3D medical image seg",-9,-9,frozen scientific authorities / journal requirements,exact rendered token; core floats additionally regression-asserted,PASS
main manuscript,"urooncol. 158, 225–247 (2022). https://doi.org/10.1007/s11060-021-03896-9  15. Taha, A. A. & Hanbury, A. Metrics for evaluating 3D medical image segment",15,15,frozen scientific authorities / journal requirements,exact rendered token; core floats additionally regression-asserted,PASS
main manuscript,"7/s11060-021-03896-9  15. Taha, A. A. & Hanbury, A. Metrics for evaluating 3D medical image segmentation: Analysis, selection, and tool. BMC Med. Imagi",3,3,frozen scientific authorities / journal requirements,exact rendered token; core floats additionally regression-asserted,PASS
main manuscript,"edical image segmentation: Analysis, selection, and tool. BMC Med. Imaging 15, 29 (2015). https://doi.org/10.1186/s12880-015-0068-x  16. Cepeda, S. et a",15,15,frozen scientific authorities / journal requirements,exact rendered token; core floats additionally regression-asserted,PASS
main manuscript,"al image segmentation: Analysis, selection, and tool. BMC Med. Imaging 15, 29 (2015). https://doi.org/10.1186/s12880-015-0068-x  16. Cepeda, S. et al. P",29,29,frozen scientific authorities / journal requirements,exact rendered token; core floats additionally regression-asserted,PASS
main manuscript,"mage segmentation: Analysis, selection, and tool. BMC Med. Imaging 15, 29 (2015). https://doi.org/10.1186/s12880-015-0068-x  16. Cepeda, S. et al. Predict",2015,2015,frozen scientific authorities / journal requirements,exact rendered token; core floats additionally regression-asserted,PASS
main manuscript,"ysis, selection, and tool. BMC Med. Imaging 15, 29 (2015). https://doi.org/10.1186/s12880-015-0068-x  16. Cepeda, S. et al. Predicting regions of local recur",10.1186,10.1186,frozen scientific authorities / journal requirements,exact rendered token; core floats additionally regression-asserted,PASS
main manuscript,"ction, and tool. BMC Med. Imaging 15, 29 (2015). https://doi.org/10.1186/s12880-015-0068-x  16. Cepeda, S. et al. Predicting regions of local recurrence i",2880,2880,frozen scientific authorities / journal requirements,exact rendered token; core floats additionally regression-asserted,PASS
main manuscript,"n, and tool. BMC Med. Imaging 15, 29 (2015). https://doi.org/10.1186/s12880-015-0068-x  16. Cepeda, S. et al. Predicting regions of local recurrence in gl",-015,-015,frozen scientific authorities / journal requirements,exact rendered token; core floats additionally regression-asserted,PASS
main manuscript,"nd tool. BMC Med. Imaging 15, 29 (2015). https://doi.org/10.1186/s12880-015-0068-x  16. Cepeda, S. et al. Predicting regions of local recurrence in gliobla",-0068,-0068,frozen scientific authorities / journal requirements,exact rendered token; core floats additionally regression-asserted,PASS
main manuscript,"BMC Med. Imaging 15, 29 (2015). https://doi.org/10.1186/s12880-015-0068-x  16. Cepeda, S. et al. Predicting regions of local recurrence in glioblastomas",16,16,frozen scientific authorities / journal requirements,exact rendered token; core floats additionally regression-asserted,PASS
main manuscript,"ed radiomic features of multiparametric postoperative MRI. Cancers (Basel) 15, 1894 (2023). https://doi.org/10.3390/cancers15061894  ## Acknowledgements",15,15,frozen scientific authorities / journal requirements,exact rendered token; core floats additionally regression-asserted,PASS
main manuscript,"adiomic features of multiparametric postoperative MRI. Cancers (Basel) 15, 1894 (2023). https://doi.org/10.3390/cancers15061894  ## Acknowledgements  [ACK",1894,1894,frozen scientific authorities / journal requirements,exact rendered token; core floats additionally regression-asserted,PASS
main manuscript,"c features of multiparametric postoperative MRI. Cancers (Basel) 15, 1894 (2023). https://doi.org/10.3390/cancers15061894  ## Acknowledgements  [ACKNOWLED",2023,2023,frozen scientific authorities / journal requirements,exact rendered token; core floats additionally regression-asserted,PASS
main manuscript,"metric postoperative MRI. Cancers (Basel) 15, 1894 (2023). https://doi.org/10.3390/cancers15061894  ## Acknowledgements  [ACKNOWLEDGEMENTS_REQUIRED]  ## Auth",10.3390,10.3390,frozen scientific authorities / journal requirements,exact rendered token; core floats additionally regression-asserted,PASS
main manuscript,"tive MRI. Cancers (Basel) 15, 1894 (2023). https://doi.org/10.3390/cancers15061894  ## Acknowledgements  [ACKNOWLEDGEMENTS_REQUIRED]  ## Author contributions",5061894,5061894,frozen scientific authorities / journal requirements,exact rendered token; core floats additionally regression-asserted,PASS
main manuscript,s  [COMPETING_INTERESTS_DECLARATION_REQUIRED]  ## Figure legends  **Figure 1.** Study design and future-access boundary. P0 used current T1c plus curre,1,1,frozen scientific authorities / journal requirements,exact rendered token; core floats additionally regression-asserted,PASS
main manuscript,-case leakage. PCC began only after P0 freeze and target access.  **Figure 2.** Independent internal prelocked comparisons. Patient-level Dice@0.5 for ,2,2,frozen scientific authorities / journal requirements,exact rendered token; core floats additionally regression-asserted,PASS
main manuscript,"Figure 2.** Independent internal prelocked comparisons. Patient-level Dice@0.5 for Fixed, canonical Full PCC and prelocked no-smoothing in 113 patients. ",0.5,0.5,frozen scientific authorities / journal requirements,exact rendered token; core floats additionally regression-asserted,PASS
main manuscript,"level Dice@0.5 for Fixed, canonical Full PCC and prelocked no-smoothing in 113 patients. Displayed comparisons correspond to the confirmatory family; des",113,113,frozen scientific authorities / journal requirements,exact rendered token; core floats additionally regression-asserted,PASS
main manuscript,he confirmatory family; descriptive target-access controls appear in Table 3.  **Figure 3.** Canonical Full PCC trajectory. Cohort means across the fix,3,3,frozen scientific authorities / journal requirements,exact rendered token; core floats additionally regression-asserted,PASS
main manuscript,ry family; descriptive target-access controls appear in Table 3.  **Figure 3.** Canonical Full PCC trajectory. Cohort means across the fixed P1–P10 seq,3,3,frozen scientific authorities / journal requirements,exact rendered token; core floats additionally regression-asserted,PASS
main manuscript,ure 3.** Canonical Full PCC trajectory. Cohort means across the fixed P1–P10 sequence. P10 was retained for every patient; no best-round selection was ,0,0,frozen scientific authorities / journal requirements,exact rendered token; core floats additionally regression-asserted,PASS
main manuscript,ical Full PCC trajectory. Cohort means across the fixed P1–P10 sequence. P10 was retained for every patient; no best-round selection was performed.  **,0,0,frozen scientific authorities / journal requirements,exact rendered token; core floats additionally regression-asserted,PASS
main manuscript,tained for every patient; no best-round selection was performed.  **Figure 4.** RHUH external prelocked comparisons. Patient-level Dice@0.5 in 39 patie,4,4,frozen scientific authorities / journal requirements,exact rendered token; core floats additionally regression-asserted,PASS
main manuscript,ed.  **Figure 4.** RHUH external prelocked comparisons. Patient-level Dice@0.5 in 39 patients. Fixed is the future-blind P0 estimate; corrected maps are ,0.5,0.5,frozen scientific authorities / journal requirements,exact rendered token; core floats additionally regression-asserted,PASS
main manuscript,Figure 4.** RHUH external prelocked comparisons. Patient-level Dice@0.5 in 39 patients. Fixed is the future-blind P0 estimate; corrected maps are retros,39,39,frozen scientific authorities / journal requirements,exact rendered token; core floats additionally regression-asserted,PASS
main manuscript,et-conditioned outputs. Descriptive target-access controls appear in Table 3.  **Figure 5.** Development-only oracle-assisted target-volume-matched loc,3,3,frozen scientific authorities / journal requirements,exact rendered token; core floats additionally regression-asserted,PASS
main manuscript,d outputs. Descriptive target-access controls appear in Table 3.  **Figure 5.** Development-only oracle-assisted target-volume-matched localization. Th,5,5,frozen scientific authorities / journal requirements,exact rendered token; core floats additionally regression-asserted,PASS
main manuscript, confirmatory endpoint and is not a deployment metric.  ## Tables  **Table 1. Cohort characteristics and analysis flow.** Values are median (IQR) or co,1,1,frozen scientific authorities / journal requirements,exact rendered token; core floats additionally regression-asserted,PASS
main manuscript,no between-cohort inference was performed.  | Characteristic | Development 40 | Independent internal 113 | RHUH external 39 | | --- | --- | --- | --- | ,40,40,frozen scientific authorities / journal requirements,exact rendered token; core floats additionally regression-asserted,PASS
main manuscript,e was performed.  | Characteristic | Development 40 | Independent internal 113 | RHUH external 39 | | --- | --- | --- | --- | | Source patients / pre-out,113,113,frozen scientific authorities / journal requirements,exact rendered token; core floats additionally regression-asserted,PASS
main manuscript,Characteristic | Development 40 | Independent internal 113 | RHUH external 39 | | --- | --- | --- | --- | | Source patients / pre-outcome excluded / ana,39,39,frozen scientific authorities / journal requirements,exact rendered token; core floats additionally regression-asserted,PASS
main manuscript," | --- | --- | --- | | Source patients / pre-outcome excluded / analysed | 40 / 0 / 40 | 115 / 2 / 113 | 40 / 1 / 39 | | Age, years, median (IQR) | 57.5",40,40,frozen scientific authorities / journal requirements,exact rendered token; core floats additionally regression-asserted,PASS
main manuscript,"- | --- | --- | | Source patients / pre-outcome excluded / analysed | 40 / 0 / 40 | 115 / 2 / 113 | 40 / 1 / 39 | | Age, years, median (IQR) | 57.5 (53",0,0,frozen scientific authorities / journal requirements,exact rendered token; core floats additionally regression-asserted,PASS
main manuscript,"--- | --- | | Source patients / pre-outcome excluded / analysed | 40 / 0 / 40 | 115 / 2 / 113 | 40 / 1 / 39 | | Age, years, median (IQR) | 57.5 (53.0–65",40,40,frozen scientific authorities / journal requirements,exact rendered token; core floats additionally regression-asserted,PASS
main manuscript," --- | | Source patients / pre-outcome excluded / analysed | 40 / 0 / 40 | 115 / 2 / 113 | 40 / 1 / 39 | | Age, years, median (IQR) | 57.5 (53.0–65.0); n",115,115,frozen scientific authorities / journal requirements,exact rendered token; core floats additionally regression-asserted,PASS
main manuscript," | Source patients / pre-outcome excluded / analysed | 40 / 0 / 40 | 115 / 2 / 113 | 40 / 1 / 39 | | Age, years, median (IQR) | 57.5 (53.0–65.0); n=40 ",2,2,frozen scientific authorities / journal requirements,exact rendered token; core floats additionally regression-asserted,PASS
main manuscript,"ource patients / pre-outcome excluded / analysed | 40 / 0 / 40 | 115 / 2 / 113 | 40 / 1 / 39 | | Age, years, median (IQR) | 57.5 (53.0–65.0); n=40 | 60.0",113,113,frozen scientific authorities / journal requirements,exact rendered token; core floats additionally regression-asserted,PASS
main manuscript,"patients / pre-outcome excluded / analysed | 40 / 0 / 40 | 115 / 2 / 113 | 40 / 1 / 39 | | Age, years, median (IQR) | 57.5 (53.0–65.0); n=40 | 60.0 (43.",40,40,frozen scientific authorities / journal requirements,exact rendered token; core floats additionally regression-asserted,PASS
main manuscript,"nts / pre-outcome excluded / analysed | 40 / 0 / 40 | 115 / 2 / 113 | 40 / 1 / 39 | | Age, years, median (IQR) | 57.5 (53.0–65.0); n=40 | 60.0 (43.0–69",1,1,frozen scientific authorities / journal requirements,exact rendered token; core floats additionally regression-asserted,PASS
main manuscript,"/ pre-outcome excluded / analysed | 40 / 0 / 40 | 115 / 2 / 113 | 40 / 1 / 39 | | Age, years, median (IQR) | 57.5 (53.0–65.0); n=40 | 60.0 (43.0–69.0); ",39,39,frozen scientific authorities / journal requirements,exact rendered token; core floats additionally regression-asserted,PASS
main manuscript,"| 40 / 0 / 40 | 115 / 2 / 113 | 40 / 1 / 39 | | Age, years, median (IQR) | 57.5 (53.0–65.0); n=40 | 60.0 (43.0–69.0); n=113 | 64.0 (55.0–69.5); n=39 | | S",57.5,57.5,frozen scientific authorities / journal requirements,exact rendered token; core floats additionally regression-asserted,PASS
main manuscript," 0 / 40 | 115 / 2 / 113 | 40 / 1 / 39 | | Age, years, median (IQR) | 57.5 (53.0–65.0); n=40 | 60.0 (43.0–69.0); n=113 | 64.0 (55.0–69.5); n=39 | | Sex, fe",53.0,53.0,frozen scientific authorities / journal requirements,exact rendered token; core floats additionally regression-asserted,PASS
main manuscript,"40 | 115 / 2 / 113 | 40 / 1 / 39 | | Age, years, median (IQR) | 57.5 (53.0–65.0); n=40 | 60.0 (43.0–69.0); n=113 | 64.0 (55.0–69.5); n=39 | | Sex, female ",65.0,65.0,frozen scientific authorities / journal requirements,exact rendered token; core floats additionally regression-asserted,PASS
main manuscript,"/ 2 / 113 | 40 / 1 / 39 | | Age, years, median (IQR) | 57.5 (53.0–65.0); n=40 | 60.0 (43.0–69.0); n=113 | 64.0 (55.0–69.5); n=39 | | Sex, female / male ",40,40,frozen scientific authorities / journal requirements,exact rendered token; core floats additionally regression-asserted,PASS
main manuscript," 113 | 40 / 1 / 39 | | Age, years, median (IQR) | 57.5 (53.0–65.0); n=40 | 60.0 (43.0–69.0); n=113 | 64.0 (55.0–69.5); n=39 | | Sex, female / male | 17 / ",60.0,60.0,frozen scientific authorities / journal requirements,exact rendered token; core floats additionally regression-asserted,PASS
main manuscript," 40 / 1 / 39 | | Age, years, median (IQR) | 57.5 (53.0–65.0); n=40 | 60.0 (43.0–69.0); n=113 | 64.0 (55.0–69.5); n=39 | | Sex, female / male | 17 / 23 | 4",43.0,43.0,frozen scientific authorities / journal requirements,exact rendered token; core floats additionally regression-asserted,PASS
main manuscript," 1 / 39 | | Age, years, median (IQR) | 57.5 (53.0–65.0); n=40 | 60.0 (43.0–69.0); n=113 | 64.0 (55.0–69.5); n=39 | | Sex, female / male | 17 / 23 | 47 / 6",69.0,69.0,frozen scientific authorities / journal requirements,exact rendered token; core floats additionally regression-asserted,PASS
main manuscript," | Age, years, median (IQR) | 57.5 (53.0–65.0); n=40 | 60.0 (43.0–69.0); n=113 | 64.0 (55.0–69.5); n=39 | | Sex, female / male | 17 / 23 | 47 / 66 | 12 /",113,113,frozen scientific authorities / journal requirements,exact rendered token; core floats additionally regression-asserted,PASS
main manuscript,", years, median (IQR) | 57.5 (53.0–65.0); n=40 | 60.0 (43.0–69.0); n=113 | 64.0 (55.0–69.5); n=39 | | Sex, female / male | 17 / 23 | 47 / 66 | 12 / 27 | |",64.0,64.0,frozen scientific authorities / journal requirements,exact rendered token; core floats additionally regression-asserted,PASS
main manuscript,"s, median (IQR) | 57.5 (53.0–65.0); n=40 | 60.0 (43.0–69.0); n=113 | 64.0 (55.0–69.5); n=39 | | Sex, female / male | 17 / 23 | 47 / 66 | 12 / 27 | | Curre",55.0,55.0,frozen scientific authorities / journal requirements,exact rendered token; core floats additionally regression-asserted,PASS
main manuscript,"dian (IQR) | 57.5 (53.0–65.0); n=40 | 60.0 (43.0–69.0); n=113 | 64.0 (55.0–69.5); n=39 | | Sex, female / male | 17 / 23 | 47 / 66 | 12 / 27 | | Current-to",69.5,69.5,frozen scientific authorities / journal requirements,exact rendered token; core floats additionally regression-asserted,PASS
main manuscript,") | 57.5 (53.0–65.0); n=40 | 60.0 (43.0–69.0); n=113 | 64.0 (55.0–69.5); n=39 | | Sex, female / male | 17 / 23 | 47 / 66 | 12 / 27 | | Current-to-future",39,39,frozen scientific authorities / journal requirements,exact rendered token; core floats additionally regression-asserted,PASS
main manuscript," 60.0 (43.0–69.0); n=113 | 64.0 (55.0–69.5); n=39 | | Sex, female / male | 17 / 23 | 47 / 66 | 12 / 27 | | Current-to-future interval, days, median (IQR",17,17,frozen scientific authorities / journal requirements,exact rendered token; core floats additionally regression-asserted,PASS
main manuscript," (43.0–69.0); n=113 | 64.0 (55.0–69.5); n=39 | | Sex, female / male | 17 / 23 | 47 / 66 | 12 / 27 | | Current-to-future interval, days, median (IQR) | 7",23,23,frozen scientific authorities / journal requirements,exact rendered token; core floats additionally regression-asserted,PASS
main manuscript,"0–69.0); n=113 | 64.0 (55.0–69.5); n=39 | | Sex, female / male | 17 / 23 | 47 / 66 | 12 / 27 | | Current-to-future interval, days, median (IQR) | 78.0 (",47,47,frozen scientific authorities / journal requirements,exact rendered token; core floats additionally regression-asserted,PASS
main manuscript,"0); n=113 | 64.0 (55.0–69.5); n=39 | | Sex, female / male | 17 / 23 | 47 / 66 | 12 / 27 | | Current-to-future interval, days, median (IQR) | 78.0 (64.0–",66,66,frozen scientific authorities / journal requirements,exact rendered token; core floats additionally regression-asserted,PASS
main manuscript,"=113 | 64.0 (55.0–69.5); n=39 | | Sex, female / male | 17 / 23 | 47 / 66 | 12 / 27 | | Current-to-future interval, days, median (IQR) | 78.0 (64.0–108.0",12,12,frozen scientific authorities / journal requirements,exact rendered token; core floats additionally regression-asserted,PASS
main manuscript,"| 64.0 (55.0–69.5); n=39 | | Sex, female / male | 17 / 23 | 47 / 66 | 12 / 27 | | Current-to-future interval, days, median (IQR) | 78.0 (64.0–108.0); n=",27,27,frozen scientific authorities / journal requirements,exact rendered token; core floats additionally regression-asserted,PASS
main manuscript,"3 | 47 / 66 | 12 / 27 | | Current-to-future interval, days, median (IQR) | 78.0 (64.0–108.0); n=39 | 68.0 (39.5–103.0); n=111 | Not consistently available",78.0,78.0,frozen scientific authorities / journal requirements,exact rendered token; core floats additionally regression-asserted,PASS
main manuscript," / 66 | 12 / 27 | | Current-to-future interval, days, median (IQR) | 78.0 (64.0–108.0); n=39 | 68.0 (39.5–103.0); n=111 | Not consistently available in li",64.0,64.0,frozen scientific authorities / journal requirements,exact rendered token; core floats additionally regression-asserted,PASS
main manuscript," | 12 / 27 | | Current-to-future interval, days, median (IQR) | 78.0 (64.0–108.0); n=39 | 68.0 (39.5–103.0); n=111 | Not consistently available in linked s",108.0,108.0,frozen scientific authorities / journal requirements,exact rendered token; core floats additionally regression-asserted,PASS
main manuscript," | | Current-to-future interval, days, median (IQR) | 78.0 (64.0–108.0); n=39 | 68.0 (39.5–103.0); n=111 | Not consistently available in linked source m",39,39,frozen scientific authorities / journal requirements,exact rendered token; core floats additionally regression-asserted,PASS
main manuscript,"Current-to-future interval, days, median (IQR) | 78.0 (64.0–108.0); n=39 | 68.0 (39.5–103.0); n=111 | Not consistently available in linked source metadata",68.0,68.0,frozen scientific authorities / journal requirements,exact rendered token; core floats additionally regression-asserted,PASS
main manuscript,"t-to-future interval, days, median (IQR) | 78.0 (64.0–108.0); n=39 | 68.0 (39.5–103.0); n=111 | Not consistently available in linked source metadata | | D",39.5,39.5,frozen scientific authorities / journal requirements,exact rendered token; core floats additionally regression-asserted,PASS
main manuscript,"future interval, days, median (IQR) | 78.0 (64.0–108.0); n=39 | 68.0 (39.5–103.0); n=111 | Not consistently available in linked source metadata | | Diagnos",103.0,103.0,frozen scientific authorities / journal requirements,exact rendered token; core floats additionally regression-asserted,PASS
main manuscript,"erval, days, median (IQR) | 78.0 (64.0–108.0); n=39 | 68.0 (39.5–103.0); n=111 | Not consistently available in linked source metadata | | Diagnosis / gra",111,111,frozen scientific authorities / journal requirements,exact rendered token; core floats additionally regression-asserted,PASS
main manuscript,ly available in linked source metadata | | Diagnosis / grade | GBM / grade 4: 40 | GBM 74; astrocytoma 23; diffuse glioma 9; oligodendroglioma 4; piloc,4,4,frozen scientific authorities / journal requirements,exact rendered token; core floats additionally regression-asserted,PASS
main manuscript,available in linked source metadata | | Diagnosis / grade | GBM / grade 4: 40 | GBM 74; astrocytoma 23; diffuse glioma 9; oligodendroglioma 4; pilocytic,40,40,frozen scientific authorities / journal requirements,exact rendered token; core floats additionally regression-asserted,PASS
main manuscript, in linked source metadata | | Diagnosis / grade | GBM / grade 4: 40 | GBM 74; astrocytoma 23; diffuse glioma 9; oligodendroglioma 4; pilocytic astrocyt,74,74,frozen scientific authorities / journal requirements,exact rendered token; core floats additionally regression-asserted,PASS
main manuscript,e metadata | | Diagnosis / grade | GBM / grade 4: 40 | GBM 74; astrocytoma 23; diffuse glioma 9; oligodendroglioma 4; pilocytic astrocytoma 2; glioma wi,23,23,frozen scientific authorities / journal requirements,exact rendered token; core floats additionally regression-asserted,PASS
main manuscript,nosis / grade | GBM / grade 4: 40 | GBM 74; astrocytoma 23; diffuse glioma 9; oligodendroglioma 4; pilocytic astrocytoma 2; glioma with GBM features 1 ,9,9,frozen scientific authorities / journal requirements,exact rendered token; core floats additionally regression-asserted,PASS
main manuscript, grade 4: 40 | GBM 74; astrocytoma 23; diffuse glioma 9; oligodendroglioma 4; pilocytic astrocytoma 2; glioma with GBM features 1 | Glioblastoma / grad,4,4,frozen scientific authorities / journal requirements,exact rendered token; core floats additionally regression-asserted,PASS
main manuscript,trocytoma 23; diffuse glioma 9; oligodendroglioma 4; pilocytic astrocytoma 2; glioma with GBM features 1 | Glioblastoma / grade 4: 39 | | IDH status | ,2,2,frozen scientific authorities / journal requirements,exact rendered token; core floats additionally regression-asserted,PASS
main manuscript, 9; oligodendroglioma 4; pilocytic astrocytoma 2; glioma with GBM features 1 | Glioblastoma / grade 4: 39 | | IDH status | Not consistently available |,1,1,frozen scientific authorities / journal requirements,exact rendered token; core floats additionally regression-asserted,PASS
main manuscript,pilocytic astrocytoma 2; glioma with GBM features 1 | Glioblastoma / grade 4: 39 | | IDH status | Not consistently available | Not consistently availab,4,4,frozen scientific authorities / journal requirements,exact rendered token; core floats additionally regression-asserted,PASS
main manuscript,ocytic astrocytoma 2; glioma with GBM features 1 | Glioblastoma / grade 4: 39 | | IDH status | Not consistently available | Not consistently available |,39,39,frozen scientific authorities / journal requirements,exact rendered token; core floats additionally regression-asserted,PASS
main manuscript, IDH status | Not consistently available | Not consistently available | wt 35; mut 4 | | Extent of resection | Not consistently available | Not consiste,35,35,frozen scientific authorities / journal requirements,exact rendered token; core floats additionally regression-asserted,PASS
main manuscript,tus | Not consistently available | Not consistently available | wt 35; mut 4 | | Extent of resection | Not consistently available | Not consistently av,4,4,frozen scientific authorities / journal requirements,exact rendered token; core floats additionally regression-asserted,PASS
main manuscript, resection | Not consistently available | Not consistently available | GTR 26; NTR 13 | | Previous treatment | Not consistently available | Not consiste,26,26,frozen scientific authorities / journal requirements,exact rendered token; core floats additionally regression-asserted,PASS
main manuscript,on | Not consistently available | Not consistently available | GTR 26; NTR 13 | | Previous treatment | Not consistently available | Not consistently ava,13,13,frozen scientific authorities / journal requirements,exact rendered token; core floats additionally regression-asserted,PASS
main manuscript,s treatment | Not consistently available | Not consistently available | no 37; surgery + QT/RT 2 |  **Table 2. Prelocked confirmatory comparisons.** Pai,37,37,frozen scientific authorities / journal requirements,exact rendered token; core floats additionally regression-asserted,PASS
main manuscript,nsistently available | Not consistently available | no 37; surgery + QT/RT 2 |  **Table 2. Prelocked confirmatory comparisons.** Paired two-sided Wilco,2,2,frozen scientific authorities / journal requirements,exact rendered token; core floats additionally regression-asserted,PASS
main manuscript,ailable | Not consistently available | no 37; surgery + QT/RT 2 |  **Table 2. Prelocked confirmatory comparisons.** Paired two-sided Wilcoxon tests wit,2,2,frozen scientific authorities / journal requirements,exact rendered token; core floats additionally regression-asserted,PASS
main manuscript,parison | n | Mean difference | Median difference | Wins / ties / losses | 95% bootstrap CI | Two-sided Wilcoxon P | Holm P | Cohen dz | Rank-biserial |,95,95,frozen scientific authorities / journal requirements,exact rendered token; core floats additionally regression-asserted,PASS
main manuscript,--- | --- | --- | --- | --- | | Independent internal | Full PCC vs Fixed | 113 | 0.205 | 0.212 | 113 / 0 / 0 | 0.191 to 0.218 | 2.803e-20 | 5.606e-20 | 2,113,113,frozen scientific authorities / journal requirements,exact rendered token; core floats additionally regression-asserted,PASS
main manuscript,--- | --- | --- | --- | | Independent internal | Full PCC vs Fixed | 113 | 0.205 | 0.212 | 113 / 0 / 0 | 0.191 to 0.218 | 2.803e-20 | 5.606e-20 | 2.746 | 1,0.205,0.205,frozen scientific authorities / journal requirements,exact rendered token; core floats additionally regression-asserted,PASS
main manuscript,- | --- | --- | | Independent internal | Full PCC vs Fixed | 113 | 0.205 | 0.212 | 113 / 0 / 0 | 0.191 to 0.218 | 2.803e-20 | 5.606e-20 | 2.746 | 1.000 | |,0.212,0.212,frozen scientific authorities / journal requirements,exact rendered token; core floats additionally regression-asserted,PASS
main manuscript,| --- | | Independent internal | Full PCC vs Fixed | 113 | 0.205 | 0.212 | 113 / 0 / 0 | 0.191 to 0.218 | 2.803e-20 | 5.606e-20 | 2.746 | 1.000 | | Indep,113,113,frozen scientific authorities / journal requirements,exact rendered token; core floats additionally regression-asserted,PASS
main manuscript,| | Independent internal | Full PCC vs Fixed | 113 | 0.205 | 0.212 | 113 / 0 / 0 | 0.191 to 0.218 | 2.803e-20 | 5.606e-20 | 2.746 | 1.000 | | Independe,0,0,frozen scientific authorities / journal requirements,exact rendered token; core floats additionally regression-asserted,PASS
main manuscript,Independent internal | Full PCC vs Fixed | 113 | 0.205 | 0.212 | 113 / 0 / 0 | 0.191 to 0.218 | 2.803e-20 | 5.606e-20 | 2.746 | 1.000 | | Independent i,0,0,frozen scientific authorities / journal requirements,exact rendered token; core floats additionally regression-asserted,PASS
main manuscript,pendent internal | Full PCC vs Fixed | 113 | 0.205 | 0.212 | 113 / 0 / 0 | 0.191 to 0.218 | 2.803e-20 | 5.606e-20 | 2.746 | 1.000 | | Independent internal ,0.191,0.191,frozen scientific authorities / journal requirements,exact rendered token; core floats additionally regression-asserted,PASS
main manuscript,nternal | Full PCC vs Fixed | 113 | 0.205 | 0.212 | 113 / 0 / 0 | 0.191 to 0.218 | 2.803e-20 | 5.606e-20 | 2.746 | 1.000 | | Independent internal | No-smoo,0.218,0.218,frozen scientific authorities / journal requirements,exact rendered token; core floats additionally regression-asserted,PASS
main manuscript,| Full PCC vs Fixed | 113 | 0.205 | 0.212 | 113 / 0 / 0 | 0.191 to 0.218 | 2.803e-20 | 5.606e-20 | 2.746 | 1.000 | | Independent internal | No-smoothing PCC vs,2.803e-20,2.803e-20,frozen scientific authorities / journal requirements,exact rendered token; core floats additionally regression-asserted,PASS
main manuscript,s Fixed | 113 | 0.205 | 0.212 | 113 / 0 / 0 | 0.191 to 0.218 | 2.803e-20 | 5.606e-20 | 2.746 | 1.000 | | Independent internal | No-smoothing PCC vs Full PCC | ,5.606e-20,5.606e-20,frozen scientific authorities / journal requirements,exact rendered token; core floats additionally regression-asserted,PASS
main manuscript,3 | 0.205 | 0.212 | 113 / 0 / 0 | 0.191 to 0.218 | 2.803e-20 | 5.606e-20 | 2.746 | 1.000 | | Independent internal | No-smoothing PCC vs Full PCC | 113 | 0.,2.746,2.746,frozen scientific authorities / journal requirements,exact rendered token; core floats additionally regression-asserted,PASS
main manuscript,5 | 0.212 | 113 / 0 / 0 | 0.191 to 0.218 | 2.803e-20 | 5.606e-20 | 2.746 | 1.000 | | Independent internal | No-smoothing PCC vs Full PCC | 113 | 0.193 | 0.,1.000,1.000,frozen scientific authorities / journal requirements,exact rendered token; core floats additionally regression-asserted,PASS
main manuscript, | 2.746 | 1.000 | | Independent internal | No-smoothing PCC vs Full PCC | 113 | 0.193 | 0.189 | 113 / 0 / 0 | 0.174 to 0.213 | 2.803e-20 | 5.606e-20 | 1,113,113,frozen scientific authorities / journal requirements,exact rendered token; core floats additionally regression-asserted,PASS
main manuscript,46 | 1.000 | | Independent internal | No-smoothing PCC vs Full PCC | 113 | 0.193 | 0.189 | 113 / 0 / 0 | 0.174 to 0.213 | 2.803e-20 | 5.606e-20 | 1.797 | 1,0.193,0.193,frozen scientific authorities / journal requirements,exact rendered token; core floats additionally regression-asserted,PASS
main manuscript,00 | | Independent internal | No-smoothing PCC vs Full PCC | 113 | 0.193 | 0.189 | 113 / 0 / 0 | 0.174 to 0.213 | 2.803e-20 | 5.606e-20 | 1.797 | 1.000 | |,0.189,0.189,frozen scientific authorities / journal requirements,exact rendered token; core floats additionally regression-asserted,PASS
main manuscript,ndependent internal | No-smoothing PCC vs Full PCC | 113 | 0.193 | 0.189 | 113 / 0 / 0 | 0.174 to 0.213 | 2.803e-20 | 5.606e-20 | 1.797 | 1.000 | | RHUH ,113,113,frozen scientific authorities / journal requirements,exact rendered token; core floats additionally regression-asserted,PASS
main manuscript,dent internal | No-smoothing PCC vs Full PCC | 113 | 0.193 | 0.189 | 113 / 0 / 0 | 0.174 to 0.213 | 2.803e-20 | 5.606e-20 | 1.797 | 1.000 | | RHUH exte,0,0,frozen scientific authorities / journal requirements,exact rendered token; core floats additionally regression-asserted,PASS
main manuscript, internal | No-smoothing PCC vs Full PCC | 113 | 0.193 | 0.189 | 113 / 0 / 0 | 0.174 to 0.213 | 2.803e-20 | 5.606e-20 | 1.797 | 1.000 | | RHUH external,0,0,frozen scientific authorities / journal requirements,exact rendered token; core floats additionally regression-asserted,PASS
main manuscript,ernal | No-smoothing PCC vs Full PCC | 113 | 0.193 | 0.189 | 113 / 0 / 0 | 0.174 to 0.213 | 2.803e-20 | 5.606e-20 | 1.797 | 1.000 | | RHUH external | Full ,0.174,0.174,frozen scientific authorities / journal requirements,exact rendered token; core floats additionally regression-asserted,PASS
main manuscript,o-smoothing PCC vs Full PCC | 113 | 0.193 | 0.189 | 113 / 0 / 0 | 0.174 to 0.213 | 2.803e-20 | 5.606e-20 | 1.797 | 1.000 | | RHUH external | Full PCC vs Fi,0.213,0.213,frozen scientific authorities / journal requirements,exact rendered token; core floats additionally regression-asserted,PASS
main manuscript,ing PCC vs Full PCC | 113 | 0.193 | 0.189 | 113 / 0 / 0 | 0.174 to 0.213 | 2.803e-20 | 5.606e-20 | 1.797 | 1.000 | | RHUH external | Full PCC vs Fixed | 39 | 0,2.803e-20,2.803e-20,frozen scientific authorities / journal requirements,exact rendered token; core floats additionally regression-asserted,PASS
main manuscript,ull PCC | 113 | 0.193 | 0.189 | 113 / 0 / 0 | 0.174 to 0.213 | 2.803e-20 | 5.606e-20 | 1.797 | 1.000 | | RHUH external | Full PCC vs Fixed | 39 | 0.176 | 0.185,5.606e-20,5.606e-20,frozen scientific authorities / journal requirements,exact rendered token; core floats additionally regression-asserted,PASS
main manuscript,3 | 0.193 | 0.189 | 113 / 0 / 0 | 0.174 to 0.213 | 2.803e-20 | 5.606e-20 | 1.797 | 1.000 | | RHUH external | Full PCC vs Fixed | 39 | 0.176 | 0.185 | 39 / ,1.797,1.797,frozen scientific authorities / journal requirements,exact rendered token; core floats additionally regression-asserted,PASS
main manuscript,3 | 0.189 | 113 / 0 / 0 | 0.174 to 0.213 | 2.803e-20 | 5.606e-20 | 1.797 | 1.000 | | RHUH external | Full PCC vs Fixed | 39 | 0.176 | 0.185 | 39 / 0 / 0 | ,1.000,1.000,frozen scientific authorities / journal requirements,exact rendered token; core floats additionally regression-asserted,PASS
main manuscript,03e-20 | 5.606e-20 | 1.797 | 1.000 | | RHUH external | Full PCC vs Fixed | 39 | 0.176 | 0.185 | 39 / 0 / 0 | 0.151 to 0.199 | 3.638e-12 | 7.276e-12 | 2.,39,39,frozen scientific authorities / journal requirements,exact rendered token; core floats additionally regression-asserted,PASS
main manuscript,0 | 5.606e-20 | 1.797 | 1.000 | | RHUH external | Full PCC vs Fixed | 39 | 0.176 | 0.185 | 39 / 0 / 0 | 0.151 to 0.199 | 3.638e-12 | 7.276e-12 | 2.236 | 1.,0.176,0.176,frozen scientific authorities / journal requirements,exact rendered token; core floats additionally regression-asserted,PASS
main manuscript,6e-20 | 1.797 | 1.000 | | RHUH external | Full PCC vs Fixed | 39 | 0.176 | 0.185 | 39 / 0 / 0 | 0.151 to 0.199 | 3.638e-12 | 7.276e-12 | 2.236 | 1.000 | | ,0.185,0.185,frozen scientific authorities / journal requirements,exact rendered token; core floats additionally regression-asserted,PASS
main manuscript,1.797 | 1.000 | | RHUH external | Full PCC vs Fixed | 39 | 0.176 | 0.185 | 39 / 0 / 0 | 0.151 to 0.199 | 3.638e-12 | 7.276e-12 | 2.236 | 1.000 | | RHUH ,39,39,frozen scientific authorities / journal requirements,exact rendered token; core floats additionally regression-asserted,PASS
main manuscript, | 1.000 | | RHUH external | Full PCC vs Fixed | 39 | 0.176 | 0.185 | 39 / 0 / 0 | 0.151 to 0.199 | 3.638e-12 | 7.276e-12 | 2.236 | 1.000 | | RHUH exte,0,0,frozen scientific authorities / journal requirements,exact rendered token; core floats additionally regression-asserted,PASS
main manuscript,.000 | | RHUH external | Full PCC vs Fixed | 39 | 0.176 | 0.185 | 39 / 0 / 0 | 0.151 to 0.199 | 3.638e-12 | 7.276e-12 | 2.236 | 1.000 | | RHUH external,0,0,frozen scientific authorities / journal requirements,exact rendered token; core floats additionally regression-asserted,PASS
main manuscript, | | RHUH external | Full PCC vs Fixed | 39 | 0.176 | 0.185 | 39 / 0 / 0 | 0.151 to 0.199 | 3.638e-12 | 7.276e-12 | 2.236 | 1.000 | | RHUH external | No-sm,0.151,0.151,frozen scientific authorities / journal requirements,exact rendered token; core floats additionally regression-asserted,PASS
main manuscript, external | Full PCC vs Fixed | 39 | 0.176 | 0.185 | 39 / 0 / 0 | 0.151 to 0.199 | 3.638e-12 | 7.276e-12 | 2.236 | 1.000 | | RHUH external | No-smoothing P,0.199,0.199,frozen scientific authorities / journal requirements,exact rendered token; core floats additionally regression-asserted,PASS
main manuscript,l | Full PCC vs Fixed | 39 | 0.176 | 0.185 | 39 / 0 / 0 | 0.151 to 0.199 | 3.638e-12 | 7.276e-12 | 2.236 | 1.000 | | RHUH external | No-smoothing PCC vs Full P,3.638e-12,3.638e-12,frozen scientific authorities / journal requirements,exact rendered token; core floats additionally regression-asserted,PASS
main manuscript, vs Fixed | 39 | 0.176 | 0.185 | 39 / 0 / 0 | 0.151 to 0.199 | 3.638e-12 | 7.276e-12 | 2.236 | 1.000 | | RHUH external | No-smoothing PCC vs Full PCC | 39 | 0.,7.276e-12,7.276e-12,frozen scientific authorities / journal requirements,exact rendered token; core floats additionally regression-asserted,PASS
main manuscript,39 | 0.176 | 0.185 | 39 / 0 / 0 | 0.151 to 0.199 | 3.638e-12 | 7.276e-12 | 2.236 | 1.000 | | RHUH external | No-smoothing PCC vs Full PCC | 39 | 0.086 | 0.,2.236,2.236,frozen scientific authorities / journal requirements,exact rendered token; core floats additionally regression-asserted,PASS
main manuscript,76 | 0.185 | 39 / 0 / 0 | 0.151 to 0.199 | 3.638e-12 | 7.276e-12 | 2.236 | 1.000 | | RHUH external | No-smoothing PCC vs Full PCC | 39 | 0.086 | 0.088 | 38,1.000,1.000,frozen scientific authorities / journal requirements,exact rendered token; core floats additionally regression-asserted,PASS
main manuscript,276e-12 | 2.236 | 1.000 | | RHUH external | No-smoothing PCC vs Full PCC | 39 | 0.086 | 0.088 | 38 / 0 / 1 | 0.072 to 0.101 | 7.276e-12 | 7.276e-12 | 1.,39,39,frozen scientific authorities / journal requirements,exact rendered token; core floats additionally regression-asserted,PASS
main manuscript,12 | 2.236 | 1.000 | | RHUH external | No-smoothing PCC vs Full PCC | 39 | 0.086 | 0.088 | 38 / 0 / 1 | 0.072 to 0.101 | 7.276e-12 | 7.276e-12 | 1.807 | 0.,0.086,0.086,frozen scientific authorities / journal requirements,exact rendered token; core floats additionally regression-asserted,PASS
main manuscript,36 | 1.000 | | RHUH external | No-smoothing PCC vs Full PCC | 39 | 0.086 | 0.088 | 38 / 0 / 1 | 0.072 to 0.101 | 7.276e-12 | 7.276e-12 | 1.807 | 0.997 |  *,0.088,0.088,frozen scientific authorities / journal requirements,exact rendered token; core floats additionally regression-asserted,PASS
main manuscript,00 | | RHUH external | No-smoothing PCC vs Full PCC | 39 | 0.086 | 0.088 | 38 / 0 / 1 | 0.072 to 0.101 | 7.276e-12 | 7.276e-12 | 1.807 | 0.997 |  **Tabl,38,38,frozen scientific authorities / journal requirements,exact rendered token; core floats additionally regression-asserted,PASS
main manuscript,| RHUH external | No-smoothing PCC vs Full PCC | 39 | 0.086 | 0.088 | 38 / 0 / 1 | 0.072 to 0.101 | 7.276e-12 | 7.276e-12 | 1.807 | 0.997 |  **Table 3.,0,0,frozen scientific authorities / journal requirements,exact rendered token; core floats additionally regression-asserted,PASS
main manuscript,UH external | No-smoothing PCC vs Full PCC | 39 | 0.086 | 0.088 | 38 / 0 / 1 | 0.072 to 0.101 | 7.276e-12 | 7.276e-12 | 1.807 | 0.997 |  **Table 3. Des,1,1,frozen scientific authorities / journal requirements,exact rendered token; core floats additionally regression-asserted,PASS
main manuscript,xternal | No-smoothing PCC vs Full PCC | 39 | 0.086 | 0.088 | 38 / 0 / 1 | 0.072 to 0.101 | 7.276e-12 | 7.276e-12 | 1.807 | 0.997 |  **Table 3. Descriptive,0.072,0.072,frozen scientific authorities / journal requirements,exact rendered token; core floats additionally regression-asserted,PASS
main manuscript, No-smoothing PCC vs Full PCC | 39 | 0.086 | 0.088 | 38 / 0 / 1 | 0.072 to 0.101 | 7.276e-12 | 7.276e-12 | 1.807 | 0.997 |  **Table 3. Descriptive performa,0.101,0.101,frozen scientific authorities / journal requirements,exact rendered token; core floats additionally regression-asserted,PASS
main manuscript,thing PCC vs Full PCC | 39 | 0.086 | 0.088 | 38 / 0 / 1 | 0.072 to 0.101 | 7.276e-12 | 7.276e-12 | 1.807 | 0.997 |  **Table 3. Descriptive performance of retro,7.276e-12,7.276e-12,frozen scientific authorities / journal requirements,exact rendered token; core floats additionally regression-asserted,PASS
main manuscript, Full PCC | 39 | 0.086 | 0.088 | 38 / 0 / 1 | 0.072 to 0.101 | 7.276e-12 | 7.276e-12 | 1.807 | 0.997 |  **Table 3. Descriptive performance of retrospective tar,7.276e-12,7.276e-12,frozen scientific authorities / journal requirements,exact rendered token; core floats additionally regression-asserted,PASS
main manuscript,39 | 0.086 | 0.088 | 38 / 0 / 1 | 0.072 to 0.101 | 7.276e-12 | 7.276e-12 | 1.807 | 0.997 |  **Table 3. Descriptive performance of retrospective target-acce,1.807,1.807,frozen scientific authorities / journal requirements,exact rendered token; core floats additionally regression-asserted,PASS
main manuscript,86 | 0.088 | 38 / 0 / 1 | 0.072 to 0.101 | 7.276e-12 | 7.276e-12 | 1.807 | 0.997 |  **Table 3. Descriptive performance of retrospective target-access compa,0.997,0.997,frozen scientific authorities / journal requirements,exact rendered token; core floats additionally regression-asserted,PASS
main manuscript, 0 / 1 | 0.072 to 0.101 | 7.276e-12 | 7.276e-12 | 1.807 | 0.997 |  **Table 3. Descriptive performance of retrospective target-access comparators.** Tar,3,3,frozen scientific authorities / journal requirements,exact rendered token; core floats additionally regression-asserted,PASS
main manuscript,ed information access | Iterative | Direct target blending | Internal Dice@0.5 | RHUH Dice@0.5 | Interpretation | | --- | --- | --- | --- | --- | --- | -,0.5,0.5,frozen scientific authorities / journal requirements,exact rendered token; core floats additionally regression-asserted,PASS
main manuscript,ccess | Iterative | Direct target blending | Internal Dice@0.5 | RHUH Dice@0.5 | Interpretation | | --- | --- | --- | --- | --- | --- | --- | | Fixed | N,0.5,0.5,frozen scientific authorities / journal requirements,exact rendered token; core floats additionally regression-asserted,PASS
main manuscript,ion | | --- | --- | --- | --- | --- | --- | --- | | Fixed | No | No | No | 0.239 | 0.190 | Frozen future-blind P0 | | Naive | No | No | No | 0.239 | 0.190 ,0.239,0.239,frozen scientific authorities / journal requirements,exact rendered token; core floats additionally regression-asserted,PASS
main manuscript,--- | --- | --- | --- | --- | --- | --- | | Fixed | No | No | No | 0.239 | 0.190 | Frozen future-blind P0 | | Naive | No | No | No | 0.239 | 0.190 | Target,0.190,0.190,frozen scientific authorities / journal requirements,exact rendered token; core floats additionally regression-asserted,PASS
main manuscript,o | No | 0.239 | 0.190 | Frozen future-blind P0 | | Naive | No | No | No | 0.239 | 0.190 | Target-free logit sharpening | | EIA-linear | Yes | No | No | 0.,0.239,0.239,frozen scientific authorities / journal requirements,exact rendered token; core floats additionally regression-asserted,PASS
main manuscript, 0.239 | 0.190 | Frozen future-blind P0 | | Naive | No | No | No | 0.239 | 0.190 | Target-free logit sharpening | | EIA-linear | Yes | No | No | 0.296 | 0.,0.190,0.190,frozen scientific authorities / journal requirements,exact rendered token; core floats additionally regression-asserted,PASS
main manuscript,39 | 0.190 | Target-free logit sharpening | | EIA-linear | Yes | No | No | 0.296 | 0.246 | One-step target-access correction | | EIA-blend-0.90 | Yes | No ,0.296,0.296,frozen scientific authorities / journal requirements,exact rendered token; core floats additionally regression-asserted,PASS
main manuscript,90 | Target-free logit sharpening | | EIA-linear | Yes | No | No | 0.296 | 0.246 | One-step target-access correction | | EIA-blend-0.90 | Yes | No | Yes | ,0.246,0.246,frozen scientific authorities / journal requirements,exact rendered token; core floats additionally regression-asserted,PASS
main manuscript, No | No | 0.296 | 0.246 | One-step target-access correction | | EIA-blend-0.90 | Yes | No | Yes | 0.259 | 0.206 | Direct 10% target-signal blend | | EIA-,0.90,0.90,frozen scientific authorities / journal requirements,exact rendered token; core floats additionally regression-asserted,PASS
main manuscript, | One-step target-access correction | | EIA-blend-0.90 | Yes | No | Yes | 0.259 | 0.206 | Direct 10% target-signal blend | | EIA-blend-0.75 | Yes | No | Y,0.259,0.259,frozen scientific authorities / journal requirements,exact rendered token; core floats additionally regression-asserted,PASS
main manuscript,tep target-access correction | | EIA-blend-0.90 | Yes | No | Yes | 0.259 | 0.206 | Direct 10% target-signal blend | | EIA-blend-0.75 | Yes | No | Yes | 0.3,0.206,0.206,frozen scientific authorities / journal requirements,exact rendered token; core floats additionally regression-asserted,PASS
main manuscript,ss correction | | EIA-blend-0.90 | Yes | No | Yes | 0.259 | 0.206 | Direct 10% target-signal blend | | EIA-blend-0.75 | Yes | No | Yes | 0.317 | 0.248 |,10,10,frozen scientific authorities / journal requirements,exact rendered token; core floats additionally regression-asserted,PASS
main manuscript, | No | Yes | 0.259 | 0.206 | Direct 10% target-signal blend | | EIA-blend-0.75 | Yes | No | Yes | 0.317 | 0.248 | Direct 25% target-signal blend | | Full,0.75,0.75,frozen scientific authorities / journal requirements,exact rendered token; core floats additionally regression-asserted,PASS
main manuscript,206 | Direct 10% target-signal blend | | EIA-blend-0.75 | Yes | No | Yes | 0.317 | 0.248 | Direct 25% target-signal blend | | Full PCC | Yes | Yes | No | 0,0.317,0.317,frozen scientific authorities / journal requirements,exact rendered token; core floats additionally regression-asserted,PASS
main manuscript,rect 10% target-signal blend | | EIA-blend-0.75 | Yes | No | Yes | 0.317 | 0.248 | Direct 25% target-signal blend | | Full PCC | Yes | Yes | No | 0.444 | 0,0.248,0.248,frozen scientific authorities / journal requirements,exact rendered token; core floats additionally regression-asserted,PASS
main manuscript,-signal blend | | EIA-blend-0.75 | Yes | No | Yes | 0.317 | 0.248 | Direct 25% target-signal blend | | Full PCC | Yes | Yes | No | 0.444 | 0.365 | Canon,25,25,frozen scientific authorities / journal requirements,exact rendered token; core floats additionally regression-asserted,PASS
main manuscript,7 | 0.248 | Direct 25% target-signal blend | | Full PCC | Yes | Yes | No | 0.444 | 0.365 | Canonical target-conditioned PCC | | No-smoothing PCC | Yes | Ye,0.444,0.444,frozen scientific authorities / journal requirements,exact rendered token; core floats additionally regression-asserted,PASS
main manuscript,8 | Direct 25% target-signal blend | | Full PCC | Yes | Yes | No | 0.444 | 0.365 | Canonical target-conditioned PCC | | No-smoothing PCC | Yes | Yes | No |,0.365,0.365,frozen scientific authorities / journal requirements,exact rendered token; core floats additionally regression-asserted,PASS
main manuscript,| Canonical target-conditioned PCC | | No-smoothing PCC | Yes | Yes | No | 0.637 | 0.451 | Prelocked candidate; no discrepancy smoothing |,0.637,0.637,frozen scientific authorities / journal requirements,exact rendered token; core floats additionally regression-asserted,PASS
main manuscript,cal target-conditioned PCC | | No-smoothing PCC | Yes | Yes | No | 0.637 | 0.451 | Prelocked candidate; no discrepancy smoothing |,0.451,0.451,frozen scientific authorities / journal requirements,exact rendered token; core floats additionally regression-asserted,PASS
TABLES_V2_1/Supplementary_Table_S1.csv,"Characteristic,Development 40,Independent internal 113,RHUH external 39 Source patients / pre-outcome ex",40,40,source authority recorded by deterministic builder,exact rendered token; core floats additionally regression-asserted,PASS
TABLES_V2_1/Supplementary_Table_S1.csv,"Characteristic,Development 40,Independent internal 113,RHUH external 39 Source patients / pre-outcome excluded / analysed,40 / 0 ",113,113,source authority recorded by deterministic builder,exact rendered token; core floats additionally regression-asserted,PASS
TABLES_V2_1/Supplementary_Table_S1.csv,"Characteristic,Development 40,Independent internal 113,RHUH external 39 Source patients / pre-outcome excluded / analysed,40 / 0 / 40,115 / 2 / 11",39,39,source authority recorded by deterministic builder,exact rendered token; core floats additionally regression-asserted,PASS
TABLES_V2_1/Supplementary_Table_S1.csv,"nal 113,RHUH external 39 Source patients / pre-outcome excluded / analysed,40 / 0 / 40,115 / 2 / 113,40 / 1 / 39 ""Age, years, median (IQR)"",57.5 (53.0–6",40,40,source authority recorded by deterministic builder,exact rendered token; core floats additionally regression-asserted,PASS
TABLES_V2_1/Supplementary_Table_S1.csv,"13,RHUH external 39 Source patients / pre-outcome excluded / analysed,40 / 0 / 40,115 / 2 / 113,40 / 1 / 39 ""Age, years, median (IQR)"",57.5 (53.0–65.0)",0,0,source authority recorded by deterministic builder,exact rendered token; core floats additionally regression-asserted,PASS
TABLES_V2_1/Supplementary_Table_S1.csv,"HUH external 39 Source patients / pre-outcome excluded / analysed,40 / 0 / 40,115 / 2 / 113,40 / 1 / 39 ""Age, years, median (IQR)"",57.5 (53.0–65.0); n=4",40,40,source authority recorded by deterministic builder,exact rendered token; core floats additionally regression-asserted,PASS
TABLES_V2_1/Supplementary_Table_S1.csv," external 39 Source patients / pre-outcome excluded / analysed,40 / 0 / 40,115 / 2 / 113,40 / 1 / 39 ""Age, years, median (IQR)"",57.5 (53.0–65.0); n=40,60",115,115,source authority recorded by deterministic builder,exact rendered token; core floats additionally regression-asserted,PASS
TABLES_V2_1/Supplementary_Table_S1.csv,"nal 39 Source patients / pre-outcome excluded / analysed,40 / 0 / 40,115 / 2 / 113,40 / 1 / 39 ""Age, years, median (IQR)"",57.5 (53.0–65.0); n=40,60.0 (",2,2,source authority recorded by deterministic builder,exact rendered token; core floats additionally regression-asserted,PASS
TABLES_V2_1/Supplementary_Table_S1.csv,"39 Source patients / pre-outcome excluded / analysed,40 / 0 / 40,115 / 2 / 113,40 / 1 / 39 ""Age, years, median (IQR)"",57.5 (53.0–65.0); n=40,60.0 (43.0–6",113,113,source authority recorded by deterministic builder,exact rendered token; core floats additionally regression-asserted,PASS
TABLES_V2_1/Supplementary_Table_S1.csv,"ource patients / pre-outcome excluded / analysed,40 / 0 / 40,115 / 2 / 113,40 / 1 / 39 ""Age, years, median (IQR)"",57.5 (53.0–65.0); n=40,60.0 (43.0–69.0",40,40,source authority recorded by deterministic builder,exact rendered token; core floats additionally regression-asserted,PASS
TABLES_V2_1/Supplementary_Table_S1.csv," patients / pre-outcome excluded / analysed,40 / 0 / 40,115 / 2 / 113,40 / 1 / 39 ""Age, years, median (IQR)"",57.5 (53.0–65.0); n=40,60.0 (43.0–69.0); n",1,1,source authority recorded by deterministic builder,exact rendered token; core floats additionally regression-asserted,PASS
TABLES_V2_1/Supplementary_Table_S1.csv,"ients / pre-outcome excluded / analysed,40 / 0 / 40,115 / 2 / 113,40 / 1 / 39 ""Age, years, median (IQR)"",57.5 (53.0–65.0); n=40,60.0 (43.0–69.0); n=113,",39,39,source authority recorded by deterministic builder,exact rendered token; core floats additionally regression-asserted,PASS
TABLES_V2_1/Supplementary_Table_S1.csv," analysed,40 / 0 / 40,115 / 2 / 113,40 / 1 / 39 ""Age, years, median (IQR)"",57.5 (53.0–65.0); n=40,60.0 (43.0–69.0); n=113,64.0 (55.0–69.5); n=39 ""Sex, fem",57.5,57.5,source authority recorded by deterministic builder,exact rendered token; core floats additionally regression-asserted,PASS
TABLES_V2_1/Supplementary_Table_S1.csv,"sed,40 / 0 / 40,115 / 2 / 113,40 / 1 / 39 ""Age, years, median (IQR)"",57.5 (53.0–65.0); n=40,60.0 (43.0–69.0); n=113,64.0 (55.0–69.5); n=39 ""Sex, female / ",53.0,53.0,source authority recorded by deterministic builder,exact rendered token; core floats additionally regression-asserted,PASS
TABLES_V2_1/Supplementary_Table_S1.csv,"0 / 0 / 40,115 / 2 / 113,40 / 1 / 39 ""Age, years, median (IQR)"",57.5 (53.0–65.0); n=40,60.0 (43.0–69.0); n=113,64.0 (55.0–69.5); n=39 ""Sex, female / male""",65.0,65.0,source authority recorded by deterministic builder,exact rendered token; core floats additionally regression-asserted,PASS
TABLES_V2_1/Supplementary_Table_S1.csv,"0,115 / 2 / 113,40 / 1 / 39 ""Age, years, median (IQR)"",57.5 (53.0–65.0); n=40,60.0 (43.0–69.0); n=113,64.0 (55.0–69.5); n=39 ""Sex, female / male"",17 / 2",40,40,source authority recorded by deterministic builder,exact rendered token; core floats additionally regression-asserted,PASS
TABLES_V2_1/Supplementary_Table_S1.csv,"15 / 2 / 113,40 / 1 / 39 ""Age, years, median (IQR)"",57.5 (53.0–65.0); n=40,60.0 (43.0–69.0); n=113,64.0 (55.0–69.5); n=39 ""Sex, female / male"",17 / 23,47 ",60.0,60.0,source authority recorded by deterministic builder,exact rendered token; core floats additionally regression-asserted,PASS
TABLES_V2_1/Supplementary_Table_S1.csv," / 113,40 / 1 / 39 ""Age, years, median (IQR)"",57.5 (53.0–65.0); n=40,60.0 (43.0–69.0); n=113,64.0 (55.0–69.5); n=39 ""Sex, female / male"",17 / 23,47 / 66,1",43.0,43.0,source authority recorded by deterministic builder,exact rendered token; core floats additionally regression-asserted,PASS
TABLES_V2_1/Supplementary_Table_S1.csv,"3,40 / 1 / 39 ""Age, years, median (IQR)"",57.5 (53.0–65.0); n=40,60.0 (43.0–69.0); n=113,64.0 (55.0–69.5); n=39 ""Sex, female / male"",17 / 23,47 / 66,12 / 2",69.0,69.0,source authority recorded by deterministic builder,exact rendered token; core floats additionally regression-asserted,PASS
TABLES_V2_1/Supplementary_Table_S1.csv,"/ 39 ""Age, years, median (IQR)"",57.5 (53.0–65.0); n=40,60.0 (43.0–69.0); n=113,64.0 (55.0–69.5); n=39 ""Sex, female / male"",17 / 23,47 / 66,12 / 27 ""Curre",113,113,source authority recorded by deterministic builder,exact rendered token; core floats additionally regression-asserted,PASS
TABLES_V2_1/Supplementary_Table_S1.csv," ""Age, years, median (IQR)"",57.5 (53.0–65.0); n=40,60.0 (43.0–69.0); n=113,64.0 (55.0–69.5); n=39 ""Sex, female / male"",17 / 23,47 / 66,12 / 27 ""Current-to",64.0,64.0,source authority recorded by deterministic builder,exact rendered token; core floats additionally regression-asserted,PASS
TABLES_V2_1/Supplementary_Table_S1.csv," years, median (IQR)"",57.5 (53.0–65.0); n=40,60.0 (43.0–69.0); n=113,64.0 (55.0–69.5); n=39 ""Sex, female / male"",17 / 23,47 / 66,12 / 27 ""Current-to-futur",55.0,55.0,source authority recorded by deterministic builder,exact rendered token; core floats additionally regression-asserted,PASS
TABLES_V2_1/Supplementary_Table_S1.csv,"s, median (IQR)"",57.5 (53.0–65.0); n=40,60.0 (43.0–69.0); n=113,64.0 (55.0–69.5); n=39 ""Sex, female / male"",17 / 23,47 / 66,12 / 27 ""Current-to-future int",69.5,69.5,source authority recorded by deterministic builder,exact rendered token; core floats additionally regression-asserted,PASS
TABLES_V2_1/Supplementary_Table_S1.csv," (IQR)"",57.5 (53.0–65.0); n=40,60.0 (43.0–69.0); n=113,64.0 (55.0–69.5); n=39 ""Sex, female / male"",17 / 23,47 / 66,12 / 27 ""Current-to-future interval, ",39,39,source authority recorded by deterministic builder,exact rendered token; core floats additionally regression-asserted,PASS
TABLES_V2_1/Supplementary_Table_S1.csv,"; n=40,60.0 (43.0–69.0); n=113,64.0 (55.0–69.5); n=39 ""Sex, female / male"",17 / 23,47 / 66,12 / 27 ""Current-to-future interval, days, median (IQR)"",78.0",17,17,source authority recorded by deterministic builder,exact rendered token; core floats additionally regression-asserted,PASS
TABLES_V2_1/Supplementary_Table_S1.csv,"0,60.0 (43.0–69.0); n=113,64.0 (55.0–69.5); n=39 ""Sex, female / male"",17 / 23,47 / 66,12 / 27 ""Current-to-future interval, days, median (IQR)"",78.0 (64.",23,23,source authority recorded by deterministic builder,exact rendered token; core floats additionally regression-asserted,PASS
TABLES_V2_1/Supplementary_Table_S1.csv,"0.0 (43.0–69.0); n=113,64.0 (55.0–69.5); n=39 ""Sex, female / male"",17 / 23,47 / 66,12 / 27 ""Current-to-future interval, days, median (IQR)"",78.0 (64.0–1",47,47,source authority recorded by deterministic builder,exact rendered token; core floats additionally regression-asserted,PASS
TABLES_V2_1/Supplementary_Table_S1.csv,"43.0–69.0); n=113,64.0 (55.0–69.5); n=39 ""Sex, female / male"",17 / 23,47 / 66,12 / 27 ""Current-to-future interval, days, median (IQR)"",78.0 (64.0–108.0)",66,66,source authority recorded by deterministic builder,exact rendered token; core floats additionally regression-asserted,PASS
TABLES_V2_1/Supplementary_Table_S1.csv,"0–69.0); n=113,64.0 (55.0–69.5); n=39 ""Sex, female / male"",17 / 23,47 / 66,12 / 27 ""Current-to-future interval, days, median (IQR)"",78.0 (64.0–108.0); n",12,12,source authority recorded by deterministic builder,exact rendered token; core floats additionally regression-asserted,PASS
TABLES_V2_1/Supplementary_Table_S1.csv,"0); n=113,64.0 (55.0–69.5); n=39 ""Sex, female / male"",17 / 23,47 / 66,12 / 27 ""Current-to-future interval, days, median (IQR)"",78.0 (64.0–108.0); n=39,6",27,27,source authority recorded by deterministic builder,exact rendered token; core floats additionally regression-asserted,PASS
TABLES_V2_1/Supplementary_Table_S1.csv,""",17 / 23,47 / 66,12 / 27 ""Current-to-future interval, days, median (IQR)"",78.0 (64.0–108.0); n=39,68.0 (39.5–103.0); n=111,Not consistently available in ",78.0,78.0,source authority recorded by deterministic builder,exact rendered token; core floats additionally regression-asserted,PASS
TABLES_V2_1/Supplementary_Table_S1.csv," 23,47 / 66,12 / 27 ""Current-to-future interval, days, median (IQR)"",78.0 (64.0–108.0); n=39,68.0 (39.5–103.0); n=111,Not consistently available in linked",64.0,64.0,source authority recorded by deterministic builder,exact rendered token; core floats additionally regression-asserted,PASS
TABLES_V2_1/Supplementary_Table_S1.csv,"7 / 66,12 / 27 ""Current-to-future interval, days, median (IQR)"",78.0 (64.0–108.0); n=39,68.0 (39.5–103.0); n=111,Not consistently available in linked sourc",108.0,108.0,source authority recorded by deterministic builder,exact rendered token; core floats additionally regression-asserted,PASS
TABLES_V2_1/Supplementary_Table_S1.csv,"/ 27 ""Current-to-future interval, days, median (IQR)"",78.0 (64.0–108.0); n=39,68.0 (39.5–103.0); n=111,Not consistently available in linked source metad",39,39,source authority recorded by deterministic builder,exact rendered token; core floats additionally regression-asserted,PASS
TABLES_V2_1/Supplementary_Table_S1.csv,"7 ""Current-to-future interval, days, median (IQR)"",78.0 (64.0–108.0); n=39,68.0 (39.5–103.0); n=111,Not consistently available in linked source metadata D",68.0,68.0,source authority recorded by deterministic builder,exact rendered token; core floats additionally regression-asserted,PASS
TABLES_V2_1/Supplementary_Table_S1.csv,"rent-to-future interval, days, median (IQR)"",78.0 (64.0–108.0); n=39,68.0 (39.5–103.0); n=111,Not consistently available in linked source metadata Diagnos",39.5,39.5,source authority recorded by deterministic builder,exact rendered token; core floats additionally regression-asserted,PASS
TABLES_V2_1/Supplementary_Table_S1.csv,"to-future interval, days, median (IQR)"",78.0 (64.0–108.0); n=39,68.0 (39.5–103.0); n=111,Not consistently available in linked source metadata Diagnosis / g",103.0,103.0,source authority recorded by deterministic builder,exact rendered token; core floats additionally regression-asserted,PASS
TABLES_V2_1/Supplementary_Table_S1.csv,"interval, days, median (IQR)"",78.0 (64.0–108.0); n=39,68.0 (39.5–103.0); n=111,Not consistently available in linked source metadata Diagnosis / grade,GBM",111,111,source authority recorded by deterministic builder,exact rendered token; core floats additionally regression-asserted,PASS
TABLES_V2_1/Supplementary_Table_S1.csv,"istently available in linked source metadata Diagnosis / grade,GBM / grade 4: 40,GBM 74; astrocytoma 23; diffuse glioma 9; oligodendroglioma 4; pilocyt",4,4,source authority recorded by deterministic builder,exact rendered token; core floats additionally regression-asserted,PASS
TABLES_V2_1/Supplementary_Table_S1.csv,"ently available in linked source metadata Diagnosis / grade,GBM / grade 4: 40,GBM 74; astrocytoma 23; diffuse glioma 9; oligodendroglioma 4; pilocytic a",40,40,source authority recorded by deterministic builder,exact rendered token; core floats additionally regression-asserted,PASS
TABLES_V2_1/Supplementary_Table_S1.csv,"vailable in linked source metadata Diagnosis / grade,GBM / grade 4: 40,GBM 74; astrocytoma 23; diffuse glioma 9; oligodendroglioma 4; pilocytic astrocyt",74,74,source authority recorded by deterministic builder,exact rendered token; core floats additionally regression-asserted,PASS
TABLES_V2_1/Supplementary_Table_S1.csv,"ed source metadata Diagnosis / grade,GBM / grade 4: 40,GBM 74; astrocytoma 23; diffuse glioma 9; oligodendroglioma 4; pilocytic astrocytoma 2; glioma wi",23,23,source authority recorded by deterministic builder,exact rendered token; core floats additionally regression-asserted,PASS
TABLES_V2_1/Supplementary_Table_S1.csv,"Diagnosis / grade,GBM / grade 4: 40,GBM 74; astrocytoma 23; diffuse glioma 9; oligodendroglioma 4; pilocytic astrocytoma 2; glioma with GBM features 1,",9,9,source authority recorded by deterministic builder,exact rendered token; core floats additionally regression-asserted,PASS
TABLES_V2_1/Supplementary_Table_S1.csv," / grade 4: 40,GBM 74; astrocytoma 23; diffuse glioma 9; oligodendroglioma 4; pilocytic astrocytoma 2; glioma with GBM features 1,Glioblastoma / grade ",4,4,source authority recorded by deterministic builder,exact rendered token; core floats additionally regression-asserted,PASS
TABLES_V2_1/Supplementary_Table_S1.csv,"trocytoma 23; diffuse glioma 9; oligodendroglioma 4; pilocytic astrocytoma 2; glioma with GBM features 1,Glioblastoma / grade 4: 39 IDH status,Not cons",2,2,source authority recorded by deterministic builder,exact rendered token; core floats additionally regression-asserted,PASS
TABLES_V2_1/Supplementary_Table_S1.csv," 9; oligodendroglioma 4; pilocytic astrocytoma 2; glioma with GBM features 1,Glioblastoma / grade 4: 39 IDH status,Not consistently available,Not consi",1,1,source authority recorded by deterministic builder,exact rendered token; core floats additionally regression-asserted,PASS
TABLES_V2_1/Supplementary_Table_S1.csv,"; pilocytic astrocytoma 2; glioma with GBM features 1,Glioblastoma / grade 4: 39 IDH status,Not consistently available,Not consistently available,wt 35",4,4,source authority recorded by deterministic builder,exact rendered token; core floats additionally regression-asserted,PASS
TABLES_V2_1/Supplementary_Table_S1.csv,"ilocytic astrocytoma 2; glioma with GBM features 1,Glioblastoma / grade 4: 39 IDH status,Not consistently available,Not consistently available,wt 35; mu",39,39,source authority recorded by deterministic builder,exact rendered token; core floats additionally regression-asserted,PASS
TABLES_V2_1/Supplementary_Table_S1.csv," 4: 39 IDH status,Not consistently available,Not consistently available,wt 35; mut 4 Extent of resection,Not consistently available,Not consistently ava",35,35,source authority recorded by deterministic builder,exact rendered token; core floats additionally regression-asserted,PASS
TABLES_V2_1/Supplementary_Table_S1.csv,"DH status,Not consistently available,Not consistently available,wt 35; mut 4 Extent of resection,Not consistently available,Not consistently available,",4,4,source authority recorded by deterministic builder,exact rendered token; core floats additionally regression-asserted,PASS
TABLES_V2_1/Supplementary_Table_S1.csv,"ent of resection,Not consistently available,Not consistently available,GTR 26; NTR 13 Previous treatment,Not consistently available,Not consistently ava",26,26,source authority recorded by deterministic builder,exact rendered token; core floats additionally regression-asserted,PASS
TABLES_V2_1/Supplementary_Table_S1.csv,"esection,Not consistently available,Not consistently available,GTR 26; NTR 13 Previous treatment,Not consistently available,Not consistently available,n",13,13,source authority recorded by deterministic builder,exact rendered token; core floats additionally regression-asserted,PASS
TABLES_V2_1/Supplementary_Table_S1.csv,"revious treatment,Not consistently available,Not consistently available,no 37; surgery + QT/RT 2 ",37,37,source authority recorded by deterministic builder,exact rendered token; core floats additionally regression-asserted,PASS
TABLES_V2_1/Supplementary_Table_S1.csv,"t consistently available,Not consistently available,no 37; surgery + QT/RT 2 ",2,2,source authority recorded by deterministic builder,exact rendered token; core floats additionally regression-asserted,PASS
TABLES_V2_1/Supplementary_Table_S10.csv,"cohort,locked_denominator,analysed,scientific_failures Development,40,40,0 Independent internal,113,113,0 RHUH external,39,39,0 ",40,40,source authority recorded by deterministic builder,exact rendered token; core floats additionally regression-asserted,PASS
TABLES_V2_1/Supplementary_Table_S10.csv,"cohort,locked_denominator,analysed,scientific_failures Development,40,40,0 Independent internal,113,113,0 RHUH external,39,39,0 ",40,40,source authority recorded by deterministic builder,exact rendered token; core floats additionally regression-asserted,PASS
TABLES_V2_1/Supplementary_Table_S10.csv,"cohort,locked_denominator,analysed,scientific_failures Development,40,40,0 Independent internal,113,113,0 RHUH external,39,39,0 ",0,0,source authority recorded by deterministic builder,exact rendered token; core floats additionally regression-asserted,PASS
TABLES_V2_1/Supplementary_Table_S10.csv,"ator,analysed,scientific_failures Development,40,40,0 Independent internal,113,113,0 RHUH external,39,39,0 ",113,113,source authority recorded by deterministic builder,exact rendered token; core floats additionally regression-asserted,PASS
TABLES_V2_1/Supplementary_Table_S10.csv,",analysed,scientific_failures Development,40,40,0 Independent internal,113,113,0 RHUH external,39,39,0 ",113,113,source authority recorded by deterministic builder,exact rendered token; core floats additionally regression-asserted,PASS
TABLES_V2_1/Supplementary_Table_S10.csv,"lysed,scientific_failures Development,40,40,0 Independent internal,113,113,0 RHUH external,39,39,0 ",0,0,source authority recorded by deterministic builder,exact rendered token; core floats additionally regression-asserted,PASS
TABLES_V2_1/Supplementary_Table_S10.csv,"_failures Development,40,40,0 Independent internal,113,113,0 RHUH external,39,39,0 ",39,39,source authority recorded by deterministic builder,exact rendered token; core floats additionally regression-asserted,PASS
TABLES_V2_1/Supplementary_Table_S10.csv,"ilures Development,40,40,0 Independent internal,113,113,0 RHUH external,39,39,0 ",39,39,source authority recorded by deterministic builder,exact rendered token; core floats additionally regression-asserted,PASS
TABLES_V2_1/Supplementary_Table_S10.csv,"res Development,40,40,0 Independent internal,113,113,0 RHUH external,39,39,0 ",0,0,source authority recorded by deterministic builder,exact rendered token; core floats additionally regression-asserted,PASS
TABLES_V2_1/Supplementary_Table_S2.csv,"method,metric,n,mean,SD,median,Q1,Q3,IQR,bootstrap_95ci_low,bootstrap_95ci_high,bootstrap_resamples,bootstrap_seed Fixed,IoU_0.5",95,95,source authority recorded by deterministic builder,exact rendered token; core floats additionally regression-asserted,PASS
TABLES_V2_1/Supplementary_Table_S2.csv,"method,metric,n,mean,SD,median,Q1,Q3,IQR,bootstrap_95ci_low,bootstrap_95ci_high,bootstrap_resamples,bootstrap_seed Fixed,IoU_0.5,113,0.142756762716",95,95,source authority recorded by deterministic builder,exact rendered token; core floats additionally regression-asserted,PASS
TABLES_V2_1/Supplementary_Table_S2.csv,"_95ci_low,bootstrap_95ci_high,bootstrap_resamples,bootstrap_seed Fixed,IoU_0.5,113,0.14275676271633445,0.09133695791297426,0.1362596937760986,0.080251282",0.5,0.5,source authority recorded by deterministic builder,exact rendered token; core floats additionally regression-asserted,PASS
TABLES_V2_1/Supplementary_Table_S2.csv,"i_low,bootstrap_95ci_high,bootstrap_resamples,bootstrap_seed Fixed,IoU_0.5,113,0.14275676271633445,0.09133695791297426,0.1362596937760986,0.0802512829587",113,113,source authority recorded by deterministic builder,exact rendered token; core floats additionally regression-asserted,PASS
TABLES_V2_1/Supplementary_Table_S2.csv,"w,bootstrap_95ci_high,bootstrap_resamples,bootstrap_seed Fixed,IoU_0.5,113,0.14275676271633445,0.09133695791297426,0.1362596937760986,0.0802512829587683,0.18718549016441",0.14275676271633445,0.14275676271633445,source authority recorded by deterministic builder,exact rendered token; core floats additionally regression-asserted,PASS
TABLES_V2_1/Supplementary_Table_S2.csv,"h,bootstrap_resamples,bootstrap_seed Fixed,IoU_0.5,113,0.14275676271633445,0.09133695791297426,0.1362596937760986,0.0802512829587683,0.1871854901644196,0.106934207205651",0.09133695791297426,0.09133695791297426,source authority recorded by deterministic builder,exact rendered token; core floats additionally regression-asserted,PASS
TABLES_V2_1/Supplementary_Table_S2.csv,"s,bootstrap_seed Fixed,IoU_0.5,113,0.14275676271633445,0.09133695791297426,0.1362596937760986,0.0802512829587683,0.1871854901644196,0.1069342072056513,0.126511031087034",0.1362596937760986,0.1362596937760986,source authority recorded by deterministic builder,exact rendered token; core floats additionally regression-asserted,PASS
TABLES_V2_1/Supplementary_Table_S2.csv,"xed,IoU_0.5,113,0.14275676271633445,0.09133695791297426,0.1362596937760986,0.0802512829587683,0.1871854901644196,0.1069342072056513,0.12651103108703468,0.16008221968616",0.0802512829587683,0.0802512829587683,source authority recorded by deterministic builder,exact rendered token; core floats additionally regression-asserted,PASS
TABLES_V2_1/Supplementary_Table_S2.csv,"4275676271633445,0.09133695791297426,0.1362596937760986,0.0802512829587683,0.1871854901644196,0.1069342072056513,0.12651103108703468,0.16008221968616135,10000,20260803 ",0.1871854901644196,0.1871854901644196,source authority recorded by deterministic builder,exact rendered token; core floats additionally regression-asserted,PASS
TABLES_V2_1/Supplementary_Table_S2.csv,"09133695791297426,0.1362596937760986,0.0802512829587683,0.1871854901644196,0.1069342072056513,0.12651103108703468,0.16008221968616135,10000,20260803 Fixed,soft_Dice,113",0.1069342072056513,0.1069342072056513,source authority recorded by deterministic builder,exact rendered token; core floats additionally regression-asserted,PASS
TABLES_V2_1/Supplementary_Table_S2.csv,".1362596937760986,0.0802512829587683,0.1871854901644196,0.1069342072056513,0.12651103108703468,0.16008221968616135,10000,20260803 Fixed,soft_Dice,113,0.18515205004391988",0.12651103108703468,0.12651103108703468,source authority recorded by deterministic builder,exact rendered token; core floats additionally regression-asserted,PASS
TABLES_V2_1/Supplementary_Table_S2.csv,"0802512829587683,0.1871854901644196,0.1069342072056513,0.12651103108703468,0.16008221968616135,10000,20260803 Fixed,soft_Dice,113,0.18515205004391988,0.11200243718867303",0.16008221968616135,0.16008221968616135,source authority recorded by deterministic builder,exact rendered token; core floats additionally regression-asserted,PASS
TABLES_V2_1/Supplementary_Table_S2.csv,"871854901644196,0.1069342072056513,0.12651103108703468,0.16008221968616135,10000,20260803 Fixed,soft_Dice,113,0.18515205004391988,0.11200243718867303,0.183",10000,10000,source authority recorded by deterministic builder,exact rendered token; core floats additionally regression-asserted,PASS
TABLES_V2_1/Supplementary_Table_S2.csv,"901644196,0.1069342072056513,0.12651103108703468,0.16008221968616135,10000,20260803 Fixed,soft_Dice,113,0.18515205004391988,0.11200243718867303,0.183670657201",20260803,20260803,source authority recorded by deterministic builder,exact rendered token; core floats additionally regression-asserted,PASS
TABLES_V2_1/Supplementary_Table_S2.csv,"513,0.12651103108703468,0.16008221968616135,10000,20260803 Fixed,soft_Dice,113,0.18515205004391988,0.11200243718867303,0.1836706572019499,0.1030116628668",113,113,source authority recorded by deterministic builder,exact rendered token; core floats additionally regression-asserted,PASS
TABLES_V2_1/Supplementary_Table_S2.csv,"0.12651103108703468,0.16008221968616135,10000,20260803 Fixed,soft_Dice,113,0.18515205004391988,0.11200243718867303,0.1836706572019499,0.1030116628668069,0.24314050160988",0.18515205004391988,0.18515205004391988,source authority recorded by deterministic builder,exact rendered token; core floats additionally regression-asserted,PASS
TABLES_V2_1/Supplementary_Table_S2.csv,"0.16008221968616135,10000,20260803 Fixed,soft_Dice,113,0.18515205004391988,0.11200243718867303,0.1836706572019499,0.1030116628668069,0.2431405016098808,0.140128838743073",0.11200243718867303,0.11200243718867303,source authority recorded by deterministic builder,exact rendered token; core floats additionally regression-asserted,PASS
TABLES_V2_1/Supplementary_Table_S2.csv,"10000,20260803 Fixed,soft_Dice,113,0.18515205004391988,0.11200243718867303,0.1836706572019499,0.1030116628668069,0.2431405016098808,0.1401288387430739,0.164981773934578",0.1836706572019499,0.1836706572019499,source authority recorded by deterministic builder,exact rendered token; core floats additionally regression-asserted,PASS
TABLES_V2_1/Supplementary_Table_S2.csv,"d,soft_Dice,113,0.18515205004391988,0.11200243718867303,0.1836706572019499,0.1030116628668069,0.2431405016098808,0.1401288387430739,0.16498177393457839,0.20622806100944",0.1030116628668069,0.1030116628668069,source authority recorded by deterministic builder,exact rendered token; core floats additionally regression-asserted,PASS
TABLES_V2_1/Supplementary_Table_S2.csv,"8515205004391988,0.11200243718867303,0.1836706572019499,0.1030116628668069,0.2431405016098808,0.1401288387430739,0.16498177393457839,0.2062280610094493,10000,20260803 F",0.2431405016098808,0.2431405016098808,source authority recorded by deterministic builder,exact rendered token; core floats additionally regression-asserted,PASS
TABLES_V2_1/Supplementary_Table_S2.csv,"11200243718867303,0.1836706572019499,0.1030116628668069,0.2431405016098808,0.1401288387430739,0.16498177393457839,0.2062280610094493,10000,20260803 Fixed,Brier,113,0.00",0.1401288387430739,0.1401288387430739,source authority recorded by deterministic builder,exact rendered token; core floats additionally regression-asserted,PASS
TABLES_V2_1/Supplementary_Table_S2.csv,".1836706572019499,0.1030116628668069,0.2431405016098808,0.1401288387430739,0.16498177393457839,0.2062280610094493,10000,20260803 Fixed,Brier,113,0.004523438996233918,0.0",0.16498177393457839,0.16498177393457839,source authority recorded by deterministic builder,exact rendered token; core floats additionally regression-asserted,PASS
TABLES_V2_1/Supplementary_Table_S2.csv,"1030116628668069,0.2431405016098808,0.1401288387430739,0.16498177393457839,0.2062280610094493,10000,20260803 Fixed,Brier,113,0.004523438996233918,0.004734199430969551,0",0.2062280610094493,0.2062280610094493,source authority recorded by deterministic builder,exact rendered token; core floats additionally regression-asserted,PASS
TABLES_V2_1/Supplementary_Table_S2.csv,"2431405016098808,0.1401288387430739,0.16498177393457839,0.2062280610094493,10000,20260803 Fixed,Brier,113,0.004523438996233918,0.004734199430969551,0.00330",10000,10000,source authority recorded by deterministic builder,exact rendered token; core floats additionally regression-asserted,PASS
TABLES_V2_1/Supplementary_Table_S2.csv,"5016098808,0.1401288387430739,0.16498177393457839,0.2062280610094493,10000,20260803 Fixed,Brier,113,0.004523438996233918,0.004734199430969551,0.00330302873178",20260803,20260803,source authority recorded by deterministic builder,exact rendered token; core floats additionally regression-asserted,PASS
TABLES_V2_1/Supplementary_Table_S2.csv,"87430739,0.16498177393457839,0.2062280610094493,10000,20260803 Fixed,Brier,113,0.004523438996233918,0.004734199430969551,0.0033030287317839,0.00162724714",113,113,source authority recorded by deterministic builder,exact rendered token; core floats additionally regression-asserted,PASS
TABLES_V2_1/Supplementary_Table_S2.csv,"0739,0.16498177393457839,0.2062280610094493,10000,20260803 Fixed,Brier,113,0.004523438996233918,0.004734199430969551,0.0033030287317839,0.0016272471458048,0.0051209919813",0.004523438996233918,0.004523438996233918,source authority recorded by deterministic builder,exact rendered token; core floats additionally regression-asserted,PASS
TABLES_V2_1/Supplementary_Table_S2.csv,"839,0.2062280610094493,10000,20260803 Fixed,Brier,113,0.004523438996233918,0.004734199430969551,0.0033030287317839,0.0016272471458048,0.0051209919813546,0.003493744835549",0.004734199430969551,0.004734199430969551,source authority recorded by deterministic builder,exact rendered token; core floats additionally regression-asserted,PASS
TABLES_V2_1/Supplementary_Table_S2.csv,"3,10000,20260803 Fixed,Brier,113,0.004523438996233918,0.004734199430969551,0.0033030287317839,0.0016272471458048,0.0051209919813546,0.0034937448355498004,0.003718807573",0.0033030287317839,0.0033030287317839,source authority recorded by deterministic builder,exact rendered token; core floats additionally regression-asserted,PASS
TABLES_V2_1/Supplementary_Table_S2.csv,"xed,Brier,113,0.004523438996233918,0.004734199430969551,0.0033030287317839,0.0016272471458048,0.0051209919813546,0.0034937448355498004,0.0037188075733762386,0.005440357",0.0016272471458048,0.0016272471458048,source authority recorded by deterministic builder,exact rendered token; core floats additionally regression-asserted,PASS
TABLES_V2_1/Supplementary_Table_S2.csv,"523438996233918,0.004734199430969551,0.0033030287317839,0.0016272471458048,0.0051209919813546,0.0034937448355498004,0.0037188075733762386,0.005440357760197517,10000,202",0.0051209919813546,0.0051209919813546,source authority recorded by deterministic builder,exact rendered token; core floats additionally regression-asserted,PASS
TABLES_V2_1/Supplementary_Table_S2.csv,"04734199430969551,0.0033030287317839,0.0016272471458048,0.0051209919813546,0.0034937448355498004,0.0037188075733762386,0.005440357760197517,10000,20260803 Fixed,average_pr",0.0034937448355498004,0.0034937448355498004,source authority recorded by deterministic builder,exact rendered token; core floats additionally regression-asserted,PASS
TABLES_V2_1/Supplementary_Table_S2.csv,"33030287317839,0.0016272471458048,0.0051209919813546,0.0034937448355498004,0.0037188075733762386,0.005440357760197517,10000,20260803 Fixed,average_precision,113,0.22720634",0.0037188075733762386,0.0037188075733762386,source authority recorded by deterministic builder,exact rendered token; core floats additionally regression-asserted,PASS
TABLES_V2_1/Supplementary_Table_S2.csv,"72471458048,0.0051209919813546,0.0034937448355498004,0.0037188075733762386,0.005440357760197517,10000,20260803 Fixed,average_precision,113,0.22720634123309832,0.162419716",0.005440357760197517,0.005440357760197517,source authority recorded by deterministic builder,exact rendered token; core floats additionally regression-asserted,PASS
TABLES_V2_1/Supplementary_Table_S2.csv,"919813546,0.0034937448355498004,0.0037188075733762386,0.005440357760197517,10000,20260803 Fixed,average_precision,113,0.22720634123309832,0.162419716108253",10000,10000,source authority recorded by deterministic builder,exact rendered token; core floats additionally regression-asserted,PASS
TABLES_V2_1/Supplementary_Table_S2.csv,"546,0.0034937448355498004,0.0037188075733762386,0.005440357760197517,10000,20260803 Fixed,average_precision,113,0.22720634123309832,0.16241971610825343,0.1879",20260803,20260803,source authority recorded by deterministic builder,exact rendered token; core floats additionally regression-asserted,PASS
TABLES_V2_1/Supplementary_Table_S2.csv,"88075733762386,0.005440357760197517,10000,20260803 Fixed,average_precision,113,0.22720634123309832,0.16241971610825343,0.1879753874478399,0.0985860560241",113,113,source authority recorded by deterministic builder,exact rendered token; core floats additionally regression-asserted,PASS
TABLES_V2_1/Supplementary_Table_S2.csv,"5733762386,0.005440357760197517,10000,20260803 Fixed,average_precision,113,0.22720634123309832,0.16241971610825343,0.1879753874478399,0.0985860560241737,0.33655795594995",0.22720634123309832,0.22720634123309832,source authority recorded by deterministic builder,exact rendered token; core floats additionally regression-asserted,PASS
TABLES_V2_1/Supplementary_Table_S2.csv,"57760197517,10000,20260803 Fixed,average_precision,113,0.22720634123309832,0.16241971610825343,0.1879753874478399,0.0985860560241737,0.3365579559499516,0.237971899925777",0.16241971610825343,0.16241971610825343,source authority recorded by deterministic builder,exact rendered token; core floats additionally regression-asserted,PASS
TABLES_V2_1/Supplementary_Table_S2.csv,"260803 Fixed,average_precision,113,0.22720634123309832,0.16241971610825343,0.1879753874478399,0.0985860560241737,0.3365579559499516,0.23797189992577789,0.19772194861587",0.1879753874478399,0.1879753874478399,source authority recorded by deterministic builder,exact rendered token; core floats additionally regression-asserted,PASS
TABLES_V2_1/Supplementary_Table_S2.csv,"e_precision,113,0.22720634123309832,0.16241971610825343,0.1879753874478399,0.0985860560241737,0.3365579559499516,0.23797189992577789,0.19772194861587575,0.2580833335240",0.0985860560241737,0.0985860560241737,source authority recorded by deterministic builder,exact rendered token; core floats additionally regression-asserted,PASS
TABLES_V2_1/Supplementary_Table_S2.csv,"2720634123309832,0.16241971610825343,0.1879753874478399,0.0985860560241737,0.3365579559499516,0.23797189992577789,0.19772194861587575,0.2580833335240748,10000,20260803 ",0.3365579559499516,0.3365579559499516,source authority recorded by deterministic builder,exact rendered token; core floats additionally regression-asserted,PASS
TABLES_V2_1/Supplementary_Table_S2.csv,"16241971610825343,0.1879753874478399,0.0985860560241737,0.3365579559499516,0.23797189992577789,0.19772194861587575,0.2580833335240748,10000,20260803 Full PCC,IoU_0.5,113",0.23797189992577789,0.23797189992577789,source authority recorded by deterministic builder,exact rendered token; core floats additionally regression-asserted,PASS
TABLES_V2_1/Supplementary_Table_S2.csv,"1879753874478399,0.0985860560241737,0.3365579559499516,0.23797189992577789,0.19772194861587575,0.2580833335240748,10000,20260803 Full PCC,IoU_0.5,113,0.3026637349790633,",0.19772194861587575,0.19772194861587575,source authority recorded by deterministic builder,exact rendered token; core floats additionally regression-asserted,PASS
TABLES_V2_1/Supplementary_Table_S2.csv,"985860560241737,0.3365579559499516,0.23797189992577789,0.19772194861587575,0.2580833335240748,10000,20260803 Full PCC,IoU_0.5,113,0.3026637349790633,0.1497703708873603,",0.2580833335240748,0.2580833335240748,source authority recorded by deterministic builder,exact rendered token; core floats additionally regression-asserted,PASS
TABLES_V2_1/Supplementary_Table_S2.csv,"365579559499516,0.23797189992577789,0.19772194861587575,0.2580833335240748,10000,20260803 Full PCC,IoU_0.5,113,0.3026637349790633,0.1497703708873603,0.3067",10000,10000,source authority recorded by deterministic builder,exact rendered token; core floats additionally regression-asserted,PASS
TABLES_V2_1/Supplementary_Table_S2.csv,"559499516,0.23797189992577789,0.19772194861587575,0.2580833335240748,10000,20260803 Full PCC,IoU_0.5,113,0.3026637349790633,0.1497703708873603,0.3067127425104",20260803,20260803,source authority recorded by deterministic builder,exact rendered token; core floats additionally regression-asserted,PASS
TABLES_V2_1/Supplementary_Table_S2.csv,"2577789,0.19772194861587575,0.2580833335240748,10000,20260803 Full PCC,IoU_0.5,113,0.3026637349790633,0.1497703708873603,0.3067127425104078,0.21040666835",0.5,0.5,source authority recorded by deterministic builder,exact rendered token; core floats additionally regression-asserted,PASS
TABLES_V2_1/Supplementary_Table_S2.csv,"789,0.19772194861587575,0.2580833335240748,10000,20260803 Full PCC,IoU_0.5,113,0.3026637349790633,0.1497703708873603,0.3067127425104078,0.210406668350593",113,113,source authority recorded by deterministic builder,exact rendered token; core floats additionally regression-asserted,PASS
TABLES_V2_1/Supplementary_Table_S2.csv,"0.19772194861587575,0.2580833335240748,10000,20260803 Full PCC,IoU_0.5,113,0.3026637349790633,0.1497703708873603,0.3067127425104078,0.2104066683505935,0.391814795605639",0.3026637349790633,0.3026637349790633,source authority recorded by deterministic builder,exact rendered token; core floats additionally regression-asserted,PASS
TABLES_V2_1/Supplementary_Table_S2.csv,",0.2580833335240748,10000,20260803 Full PCC,IoU_0.5,113,0.3026637349790633,0.1497703708873603,0.3067127425104078,0.2104066683505935,0.3918147956056391,0.181408127255045",0.1497703708873603,0.1497703708873603,source authority recorded by deterministic builder,exact rendered token; core floats additionally regression-asserted,PASS
TABLES_V2_1/Supplementary_Table_S2.csv,",10000,20260803 Full PCC,IoU_0.5,113,0.3026637349790633,0.1497703708873603,0.3067127425104078,0.2104066683505935,0.3918147956056391,0.1814081272550456,0.275286470711754",0.3067127425104078,0.3067127425104078,source authority recorded by deterministic builder,exact rendered token; core floats additionally regression-asserted,PASS
TABLES_V2_1/Supplementary_Table_S2.csv,"l PCC,IoU_0.5,113,0.3026637349790633,0.1497703708873603,0.3067127425104078,0.2104066683505935,0.3918147956056391,0.1814081272550456,0.2752864707117545,0.330160358767859",0.2104066683505935,0.2104066683505935,source authority recorded by deterministic builder,exact rendered token; core floats additionally regression-asserted,PASS
TABLES_V2_1/Supplementary_Table_S2.csv,".3026637349790633,0.1497703708873603,0.3067127425104078,0.2104066683505935,0.3918147956056391,0.1814081272550456,0.2752864707117545,0.33016035876785954,10000,20260803 F",0.3918147956056391,0.3918147956056391,source authority recorded by deterministic builder,exact rendered token; core floats additionally regression-asserted,PASS
TABLES_V2_1/Supplementary_Table_S2.csv,".1497703708873603,0.3067127425104078,0.2104066683505935,0.3918147956056391,0.1814081272550456,0.2752864707117545,0.33016035876785954,10000,20260803 Full PCC,soft_Dice,1",0.1814081272550456,0.1814081272550456,source authority recorded by deterministic builder,exact rendered token; core floats additionally regression-asserted,PASS
TABLES_V2_1/Supplementary_Table_S2.csv,".3067127425104078,0.2104066683505935,0.3918147956056391,0.1814081272550456,0.2752864707117545,0.33016035876785954,10000,20260803 Full PCC,soft_Dice,113,0.26671044302084",0.2752864707117545,0.2752864707117545,source authority recorded by deterministic builder,exact rendered token; core floats additionally regression-asserted,PASS
TABLES_V2_1/Supplementary_Table_S2.csv,".2104066683505935,0.3918147956056391,0.1814081272550456,0.2752864707117545,0.33016035876785954,10000,20260803 Full PCC,soft_Dice,113,0.26671044302084707,0.14958672757899",0.33016035876785954,0.33016035876785954,source authority recorded by deterministic builder,exact rendered token; core floats additionally regression-asserted,PASS
TABLES_V2_1/Supplementary_Table_S2.csv,"3918147956056391,0.1814081272550456,0.2752864707117545,0.33016035876785954,10000,20260803 Full PCC,soft_Dice,113,0.26671044302084707,0.14958672757899014,0.",10000,10000,source authority recorded by deterministic builder,exact rendered token; core floats additionally regression-asserted,PASS
TABLES_V2_1/Supplementary_Table_S2.csv,"7956056391,0.1814081272550456,0.2752864707117545,0.33016035876785954,10000,20260803 Full PCC,soft_Dice,113,0.26671044302084707,0.14958672757899014,0.263495174",20260803,20260803,source authority recorded by deterministic builder,exact rendered token; core floats additionally regression-asserted,PASS
TABLES_V2_1/Supplementary_Table_S2.csv,"6,0.2752864707117545,0.33016035876785954,10000,20260803 Full PCC,soft_Dice,113,0.26671044302084707,0.14958672757899014,0.2634951748915842,0.1626158578635",113,113,source authority recorded by deterministic builder,exact rendered token; core floats additionally regression-asserted,PASS
TABLES_V2_1/Supplementary_Table_S2.csv,"2752864707117545,0.33016035876785954,10000,20260803 Full PCC,soft_Dice,113,0.26671044302084707,0.14958672757899014,0.2634951748915842,0.1626158578635101,0.36713910186622",0.26671044302084707,0.26671044302084707,source authority recorded by deterministic builder,exact rendered token; core floats additionally regression-asserted,PASS
TABLES_V2_1/Supplementary_Table_S2.csv,"3016035876785954,10000,20260803 Full PCC,soft_Dice,113,0.26671044302084707,0.14958672757899014,0.2634951748915842,0.1626158578635101,0.3671391018662227,0.204523244002712",0.14958672757899014,0.14958672757899014,source authority recorded by deterministic builder,exact rendered token; core floats additionally regression-asserted,PASS
TABLES_V2_1/Supplementary_Table_S2.csv,"00,20260803 Full PCC,soft_Dice,113,0.26671044302084707,0.14958672757899014,0.2634951748915842,0.1626158578635101,0.3671391018662227,0.20452324400271257,0.23960427941804",0.2634951748915842,0.2634951748915842,source authority recorded by deterministic builder,exact rendered token; core floats additionally regression-asserted,PASS
TABLES_V2_1/Supplementary_Table_S2.csv,"C,soft_Dice,113,0.26671044302084707,0.14958672757899014,0.2634951748915842,0.1626158578635101,0.3671391018662227,0.20452324400271257,0.23960427941804643,0.2942526165577",0.1626158578635101,0.1626158578635101,source authority recorded by deterministic builder,exact rendered token; core floats additionally regression-asserted,PASS
TABLES_V2_1/Supplementary_Table_S2.csv,"6671044302084707,0.14958672757899014,0.2634951748915842,0.1626158578635101,0.3671391018662227,0.20452324400271257,0.23960427941804643,0.29425261655770213,10000,20260803",0.3671391018662227,0.3671391018662227,source authority recorded by deterministic builder,exact rendered token; core floats additionally regression-asserted,PASS
TABLES_V2_1/Supplementary_Table_S2.csv,"14958672757899014,0.2634951748915842,0.1626158578635101,0.3671391018662227,0.20452324400271257,0.23960427941804643,0.29425261655770213,10000,20260803 Full PCC,Brier,113,",0.20452324400271257,0.20452324400271257,source authority recorded by deterministic builder,exact rendered token; core floats additionally regression-asserted,PASS
TABLES_V2_1/Supplementary_Table_S2.csv,"2634951748915842,0.1626158578635101,0.3671391018662227,0.20452324400271257,0.23960427941804643,0.29425261655770213,10000,20260803 Full PCC,Brier,113,0.003101855381236510",0.23960427941804643,0.23960427941804643,source authority recorded by deterministic builder,exact rendered token; core floats additionally regression-asserted,PASS
TABLES_V2_1/Supplementary_Table_S2.csv,"626158578635101,0.3671391018662227,0.20452324400271257,0.23960427941804643,0.29425261655770213,10000,20260803 Full PCC,Brier,113,0.0031018553812365104,0.0041172627089217",0.29425261655770213,0.29425261655770213,source authority recorded by deterministic builder,exact rendered token; core floats additionally regression-asserted,PASS
TABLES_V2_1/Supplementary_Table_S2.csv,"71391018662227,0.20452324400271257,0.23960427941804643,0.29425261655770213,10000,20260803 Full PCC,Brier,113,0.0031018553812365104,0.004117262708921748,0.0",10000,10000,source authority recorded by deterministic builder,exact rendered token; core floats additionally regression-asserted,PASS
TABLES_V2_1/Supplementary_Table_S2.csv,"18662227,0.20452324400271257,0.23960427941804643,0.29425261655770213,10000,20260803 Full PCC,Brier,113,0.0031018553812365104,0.004117262708921748,0.0017200326",20260803,20260803,source authority recorded by deterministic builder,exact rendered token; core floats additionally regression-asserted,PASS
TABLES_V2_1/Supplementary_Table_S2.csv,"1257,0.23960427941804643,0.29425261655770213,10000,20260803 Full PCC,Brier,113,0.0031018553812365104,0.004117262708921748,0.001720032669824,0.00084215843",113,113,source authority recorded by deterministic builder,exact rendered token; core floats additionally regression-asserted,PASS
TABLES_V2_1/Supplementary_Table_S2.csv,",0.23960427941804643,0.29425261655770213,10000,20260803 Full PCC,Brier,113,0.0031018553812365104,0.004117262708921748,0.001720032669824,0.0008421584371434,0.00323080573010",0.0031018553812365104,0.0031018553812365104,source authority recorded by deterministic builder,exact rendered token; core floats additionally regression-asserted,PASS
TABLES_V2_1/Supplementary_Table_S2.csv,".29425261655770213,10000,20260803 Full PCC,Brier,113,0.0031018553812365104,0.004117262708921748,0.001720032669824,0.0008421584371434,0.0032308057301018,0.0023886472929584",0.004117262708921748,0.004117262708921748,source authority recorded by deterministic builder,exact rendered token; core floats additionally regression-asserted,PASS
TABLES_V2_1/Supplementary_Table_S2.csv,"000,20260803 Full PCC,Brier,113,0.0031018553812365104,0.004117262708921748,0.001720032669824,0.0008421584371434,0.0032308057301018,0.0023886472929584,0.002413682840374",0.001720032669824,0.001720032669824,source authority recorded by deterministic builder,exact rendered token; core floats additionally regression-asserted,PASS
TABLES_V2_1/Supplementary_Table_S2.csv,"PCC,Brier,113,0.0031018553812365104,0.004117262708921748,0.001720032669824,0.0008421584371434,0.0032308057301018,0.0023886472929584,0.002413682840374779,0.0039209160478",0.0008421584371434,0.0008421584371434,source authority recorded by deterministic builder,exact rendered token; core floats additionally regression-asserted,PASS
TABLES_V2_1/Supplementary_Table_S2.csv,"1018553812365104,0.004117262708921748,0.001720032669824,0.0008421584371434,0.0032308057301018,0.0023886472929584,0.002413682840374779,0.00392091604782403,10000,20260803",0.0032308057301018,0.0032308057301018,source authority recorded by deterministic builder,exact rendered token; core floats additionally regression-asserted,PASS
TABLES_V2_1/Supplementary_Table_S2.csv,"004117262708921748,0.001720032669824,0.0008421584371434,0.0032308057301018,0.0023886472929584,0.002413682840374779,0.00392091604782403,10000,20260803 Full PCC,average_p",0.0023886472929584,0.0023886472929584,source authority recorded by deterministic builder,exact rendered token; core floats additionally regression-asserted,PASS
TABLES_V2_1/Supplementary_Table_S2.csv,"0.001720032669824,0.0008421584371434,0.0032308057301018,0.0023886472929584,0.002413682840374779,0.00392091604782403,10000,20260803 Full PCC,average_precision,113,0.414236",0.002413682840374779,0.002413682840374779,source authority recorded by deterministic builder,exact rendered token; core floats additionally regression-asserted,PASS
TABLES_V2_1/Supplementary_Table_S2.csv,"008421584371434,0.0032308057301018,0.0023886472929584,0.002413682840374779,0.00392091604782403,10000,20260803 Full PCC,average_precision,113,0.41423683094124614,0.211676",0.00392091604782403,0.00392091604782403,source authority recorded by deterministic builder,exact rendered token; core floats additionally regression-asserted,PASS
TABLES_V2_1/Supplementary_Table_S2.csv,"32308057301018,0.0023886472929584,0.002413682840374779,0.00392091604782403,10000,20260803 Full PCC,average_precision,113,0.41423683094124614,0.211676560877",10000,10000,source authority recorded by deterministic builder,exact rendered token; core floats additionally regression-asserted,PASS
TABLES_V2_1/Supplementary_Table_S2.csv,"57301018,0.0023886472929584,0.002413682840374779,0.00392091604782403,10000,20260803 Full PCC,average_precision,113,0.41423683094124614,0.21167656087785178,0.4",20260803,20260803,source authority recorded by deterministic builder,exact rendered token; core floats additionally regression-asserted,PASS
TABLES_V2_1/Supplementary_Table_S2.csv,"682840374779,0.00392091604782403,10000,20260803 Full PCC,average_precision,113,0.41423683094124614,0.21167656087785178,0.4165520070514784,0.2551603624748",113,113,source authority recorded by deterministic builder,exact rendered token; core floats additionally regression-asserted,PASS
TABLES_V2_1/Supplementary_Table_S2.csv,"40374779,0.00392091604782403,10000,20260803 Full PCC,average_precision,113,0.41423683094124614,0.21167656087785178,0.4165520070514784,0.2551603624748501,0.58153931892585",0.41423683094124614,0.41423683094124614,source authority recorded by deterministic builder,exact rendered token; core floats additionally regression-asserted,PASS
TABLES_V2_1/Supplementary_Table_S2.csv,"04782403,10000,20260803 Full PCC,average_precision,113,0.41423683094124614,0.21167656087785178,0.4165520070514784,0.2551603624748501,0.5815393189258564,0.326378956451006",0.21167656087785178,0.21167656087785178,source authority recorded by deterministic builder,exact rendered token; core floats additionally regression-asserted,PASS
TABLES_V2_1/Supplementary_Table_S2.csv,"803 Full PCC,average_precision,113,0.41423683094124614,0.21167656087785178,0.4165520070514784,0.2551603624748501,0.5815393189258564,0.32637895645100634,0.37568378717079",0.4165520070514784,0.4165520070514784,source authority recorded by deterministic builder,exact rendered token; core floats additionally regression-asserted,PASS
TABLES_V2_1/Supplementary_Table_S2.csv,"e_precision,113,0.41423683094124614,0.21167656087785178,0.4165520070514784,0.2551603624748501,0.5815393189258564,0.32637895645100634,0.3756837871707996,0.45360739119766",0.2551603624748501,0.2551603624748501,source authority recorded by deterministic builder,exact rendered token; core floats additionally regression-asserted,PASS
TABLES_V2_1/Supplementary_Table_S2.csv,"1423683094124614,0.21167656087785178,0.4165520070514784,0.2551603624748501,0.5815393189258564,0.32637895645100634,0.3756837871707996,0.4536073911976625,10000,20260803 N",0.5815393189258564,0.5815393189258564,source authority recorded by deterministic builder,exact rendered token; core floats additionally regression-asserted,PASS
TABLES_V2_1/Supplementary_Table_S2.csv,"21167656087785178,0.4165520070514784,0.2551603624748501,0.5815393189258564,0.32637895645100634,0.3756837871707996,0.4536073911976625,10000,20260803 No-smoothing PCC,IoU_",0.32637895645100634,0.32637895645100634,source authority recorded by deterministic builder,exact rendered token; core floats additionally regression-asserted,PASS
TABLES_V2_1/Supplementary_Table_S2.csv,"4165520070514784,0.2551603624748501,0.5815393189258564,0.32637895645100634,0.3756837871707996,0.4536073911976625,10000,20260803 No-smoothing PCC,IoU_0.5,113,0.495764993",0.3756837871707996,0.3756837871707996,source authority recorded by deterministic builder,exact rendered token; core floats additionally regression-asserted,PASS
TABLES_V2_1/Supplementary_Table_S2.csv,"2551603624748501,0.5815393189258564,0.32637895645100634,0.3756837871707996,0.4536073911976625,10000,20260803 No-smoothing PCC,IoU_0.5,113,0.49576499308548405,0.20143203",0.4536073911976625,0.4536073911976625,source authority recorded by deterministic builder,exact rendered token; core floats additionally regression-asserted,PASS
TABLES_V2_1/Supplementary_Table_S2.csv,"5815393189258564,0.32637895645100634,0.3756837871707996,0.4536073911976625,10000,20260803 No-smoothing PCC,IoU_0.5,113,0.49576499308548405,0.20143203368519",10000,10000,source authority recorded by deterministic builder,exact rendered token; core floats additionally regression-asserted,PASS
TABLES_V2_1/Supplementary_Table_S2.csv,"3189258564,0.32637895645100634,0.3756837871707996,0.4536073911976625,10000,20260803 No-smoothing PCC,IoU_0.5,113,0.49576499308548405,0.2014320336851955,0.5164",20260803,20260803,source authority recorded by deterministic builder,exact rendered token; core floats additionally regression-asserted,PASS
TABLES_V2_1/Supplementary_Table_S2.csv,",0.3756837871707996,0.4536073911976625,10000,20260803 No-smoothing PCC,IoU_0.5,113,0.49576499308548405,0.2014320336851955,0.5164104694640631,0.3629558810",0.5,0.5,source authority recorded by deterministic builder,exact rendered token; core floats additionally regression-asserted,PASS
TABLES_V2_1/Supplementary_Table_S2.csv,"756837871707996,0.4536073911976625,10000,20260803 No-smoothing PCC,IoU_0.5,113,0.49576499308548405,0.2014320336851955,0.5164104694640631,0.36295588108691",113,113,source authority recorded by deterministic builder,exact rendered token; core floats additionally regression-asserted,PASS
TABLES_V2_1/Supplementary_Table_S2.csv,"37871707996,0.4536073911976625,10000,20260803 No-smoothing PCC,IoU_0.5,113,0.49576499308548405,0.2014320336851955,0.5164104694640631,0.3629558810869102,0.628994905048633",0.49576499308548405,0.49576499308548405,source authority recorded by deterministic builder,exact rendered token; core floats additionally regression-asserted,PASS
TABLES_V2_1/Supplementary_Table_S2.csv,"3911976625,10000,20260803 No-smoothing PCC,IoU_0.5,113,0.49576499308548405,0.2014320336851955,0.5164104694640631,0.3629558810869102,0.6289949050486336,0.266039023961723",0.2014320336851955,0.2014320336851955,source authority recorded by deterministic builder,exact rendered token; core floats additionally regression-asserted,PASS
TABLES_V2_1/Supplementary_Table_S2.csv,"260803 No-smoothing PCC,IoU_0.5,113,0.49576499308548405,0.2014320336851955,0.5164104694640631,0.3629558810869102,0.6289949050486336,0.26603902396172346,0.45888204253872",0.5164104694640631,0.5164104694640631,source authority recorded by deterministic builder,exact rendered token; core floats additionally regression-asserted,PASS
TABLES_V2_1/Supplementary_Table_S2.csv," PCC,IoU_0.5,113,0.49576499308548405,0.2014320336851955,0.5164104694640631,0.3629558810869102,0.6289949050486336,0.26603902396172346,0.458882042538722,0.532953099563842",0.3629558810869102,0.3629558810869102,source authority recorded by deterministic builder,exact rendered token; core floats additionally regression-asserted,PASS
TABLES_V2_1/Supplementary_Table_S2.csv,"49576499308548405,0.2014320336851955,0.5164104694640631,0.3629558810869102,0.6289949050486336,0.26603902396172346,0.458882042538722,0.532953099563842,10000,20260803 No-",0.6289949050486336,0.6289949050486336,source authority recorded by deterministic builder,exact rendered token; core floats additionally regression-asserted,PASS
TABLES_V2_1/Supplementary_Table_S2.csv,".2014320336851955,0.5164104694640631,0.3629558810869102,0.6289949050486336,0.26603902396172346,0.458882042538722,0.532953099563842,10000,20260803 No-smoothing PCC,soft_D",0.26603902396172346,0.26603902396172346,source authority recorded by deterministic builder,exact rendered token; core floats additionally regression-asserted,PASS
TABLES_V2_1/Supplementary_Table_S2.csv,"5164104694640631,0.3629558810869102,0.6289949050486336,0.26603902396172346,0.458882042538722,0.532953099563842,10000,20260803 No-smoothing PCC,soft_Dice,113,0.32036574",0.458882042538722,0.458882042538722,source authority recorded by deterministic builder,exact rendered token; core floats additionally regression-asserted,PASS
TABLES_V2_1/Supplementary_Table_S2.csv,".3629558810869102,0.6289949050486336,0.26603902396172346,0.458882042538722,0.532953099563842,10000,20260803 No-smoothing PCC,soft_Dice,113,0.32036574405808416,0.164734",0.532953099563842,0.532953099563842,source authority recorded by deterministic builder,exact rendered token; core floats additionally regression-asserted,PASS
TABLES_V2_1/Supplementary_Table_S2.csv,"0.6289949050486336,0.26603902396172346,0.458882042538722,0.532953099563842,10000,20260803 No-smoothing PCC,soft_Dice,113,0.32036574405808416,0.164734758911",10000,10000,source authority recorded by deterministic builder,exact rendered token; core floats additionally regression-asserted,PASS
TABLES_V2_1/Supplementary_Table_S2.csv,"949050486336,0.26603902396172346,0.458882042538722,0.532953099563842,10000,20260803 No-smoothing PCC,soft_Dice,113,0.32036574405808416,0.16473475891142472,0.3",20260803,20260803,source authority recorded by deterministic builder,exact rendered token; core floats additionally regression-asserted,PASS
TABLES_V2_1/Supplementary_Table_S2.csv,"58882042538722,0.532953099563842,10000,20260803 No-smoothing PCC,soft_Dice,113,0.32036574405808416,0.16473475891142472,0.3258734814635898,0.2143762502949",113,113,source authority recorded by deterministic builder,exact rendered token; core floats additionally regression-asserted,PASS
TABLES_V2_1/Supplementary_Table_S2.csv,"2042538722,0.532953099563842,10000,20260803 No-smoothing PCC,soft_Dice,113,0.32036574405808416,0.16473475891142472,0.3258734814635898,0.2143762502949238,0.44154897692091",0.32036574405808416,0.32036574405808416,source authority recorded by deterministic builder,exact rendered token; core floats additionally regression-asserted,PASS
TABLES_V2_1/Supplementary_Table_S2.csv,"99563842,10000,20260803 No-smoothing PCC,soft_Dice,113,0.32036574405808416,0.16473475891142472,0.3258734814635898,0.2143762502949238,0.4415489769209107,0.227172726625986",0.16473475891142472,0.16473475891142472,source authority recorded by deterministic builder,exact rendered token; core floats additionally regression-asserted,PASS
TABLES_V2_1/Supplementary_Table_S2.csv,"803 No-smoothing PCC,soft_Dice,113,0.32036574405808416,0.16473475891142472,0.3258734814635898,0.2143762502949238,0.4415489769209107,0.22717272662598692,0.29049068785040",0.3258734814635898,0.3258734814635898,source authority recorded by deterministic builder,exact rendered token; core floats additionally regression-asserted,PASS
TABLES_V2_1/Supplementary_Table_S2.csv,"C,soft_Dice,113,0.32036574405808416,0.16473475891142472,0.3258734814635898,0.2143762502949238,0.4415489769209107,0.22717272662598692,0.29049068785040427,0.3505883338860",0.2143762502949238,0.2143762502949238,source authority recorded by deterministic builder,exact rendered token; core floats additionally regression-asserted,PASS
TABLES_V2_1/Supplementary_Table_S2.csv,"2036574405808416,0.16473475891142472,0.3258734814635898,0.2143762502949238,0.4415489769209107,0.22717272662598692,0.29049068785040427,0.35058833388603805,10000,20260803",0.4415489769209107,0.4415489769209107,source authority recorded by deterministic builder,exact rendered token; core floats additionally regression-asserted,PASS
TABLES_V2_1/Supplementary_Table_S2.csv,"16473475891142472,0.3258734814635898,0.2143762502949238,0.4415489769209107,0.22717272662598692,0.29049068785040427,0.35058833388603805,10000,20260803 No-smoothing PCC,Br",0.22717272662598692,0.22717272662598692,source authority recorded by deterministic builder,exact rendered token; core floats additionally regression-asserted,PASS
TABLES_V2_1/Supplementary_Table_S2.csv,"3258734814635898,0.2143762502949238,0.4415489769209107,0.22717272662598692,0.29049068785040427,0.35058833388603805,10000,20260803 No-smoothing PCC,Brier,113,0.0025827483",0.29049068785040427,0.29049068785040427,source authority recorded by deterministic builder,exact rendered token; core floats additionally regression-asserted,PASS
TABLES_V2_1/Supplementary_Table_S2.csv,"143762502949238,0.4415489769209107,0.22717272662598692,0.29049068785040427,0.35058833388603805,10000,20260803 No-smoothing PCC,Brier,113,0.0025827483372998622,0.00401102",0.35058833388603805,0.35058833388603805,source authority recorded by deterministic builder,exact rendered token; core floats additionally regression-asserted,PASS
TABLES_V2_1/Supplementary_Table_S2.csv,"15489769209107,0.22717272662598692,0.29049068785040427,0.35058833388603805,10000,20260803 No-smoothing PCC,Brier,113,0.0025827483372998622,0.00401102014336",10000,10000,source authority recorded by deterministic builder,exact rendered token; core floats additionally regression-asserted,PASS
TABLES_V2_1/Supplementary_Table_S2.csv,"69209107,0.22717272662598692,0.29049068785040427,0.35058833388603805,10000,20260803 No-smoothing PCC,Brier,113,0.0025827483372998622,0.004011020143365503,0.00",20260803,20260803,source authority recorded by deterministic builder,exact rendered token; core floats additionally regression-asserted,PASS
TABLES_V2_1/Supplementary_Table_S2.csv,"9049068785040427,0.35058833388603805,10000,20260803 No-smoothing PCC,Brier,113,0.0025827483372998622,0.004011020143365503,0.0012057733558566,0.0005939081",113,113,source authority recorded by deterministic builder,exact rendered token; core floats additionally regression-asserted,PASS
TABLES_V2_1/Supplementary_Table_S2.csv,"068785040427,0.35058833388603805,10000,20260803 No-smoothing PCC,Brier,113,0.0025827483372998622,0.004011020143365503,0.0012057733558566,0.0005939081473493,0.0024987612526",0.0025827483372998622,0.0025827483372998622,source authority recorded by deterministic builder,exact rendered token; core floats additionally regression-asserted,PASS
TABLES_V2_1/Supplementary_Table_S2.csv,"3388603805,10000,20260803 No-smoothing PCC,Brier,113,0.0025827483372998622,0.004011020143365503,0.0012057733558566,0.0005939081473493,0.002498761252655,0.0019048531053057",0.004011020143365503,0.004011020143365503,source authority recorded by deterministic builder,exact rendered token; core floats additionally regression-asserted,PASS
TABLES_V2_1/Supplementary_Table_S2.csv,"0803 No-smoothing PCC,Brier,113,0.0025827483372998622,0.004011020143365503,0.0012057733558566,0.0005939081473493,0.002498761252655,0.0019048531053057001,0.0019130455950",0.0012057733558566,0.0012057733558566,source authority recorded by deterministic builder,exact rendered token; core floats additionally regression-asserted,PASS
TABLES_V2_1/Supplementary_Table_S2.csv,"CC,Brier,113,0.0025827483372998622,0.004011020143365503,0.0012057733558566,0.0005939081473493,0.002498761252655,0.0019048531053057001,0.001913045595018462,0.00338774143",0.0005939081473493,0.0005939081473493,source authority recorded by deterministic builder,exact rendered token; core floats additionally regression-asserted,PASS
TABLES_V2_1/Supplementary_Table_S2.csv,"827483372998622,0.004011020143365503,0.0012057733558566,0.0005939081473493,0.002498761252655,0.0019048531053057001,0.001913045595018462,0.0033877414396320553,10000,202",0.002498761252655,0.002498761252655,source authority recorded by deterministic builder,exact rendered token; core floats additionally regression-asserted,PASS
TABLES_V2_1/Supplementary_Table_S2.csv,"004011020143365503,0.0012057733558566,0.0005939081473493,0.002498761252655,0.0019048531053057001,0.001913045595018462,0.0033877414396320553,10000,20260803 No-smoothing PCC",0.0019048531053057001,0.0019048531053057001,source authority recorded by deterministic builder,exact rendered token; core floats additionally regression-asserted,PASS
TABLES_V2_1/Supplementary_Table_S2.csv,"012057733558566,0.0005939081473493,0.002498761252655,0.0019048531053057001,0.001913045595018462,0.0033877414396320553,10000,20260803 No-smoothing PCC,average_precision,11",0.001913045595018462,0.001913045595018462,source authority recorded by deterministic builder,exact rendered token; core floats additionally regression-asserted,PASS
TABLES_V2_1/Supplementary_Table_S2.csv,"5939081473493,0.002498761252655,0.0019048531053057001,0.001913045595018462,0.0033877414396320553,10000,20260803 No-smoothing PCC,average_precision,113,0.6473279573040465,0",0.0033877414396320553,0.0033877414396320553,source authority recorded by deterministic builder,exact rendered token; core floats additionally regression-asserted,PASS
TABLES_V2_1/Supplementary_Table_S2.csv,"761252655,0.0019048531053057001,0.001913045595018462,0.0033877414396320553,10000,20260803 No-smoothing PCC,average_precision,113,0.6473279573040465,0.19877",10000,10000,source authority recorded by deterministic builder,exact rendered token; core floats additionally regression-asserted,PASS
TABLES_V2_1/Supplementary_Table_S2.csv,"655,0.0019048531053057001,0.001913045595018462,0.0033877414396320553,10000,20260803 No-smoothing PCC,average_precision,113,0.6473279573040465,0.19877701117705",20260803,20260803,source authority recorded by deterministic builder,exact rendered token; core floats additionally regression-asserted,PASS
TABLES_V2_1/Supplementary_Table_S2.csv,"62,0.0033877414396320553,10000,20260803 No-smoothing PCC,average_precision,113,0.6473279573040465,0.19877701117705623,0.6639420594536367,0.53255900733654",113,113,source authority recorded by deterministic builder,exact rendered token; core floats additionally regression-asserted,PASS
TABLES_V2_1/Supplementary_Table_S2.csv,".0033877414396320553,10000,20260803 No-smoothing PCC,average_precision,113,0.6473279573040465,0.19877701117705623,0.6639420594536367,0.5325590073365468,0.81123208622258",0.6473279573040465,0.6473279573040465,source authority recorded by deterministic builder,exact rendered token; core floats additionally regression-asserted,PASS
TABLES_V2_1/Supplementary_Table_S2.csv,"3,10000,20260803 No-smoothing PCC,average_precision,113,0.6473279573040465,0.19877701117705623,0.6639420594536367,0.5325590073365468,0.8112320862225844,0.278673078886037",0.19877701117705623,0.19877701117705623,source authority recorded by deterministic builder,exact rendered token; core floats additionally regression-asserted,PASS
TABLES_V2_1/Supplementary_Table_S2.csv,"smoothing PCC,average_precision,113,0.6473279573040465,0.19877701117705623,0.6639420594536367,0.5325590073365468,0.8112320862225844,0.27867307888603754,0.61073175425287",0.6639420594536367,0.6639420594536367,source authority recorded by deterministic builder,exact rendered token; core floats additionally regression-asserted,PASS
TABLES_V2_1/Supplementary_Table_S2.csv,"ge_precision,113,0.6473279573040465,0.19877701117705623,0.6639420594536367,0.5325590073365468,0.8112320862225844,0.27867307888603754,0.6107317542528754,0.68252888891155",0.5325590073365468,0.5325590073365468,source authority recorded by deterministic builder,exact rendered token; core floats additionally regression-asserted,PASS
TABLES_V2_1/Supplementary_Table_S2.csv,"6473279573040465,0.19877701117705623,0.6639420594536367,0.5325590073365468,0.8112320862225844,0.27867307888603754,0.6107317542528754,0.6825288889115569,10000,20260803 ",0.8112320862225844,0.8112320862225844,source authority recorded by deterministic builder,exact rendered token; core floats additionally regression-asserted,PASS
TABLES_V2_1/Supplementary_Table_S2.csv,"19877701117705623,0.6639420594536367,0.5325590073365468,0.8112320862225844,0.27867307888603754,0.6107317542528754,0.6825288889115569,10000,20260803 ",0.27867307888603754,0.27867307888603754,source authority recorded by deterministic builder,exact rendered token; core floats additionally regression-asserted,PASS
TABLES_V2_1/Supplementary_Table_S2.csv,"6639420594536367,0.5325590073365468,0.8112320862225844,0.27867307888603754,0.6107317542528754,0.6825288889115569,10000,20260803 ",0.6107317542528754,0.6107317542528754,source authority recorded by deterministic builder,exact rendered token; core floats additionally regression-asserted,PASS
TABLES_V2_1/Supplementary_Table_S2.csv,"5325590073365468,0.8112320862225844,0.27867307888603754,0.6107317542528754,0.6825288889115569,10000,20260803 ",0.6825288889115569,0.6825288889115569,source authority recorded by deterministic builder,exact rendered token; core floats additionally regression-asserted,PASS
TABLES_V2_1/Supplementary_Table_S2.csv,"8112320862225844,0.27867307888603754,0.6107317542528754,0.6825288889115569,10000,20260803 ",10000,10000,source authority recorded by deterministic builder,exact rendered token; core floats additionally regression-asserted,PASS
TABLES_V2_1/Supplementary_Table_S2.csv,"0862225844,0.27867307888603754,0.6107317542528754,0.6825288889115569,10000,20260803 ",20260803,20260803,source authority recorded by deterministic builder,exact rendered token; core floats additionally regression-asserted,PASS
TABLES_V2_1/Supplementary_Table_S3.csv,"method,metric,n,mean,SD,median,Q1,Q3,IQR,bootstrap_95ci_low,bootstrap_95ci_high,bootstrap_replicates,bootstrap_seed,secondary_pa",95,95,source authority recorded by deterministic builder,exact rendered token; core floats additionally regression-asserted,PASS
TABLES_V2_1/Supplementary_Table_S3.csv,"method,metric,n,mean,SD,median,Q1,Q3,IQR,bootstrap_95ci_low,bootstrap_95ci_high,bootstrap_replicates,bootstrap_seed,secondary_pairwise_inference Fi",95,95,source authority recorded by deterministic builder,exact rendered token; core floats additionally regression-asserted,PASS
TABLES_V2_1/Supplementary_Table_S3.csv,"ootstrap_replicates,bootstrap_seed,secondary_pairwise_inference Fixed,Dice_0.5,39,0.18950017890741766,0.13181373260495102,0.1810851082478745,0.0810113486",0.5,0.5,source authority recorded by deterministic builder,exact rendered token; core floats additionally regression-asserted,PASS
TABLES_V2_1/Supplementary_Table_S3.csv,"trap_replicates,bootstrap_seed,secondary_pairwise_inference Fixed,Dice_0.5,39,0.18950017890741766,0.13181373260495102,0.1810851082478745,0.0810113486919",39,39,source authority recorded by deterministic builder,exact rendered token; core floats additionally regression-asserted,PASS
TABLES_V2_1/Supplementary_Table_S3.csv,"p_replicates,bootstrap_seed,secondary_pairwise_inference Fixed,Dice_0.5,39,0.18950017890741766,0.13181373260495102,0.1810851082478745,0.08101134869194154,0.2697179531632",0.18950017890741766,0.18950017890741766,source authority recorded by deterministic builder,exact rendered token; core floats additionally regression-asserted,PASS
TABLES_V2_1/Supplementary_Table_S3.csv,"ap_seed,secondary_pairwise_inference Fixed,Dice_0.5,39,0.18950017890741766,0.13181373260495102,0.1810851082478745,0.08101134869194154,0.2697179531632183,0.18870660447127",0.13181373260495102,0.13181373260495102,source authority recorded by deterministic builder,exact rendered token; core floats additionally regression-asserted,PASS
TABLES_V2_1/Supplementary_Table_S3.csv,"irwise_inference Fixed,Dice_0.5,39,0.18950017890741766,0.13181373260495102,0.1810851082478745,0.08101134869194154,0.2697179531632183,0.18870660447127674,0.1489506163679",0.1810851082478745,0.1810851082478745,source authority recorded by deterministic builder,exact rendered token; core floats additionally regression-asserted,PASS
TABLES_V2_1/Supplementary_Table_S3.csv,"xed,Dice_0.5,39,0.18950017890741766,0.13181373260495102,0.1810851082478745,0.08101134869194154,0.2697179531632183,0.18870660447127674,0.14895061636799545,0.2306489817870",0.08101134869194154,0.08101134869194154,source authority recorded by deterministic builder,exact rendered token; core floats additionally regression-asserted,PASS
TABLES_V2_1/Supplementary_Table_S3.csv,"950017890741766,0.13181373260495102,0.1810851082478745,0.08101134869194154,0.2697179531632183,0.18870660447127674,0.14895061636799545,0.23064898178709717,10000,20260810",0.2697179531632183,0.2697179531632183,source authority recorded by deterministic builder,exact rendered token; core floats additionally regression-asserted,PASS
TABLES_V2_1/Supplementary_Table_S3.csv,"3181373260495102,0.1810851082478745,0.08101134869194154,0.2697179531632183,0.18870660447127674,0.14895061636799545,0.23064898178709717,10000,20260810,NOT_PRELOCKED_NOT_R",0.18870660447127674,0.18870660447127674,source authority recorded by deterministic builder,exact rendered token; core floats additionally regression-asserted,PASS
TABLES_V2_1/Supplementary_Table_S3.csv,"810851082478745,0.08101134869194154,0.2697179531632183,0.18870660447127674,0.14895061636799545,0.23064898178709717,10000,20260810,NOT_PRELOCKED_NOT_RUN Fixed,IoU_0.5,39,",0.14895061636799545,0.14895061636799545,source authority recorded by deterministic builder,exact rendered token; core floats additionally regression-asserted,PASS
TABLES_V2_1/Supplementary_Table_S3.csv,"101134869194154,0.2697179531632183,0.18870660447127674,0.14895061636799545,0.23064898178709717,10000,20260810,NOT_PRELOCKED_NOT_RUN Fixed,IoU_0.5,39,0.11054095941779987,",0.23064898178709717,0.23064898178709717,source authority recorded by deterministic builder,exact rendered token; core floats additionally regression-asserted,PASS
TABLES_V2_1/Supplementary_Table_S3.csv,"97179531632183,0.18870660447127674,0.14895061636799545,0.23064898178709717,10000,20260810,NOT_PRELOCKED_NOT_RUN Fixed,IoU_0.5,39,0.11054095941779987,0.0830",10000,10000,source authority recorded by deterministic builder,exact rendered token; core floats additionally regression-asserted,PASS
TABLES_V2_1/Supplementary_Table_S3.csv,"31632183,0.18870660447127674,0.14895061636799545,0.23064898178709717,10000,20260810,NOT_PRELOCKED_NOT_RUN Fixed,IoU_0.5,39,0.11054095941779987,0.0830111565113",20260810,20260810,source authority recorded by deterministic builder,exact rendered token; core floats additionally regression-asserted,PASS
TABLES_V2_1/Supplementary_Table_S3.csv,"6799545,0.23064898178709717,10000,20260810,NOT_PRELOCKED_NOT_RUN Fixed,IoU_0.5,39,0.11054095941779987,0.08301115651137661,0.09955666923670008,0.042222157",0.5,0.5,source authority recorded by deterministic builder,exact rendered token; core floats additionally regression-asserted,PASS
TABLES_V2_1/Supplementary_Table_S3.csv,"545,0.23064898178709717,10000,20260810,NOT_PRELOCKED_NOT_RUN Fixed,IoU_0.5,39,0.11054095941779987,0.08301115651137661,0.09955666923670008,0.042222157682",39,39,source authority recorded by deterministic builder,exact rendered token; core floats additionally regression-asserted,PASS
TABLES_V2_1/Supplementary_Table_S3.csv,",0.23064898178709717,10000,20260810,NOT_PRELOCKED_NOT_RUN Fixed,IoU_0.5,39,0.11054095941779987,0.08301115651137661,0.09955666923670008,0.042222157682522424,0.15589351719",0.11054095941779987,0.11054095941779987,source authority recorded by deterministic builder,exact rendered token; core floats additionally regression-asserted,PASS
TABLES_V2_1/Supplementary_Table_S3.csv,",10000,20260810,NOT_PRELOCKED_NOT_RUN Fixed,IoU_0.5,39,0.11054095941779987,0.08301115651137661,0.09955666923670008,0.042222157682522424,0.1558935171991167,0.113671359516",0.08301115651137661,0.08301115651137661,source authority recorded by deterministic builder,exact rendered token; core floats additionally regression-asserted,PASS
TABLES_V2_1/Supplementary_Table_S3.csv,"PRELOCKED_NOT_RUN Fixed,IoU_0.5,39,0.11054095941779987,0.08301115651137661,0.09955666923670008,0.042222157682522424,0.1558935171991167,0.11367135951659428,0.085063115380",0.09955666923670008,0.09955666923670008,source authority recorded by deterministic builder,exact rendered token; core floats additionally regression-asserted,PASS
TABLES_V2_1/Supplementary_Table_S3.csv,"xed,IoU_0.5,39,0.11054095941779987,0.08301115651137661,0.09955666923670008,0.042222157682522424,0.1558935171991167,0.11367135951659428,0.08506311538024823,0.1364868538167",0.042222157682522424,0.042222157682522424,source authority recorded by deterministic builder,exact rendered token; core floats additionally regression-asserted,PASS
TABLES_V2_1/Supplementary_Table_S3.csv,"4095941779987,0.08301115651137661,0.09955666923670008,0.042222157682522424,0.1558935171991167,0.11367135951659428,0.08506311538024823,0.13648685381671424,10000,20260810",0.1558935171991167,0.1558935171991167,source authority recorded by deterministic builder,exact rendered token; core floats additionally regression-asserted,PASS
TABLES_V2_1/Supplementary_Table_S3.csv,"01115651137661,0.09955666923670008,0.042222157682522424,0.1558935171991167,0.11367135951659428,0.08506311538024823,0.13648685381671424,10000,20260810,NOT_PRELOCKED_NOT_R",0.11367135951659428,0.11367135951659428,source authority recorded by deterministic builder,exact rendered token; core floats additionally regression-asserted,PASS
TABLES_V2_1/Supplementary_Table_S3.csv,"55666923670008,0.042222157682522424,0.1558935171991167,0.11367135951659428,0.08506311538024823,0.13648685381671424,10000,20260810,NOT_PRELOCKED_NOT_RUN Fixed,soft_Dice,3",0.08506311538024823,0.08506311538024823,source authority recorded by deterministic builder,exact rendered token; core floats additionally regression-asserted,PASS
TABLES_V2_1/Supplementary_Table_S3.csv,"222157682522424,0.1558935171991167,0.11367135951659428,0.08506311538024823,0.13648685381671424,10000,20260810,NOT_PRELOCKED_NOT_RUN Fixed,soft_Dice,39,0.1511701565526571",0.13648685381671424,0.13648685381671424,source authority recorded by deterministic builder,exact rendered token; core floats additionally regression-asserted,PASS
TABLES_V2_1/Supplementary_Table_S3.csv,"58935171991167,0.11367135951659428,0.08506311538024823,0.13648685381671424,10000,20260810,NOT_PRELOCKED_NOT_RUN Fixed,soft_Dice,39,0.1511701565526571,0.106",10000,10000,source authority recorded by deterministic builder,exact rendered token; core floats additionally regression-asserted,PASS
TABLES_V2_1/Supplementary_Table_S3.csv,"71991167,0.11367135951659428,0.08506311538024823,0.13648685381671424,10000,20260810,NOT_PRELOCKED_NOT_RUN Fixed,soft_Dice,39,0.1511701565526571,0.106434838113",20260810,20260810,source authority recorded by deterministic builder,exact rendered token; core floats additionally regression-asserted,PASS
TABLES_V2_1/Supplementary_Table_S3.csv,"3,0.13648685381671424,10000,20260810,NOT_PRELOCKED_NOT_RUN Fixed,soft_Dice,39,0.1511701565526571,0.10643483811300757,0.14559822823352356,0.0603497540913",39,39,source authority recorded by deterministic builder,exact rendered token; core floats additionally regression-asserted,PASS
TABLES_V2_1/Supplementary_Table_S3.csv,".13648685381671424,10000,20260810,NOT_PRELOCKED_NOT_RUN Fixed,soft_Dice,39,0.1511701565526571,0.10643483811300757,0.14559822823352356,0.060349754091331254,0.22688237485",0.1511701565526571,0.1511701565526571,source authority recorded by deterministic builder,exact rendered token; core floats additionally regression-asserted,PASS
TABLES_V2_1/Supplementary_Table_S3.csv,"10000,20260810,NOT_PRELOCKED_NOT_RUN Fixed,soft_Dice,39,0.1511701565526571,0.10643483811300757,0.14559822823352356,0.060349754091331254,0.22688237485507257,0.16653262076",0.10643483811300757,0.10643483811300757,source authority recorded by deterministic builder,exact rendered token; core floats additionally regression-asserted,PASS
TABLES_V2_1/Supplementary_Table_S3.csv,"RELOCKED_NOT_RUN Fixed,soft_Dice,39,0.1511701565526571,0.10643483811300757,0.14559822823352356,0.060349754091331254,0.22688237485507257,0.1665326207637413,0.118158255901",0.14559822823352356,0.14559822823352356,source authority recorded by deterministic builder,exact rendered token; core floats additionally regression-asserted,PASS
TABLES_V2_1/Supplementary_Table_S3.csv,"ed,soft_Dice,39,0.1511701565526571,0.10643483811300757,0.14559822823352356,0.060349754091331254,0.22688237485507257,0.1665326207637413,0.11815825590103143,0.1838137722693",0.060349754091331254,0.060349754091331254,source authority recorded by deterministic builder,exact rendered token; core floats additionally regression-asserted,PASS
TABLES_V2_1/Supplementary_Table_S3.csv,"1701565526571,0.10643483811300757,0.14559822823352356,0.060349754091331254,0.22688237485507257,0.1665326207637413,0.11815825590103143,0.18381377226935386,10000,20260810,",0.22688237485507257,0.22688237485507257,source authority recorded by deterministic builder,exact rendered token; core floats additionally regression-asserted,PASS
TABLES_V2_1/Supplementary_Table_S3.csv,"3483811300757,0.14559822823352356,0.060349754091331254,0.22688237485507257,0.1665326207637413,0.11815825590103143,0.18381377226935386,10000,20260810,NOT_PRELOCKED_NOT_R",0.1665326207637413,0.1665326207637413,source authority recorded by deterministic builder,exact rendered token; core floats additionally regression-asserted,PASS
TABLES_V2_1/Supplementary_Table_S3.csv,"59822823352356,0.060349754091331254,0.22688237485507257,0.1665326207637413,0.11815825590103143,0.18381377226935386,10000,20260810,NOT_PRELOCKED_NOT_RUN Fixed,Brier,39,0.",0.11815825590103143,0.11815825590103143,source authority recorded by deterministic builder,exact rendered token; core floats additionally regression-asserted,PASS
TABLES_V2_1/Supplementary_Table_S3.csv,"349754091331254,0.22688237485507257,0.1665326207637413,0.11815825590103143,0.18381377226935386,10000,20260810,NOT_PRELOCKED_NOT_RUN Fixed,Brier,39,0.00928385394496658,0.",0.18381377226935386,0.18381377226935386,source authority recorded by deterministic builder,exact rendered token; core floats additionally regression-asserted,PASS
TABLES_V2_1/Supplementary_Table_S3.csv,"688237485507257,0.1665326207637413,0.11815825590103143,0.18381377226935386,10000,20260810,NOT_PRELOCKED_NOT_RUN Fixed,Brier,39,0.00928385394496658,0.004699",10000,10000,source authority recorded by deterministic builder,exact rendered token; core floats additionally regression-asserted,PASS
TABLES_V2_1/Supplementary_Table_S3.csv,"485507257,0.1665326207637413,0.11815825590103143,0.18381377226935386,10000,20260810,NOT_PRELOCKED_NOT_RUN Fixed,Brier,39,0.00928385394496658,0.004699054631702",20260810,20260810,source authority recorded by deterministic builder,exact rendered token; core floats additionally regression-asserted,PASS
TABLES_V2_1/Supplementary_Table_S3.csv,"03143,0.18381377226935386,10000,20260810,NOT_PRELOCKED_NOT_RUN Fixed,Brier,39,0.00928385394496658,0.004699054631702887,0.00763471577763848,0.00545406254",39,39,source authority recorded by deterministic builder,exact rendered token; core floats additionally regression-asserted,PASS
TABLES_V2_1/Supplementary_Table_S3.csv,"43,0.18381377226935386,10000,20260810,NOT_PRELOCKED_NOT_RUN Fixed,Brier,39,0.00928385394496658,0.004699054631702887,0.00763471577763848,0.005454062546636181,0.0123932735",0.00928385394496658,0.00928385394496658,source authority recorded by deterministic builder,exact rendered token; core floats additionally regression-asserted,PASS
TABLES_V2_1/Supplementary_Table_S3.csv,"86,10000,20260810,NOT_PRELOCKED_NOT_RUN Fixed,Brier,39,0.00928385394496658,0.004699054631702887,0.00763471577763848,0.005454062546636181,0.012393273554356071,0.0069392110",0.004699054631702887,0.004699054631702887,source authority recorded by deterministic builder,exact rendered token; core floats additionally regression-asserted,PASS
TABLES_V2_1/Supplementary_Table_S3.csv,"_PRELOCKED_NOT_RUN Fixed,Brier,39,0.00928385394496658,0.004699054631702887,0.00763471577763848,0.005454062546636181,0.012393273554356071,0.0069392110077198905,0.00785386",0.00763471577763848,0.00763471577763848,source authority recorded by deterministic builder,exact rendered token; core floats additionally regression-asserted,PASS
TABLES_V2_1/Supplementary_Table_S3.csv,"ixed,Brier,39,0.00928385394496658,0.004699054631702887,0.00763471577763848,0.005454062546636181,0.012393273554356071,0.0069392110077198905,0.007853867516342344,0.01076272",0.005454062546636181,0.005454062546636181,source authority recorded by deterministic builder,exact rendered token; core floats additionally regression-asserted,PASS
TABLES_V2_1/Supplementary_Table_S3.csv,"385394496658,0.004699054631702887,0.00763471577763848,0.005454062546636181,0.012393273554356071,0.0069392110077198905,0.007853867516342344,0.010762726458749315,10000,2026",0.012393273554356071,0.012393273554356071,source authority recorded by deterministic builder,exact rendered token; core floats additionally regression-asserted,PASS
TABLES_V2_1/Supplementary_Table_S3.csv,"054631702887,0.00763471577763848,0.005454062546636181,0.012393273554356071,0.0069392110077198905,0.007853867516342344,0.010762726458749315,10000,20260810,NOT_PRELOCKED_NOT",0.0069392110077198905,0.0069392110077198905,source authority recorded by deterministic builder,exact rendered token; core floats additionally regression-asserted,PASS
TABLES_V2_1/Supplementary_Table_S3.csv,"1577763848,0.005454062546636181,0.012393273554356071,0.0069392110077198905,0.007853867516342344,0.010762726458749315,10000,20260810,NOT_PRELOCKED_NOT_RUN Fixed,average_pr",0.007853867516342344,0.007853867516342344,source authority recorded by deterministic builder,exact rendered token; core floats additionally regression-asserted,PASS
TABLES_V2_1/Supplementary_Table_S3.csv,"2546636181,0.012393273554356071,0.0069392110077198905,0.007853867516342344,0.010762726458749315,10000,20260810,NOT_PRELOCKED_NOT_RUN Fixed,average_precision,39,0.15306246",0.010762726458749315,0.010762726458749315,source authority recorded by deterministic builder,exact rendered token; core floats additionally regression-asserted,PASS
TABLES_V2_1/Supplementary_Table_S3.csv,"3554356071,0.0069392110077198905,0.007853867516342344,0.010762726458749315,10000,20260810,NOT_PRELOCKED_NOT_RUN Fixed,average_precision,39,0.15306246406098",10000,10000,source authority recorded by deterministic builder,exact rendered token; core floats additionally regression-asserted,PASS
TABLES_V2_1/Supplementary_Table_S3.csv,"6071,0.0069392110077198905,0.007853867516342344,0.010762726458749315,10000,20260810,NOT_PRELOCKED_NOT_RUN Fixed,average_precision,39,0.1530624640609824,0.1213",20260810,20260810,source authority recorded by deterministic builder,exact rendered token; core floats additionally regression-asserted,PASS
TABLES_V2_1/Supplementary_Table_S3.csv,"2726458749315,10000,20260810,NOT_PRELOCKED_NOT_RUN Fixed,average_precision,39,0.1530624640609824,0.1213144906077636,0.14168728737955094,0.04085305084152",39,39,source authority recorded by deterministic builder,exact rendered token; core floats additionally regression-asserted,PASS
TABLES_V2_1/Supplementary_Table_S3.csv,"6458749315,10000,20260810,NOT_PRELOCKED_NOT_RUN Fixed,average_precision,39,0.1530624640609824,0.1213144906077636,0.14168728737955094,0.04085305084152732,0.2386567693719",0.1530624640609824,0.1530624640609824,source authority recorded by deterministic builder,exact rendered token; core floats additionally regression-asserted,PASS
TABLES_V2_1/Supplementary_Table_S3.csv,"260810,NOT_PRELOCKED_NOT_RUN Fixed,average_precision,39,0.1530624640609824,0.1213144906077636,0.14168728737955094,0.04085305084152732,0.23865676937197935,0.197803718530",0.1213144906077636,0.1213144906077636,source authority recorded by deterministic builder,exact rendered token; core floats additionally regression-asserted,PASS
TABLES_V2_1/Supplementary_Table_S3.csv,"D_NOT_RUN Fixed,average_precision,39,0.1530624640609824,0.1213144906077636,0.14168728737955094,0.04085305084152732,0.23865676937197935,0.19780371853045203,0.116151446341",0.14168728737955094,0.14168728737955094,source authority recorded by deterministic builder,exact rendered token; core floats additionally regression-asserted,PASS
TABLES_V2_1/Supplementary_Table_S3.csv,"age_precision,39,0.1530624640609824,0.1213144906077636,0.14168728737955094,0.04085305084152732,0.23865676937197935,0.19780371853045203,0.11615144634123438,0.191019984759",0.04085305084152732,0.04085305084152732,source authority recorded by deterministic builder,exact rendered token; core floats additionally regression-asserted,PASS
TABLES_V2_1/Supplementary_Table_S3.csv,"530624640609824,0.1213144906077636,0.14168728737955094,0.04085305084152732,0.23865676937197935,0.19780371853045203,0.11615144634123438,0.1910199847596164,10000,20260810,",0.23865676937197935,0.23865676937197935,source authority recorded by deterministic builder,exact rendered token; core floats additionally regression-asserted,PASS
TABLES_V2_1/Supplementary_Table_S3.csv,"13144906077636,0.14168728737955094,0.04085305084152732,0.23865676937197935,0.19780371853045203,0.11615144634123438,0.1910199847596164,10000,20260810,NOT_PRELOCKED_NOT_RU",0.19780371853045203,0.19780371853045203,source authority recorded by deterministic builder,exact rendered token; core floats additionally regression-asserted,PASS
TABLES_V2_1/Supplementary_Table_S3.csv,"68728737955094,0.04085305084152732,0.23865676937197935,0.19780371853045203,0.11615144634123438,0.1910199847596164,10000,20260810,NOT_PRELOCKED_NOT_RUN Full PCC,Dice_0.5,",0.11615144634123438,0.11615144634123438,source authority recorded by deterministic builder,exact rendered token; core floats additionally regression-asserted,PASS
TABLES_V2_1/Supplementary_Table_S3.csv,"85305084152732,0.23865676937197935,0.19780371853045203,0.11615144634123438,0.1910199847596164,10000,20260810,NOT_PRELOCKED_NOT_RUN Full PCC,Dice_0.5,39,0.36542690071149",0.1910199847596164,0.1910199847596164,source authority recorded by deterministic builder,exact rendered token; core floats additionally regression-asserted,PASS
TABLES_V2_1/Supplementary_Table_S3.csv,"865676937197935,0.19780371853045203,0.11615144634123438,0.1910199847596164,10000,20260810,NOT_PRELOCKED_NOT_RUN Full PCC,Dice_0.5,39,0.36542690071149336,0.",10000,10000,source authority recorded by deterministic builder,exact rendered token; core floats additionally regression-asserted,PASS
TABLES_V2_1/Supplementary_Table_S3.csv,"937197935,0.19780371853045203,0.11615144634123438,0.1910199847596164,10000,20260810,NOT_PRELOCKED_NOT_RUN Full PCC,Dice_0.5,39,0.36542690071149336,0.187710120",20260810,20260810,source authority recorded by deterministic builder,exact rendered token; core floats additionally regression-asserted,PASS
TABLES_V2_1/Supplementary_Table_S3.csv,"3438,0.1910199847596164,10000,20260810,NOT_PRELOCKED_NOT_RUN Full PCC,Dice_0.5,39,0.36542690071149336,0.1877101209161402,0.39133898182344845,0.2291451240",0.5,0.5,source authority recorded by deterministic builder,exact rendered token; core floats additionally regression-asserted,PASS
TABLES_V2_1/Supplementary_Table_S3.csv,",0.1910199847596164,10000,20260810,NOT_PRELOCKED_NOT_RUN Full PCC,Dice_0.5,39,0.36542690071149336,0.1877101209161402,0.39133898182344845,0.2291451240221",39,39,source authority recorded by deterministic builder,exact rendered token; core floats additionally regression-asserted,PASS
TABLES_V2_1/Supplementary_Table_S3.csv,"1910199847596164,10000,20260810,NOT_PRELOCKED_NOT_RUN Full PCC,Dice_0.5,39,0.36542690071149336,0.1877101209161402,0.39133898182344845,0.22914512402212117,0.5174705877862",0.36542690071149336,0.36542690071149336,source authority recorded by deterministic builder,exact rendered token; core floats additionally regression-asserted,PASS
TABLES_V2_1/Supplementary_Table_S3.csv,"00,20260810,NOT_PRELOCKED_NOT_RUN Full PCC,Dice_0.5,39,0.36542690071149336,0.1877101209161402,0.39133898182344845,0.22914512402212117,0.5174705877862634,0.2883254637641",0.1877101209161402,0.1877101209161402,source authority recorded by deterministic builder,exact rendered token; core floats additionally regression-asserted,PASS
TABLES_V2_1/Supplementary_Table_S3.csv,"LOCKED_NOT_RUN Full PCC,Dice_0.5,39,0.36542690071149336,0.1877101209161402,0.39133898182344845,0.22914512402212117,0.5174705877862634,0.28832546376414225,0.3064111495341",0.39133898182344845,0.39133898182344845,source authority recorded by deterministic builder,exact rendered token; core floats additionally regression-asserted,PASS
TABLES_V2_1/Supplementary_Table_S3.csv,"PCC,Dice_0.5,39,0.36542690071149336,0.1877101209161402,0.39133898182344845,0.22914512402212117,0.5174705877862634,0.28832546376414225,0.30641114953412724,0.4213923901573",0.22914512402212117,0.22914512402212117,source authority recorded by deterministic builder,exact rendered token; core floats additionally regression-asserted,PASS
TABLES_V2_1/Supplementary_Table_S3.csv,"542690071149336,0.1877101209161402,0.39133898182344845,0.22914512402212117,0.5174705877862634,0.28832546376414225,0.30641114953412724,0.42139239015738184,10000,20260810",0.5174705877862634,0.5174705877862634,source authority recorded by deterministic builder,exact rendered token; core floats additionally regression-asserted,PASS
TABLES_V2_1/Supplementary_Table_S3.csv,"877101209161402,0.39133898182344845,0.22914512402212117,0.5174705877862634,0.28832546376414225,0.30641114953412724,0.42139239015738184,10000,20260810,NOT_PRELOCKED_NOT_R",0.28832546376414225,0.28832546376414225,source authority recorded by deterministic builder,exact rendered token; core floats additionally regression-asserted,PASS
TABLES_V2_1/Supplementary_Table_S3.csv,"133898182344845,0.22914512402212117,0.5174705877862634,0.28832546376414225,0.30641114953412724,0.42139239015738184,10000,20260810,NOT_PRELOCKED_NOT_RUN Full PCC,IoU_0.5,",0.30641114953412724,0.30641114953412724,source authority recorded by deterministic builder,exact rendered token; core floats additionally regression-asserted,PASS
TABLES_V2_1/Supplementary_Table_S3.csv,"914512402212117,0.5174705877862634,0.28832546376414225,0.30641114953412724,0.42139239015738184,10000,20260810,NOT_PRELOCKED_NOT_RUN Full PCC,IoU_0.5,39,0.238901902199002",0.42139239015738184,0.42139239015738184,source authority recorded by deterministic builder,exact rendered token; core floats additionally regression-asserted,PASS
TABLES_V2_1/Supplementary_Table_S3.csv,"74705877862634,0.28832546376414225,0.30641114953412724,0.42139239015738184,10000,20260810,NOT_PRELOCKED_NOT_RUN Full PCC,IoU_0.5,39,0.23890190219900248,0.1",10000,10000,source authority recorded by deterministic builder,exact rendered token; core floats additionally regression-asserted,PASS
TABLES_V2_1/Supplementary_Table_S3.csv,"77862634,0.28832546376414225,0.30641114953412724,0.42139239015738184,10000,20260810,NOT_PRELOCKED_NOT_RUN Full PCC,IoU_0.5,39,0.23890190219900248,0.1379087123",20260810,20260810,source authority recorded by deterministic builder,exact rendered token; core floats additionally regression-asserted,PASS
TABLES_V2_1/Supplementary_Table_S3.csv,"2724,0.42139239015738184,10000,20260810,NOT_PRELOCKED_NOT_RUN Full PCC,IoU_0.5,39,0.23890190219900248,0.13790871235348484,0.24327000990366435,0.129460132",0.5,0.5,source authority recorded by deterministic builder,exact rendered token; core floats additionally regression-asserted,PASS
TABLES_V2_1/Supplementary_Table_S3.csv,",0.42139239015738184,10000,20260810,NOT_PRELOCKED_NOT_RUN Full PCC,IoU_0.5,39,0.23890190219900248,0.13790871235348484,0.24327000990366435,0.129460132101",39,39,source authority recorded by deterministic builder,exact rendered token; core floats additionally regression-asserted,PASS
TABLES_V2_1/Supplementary_Table_S3.csv,"42139239015738184,10000,20260810,NOT_PRELOCKED_NOT_RUN Full PCC,IoU_0.5,39,0.23890190219900248,0.13790871235348484,0.24327000990366435,0.12946013210166016,0.349064668427",0.23890190219900248,0.23890190219900248,source authority recorded by deterministic builder,exact rendered token; core floats additionally regression-asserted,PASS
TABLES_V2_1/Supplementary_Table_S3.csv,"000,20260810,NOT_PRELOCKED_NOT_RUN Full PCC,IoU_0.5,39,0.23890190219900248,0.13790871235348484,0.24327000990366435,0.12946013210166016,0.3490646684277705,0.2196045363261",0.13790871235348484,0.13790871235348484,source authority recorded by deterministic builder,exact rendered token; core floats additionally regression-asserted,PASS
TABLES_V2_1/Supplementary_Table_S3.csv,"LOCKED_NOT_RUN Full PCC,IoU_0.5,39,0.23890190219900248,0.13790871235348484,0.24327000990366435,0.12946013210166016,0.3490646684277705,0.21960453632611035,0.1958637136371",0.24327000990366435,0.24327000990366435,source authority recorded by deterministic builder,exact rendered token; core floats additionally regression-asserted,PASS
TABLES_V2_1/Supplementary_Table_S3.csv,"PCC,IoU_0.5,39,0.23890190219900248,0.13790871235348484,0.24327000990366435,0.12946013210166016,0.3490646684277705,0.21960453632611035,0.19586371363715865,0.2804642003374",0.12946013210166016,0.12946013210166016,source authority recorded by deterministic builder,exact rendered token; core floats additionally regression-asserted,PASS
TABLES_V2_1/Supplementary_Table_S3.csv,"90190219900248,0.13790871235348484,0.24327000990366435,0.12946013210166016,0.3490646684277705,0.21960453632611035,0.19586371363715865,0.280464200337404,10000,20260810,N",0.3490646684277705,0.3490646684277705,source authority recorded by deterministic builder,exact rendered token; core floats additionally regression-asserted,PASS
TABLES_V2_1/Supplementary_Table_S3.csv,"790871235348484,0.24327000990366435,0.12946013210166016,0.3490646684277705,0.21960453632611035,0.19586371363715865,0.280464200337404,10000,20260810,NOT_PRELOCKED_NOT_RUN",0.21960453632611035,0.21960453632611035,source authority recorded by deterministic builder,exact rendered token; core floats additionally regression-asserted,PASS
TABLES_V2_1/Supplementary_Table_S3.csv,"327000990366435,0.12946013210166016,0.3490646684277705,0.21960453632611035,0.19586371363715865,0.280464200337404,10000,20260810,NOT_PRELOCKED_NOT_RUN Full PCC,soft_Dice,",0.19586371363715865,0.19586371363715865,source authority recorded by deterministic builder,exact rendered token; core floats additionally regression-asserted,PASS
TABLES_V2_1/Supplementary_Table_S3.csv,"946013210166016,0.3490646684277705,0.21960453632611035,0.19586371363715865,0.280464200337404,10000,20260810,NOT_PRELOCKED_NOT_RUN Full PCC,soft_Dice,39,0.2382237312042",0.280464200337404,0.280464200337404,source authority recorded by deterministic builder,exact rendered token; core floats additionally regression-asserted,PASS
TABLES_V2_1/Supplementary_Table_S3.csv,"3490646684277705,0.21960453632611035,0.19586371363715865,0.280464200337404,10000,20260810,NOT_PRELOCKED_NOT_RUN Full PCC,soft_Dice,39,0.23822373120425466,0",10000,10000,source authority recorded by deterministic builder,exact rendered token; core floats additionally regression-asserted,PASS
TABLES_V2_1/Supplementary_Table_S3.csv,"6684277705,0.21960453632611035,0.19586371363715865,0.280464200337404,10000,20260810,NOT_PRELOCKED_NOT_RUN Full PCC,soft_Dice,39,0.23822373120425466,0.14449822",20260810,20260810,source authority recorded by deterministic builder,exact rendered token; core floats additionally regression-asserted,PASS
TABLES_V2_1/Supplementary_Table_S3.csv,",0.280464200337404,10000,20260810,NOT_PRELOCKED_NOT_RUN Full PCC,soft_Dice,39,0.23822373120425466,0.14449822461110426,0.2284472165006823,0.1339598720303",39,39,source authority recorded by deterministic builder,exact rendered token; core floats additionally regression-asserted,PASS
TABLES_V2_1/Supplementary_Table_S3.csv,"280464200337404,10000,20260810,NOT_PRELOCKED_NOT_RUN Full PCC,soft_Dice,39,0.23822373120425466,0.14449822461110426,0.2284472165006823,0.13395987203032744,0.3584749960855",0.23822373120425466,0.23822373120425466,source authority recorded by deterministic builder,exact rendered token; core floats additionally regression-asserted,PASS
TABLES_V2_1/Supplementary_Table_S3.csv,"0,20260810,NOT_PRELOCKED_NOT_RUN Full PCC,soft_Dice,39,0.23822373120425466,0.14449822461110426,0.2284472165006823,0.13395987203032744,0.3584749960855774,0.22451512405524",0.14449822461110426,0.14449822461110426,source authority recorded by deterministic builder,exact rendered token; core floats additionally regression-asserted,PASS
TABLES_V2_1/Supplementary_Table_S3.csv,"CKED_NOT_RUN Full PCC,soft_Dice,39,0.23822373120425466,0.14449822461110426,0.2284472165006823,0.13395987203032744,0.3584749960855774,0.22451512405524998,0.1935150134782",0.2284472165006823,0.2284472165006823,source authority recorded by deterministic builder,exact rendered token; core floats additionally regression-asserted,PASS
TABLES_V2_1/Supplementary_Table_S3.csv,"CC,soft_Dice,39,0.23822373120425466,0.14449822461110426,0.2284472165006823,0.13395987203032744,0.3584749960855774,0.22451512405524998,0.19351501347826133,0.2817220311880",0.13395987203032744,0.13395987203032744,source authority recorded by deterministic builder,exact rendered token; core floats additionally regression-asserted,PASS
TABLES_V2_1/Supplementary_Table_S3.csv,"822373120425466,0.14449822461110426,0.2284472165006823,0.13395987203032744,0.3584749960855774,0.22451512405524998,0.19351501347826133,0.2817220311880662,10000,20260810,",0.3584749960855774,0.3584749960855774,source authority recorded by deterministic builder,exact rendered token; core floats additionally regression-asserted,PASS
TABLES_V2_1/Supplementary_Table_S3.csv,"4449822461110426,0.2284472165006823,0.13395987203032744,0.3584749960855774,0.22451512405524998,0.19351501347826133,0.2817220311880662,10000,20260810,NOT_PRELOCKED_NOT_RU",0.22451512405524998,0.22451512405524998,source authority recorded by deterministic builder,exact rendered token; core floats additionally regression-asserted,PASS
TABLES_V2_1/Supplementary_Table_S3.csv,"284472165006823,0.13395987203032744,0.3584749960855774,0.22451512405524998,0.19351501347826133,0.2817220311880662,10000,20260810,NOT_PRELOCKED_NOT_RUN Full PCC,Brier,39,",0.19351501347826133,0.19351501347826133,source authority recorded by deterministic builder,exact rendered token; core floats additionally regression-asserted,PASS
TABLES_V2_1/Supplementary_Table_S3.csv,"395987203032744,0.3584749960855774,0.22451512405524998,0.19351501347826133,0.2817220311880662,10000,20260810,NOT_PRELOCKED_NOT_RUN Full PCC,Brier,39,0.00645728681519453",0.2817220311880662,0.2817220311880662,source authority recorded by deterministic builder,exact rendered token; core floats additionally regression-asserted,PASS
TABLES_V2_1/Supplementary_Table_S3.csv,"584749960855774,0.22451512405524998,0.19351501347826133,0.2817220311880662,10000,20260810,NOT_PRELOCKED_NOT_RUN Full PCC,Brier,39,0.006457286815194531,0.00",10000,10000,source authority recorded by deterministic builder,exact rendered token; core floats additionally regression-asserted,PASS
TABLES_V2_1/Supplementary_Table_S3.csv,"960855774,0.22451512405524998,0.19351501347826133,0.2817220311880662,10000,20260810,NOT_PRELOCKED_NOT_RUN Full PCC,Brier,39,0.006457286815194531,0.00413205628",20260810,20260810,source authority recorded by deterministic builder,exact rendered token; core floats additionally regression-asserted,PASS
TABLES_V2_1/Supplementary_Table_S3.csv,"133,0.2817220311880662,10000,20260810,NOT_PRELOCKED_NOT_RUN Full PCC,Brier,39,0.006457286815194531,0.004132056289510524,0.005061848430315754,0.003082865",39,39,source authority recorded by deterministic builder,exact rendered token; core floats additionally regression-asserted,PASS
TABLES_V2_1/Supplementary_Table_S3.csv,",0.2817220311880662,10000,20260810,NOT_PRELOCKED_NOT_RUN Full PCC,Brier,39,0.006457286815194531,0.004132056289510524,0.005061848430315754,0.003082865835744779,0.008278781",0.006457286815194531,0.006457286815194531,source authority recorded by deterministic builder,exact rendered token; core floats additionally regression-asserted,PASS
TABLES_V2_1/Supplementary_Table_S3.csv,"0000,20260810,NOT_PRELOCKED_NOT_RUN Full PCC,Brier,39,0.006457286815194531,0.004132056289510524,0.005061848430315754,0.003082865835744779,0.008278781496735547,0.005195915",0.004132056289510524,0.004132056289510524,source authority recorded by deterministic builder,exact rendered token; core floats additionally regression-asserted,PASS
TABLES_V2_1/Supplementary_Table_S3.csv,"LOCKED_NOT_RUN Full PCC,Brier,39,0.006457286815194531,0.004132056289510524,0.005061848430315754,0.003082865835744779,0.008278781496735547,0.005195915660990768,0.005229951",0.005061848430315754,0.005061848430315754,source authority recorded by deterministic builder,exact rendered token; core floats additionally regression-asserted,PASS
TABLES_V2_1/Supplementary_Table_S3.csv,"CC,Brier,39,0.006457286815194531,0.004132056289510524,0.005061848430315754,0.003082865835744779,0.008278781496735547,0.005195915660990768,0.005229951591828816,0.007775123",0.003082865835744779,0.003082865835744779,source authority recorded by deterministic builder,exact rendered token; core floats additionally regression-asserted,PASS
TABLES_V2_1/Supplementary_Table_S3.csv,"86815194531,0.004132056289510524,0.005061848430315754,0.003082865835744779,0.008278781496735547,0.005195915660990768,0.005229951591828816,0.0077751237935871735,10000,2026",0.008278781496735547,0.008278781496735547,source authority recorded by deterministic builder,exact rendered token; core floats additionally regression-asserted,PASS
TABLES_V2_1/Supplementary_Table_S3.csv,"56289510524,0.005061848430315754,0.003082865835744779,0.008278781496735547,0.005195915660990768,0.005229951591828816,0.0077751237935871735,10000,20260810,NOT_PRELOCKED_NO",0.005195915660990768,0.005195915660990768,source authority recorded by deterministic builder,exact rendered token; core floats additionally regression-asserted,PASS
TABLES_V2_1/Supplementary_Table_S3.csv,"48430315754,0.003082865835744779,0.008278781496735547,0.005195915660990768,0.005229951591828816,0.0077751237935871735,10000,20260810,NOT_PRELOCKED_NOT_RUN Full PCC,averag",0.005229951591828816,0.005229951591828816,source authority recorded by deterministic builder,exact rendered token; core floats additionally regression-asserted,PASS
TABLES_V2_1/Supplementary_Table_S3.csv,"65835744779,0.008278781496735547,0.005195915660990768,0.005229951591828816,0.0077751237935871735,10000,20260810,NOT_PRELOCKED_NOT_RUN Full PCC,average_precision,39,0.30931",0.0077751237935871735,0.0077751237935871735,source authority recorded by deterministic builder,exact rendered token; core floats additionally regression-asserted,PASS
TABLES_V2_1/Supplementary_Table_S3.csv,"1496735547,0.005195915660990768,0.005229951591828816,0.0077751237935871735,10000,20260810,NOT_PRELOCKED_NOT_RUN Full PCC,average_precision,39,0.30931369366",10000,10000,source authority recorded by deterministic builder,exact rendered token; core floats additionally regression-asserted,PASS
TABLES_V2_1/Supplementary_Table_S3.csv,"5547,0.005195915660990768,0.005229951591828816,0.0077751237935871735,10000,20260810,NOT_PRELOCKED_NOT_RUN Full PCC,average_precision,39,0.309313693664386,0.19",20260810,20260810,source authority recorded by deterministic builder,exact rendered token; core floats additionally regression-asserted,PASS
TABLES_V2_1/Supplementary_Table_S3.csv,"7935871735,10000,20260810,NOT_PRELOCKED_NOT_RUN Full PCC,average_precision,39,0.309313693664386,0.1903034387517972,0.3213075313687235,0.1503467331332879",39,39,source authority recorded by deterministic builder,exact rendered token; core floats additionally regression-asserted,PASS
TABLES_V2_1/Supplementary_Table_S3.csv,"5871735,10000,20260810,NOT_PRELOCKED_NOT_RUN Full PCC,average_precision,39,0.309313693664386,0.1903034387517972,0.3213075313687235,0.15034673313328795,0.48983804398109",0.309313693664386,0.309313693664386,source authority recorded by deterministic builder,exact rendered token; core floats additionally regression-asserted,PASS
TABLES_V2_1/Supplementary_Table_S3.csv,"0810,NOT_PRELOCKED_NOT_RUN Full PCC,average_precision,39,0.309313693664386,0.1903034387517972,0.3213075313687235,0.15034673313328795,0.489838043981093,0.339491310847805",0.1903034387517972,0.1903034387517972,source authority recorded by deterministic builder,exact rendered token; core floats additionally regression-asserted,PASS
TABLES_V2_1/Supplementary_Table_S3.csv,"NOT_RUN Full PCC,average_precision,39,0.309313693664386,0.1903034387517972,0.3213075313687235,0.15034673313328795,0.489838043981093,0.33949131084780504,0.25021657937664",0.3213075313687235,0.3213075313687235,source authority recorded by deterministic builder,exact rendered token; core floats additionally regression-asserted,PASS
TABLES_V2_1/Supplementary_Table_S3.csv,"erage_precision,39,0.309313693664386,0.1903034387517972,0.3213075313687235,0.15034673313328795,0.489838043981093,0.33949131084780504,0.25021657937664316,0.36763274736412",0.15034673313328795,0.15034673313328795,source authority recorded by deterministic builder,exact rendered token; core floats additionally regression-asserted,PASS
TABLES_V2_1/Supplementary_Table_S3.csv,".309313693664386,0.1903034387517972,0.3213075313687235,0.15034673313328795,0.489838043981093,0.33949131084780504,0.25021657937664316,0.3676327473641208,10000,20260810,",0.489838043981093,0.489838043981093,source authority recorded by deterministic builder,exact rendered token; core floats additionally regression-asserted,PASS
TABLES_V2_1/Supplementary_Table_S3.csv,".1903034387517972,0.3213075313687235,0.15034673313328795,0.489838043981093,0.33949131084780504,0.25021657937664316,0.3676327473641208,10000,20260810,NOT_PRELOCKED_NOT_RU",0.33949131084780504,0.33949131084780504,source authority recorded by deterministic builder,exact rendered token; core floats additionally regression-asserted,PASS
TABLES_V2_1/Supplementary_Table_S3.csv,"3213075313687235,0.15034673313328795,0.489838043981093,0.33949131084780504,0.25021657937664316,0.3676327473641208,10000,20260810,NOT_PRELOCKED_NOT_RUN No-smoothing PCC,D",0.25021657937664316,0.25021657937664316,source authority recorded by deterministic builder,exact rendered token; core floats additionally regression-asserted,PASS
TABLES_V2_1/Supplementary_Table_S3.csv,"5034673313328795,0.489838043981093,0.33949131084780504,0.25021657937664316,0.3676327473641208,10000,20260810,NOT_PRELOCKED_NOT_RUN No-smoothing PCC,Dice_0.5,39,0.451227",0.3676327473641208,0.3676327473641208,source authority recorded by deterministic builder,exact rendered token; core floats additionally regression-asserted,PASS
TABLES_V2_1/Supplementary_Table_S3.csv,"489838043981093,0.33949131084780504,0.25021657937664316,0.3676327473641208,10000,20260810,NOT_PRELOCKED_NOT_RUN No-smoothing PCC,Dice_0.5,39,0.451227277144",10000,10000,source authority recorded by deterministic builder,exact rendered token; core floats additionally regression-asserted,PASS
TABLES_V2_1/Supplementary_Table_S3.csv,"043981093,0.33949131084780504,0.25021657937664316,0.3676327473641208,10000,20260810,NOT_PRELOCKED_NOT_RUN No-smoothing PCC,Dice_0.5,39,0.45122727714465866,0.2",20260810,20260810,source authority recorded by deterministic builder,exact rendered token; core floats additionally regression-asserted,PASS
TABLES_V2_1/Supplementary_Table_S3.csv,"676327473641208,10000,20260810,NOT_PRELOCKED_NOT_RUN No-smoothing PCC,Dice_0.5,39,0.45122727714465866,0.2103476967944721,0.4657538819314243,0.35019353155",0.5,0.5,source authority recorded by deterministic builder,exact rendered token; core floats additionally regression-asserted,PASS
TABLES_V2_1/Supplementary_Table_S3.csv,"27473641208,10000,20260810,NOT_PRELOCKED_NOT_RUN No-smoothing PCC,Dice_0.5,39,0.45122727714465866,0.2103476967944721,0.4657538819314243,0.35019353155385",39,39,source authority recorded by deterministic builder,exact rendered token; core floats additionally regression-asserted,PASS
TABLES_V2_1/Supplementary_Table_S3.csv,"73641208,10000,20260810,NOT_PRELOCKED_NOT_RUN No-smoothing PCC,Dice_0.5,39,0.45122727714465866,0.2103476967944721,0.4657538819314243,0.35019353155385713,0.62010613840849",0.45122727714465866,0.45122727714465866,source authority recorded by deterministic builder,exact rendered token; core floats additionally regression-asserted,PASS
TABLES_V2_1/Supplementary_Table_S3.csv,"810,NOT_PRELOCKED_NOT_RUN No-smoothing PCC,Dice_0.5,39,0.45122727714465866,0.2103476967944721,0.4657538819314243,0.35019353155385713,0.6201061384084978,0.26991260685464",0.2103476967944721,0.2103476967944721,source authority recorded by deterministic builder,exact rendered token; core floats additionally regression-asserted,PASS
TABLES_V2_1/Supplementary_Table_S3.csv,"OT_RUN No-smoothing PCC,Dice_0.5,39,0.45122727714465866,0.2103476967944721,0.4657538819314243,0.35019353155385713,0.6201061384084978,0.2699126068546407,0.38532966869418",0.4657538819314243,0.4657538819314243,source authority recorded by deterministic builder,exact rendered token; core floats additionally regression-asserted,PASS
TABLES_V2_1/Supplementary_Table_S3.csv," PCC,Dice_0.5,39,0.45122727714465866,0.2103476967944721,0.4657538819314243,0.35019353155385713,0.6201061384084978,0.2699126068546407,0.38532966869418456,0.51420376321870",0.35019353155385713,0.35019353155385713,source authority recorded by deterministic builder,exact rendered token; core floats additionally regression-asserted,PASS
TABLES_V2_1/Supplementary_Table_S3.csv,"5122727714465866,0.2103476967944721,0.4657538819314243,0.35019353155385713,0.6201061384084978,0.2699126068546407,0.38532966869418456,0.5142037632187004,10000,20260810,N",0.6201061384084978,0.6201061384084978,source authority recorded by deterministic builder,exact rendered token; core floats additionally regression-asserted,PASS
TABLES_V2_1/Supplementary_Table_S3.csv,"2103476967944721,0.4657538819314243,0.35019353155385713,0.6201061384084978,0.2699126068546407,0.38532966869418456,0.5142037632187004,10000,20260810,NOT_PRELOCKED_NOT_RU",0.2699126068546407,0.2699126068546407,source authority recorded by deterministic builder,exact rendered token; core floats additionally regression-asserted,PASS
TABLES_V2_1/Supplementary_Table_S3.csv,"4657538819314243,0.35019353155385713,0.6201061384084978,0.2699126068546407,0.38532966869418456,0.5142037632187004,10000,20260810,NOT_PRELOCKED_NOT_RUN No-smoothing PCC,I",0.38532966869418456,0.38532966869418456,source authority recorded by deterministic builder,exact rendered token; core floats additionally regression-asserted,PASS
TABLES_V2_1/Supplementary_Table_S3.csv,"5019353155385713,0.6201061384084978,0.2699126068546407,0.38532966869418456,0.5142037632187004,10000,20260810,NOT_PRELOCKED_NOT_RUN No-smoothing PCC,IoU_0.5,39,0.3135906",0.5142037632187004,0.5142037632187004,source authority recorded by deterministic builder,exact rendered token; core floats additionally regression-asserted,PASS
TABLES_V2_1/Supplementary_Table_S3.csv,"6201061384084978,0.2699126068546407,0.38532966869418456,0.5142037632187004,10000,20260810,NOT_PRELOCKED_NOT_RUN No-smoothing PCC,IoU_0.5,39,0.3135906807394",10000,10000,source authority recorded by deterministic builder,exact rendered token; core floats additionally regression-asserted,PASS
TABLES_V2_1/Supplementary_Table_S3.csv,"1384084978,0.2699126068546407,0.38532966869418456,0.5142037632187004,10000,20260810,NOT_PRELOCKED_NOT_RUN No-smoothing PCC,IoU_0.5,39,0.31359068073945195,0.16",20260810,20260810,source authority recorded by deterministic builder,exact rendered token; core floats additionally regression-asserted,PASS
TABLES_V2_1/Supplementary_Table_S3.csv,"5142037632187004,10000,20260810,NOT_PRELOCKED_NOT_RUN No-smoothing PCC,IoU_0.5,39,0.31359068073945195,0.16979067258624664,0.3035718170939551,0.2125429497",0.5,0.5,source authority recorded by deterministic builder,exact rendered token; core floats additionally regression-asserted,PASS
TABLES_V2_1/Supplementary_Table_S3.csv,"037632187004,10000,20260810,NOT_PRELOCKED_NOT_RUN No-smoothing PCC,IoU_0.5,39,0.31359068073945195,0.16979067258624664,0.3035718170939551,0.2125429497918",39,39,source authority recorded by deterministic builder,exact rendered token; core floats additionally regression-asserted,PASS
TABLES_V2_1/Supplementary_Table_S3.csv,"632187004,10000,20260810,NOT_PRELOCKED_NOT_RUN No-smoothing PCC,IoU_0.5,39,0.31359068073945195,0.16979067258624664,0.3035718170939551,0.21254294979186955,0.4493874536578",0.31359068073945195,0.31359068073945195,source authority recorded by deterministic builder,exact rendered token; core floats additionally regression-asserted,PASS
TABLES_V2_1/Supplementary_Table_S3.csv,"0810,NOT_PRELOCKED_NOT_RUN No-smoothing PCC,IoU_0.5,39,0.31359068073945195,0.16979067258624664,0.3035718170939551,0.21254294979186955,0.44938745365788635,0.2368445038660",0.16979067258624664,0.16979067258624664,source authority recorded by deterministic builder,exact rendered token; core floats additionally regression-asserted,PASS
TABLES_V2_1/Supplementary_Table_S3.csv,"OT_RUN No-smoothing PCC,IoU_0.5,39,0.31359068073945195,0.16979067258624664,0.3035718170939551,0.21254294979186955,0.44938745365788635,0.2368445038660168,0.2613944366050",0.3035718170939551,0.3035718170939551,source authority recorded by deterministic builder,exact rendered token; core floats additionally regression-asserted,PASS
TABLES_V2_1/Supplementary_Table_S3.csv," PCC,IoU_0.5,39,0.31359068073945195,0.16979067258624664,0.3035718170939551,0.21254294979186955,0.44938745365788635,0.2368445038660168,0.2613944366050698,0.36525906695264",0.21254294979186955,0.21254294979186955,source authority recorded by deterministic builder,exact rendered token; core floats additionally regression-asserted,PASS
TABLES_V2_1/Supplementary_Table_S3.csv,"359068073945195,0.16979067258624664,0.3035718170939551,0.21254294979186955,0.44938745365788635,0.2368445038660168,0.2613944366050698,0.36525906695264837,10000,20260810,N",0.44938745365788635,0.44938745365788635,source authority recorded by deterministic builder,exact rendered token; core floats additionally regression-asserted,PASS
TABLES_V2_1/Supplementary_Table_S3.csv,"979067258624664,0.3035718170939551,0.21254294979186955,0.44938745365788635,0.2368445038660168,0.2613944366050698,0.36525906695264837,10000,20260810,NOT_PRELOCKED_NOT_RU",0.2368445038660168,0.2368445038660168,source authority recorded by deterministic builder,exact rendered token; core floats additionally regression-asserted,PASS
TABLES_V2_1/Supplementary_Table_S3.csv,"035718170939551,0.21254294979186955,0.44938745365788635,0.2368445038660168,0.2613944366050698,0.36525906695264837,10000,20260810,NOT_PRELOCKED_NOT_RUN No-smoothing PCC,",0.2613944366050698,0.2613944366050698,source authority recorded by deterministic builder,exact rendered token; core floats additionally regression-asserted,PASS
TABLES_V2_1/Supplementary_Table_S3.csv,"1254294979186955,0.44938745365788635,0.2368445038660168,0.2613944366050698,0.36525906695264837,10000,20260810,NOT_PRELOCKED_NOT_RUN No-smoothing PCC,soft_Dice,39,0.26963",0.36525906695264837,0.36525906695264837,source authority recorded by deterministic builder,exact rendered token; core floats additionally regression-asserted,PASS
TABLES_V2_1/Supplementary_Table_S3.csv,"4938745365788635,0.2368445038660168,0.2613944366050698,0.36525906695264837,10000,20260810,NOT_PRELOCKED_NOT_RUN No-smoothing PCC,soft_Dice,39,0.26963830393",10000,10000,source authority recorded by deterministic builder,exact rendered token; core floats additionally regression-asserted,PASS
TABLES_V2_1/Supplementary_Table_S3.csv,"5365788635,0.2368445038660168,0.2613944366050698,0.36525906695264837,10000,20260810,NOT_PRELOCKED_NOT_RUN No-smoothing PCC,soft_Dice,39,0.269638303937967,0.15",20260810,20260810,source authority recorded by deterministic builder,exact rendered token; core floats additionally regression-asserted,PASS
TABLES_V2_1/Supplementary_Table_S3.csv,"6695264837,10000,20260810,NOT_PRELOCKED_NOT_RUN No-smoothing PCC,soft_Dice,39,0.269638303937967,0.15574532496540452,0.27767959662906516,0.16528694729409",39,39,source authority recorded by deterministic builder,exact rendered token; core floats additionally regression-asserted,PASS
TABLES_V2_1/Supplementary_Table_S3.csv,"5264837,10000,20260810,NOT_PRELOCKED_NOT_RUN No-smoothing PCC,soft_Dice,39,0.269638303937967,0.15574532496540452,0.27767959662906516,0.16528694729409016,0.400267361469",0.269638303937967,0.269638303937967,source authority recorded by deterministic builder,exact rendered token; core floats additionally regression-asserted,PASS
TABLES_V2_1/Supplementary_Table_S3.csv,"0810,NOT_PRELOCKED_NOT_RUN No-smoothing PCC,soft_Dice,39,0.269638303937967,0.15574532496540452,0.27767959662906516,0.16528694729409016,0.4002673614695276,0.2349804141754",0.15574532496540452,0.15574532496540452,source authority recorded by deterministic builder,exact rendered token; core floats additionally regression-asserted,PASS
TABLES_V2_1/Supplementary_Table_S3.csv,"OT_RUN No-smoothing PCC,soft_Dice,39,0.269638303937967,0.15574532496540452,0.27767959662906516,0.16528694729409016,0.4002673614695276,0.23498041417543747,0.2214945668474",0.27767959662906516,0.27767959662906516,source authority recorded by deterministic builder,exact rendered token; core floats additionally regression-asserted,PASS
TABLES_V2_1/Supplementary_Table_S3.csv,"PCC,soft_Dice,39,0.269638303937967,0.15574532496540452,0.27767959662906516,0.16528694729409016,0.4002673614695276,0.23498041417543747,0.22149456684742033,0.3165416840166",0.16528694729409016,0.16528694729409016,source authority recorded by deterministic builder,exact rendered token; core floats additionally regression-asserted,PASS
TABLES_V2_1/Supplementary_Table_S3.csv,"69638303937967,0.15574532496540452,0.27767959662906516,0.16528694729409016,0.4002673614695276,0.23498041417543747,0.22149456684742033,0.31654168401660904,10000,20260810",0.4002673614695276,0.4002673614695276,source authority recorded by deterministic builder,exact rendered token; core floats additionally regression-asserted,PASS
TABLES_V2_1/Supplementary_Table_S3.csv,"574532496540452,0.27767959662906516,0.16528694729409016,0.4002673614695276,0.23498041417543747,0.22149456684742033,0.31654168401660904,10000,20260810,NOT_PRELOCKED_NOT_R",0.23498041417543747,0.23498041417543747,source authority recorded by deterministic builder,exact rendered token; core floats additionally regression-asserted,PASS
TABLES_V2_1/Supplementary_Table_S3.csv,"767959662906516,0.16528694729409016,0.4002673614695276,0.23498041417543747,0.22149456684742033,0.31654168401660904,10000,20260810,NOT_PRELOCKED_NOT_RUN No-smoothing PCC,",0.22149456684742033,0.22149456684742033,source authority recorded by deterministic builder,exact rendered token; core floats additionally regression-asserted,PASS
TABLES_V2_1/Supplementary_Table_S3.csv,"528694729409016,0.4002673614695276,0.23498041417543747,0.22149456684742033,0.31654168401660904,10000,20260810,NOT_PRELOCKED_NOT_RUN No-smoothing PCC,Brier,39,0.005764661",0.31654168401660904,0.31654168401660904,source authority recorded by deterministic builder,exact rendered token; core floats additionally regression-asserted,PASS
TABLES_V2_1/Supplementary_Table_S3.csv,"02673614695276,0.23498041417543747,0.22149456684742033,0.31654168401660904,10000,20260810,NOT_PRELOCKED_NOT_RUN No-smoothing PCC,Brier,39,0.005764661580451",10000,10000,source authority recorded by deterministic builder,exact rendered token; core floats additionally regression-asserted,PASS
TABLES_V2_1/Supplementary_Table_S3.csv,"14695276,0.23498041417543747,0.22149456684742033,0.31654168401660904,10000,20260810,NOT_PRELOCKED_NOT_RUN No-smoothing PCC,Brier,39,0.005764661580451331,0.003",20260810,20260810,source authority recorded by deterministic builder,exact rendered token; core floats additionally regression-asserted,PASS
TABLES_V2_1/Supplementary_Table_S3.csv,"54168401660904,10000,20260810,NOT_PRELOCKED_NOT_RUN No-smoothing PCC,Brier,39,0.005764661580451331,0.003959465270784498,0.004685966874772084,0.002674748",39,39,source authority recorded by deterministic builder,exact rendered token; core floats additionally regression-asserted,PASS
TABLES_V2_1/Supplementary_Table_S3.csv,"68401660904,10000,20260810,NOT_PRELOCKED_NOT_RUN No-smoothing PCC,Brier,39,0.005764661580451331,0.003959465270784498,0.004685966874772084,0.002674748156273099,0.007503158",0.005764661580451331,0.005764661580451331,source authority recorded by deterministic builder,exact rendered token; core floats additionally regression-asserted,PASS
TABLES_V2_1/Supplementary_Table_S3.csv,"60810,NOT_PRELOCKED_NOT_RUN No-smoothing PCC,Brier,39,0.005764661580451331,0.003959465270784498,0.004685966874772084,0.002674748156273099,0.007503158803144958,0.004828410",0.003959465270784498,0.003959465270784498,source authority recorded by deterministic builder,exact rendered token; core floats additionally regression-asserted,PASS
TABLES_V2_1/Supplementary_Table_S3.csv,"OT_RUN No-smoothing PCC,Brier,39,0.005764661580451331,0.003959465270784498,0.004685966874772084,0.002674748156273099,0.007503158803144958,0.004828410646871859,0.004596948",0.004685966874772084,0.004685966874772084,source authority recorded by deterministic builder,exact rendered token; core floats additionally regression-asserted,PASS
TABLES_V2_1/Supplementary_Table_S3.csv,"CC,Brier,39,0.005764661580451331,0.003959465270784498,0.004685966874772084,0.002674748156273099,0.007503158803144958,0.004828410646871859,0.004596948654856689,0.007044791",0.002674748156273099,0.002674748156273099,source authority recorded by deterministic builder,exact rendered token; core floats additionally regression-asserted,PASS
TABLES_V2_1/Supplementary_Table_S3.csv,"61580451331,0.003959465270784498,0.004685966874772084,0.002674748156273099,0.007503158803144958,0.004828410646871859,0.004596948654856689,0.00704479139581632,10000,202608",0.007503158803144958,0.007503158803144958,source authority recorded by deterministic builder,exact rendered token; core floats additionally regression-asserted,PASS
TABLES_V2_1/Supplementary_Table_S3.csv,"65270784498,0.004685966874772084,0.002674748156273099,0.007503158803144958,0.004828410646871859,0.004596948654856689,0.00704479139581632,10000,20260810,NOT_PRELOCKED_NOT_",0.004828410646871859,0.004828410646871859,source authority recorded by deterministic builder,exact rendered token; core floats additionally regression-asserted,PASS
TABLES_V2_1/Supplementary_Table_S3.csv,"66874772084,0.002674748156273099,0.007503158803144958,0.004828410646871859,0.004596948654856689,0.00704479139581632,10000,20260810,NOT_PRELOCKED_NOT_RUN No-smoothing PCC,",0.004596948654856689,0.004596948654856689,source authority recorded by deterministic builder,exact rendered token; core floats additionally regression-asserted,PASS
TABLES_V2_1/Supplementary_Table_S3.csv,"48156273099,0.007503158803144958,0.004828410646871859,0.004596948654856689,0.00704479139581632,10000,20260810,NOT_PRELOCKED_NOT_RUN No-smoothing PCC,average_precision,39",0.00704479139581632,0.00704479139581632,source authority recorded by deterministic builder,exact rendered token; core floats additionally regression-asserted,PASS
TABLES_V2_1/Supplementary_Table_S3.csv,"158803144958,0.004828410646871859,0.004596948654856689,0.00704479139581632,10000,20260810,NOT_PRELOCKED_NOT_RUN No-smoothing PCC,average_precision,39,0.404",10000,10000,source authority recorded by deterministic builder,exact rendered token; core floats additionally regression-asserted,PASS
TABLES_V2_1/Supplementary_Table_S3.csv,"144958,0.004828410646871859,0.004596948654856689,0.00704479139581632,10000,20260810,NOT_PRELOCKED_NOT_RUN No-smoothing PCC,average_precision,39,0.404364802068",20260810,20260810,source authority recorded by deterministic builder,exact rendered token; core floats additionally regression-asserted,PASS
TABLES_V2_1/Supplementary_Table_S3.csv,"32,10000,20260810,NOT_PRELOCKED_NOT_RUN No-smoothing PCC,average_precision,39,0.40436480206898673,0.20907832050513858,0.4197155058804299,0.2724584123521",39,39,source authority recorded by deterministic builder,exact rendered token; core floats additionally regression-asserted,PASS
TABLES_V2_1/Supplementary_Table_S3.csv,"10000,20260810,NOT_PRELOCKED_NOT_RUN No-smoothing PCC,average_precision,39,0.40436480206898673,0.20907832050513858,0.4197155058804299,0.2724584123521825,0.57552222154337",0.40436480206898673,0.40436480206898673,source authority recorded by deterministic builder,exact rendered token; core floats additionally regression-asserted,PASS
TABLES_V2_1/Supplementary_Table_S3.csv,"RELOCKED_NOT_RUN No-smoothing PCC,average_precision,39,0.40436480206898673,0.20907832050513858,0.4197155058804299,0.2724584123521825,0.5755222215433748,0.303063809191192",0.20907832050513858,0.20907832050513858,source authority recorded by deterministic builder,exact rendered token; core floats additionally regression-asserted,PASS
TABLES_V2_1/Supplementary_Table_S3.csv,"smoothing PCC,average_precision,39,0.40436480206898673,0.20907832050513858,0.4197155058804299,0.2724584123521825,0.5755222215433748,0.30306380919119236,0.33964211645401",0.4197155058804299,0.4197155058804299,source authority recorded by deterministic builder,exact rendered token; core floats additionally regression-asserted,PASS
TABLES_V2_1/Supplementary_Table_S3.csv,"ge_precision,39,0.40436480206898673,0.20907832050513858,0.4197155058804299,0.2724584123521825,0.5755222215433748,0.30306380919119236,0.33964211645401166,0.4687456176001",0.2724584123521825,0.2724584123521825,source authority recorded by deterministic builder,exact rendered token; core floats additionally regression-asserted,PASS
TABLES_V2_1/Supplementary_Table_S3.csv,"0436480206898673,0.20907832050513858,0.4197155058804299,0.2724584123521825,0.5755222215433748,0.30306380919119236,0.33964211645401166,0.4687456176001924,10000,20260810,",0.5755222215433748,0.5755222215433748,source authority recorded by deterministic builder,exact rendered token; core floats additionally regression-asserted,PASS
TABLES_V2_1/Supplementary_Table_S3.csv,"20907832050513858,0.4197155058804299,0.2724584123521825,0.5755222215433748,0.30306380919119236,0.33964211645401166,0.4687456176001924,10000,20260810,NOT_PRELOCKED_NOT_RU",0.30306380919119236,0.30306380919119236,source authority recorded by deterministic builder,exact rendered token; core floats additionally regression-asserted,PASS
TABLES_V2_1/Supplementary_Table_S3.csv,"4197155058804299,0.2724584123521825,0.5755222215433748,0.30306380919119236,0.33964211645401166,0.4687456176001924,10000,20260810,NOT_PRELOCKED_NOT_RUN ",0.33964211645401166,0.33964211645401166,source authority recorded by deterministic builder,exact rendered token; core floats additionally regression-asserted,PASS
TABLES_V2_1/Supplementary_Table_S3.csv,"724584123521825,0.5755222215433748,0.30306380919119236,0.33964211645401166,0.4687456176001924,10000,20260810,NOT_PRELOCKED_NOT_RUN ",0.4687456176001924,0.4687456176001924,source authority recorded by deterministic builder,exact rendered token; core floats additionally regression-asserted,PASS
TABLES_V2_1/Supplementary_Table_S3.csv,"755222215433748,0.30306380919119236,0.33964211645401166,0.4687456176001924,10000,20260810,NOT_PRELOCKED_NOT_RUN ",10000,10000,source authority recorded by deterministic builder,exact rendered token; core floats additionally regression-asserted,PASS
TABLES_V2_1/Supplementary_Table_S3.csv,"215433748,0.30306380919119236,0.33964211645401166,0.4687456176001924,10000,20260810,NOT_PRELOCKED_NOT_RUN ",20260810,20260810,source authority recorded by deterministic builder,exact rendered token; core floats additionally regression-asserted,PASS
TABLES_V2_1/Supplementary_Table_S4.csv,"evaluation,method,metric,N_total,N_finite,mean,SD,median,Q1,Q3,bootstrap_95ci_low,bootstrap_95ci_high crossfitted_threshold,FIXED,dice_fixed,40,40,0.2",95,95,source authority recorded by deterministic builder,exact rendered token; core floats additionally regression-asserted,PASS
TABLES_V2_1/Supplementary_Table_S4.csv,",metric,N_total,N_finite,mean,SD,median,Q1,Q3,bootstrap_95ci_low,bootstrap_95ci_high crossfitted_threshold,FIXED,dice_fixed,40,40,0.21556589877238333,0.",95,95,source authority recorded by deterministic builder,exact rendered token; core floats additionally regression-asserted,PASS
TABLES_V2_1/Supplementary_Table_S4.csv,"tstrap_95ci_low,bootstrap_95ci_high crossfitted_threshold,FIXED,dice_fixed,40,40,0.21556589877238333,0.16057018126125533,0.17748534359324275,0.091201091",40,40,source authority recorded by deterministic builder,exact rendered token; core floats additionally regression-asserted,PASS
TABLES_V2_1/Supplementary_Table_S4.csv,"rap_95ci_low,bootstrap_95ci_high crossfitted_threshold,FIXED,dice_fixed,40,40,0.21556589877238333,0.16057018126125533,0.17748534359324275,0.091201091044",40,40,source authority recorded by deterministic builder,exact rendered token; core floats additionally regression-asserted,PASS
TABLES_V2_1/Supplementary_Table_S4.csv,"_95ci_low,bootstrap_95ci_high crossfitted_threshold,FIXED,dice_fixed,40,40,0.21556589877238333,0.16057018126125533,0.17748534359324275,0.09120109104428663,0.297468783756",0.21556589877238333,0.21556589877238333,source authority recorded by deterministic builder,exact rendered token; core floats additionally regression-asserted,PASS
TABLES_V2_1/Supplementary_Table_S4.csv,"95ci_high crossfitted_threshold,FIXED,dice_fixed,40,40,0.21556589877238333,0.16057018126125533,0.17748534359324275,0.09120109104428663,0.2974687837566823,0.1698533605102",0.16057018126125533,0.16057018126125533,source authority recorded by deterministic builder,exact rendered token; core floats additionally regression-asserted,PASS
TABLES_V2_1/Supplementary_Table_S4.csv,"d_threshold,FIXED,dice_fixed,40,40,0.21556589877238333,0.16057018126125533,0.17748534359324275,0.09120109104428663,0.2974687837566823,0.16985336051023686,0.2674448003235",0.17748534359324275,0.17748534359324275,source authority recorded by deterministic builder,exact rendered token; core floats additionally regression-asserted,PASS
TABLES_V2_1/Supplementary_Table_S4.csv,"ce_fixed,40,40,0.21556589877238333,0.16057018126125533,0.17748534359324275,0.09120109104428663,0.2974687837566823,0.16985336051023686,0.2674448003235076 crossfitted_thre",0.09120109104428663,0.09120109104428663,source authority recorded by deterministic builder,exact rendered token; core floats additionally regression-asserted,PASS
TABLES_V2_1/Supplementary_Table_S4.csv,"56589877238333,0.16057018126125533,0.17748534359324275,0.09120109104428663,0.2974687837566823,0.16985336051023686,0.2674448003235076 crossfitted_threshold,FIXED,soft_di",0.2974687837566823,0.2974687837566823,source authority recorded by deterministic builder,exact rendered token; core floats additionally regression-asserted,PASS
TABLES_V2_1/Supplementary_Table_S4.csv,"057018126125533,0.17748534359324275,0.09120109104428663,0.2974687837566823,0.16985336051023686,0.2674448003235076 crossfitted_threshold,FIXED,soft_dice,40,40,0.222234048",0.16985336051023686,0.16985336051023686,source authority recorded by deterministic builder,exact rendered token; core floats additionally regression-asserted,PASS
TABLES_V2_1/Supplementary_Table_S4.csv,"748534359324275,0.09120109104428663,0.2974687837566823,0.16985336051023686,0.2674448003235076 crossfitted_threshold,FIXED,soft_dice,40,40,0.22223404839292007,0.14708135",0.2674448003235076,0.2674448003235076,source authority recorded by deterministic builder,exact rendered token; core floats additionally regression-asserted,PASS
TABLES_V2_1/Supplementary_Table_S4.csv,"16985336051023686,0.2674448003235076 crossfitted_threshold,FIXED,soft_dice,40,40,0.22223404839292007,0.147081354913252,0.2052862059284397,0.094135914719",40,40,source authority recorded by deterministic builder,exact rendered token; core floats additionally regression-asserted,PASS
TABLES_V2_1/Supplementary_Table_S4.csv,"85336051023686,0.2674448003235076 crossfitted_threshold,FIXED,soft_dice,40,40,0.22223404839292007,0.147081354913252,0.2052862059284397,0.094135914719640",40,40,source authority recorded by deterministic builder,exact rendered token; core floats additionally regression-asserted,PASS
TABLES_V2_1/Supplementary_Table_S4.csv,"36051023686,0.2674448003235076 crossfitted_threshold,FIXED,soft_dice,40,40,0.22223404839292007,0.147081354913252,0.2052862059284397,0.09413591471964063,0.289703130016234",0.22223404839292007,0.22223404839292007,source authority recorded by deterministic builder,exact rendered token; core floats additionally regression-asserted,PASS
TABLES_V2_1/Supplementary_Table_S4.csv,"8003235076 crossfitted_threshold,FIXED,soft_dice,40,40,0.22223404839292007,0.147081354913252,0.2052862059284397,0.09413591471964063,0.28970313001623493,0.1793456914183",0.147081354913252,0.147081354913252,source authority recorded by deterministic builder,exact rendered token; core floats additionally regression-asserted,PASS
TABLES_V2_1/Supplementary_Table_S4.csv,"tted_threshold,FIXED,soft_dice,40,40,0.22223404839292007,0.147081354913252,0.2052862059284397,0.09413591471964063,0.28970313001623493,0.17934569141838044,0.268813790523",0.2052862059284397,0.2052862059284397,source authority recorded by deterministic builder,exact rendered token; core floats additionally regression-asserted,PASS
TABLES_V2_1/Supplementary_Table_S4.csv,"D,soft_dice,40,40,0.22223404839292007,0.147081354913252,0.2052862059284397,0.09413591471964063,0.28970313001623493,0.17934569141838044,0.26881379052376175 crossfitted_th",0.09413591471964063,0.09413591471964063,source authority recorded by deterministic builder,exact rendered token; core floats additionally regression-asserted,PASS
TABLES_V2_1/Supplementary_Table_S4.csv,"22223404839292007,0.147081354913252,0.2052862059284397,0.09413591471964063,0.28970313001623493,0.17934569141838044,0.26881379052376175 crossfitted_threshold,FIXED,brier_",0.28970313001623493,0.28970313001623493,source authority recorded by deterministic builder,exact rendered token; core floats additionally regression-asserted,PASS
TABLES_V2_1/Supplementary_Table_S4.csv,"147081354913252,0.2052862059284397,0.09413591471964063,0.28970313001623493,0.17934569141838044,0.26881379052376175 crossfitted_threshold,FIXED,brier_score,40,40,0.006301",0.17934569141838044,0.17934569141838044,source authority recorded by deterministic builder,exact rendered token; core floats additionally regression-asserted,PASS
TABLES_V2_1/Supplementary_Table_S4.csv,"52862059284397,0.09413591471964063,0.28970313001623493,0.17934569141838044,0.26881379052376175 crossfitted_threshold,FIXED,brier_score,40,40,0.006301912736929374,0.00281",0.26881379052376175,0.26881379052376175,source authority recorded by deterministic builder,exact rendered token; core floats additionally regression-asserted,PASS
TABLES_V2_1/Supplementary_Table_S4.csv,"34569141838044,0.26881379052376175 crossfitted_threshold,FIXED,brier_score,40,40,0.006301912736929374,0.0028138783705253362,0.00580276136415055,0.004003",40,40,source authority recorded by deterministic builder,exact rendered token; core floats additionally regression-asserted,PASS
TABLES_V2_1/Supplementary_Table_S4.csv,"69141838044,0.26881379052376175 crossfitted_threshold,FIXED,brier_score,40,40,0.006301912736929374,0.0028138783705253362,0.00580276136415055,0.004003951",40,40,source authority recorded by deterministic builder,exact rendered token; core floats additionally regression-asserted,PASS
TABLES_V2_1/Supplementary_Table_S4.csv,"41838044,0.26881379052376175 crossfitted_threshold,FIXED,brier_score,40,40,0.006301912736929374,0.0028138783705253362,0.00580276136415055,0.004003951752135875,0.008300134",0.006301912736929374,0.006301912736929374,source authority recorded by deterministic builder,exact rendered token; core floats additionally regression-asserted,PASS
TABLES_V2_1/Supplementary_Table_S4.csv,"2376175 crossfitted_threshold,FIXED,brier_score,40,40,0.006301912736929374,0.0028138783705253362,0.00580276136415055,0.004003951752135875,0.008300134343036199,0.0054511398",0.0028138783705253362,0.0028138783705253362,source authority recorded by deterministic builder,exact rendered token; core floats additionally regression-asserted,PASS
TABLES_V2_1/Supplementary_Table_S4.csv,"reshold,FIXED,brier_score,40,40,0.006301912736929374,0.0028138783705253362,0.00580276136415055,0.004003951752135875,0.008300134343036199,0.005451139892318402,0.007166331",0.00580276136415055,0.00580276136415055,source authority recorded by deterministic builder,exact rendered token; core floats additionally regression-asserted,PASS
TABLES_V2_1/Supplementary_Table_S4.csv,"score,40,40,0.006301912736929374,0.0028138783705253362,0.00580276136415055,0.004003951752135875,0.008300134343036199,0.005451139892318402,0.007166331826087403 crossfitted",0.004003951752135875,0.004003951752135875,source authority recorded by deterministic builder,exact rendered token; core floats additionally regression-asserted,PASS
TABLES_V2_1/Supplementary_Table_S4.csv,"12736929374,0.0028138783705253362,0.00580276136415055,0.004003951752135875,0.008300134343036199,0.005451139892318402,0.007166331826087403 crossfitted_threshold,FIXED,aver",0.008300134343036199,0.008300134343036199,source authority recorded by deterministic builder,exact rendered token; core floats additionally regression-asserted,PASS
TABLES_V2_1/Supplementary_Table_S4.csv,"783705253362,0.00580276136415055,0.004003951752135875,0.008300134343036199,0.005451139892318402,0.007166331826087403 crossfitted_threshold,FIXED,average_precision,40,40,0",0.005451139892318402,0.005451139892318402,source authority recorded by deterministic builder,exact rendered token; core floats additionally regression-asserted,PASS
TABLES_V2_1/Supplementary_Table_S4.csv,"76136415055,0.004003951752135875,0.008300134343036199,0.005451139892318402,0.007166331826087403 crossfitted_threshold,FIXED,average_precision,40,40,0.2293721052409144,0.1",0.007166331826087403,0.007166331826087403,source authority recorded by deterministic builder,exact rendered token; core floats additionally regression-asserted,PASS
TABLES_V2_1/Supplementary_Table_S4.csv,"2318402,0.007166331826087403 crossfitted_threshold,FIXED,average_precision,40,40,0.2293721052409144,0.18719922765289493,0.1735853639516701,0.09479573938",40,40,source authority recorded by deterministic builder,exact rendered token; core floats additionally regression-asserted,PASS
TABLES_V2_1/Supplementary_Table_S4.csv,"8402,0.007166331826087403 crossfitted_threshold,FIXED,average_precision,40,40,0.2293721052409144,0.18719922765289493,0.1735853639516701,0.09479573938614",40,40,source authority recorded by deterministic builder,exact rendered token; core floats additionally regression-asserted,PASS
TABLES_V2_1/Supplementary_Table_S4.csv,"2,0.007166331826087403 crossfitted_threshold,FIXED,average_precision,40,40,0.2293721052409144,0.18719922765289493,0.1735853639516701,0.09479573938614945,0.3539855684790",0.2293721052409144,0.2293721052409144,source authority recorded by deterministic builder,exact rendered token; core floats additionally regression-asserted,PASS
TABLES_V2_1/Supplementary_Table_S4.csv,"403 crossfitted_threshold,FIXED,average_precision,40,40,0.2293721052409144,0.18719922765289493,0.1735853639516701,0.09479573938614945,0.35398556847904783,0.1758841198871",0.18719922765289493,0.18719922765289493,source authority recorded by deterministic builder,exact rendered token; core floats additionally regression-asserted,PASS
TABLES_V2_1/Supplementary_Table_S4.csv,"shold,FIXED,average_precision,40,40,0.2293721052409144,0.18719922765289493,0.1735853639516701,0.09479573938614945,0.35398556847904783,0.17588411988712874,0.289792153194",0.1735853639516701,0.1735853639516701,source authority recorded by deterministic builder,exact rendered token; core floats additionally regression-asserted,PASS
TABLES_V2_1/Supplementary_Table_S4.csv,"_precision,40,40,0.2293721052409144,0.18719922765289493,0.1735853639516701,0.09479573938614945,0.35398556847904783,0.17588411988712874,0.28979215319490303 crossfitted_th",0.09479573938614945,0.09479573938614945,source authority recorded by deterministic builder,exact rendered token; core floats additionally regression-asserted,PASS
TABLES_V2_1/Supplementary_Table_S4.csv,"293721052409144,0.18719922765289493,0.1735853639516701,0.09479573938614945,0.35398556847904783,0.17588411988712874,0.28979215319490303 crossfitted_threshold,FULL_PCC,dic",0.35398556847904783,0.35398556847904783,source authority recorded by deterministic builder,exact rendered token; core floats additionally regression-asserted,PASS
TABLES_V2_1/Supplementary_Table_S4.csv,"719922765289493,0.1735853639516701,0.09479573938614945,0.35398556847904783,0.17588411988712874,0.28979215319490303 crossfitted_threshold,FULL_PCC,dice_fixed,40,40,0.3257",0.17588411988712874,0.17588411988712874,source authority recorded by deterministic builder,exact rendered token; core floats additionally regression-asserted,PASS
TABLES_V2_1/Supplementary_Table_S4.csv,"35853639516701,0.09479573938614945,0.35398556847904783,0.17588411988712874,0.28979215319490303 crossfitted_threshold,FULL_PCC,dice_fixed,40,40,0.32575423583519675,0.1871",0.28979215319490303,0.28979215319490303,source authority recorded by deterministic builder,exact rendered token; core floats additionally regression-asserted,PASS
TABLES_V2_1/Supplementary_Table_S4.csv,"411988712874,0.28979215319490303 crossfitted_threshold,FULL_PCC,dice_fixed,40,40,0.32575423583519675,0.1871118096506793,0.2672570518157462,0.18834634832",40,40,source authority recorded by deterministic builder,exact rendered token; core floats additionally regression-asserted,PASS
TABLES_V2_1/Supplementary_Table_S4.csv,"988712874,0.28979215319490303 crossfitted_threshold,FULL_PCC,dice_fixed,40,40,0.32575423583519675,0.1871118096506793,0.2672570518157462,0.18834634832976",40,40,source authority recorded by deterministic builder,exact rendered token; core floats additionally regression-asserted,PASS
TABLES_V2_1/Supplementary_Table_S4.csv,"712874,0.28979215319490303 crossfitted_threshold,FULL_PCC,dice_fixed,40,40,0.32575423583519675,0.1871118096506793,0.2672570518157462,0.18834634832976513,0.43879100545898",0.32575423583519675,0.32575423583519675,source authority recorded by deterministic builder,exact rendered token; core floats additionally regression-asserted,PASS
TABLES_V2_1/Supplementary_Table_S4.csv,"490303 crossfitted_threshold,FULL_PCC,dice_fixed,40,40,0.32575423583519675,0.1871118096506793,0.2672570518157462,0.18834634832976513,0.43879100545898797,0.2706213325910",0.1871118096506793,0.1871118096506793,source authority recorded by deterministic builder,exact rendered token; core floats additionally regression-asserted,PASS
TABLES_V2_1/Supplementary_Table_S4.csv,"threshold,FULL_PCC,dice_fixed,40,40,0.32575423583519675,0.1871118096506793,0.2672570518157462,0.18834634832976513,0.43879100545898797,0.2706213325910587,0.3857240353811",0.2672570518157462,0.2672570518157462,source authority recorded by deterministic builder,exact rendered token; core floats additionally regression-asserted,PASS
TABLES_V2_1/Supplementary_Table_S4.csv,"dice_fixed,40,40,0.32575423583519675,0.1871118096506793,0.2672570518157462,0.18834634832976513,0.43879100545898797,0.2706213325910587,0.3857240353811594 crossfitted_thre",0.18834634832976513,0.18834634832976513,source authority recorded by deterministic builder,exact rendered token; core floats additionally regression-asserted,PASS
TABLES_V2_1/Supplementary_Table_S4.csv,"2575423583519675,0.1871118096506793,0.2672570518157462,0.18834634832976513,0.43879100545898797,0.2706213325910587,0.3857240353811594 crossfitted_threshold,FULL_PCC,soft_",0.43879100545898797,0.43879100545898797,source authority recorded by deterministic builder,exact rendered token; core floats additionally regression-asserted,PASS
TABLES_V2_1/Supplementary_Table_S4.csv,"871118096506793,0.2672570518157462,0.18834634832976513,0.43879100545898797,0.2706213325910587,0.3857240353811594 crossfitted_threshold,FULL_PCC,soft_dice,40,40,0.269864",0.2706213325910587,0.2706213325910587,source authority recorded by deterministic builder,exact rendered token; core floats additionally regression-asserted,PASS
TABLES_V2_1/Supplementary_Table_S4.csv,"672570518157462,0.18834634832976513,0.43879100545898797,0.2706213325910587,0.3857240353811594 crossfitted_threshold,FULL_PCC,soft_dice,40,40,0.26986480442716926,0.16020",0.3857240353811594,0.3857240353811594,source authority recorded by deterministic builder,exact rendered token; core floats additionally regression-asserted,PASS
TABLES_V2_1/Supplementary_Table_S4.csv,"06213325910587,0.3857240353811594 crossfitted_threshold,FULL_PCC,soft_dice,40,40,0.26986480442716926,0.16020259264743347,0.2583983758673641,0.1380498078",40,40,source authority recorded by deterministic builder,exact rendered token; core floats additionally regression-asserted,PASS
TABLES_V2_1/Supplementary_Table_S4.csv,"13325910587,0.3857240353811594 crossfitted_threshold,FULL_PCC,soft_dice,40,40,0.26986480442716926,0.16020259264743347,0.2583983758673641,0.1380498078249",40,40,source authority recorded by deterministic builder,exact rendered token; core floats additionally regression-asserted,PASS
TABLES_V2_1/Supplementary_Table_S4.csv,"25910587,0.3857240353811594 crossfitted_threshold,FULL_PCC,soft_dice,40,40,0.26986480442716926,0.16020259264743347,0.2583983758673641,0.1380498078249373,0.35398810419650",0.26986480442716926,0.26986480442716926,source authority recorded by deterministic builder,exact rendered token; core floats additionally regression-asserted,PASS
TABLES_V2_1/Supplementary_Table_S4.csv,"3811594 crossfitted_threshold,FULL_PCC,soft_dice,40,40,0.26986480442716926,0.16020259264743347,0.2583983758673641,0.1380498078249373,0.35398810419650434,0.22190333430321",0.16020259264743347,0.16020259264743347,source authority recorded by deterministic builder,exact rendered token; core floats additionally regression-asserted,PASS
TABLES_V2_1/Supplementary_Table_S4.csv,"threshold,FULL_PCC,soft_dice,40,40,0.26986480442716926,0.16020259264743347,0.2583983758673641,0.1380498078249373,0.35398810419650434,0.22190333430321788,0.3202065248820",0.2583983758673641,0.2583983758673641,source authority recorded by deterministic builder,exact rendered token; core floats additionally regression-asserted,PASS
TABLES_V2_1/Supplementary_Table_S4.csv,"soft_dice,40,40,0.26986480442716926,0.16020259264743347,0.2583983758673641,0.1380498078249373,0.35398810419650434,0.22190333430321788,0.320206524882015 crossfitted_thre",0.1380498078249373,0.1380498078249373,source authority recorded by deterministic builder,exact rendered token; core floats additionally regression-asserted,PASS
TABLES_V2_1/Supplementary_Table_S4.csv,"6986480442716926,0.16020259264743347,0.2583983758673641,0.1380498078249373,0.35398810419650434,0.22190333430321788,0.320206524882015 crossfitted_threshold,FULL_PCC,brier",0.35398810419650434,0.35398810419650434,source authority recorded by deterministic builder,exact rendered token; core floats additionally regression-asserted,PASS
TABLES_V2_1/Supplementary_Table_S4.csv,"6020259264743347,0.2583983758673641,0.1380498078249373,0.35398810419650434,0.22190333430321788,0.320206524882015 crossfitted_threshold,FULL_PCC,brier_score,40,40,0.00470",0.22190333430321788,0.22190333430321788,source authority recorded by deterministic builder,exact rendered token; core floats additionally regression-asserted,PASS
TABLES_V2_1/Supplementary_Table_S4.csv,"583983758673641,0.1380498078249373,0.35398810419650434,0.22190333430321788,0.320206524882015 crossfitted_threshold,FULL_PCC,brier_score,40,40,0.004702401769835172,0.00",0.320206524882015,0.320206524882015,source authority recorded by deterministic builder,exact rendered token; core floats additionally regression-asserted,PASS
TABLES_V2_1/Supplementary_Table_S4.csv,"0333430321788,0.320206524882015 crossfitted_threshold,FULL_PCC,brier_score,40,40,0.004702401769835172,0.0022371192227205613,0.0044005255538703,0.0029718",40,40,source authority recorded by deterministic builder,exact rendered token; core floats additionally regression-asserted,PASS
TABLES_V2_1/Supplementary_Table_S4.csv,"3430321788,0.320206524882015 crossfitted_threshold,FULL_PCC,brier_score,40,40,0.004702401769835172,0.0022371192227205613,0.0044005255538703,0.0029718737",40,40,source authority recorded by deterministic builder,exact rendered token; core floats additionally regression-asserted,PASS
TABLES_V2_1/Supplementary_Table_S4.csv,"0321788,0.320206524882015 crossfitted_threshold,FULL_PCC,brier_score,40,40,0.004702401769835172,0.0022371192227205613,0.0044005255538703,0.00297187375242395,0.00623081618",0.004702401769835172,0.004702401769835172,source authority recorded by deterministic builder,exact rendered token; core floats additionally regression-asserted,PASS
TABLES_V2_1/Supplementary_Table_S4.csv,"2015 crossfitted_threshold,FULL_PCC,brier_score,40,40,0.004702401769835172,0.0022371192227205613,0.0044005255538703,0.00297187375242395,0.006230816184005775,0.004027149191",0.0022371192227205613,0.0022371192227205613,source authority recorded by deterministic builder,exact rendered token; core floats additionally regression-asserted,PASS
TABLES_V2_1/Supplementary_Table_S4.csv,"hold,FULL_PCC,brier_score,40,40,0.004702401769835172,0.0022371192227205613,0.0044005255538703,0.00297187375242395,0.006230816184005775,0.004027149191587236,0.0054032575",0.0044005255538703,0.0044005255538703,source authority recorded by deterministic builder,exact rendered token; core floats additionally regression-asserted,PASS
TABLES_V2_1/Supplementary_Table_S4.csv,"_score,40,40,0.004702401769835172,0.0022371192227205613,0.0044005255538703,0.00297187375242395,0.006230816184005775,0.004027149191587236,0.005403257533925778 crossfitted",0.00297187375242395,0.00297187375242395,source authority recorded by deterministic builder,exact rendered token; core floats additionally regression-asserted,PASS
TABLES_V2_1/Supplementary_Table_S4.csv,"2401769835172,0.0022371192227205613,0.0044005255538703,0.00297187375242395,0.006230816184005775,0.004027149191587236,0.005403257533925778 crossfitted_threshold,FULL_PCC,a",0.006230816184005775,0.006230816184005775,source authority recorded by deterministic builder,exact rendered token; core floats additionally regression-asserted,PASS
TABLES_V2_1/Supplementary_Table_S4.csv,"71192227205613,0.0044005255538703,0.00297187375242395,0.006230816184005775,0.004027149191587236,0.005403257533925778 crossfitted_threshold,FULL_PCC,average_precision,40,4",0.004027149191587236,0.004027149191587236,source authority recorded by deterministic builder,exact rendered token; core floats additionally regression-asserted,PASS
TABLES_V2_1/Supplementary_Table_S4.csv,"005255538703,0.00297187375242395,0.006230816184005775,0.004027149191587236,0.005403257533925778 crossfitted_threshold,FULL_PCC,average_precision,40,40,0.3730950537963239,",0.005403257533925778,0.005403257533925778,source authority recorded by deterministic builder,exact rendered token; core floats additionally regression-asserted,PASS
TABLES_V2_1/Supplementary_Table_S4.csv,"7236,0.005403257533925778 crossfitted_threshold,FULL_PCC,average_precision,40,40,0.3730950537963239,0.20958885063734023,0.36369438870739224,0.1964882452",40,40,source authority recorded by deterministic builder,exact rendered token; core floats additionally regression-asserted,PASS
TABLES_V2_1/Supplementary_Table_S4.csv,"6,0.005403257533925778 crossfitted_threshold,FULL_PCC,average_precision,40,40,0.3730950537963239,0.20958885063734023,0.36369438870739224,0.1964882452722",40,40,source authority recorded by deterministic builder,exact rendered token; core floats additionally regression-asserted,PASS
TABLES_V2_1/Supplementary_Table_S4.csv,".005403257533925778 crossfitted_threshold,FULL_PCC,average_precision,40,40,0.3730950537963239,0.20958885063734023,0.36369438870739224,0.19648824527225672,0.511540535325",0.3730950537963239,0.3730950537963239,source authority recorded by deterministic builder,exact rendered token; core floats additionally regression-asserted,PASS
TABLES_V2_1/Supplementary_Table_S4.csv," crossfitted_threshold,FULL_PCC,average_precision,40,40,0.3730950537963239,0.20958885063734023,0.36369438870739224,0.19648824527225672,0.5115405353256944,0.3117218735769",0.20958885063734023,0.20958885063734023,source authority recorded by deterministic builder,exact rendered token; core floats additionally regression-asserted,PASS
TABLES_V2_1/Supplementary_Table_S4.csv,"ld,FULL_PCC,average_precision,40,40,0.3730950537963239,0.20958885063734023,0.36369438870739224,0.19648824527225672,0.5115405353256944,0.31172187357695474,0.4392034975285",0.36369438870739224,0.36369438870739224,source authority recorded by deterministic builder,exact rendered token; core floats additionally regression-asserted,PASS
TABLES_V2_1/Supplementary_Table_S4.csv,"precision,40,40,0.3730950537963239,0.20958885063734023,0.36369438870739224,0.19648824527225672,0.5115405353256944,0.31172187357695474,0.4392034975285071 crossfitted_thre",0.19648824527225672,0.19648824527225672,source authority recorded by deterministic builder,exact rendered token; core floats additionally regression-asserted,PASS
TABLES_V2_1/Supplementary_Table_S4.csv,"30950537963239,0.20958885063734023,0.36369438870739224,0.19648824527225672,0.5115405353256944,0.31172187357695474,0.4392034975285071 crossfitted_threshold,NO_SMOOTHING,",0.5115405353256944,0.5115405353256944,source authority recorded by deterministic builder,exact rendered token; core floats additionally regression-asserted,PASS
TABLES_V2_1/Supplementary_Table_S4.csv,"958885063734023,0.36369438870739224,0.19648824527225672,0.5115405353256944,0.31172187357695474,0.4392034975285071 crossfitted_threshold,NO_SMOOTHING,dice_fixed,40,40,0.3",0.31172187357695474,0.31172187357695474,source authority recorded by deterministic builder,exact rendered token; core floats additionally regression-asserted,PASS
TABLES_V2_1/Supplementary_Table_S4.csv,"369438870739224,0.19648824527225672,0.5115405353256944,0.31172187357695474,0.4392034975285071 crossfitted_threshold,NO_SMOOTHING,dice_fixed,40,40,0.3850225818756014,0.2",0.4392034975285071,0.4392034975285071,source authority recorded by deterministic builder,exact rendered token; core floats additionally regression-asserted,PASS
TABLES_V2_1/Supplementary_Table_S4.csv,"357695474,0.4392034975285071 crossfitted_threshold,NO_SMOOTHING,dice_fixed,40,40,0.3850225818756014,0.21473830504516306,0.35757261204125057,0.2051652427",40,40,source authority recorded by deterministic builder,exact rendered token; core floats additionally regression-asserted,PASS
TABLES_V2_1/Supplementary_Table_S4.csv,"695474,0.4392034975285071 crossfitted_threshold,NO_SMOOTHING,dice_fixed,40,40,0.3850225818756014,0.21473830504516306,0.35757261204125057,0.2051652427967",40,40,source authority recorded by deterministic builder,exact rendered token; core floats additionally regression-asserted,PASS
TABLES_V2_1/Supplementary_Table_S4.csv,"474,0.4392034975285071 crossfitted_threshold,NO_SMOOTHING,dice_fixed,40,40,0.3850225818756014,0.21473830504516306,0.35757261204125057,0.20516524279679194,0.501955901148",0.3850225818756014,0.3850225818756014,source authority recorded by deterministic builder,exact rendered token; core floats additionally regression-asserted,PASS
TABLES_V2_1/Supplementary_Table_S4.csv,"071 crossfitted_threshold,NO_SMOOTHING,dice_fixed,40,40,0.3850225818756014,0.21473830504516306,0.35757261204125057,0.20516524279679194,0.5019559011481005,0.3209825423283",0.21473830504516306,0.21473830504516306,source authority recorded by deterministic builder,exact rendered token; core floats additionally regression-asserted,PASS
TABLES_V2_1/Supplementary_Table_S4.csv,"shold,NO_SMOOTHING,dice_fixed,40,40,0.3850225818756014,0.21473830504516306,0.35757261204125057,0.20516524279679194,0.5019559011481005,0.32098254232830964,0.4527167131310",0.35757261204125057,0.35757261204125057,source authority recorded by deterministic builder,exact rendered token; core floats additionally regression-asserted,PASS
TABLES_V2_1/Supplementary_Table_S4.csv,"ice_fixed,40,40,0.3850225818756014,0.21473830504516306,0.35757261204125057,0.20516524279679194,0.5019559011481005,0.32098254232830964,0.4527167131310237 crossfitted_thre",0.20516524279679194,0.20516524279679194,source authority recorded by deterministic builder,exact rendered token; core floats additionally regression-asserted,PASS
TABLES_V2_1/Supplementary_Table_S4.csv,"50225818756014,0.21473830504516306,0.35757261204125057,0.20516524279679194,0.5019559011481005,0.32098254232830964,0.4527167131310237 crossfitted_threshold,NO_SMOOTHING,",0.5019559011481005,0.5019559011481005,source authority recorded by deterministic builder,exact rendered token; core floats additionally regression-asserted,PASS
TABLES_V2_1/Supplementary_Table_S4.csv,"473830504516306,0.35757261204125057,0.20516524279679194,0.5019559011481005,0.32098254232830964,0.4527167131310237 crossfitted_threshold,NO_SMOOTHING,soft_dice,40,40,0.30",0.32098254232830964,0.32098254232830964,source authority recorded by deterministic builder,exact rendered token; core floats additionally regression-asserted,PASS
TABLES_V2_1/Supplementary_Table_S4.csv,"757261204125057,0.20516524279679194,0.5019559011481005,0.32098254232830964,0.4527167131310237 crossfitted_threshold,NO_SMOOTHING,soft_dice,40,40,0.30945156070623653,0.1",0.4527167131310237,0.4527167131310237,source authority recorded by deterministic builder,exact rendered token; core floats additionally regression-asserted,PASS
TABLES_V2_1/Supplementary_Table_S4.csv,"4232830964,0.4527167131310237 crossfitted_threshold,NO_SMOOTHING,soft_dice,40,40,0.30945156070623653,0.1716954111405503,0.30212541676869825,0.1822453196",40,40,source authority recorded by deterministic builder,exact rendered token; core floats additionally regression-asserted,PASS
TABLES_V2_1/Supplementary_Table_S4.csv,"2830964,0.4527167131310237 crossfitted_threshold,NO_SMOOTHING,soft_dice,40,40,0.30945156070623653,0.1716954111405503,0.30212541676869825,0.1822453196030",40,40,source authority recorded by deterministic builder,exact rendered token; core floats additionally regression-asserted,PASS
TABLES_V2_1/Supplementary_Table_S4.csv,"0964,0.4527167131310237 crossfitted_threshold,NO_SMOOTHING,soft_dice,40,40,0.30945156070623653,0.1716954111405503,0.30212541676869825,0.18224531960304988,0.3939770182368",0.30945156070623653,0.30945156070623653,source authority recorded by deterministic builder,exact rendered token; core floats additionally regression-asserted,PASS
TABLES_V2_1/Supplementary_Table_S4.csv,"237 crossfitted_threshold,NO_SMOOTHING,soft_dice,40,40,0.30945156070623653,0.1716954111405503,0.30212541676869825,0.18224531960304988,0.3939770182368503,0.2584927376912",0.1716954111405503,0.1716954111405503,source authority recorded by deterministic builder,exact rendered token; core floats additionally regression-asserted,PASS
TABLES_V2_1/Supplementary_Table_S4.csv,"eshold,NO_SMOOTHING,soft_dice,40,40,0.30945156070623653,0.1716954111405503,0.30212541676869825,0.18224531960304988,0.3939770182368503,0.25849273769128017,0.3633043190954",0.30212541676869825,0.30212541676869825,source authority recorded by deterministic builder,exact rendered token; core floats additionally regression-asserted,PASS
TABLES_V2_1/Supplementary_Table_S4.csv,"soft_dice,40,40,0.30945156070623653,0.1716954111405503,0.30212541676869825,0.18224531960304988,0.3939770182368503,0.25849273769128017,0.3633043190954102 crossfitted_thre",0.18224531960304988,0.18224531960304988,source authority recorded by deterministic builder,exact rendered token; core floats additionally regression-asserted,PASS
TABLES_V2_1/Supplementary_Table_S4.csv,"945156070623653,0.1716954111405503,0.30212541676869825,0.18224531960304988,0.3939770182368503,0.25849273769128017,0.3633043190954102 crossfitted_threshold,NO_SMOOTHING,",0.3939770182368503,0.3939770182368503,source authority recorded by deterministic builder,exact rendered token; core floats additionally regression-asserted,PASS
TABLES_V2_1/Supplementary_Table_S4.csv,"716954111405503,0.30212541676869825,0.18224531960304988,0.3939770182368503,0.25849273769128017,0.3633043190954102 crossfitted_threshold,NO_SMOOTHING,brier_score,40,40,0.",0.25849273769128017,0.25849273769128017,source authority recorded by deterministic builder,exact rendered token; core floats additionally regression-asserted,PASS
TABLES_V2_1/Supplementary_Table_S4.csv,"212541676869825,0.18224531960304988,0.3939770182368503,0.25849273769128017,0.3633043190954102 crossfitted_threshold,NO_SMOOTHING,brier_score,40,40,0.0038531325669077,0.",0.3633043190954102,0.3633043190954102,source authority recorded by deterministic builder,exact rendered token; core floats additionally regression-asserted,PASS
TABLES_V2_1/Supplementary_Table_S4.csv,"69128017,0.3633043190954102 crossfitted_threshold,NO_SMOOTHING,brier_score,40,40,0.0038531325669077,0.0019602598924239765,0.0034951734711370502,0.002348",40,40,source authority recorded by deterministic builder,exact rendered token; core floats additionally regression-asserted,PASS
TABLES_V2_1/Supplementary_Table_S4.csv,"28017,0.3633043190954102 crossfitted_threshold,NO_SMOOTHING,brier_score,40,40,0.0038531325669077,0.0019602598924239765,0.0034951734711370502,0.002348790",40,40,source authority recorded by deterministic builder,exact rendered token; core floats additionally regression-asserted,PASS
TABLES_V2_1/Supplementary_Table_S4.csv,"17,0.3633043190954102 crossfitted_threshold,NO_SMOOTHING,brier_score,40,40,0.0038531325669077,0.0019602598924239765,0.0034951734711370502,0.0023487904712739,0.004817403",0.0038531325669077,0.0038531325669077,source authority recorded by deterministic builder,exact rendered token; core floats additionally regression-asserted,PASS
TABLES_V2_1/Supplementary_Table_S4.csv,"02 crossfitted_threshold,NO_SMOOTHING,brier_score,40,40,0.0038531325669077,0.0019602598924239765,0.0034951734711370502,0.0023487904712739,0.004817403451139325,0.0032805126",0.0019602598924239765,0.0019602598924239765,source authority recorded by deterministic builder,exact rendered token; core floats additionally regression-asserted,PASS
TABLES_V2_1/Supplementary_Table_S4.csv,"ld,NO_SMOOTHING,brier_score,40,40,0.0038531325669077,0.0019602598924239765,0.0034951734711370502,0.0023487904712739,0.004817403451139325,0.0032805126188293126,0.0044634920",0.0034951734711370502,0.0034951734711370502,source authority recorded by deterministic builder,exact rendered token; core floats additionally regression-asserted,PASS
TABLES_V2_1/Supplementary_Table_S4.csv,"score,40,40,0.0038531325669077,0.0019602598924239765,0.0034951734711370502,0.0023487904712739,0.004817403451139325,0.0032805126188293126,0.004463492086587708 crossfitte",0.0023487904712739,0.0023487904712739,source authority recorded by deterministic builder,exact rendered token; core floats additionally regression-asserted,PASS
TABLES_V2_1/Supplementary_Table_S4.csv,"31325669077,0.0019602598924239765,0.0034951734711370502,0.0023487904712739,0.004817403451139325,0.0032805126188293126,0.004463492086587708 crossfitted_threshold,NO_SMOOTH",0.004817403451139325,0.004817403451139325,source authority recorded by deterministic builder,exact rendered token; core floats additionally regression-asserted,PASS
TABLES_V2_1/Supplementary_Table_S4.csv,"598924239765,0.0034951734711370502,0.0023487904712739,0.004817403451139325,0.0032805126188293126,0.004463492086587708 crossfitted_threshold,NO_SMOOTHING,average_precision,",0.0032805126188293126,0.0032805126188293126,source authority recorded by deterministic builder,exact rendered token; core floats additionally regression-asserted,PASS
TABLES_V2_1/Supplementary_Table_S4.csv,"734711370502,0.0023487904712739,0.004817403451139325,0.0032805126188293126,0.004463492086587708 crossfitted_threshold,NO_SMOOTHING,average_precision,40,40,0.5231435278147",0.004463492086587708,0.004463492086587708,source authority recorded by deterministic builder,exact rendered token; core floats additionally regression-asserted,PASS
TABLES_V2_1/Supplementary_Table_S4.csv,",0.004463492086587708 crossfitted_threshold,NO_SMOOTHING,average_precision,40,40,0.5231435278147645,0.20241743002203985,0.518723843461515,0.382499142537",40,40,source authority recorded by deterministic builder,exact rendered token; core floats additionally regression-asserted,PASS
TABLES_V2_1/Supplementary_Table_S4.csv,"004463492086587708 crossfitted_threshold,NO_SMOOTHING,average_precision,40,40,0.5231435278147645,0.20241743002203985,0.518723843461515,0.382499142537183",40,40,source authority recorded by deterministic builder,exact rendered token; core floats additionally regression-asserted,PASS
TABLES_V2_1/Supplementary_Table_S4.csv,"463492086587708 crossfitted_threshold,NO_SMOOTHING,average_precision,40,40,0.5231435278147645,0.20241743002203985,0.518723843461515,0.382499142537183,0.6517454172608723",0.5231435278147645,0.5231435278147645,source authority recorded by deterministic builder,exact rendered token; core floats additionally regression-asserted,PASS
TABLES_V2_1/Supplementary_Table_S4.csv,"ssfitted_threshold,NO_SMOOTHING,average_precision,40,40,0.5231435278147645,0.20241743002203985,0.518723843461515,0.382499142537183,0.6517454172608723,0.4616220881476936,",0.20241743002203985,0.20241743002203985,source authority recorded by deterministic builder,exact rendered token; core floats additionally regression-asserted,PASS
TABLES_V2_1/Supplementary_Table_S4.csv,"O_SMOOTHING,average_precision,40,40,0.5231435278147645,0.20241743002203985,0.518723843461515,0.382499142537183,0.6517454172608723,0.4616220881476936,0.585647450760667 ",0.518723843461515,0.518723843461515,source authority recorded by deterministic builder,exact rendered token; core floats additionally regression-asserted,PASS
TABLES_V2_1/Supplementary_Table_S4.csv,"e_precision,40,40,0.5231435278147645,0.20241743002203985,0.518723843461515,0.382499142537183,0.6517454172608723,0.4616220881476936,0.585647450760667 ",0.382499142537183,0.382499142537183,source authority recorded by deterministic builder,exact rendered token; core floats additionally regression-asserted,PASS
TABLES_V2_1/Supplementary_Table_S4.csv,"0.5231435278147645,0.20241743002203985,0.518723843461515,0.382499142537183,0.6517454172608723,0.4616220881476936,0.585647450760667 ",0.6517454172608723,0.6517454172608723,source authority recorded by deterministic builder,exact rendered token; core floats additionally regression-asserted,PASS
TABLES_V2_1/Supplementary_Table_S4.csv,"0.20241743002203985,0.518723843461515,0.382499142537183,0.6517454172608723,0.4616220881476936,0.585647450760667 ",0.4616220881476936,0.4616220881476936,source authority recorded by deterministic builder,exact rendered token; core floats additionally regression-asserted,PASS
TABLES_V2_1/Supplementary_Table_S4.csv,",0.518723843461515,0.382499142537183,0.6517454172608723,0.4616220881476936,0.585647450760667 ",0.585647450760667,0.585647450760667,source authority recorded by deterministic builder,exact rendered token; core floats additionally regression-asserted,PASS
TABLES_V2_1/Supplementary_Table_S5.csv,"condition,metric,N,mean,SD,median,Q1,Q3,bootstrap_95ci_low,bootstrap_95ci_high,family,method,evaluation_mode FACTORIAL_ERROR_OF",95,95,source authority recorded by deterministic builder,exact rendered token; core floats additionally regression-asserted,PASS
TABLES_V2_1/Supplementary_Table_S5.csv,"condition,metric,N,mean,SD,median,Q1,Q3,bootstrap_95ci_low,bootstrap_95ci_high,family,method,evaluation_mode FACTORIAL_ERROR_OFF_SUPPRESSION_OFF,d",95,95,source authority recorded by deterministic builder,exact rendered token; core floats additionally regression-asserted,PASS
TABLES_V2_1/Supplementary_Table_S5.csv,"igh,family,method,evaluation_mode FACTORIAL_ERROR_OFF_SUPPRESSION_OFF,dice,40,0.2762071661327381,0.16648155812622573,0.26824731584193473,0.1605030356699",40,40,source authority recorded by deterministic builder,exact rendered token; core floats additionally regression-asserted,PASS
TABLES_V2_1/Supplementary_Table_S5.csv,",family,method,evaluation_mode FACTORIAL_ERROR_OFF_SUPPRESSION_OFF,dice,40,0.2762071661327381,0.16648155812622573,0.26824731584193473,0.1605030356699344,0.3941207011003",0.2762071661327381,0.2762071661327381,source authority recorded by deterministic builder,exact rendered token; core floats additionally regression-asserted,PASS
TABLES_V2_1/Supplementary_Table_S5.csv,"uation_mode FACTORIAL_ERROR_OFF_SUPPRESSION_OFF,dice,40,0.2762071661327381,0.16648155812622573,0.26824731584193473,0.1605030356699344,0.39412070110037045,0.2264638701802",0.16648155812622573,0.16648155812622573,source authority recorded by deterministic builder,exact rendered token; core floats additionally regression-asserted,PASS
TABLES_V2_1/Supplementary_Table_S5.csv,"L_ERROR_OFF_SUPPRESSION_OFF,dice,40,0.2762071661327381,0.16648155812622573,0.26824731584193473,0.1605030356699344,0.39412070110037045,0.22646387018022207,0.3291898900404",0.26824731584193473,0.26824731584193473,source authority recorded by deterministic builder,exact rendered token; core floats additionally regression-asserted,PASS
TABLES_V2_1/Supplementary_Table_S5.csv,"ION_OFF,dice,40,0.2762071661327381,0.16648155812622573,0.26824731584193473,0.1605030356699344,0.39412070110037045,0.22646387018022207,0.3291898900404981,mechanism,, FAC",0.1605030356699344,0.1605030356699344,source authority recorded by deterministic builder,exact rendered token; core floats additionally regression-asserted,PASS
TABLES_V2_1/Supplementary_Table_S5.csv,"762071661327381,0.16648155812622573,0.26824731584193473,0.1605030356699344,0.39412070110037045,0.22646387018022207,0.3291898900404981,mechanism,, FACTORIAL_ERROR_OFF_SUP",0.39412070110037045,0.39412070110037045,source authority recorded by deterministic builder,exact rendered token; core floats additionally regression-asserted,PASS
TABLES_V2_1/Supplementary_Table_S5.csv,"648155812622573,0.26824731584193473,0.1605030356699344,0.39412070110037045,0.22646387018022207,0.3291898900404981,mechanism,, FACTORIAL_ERROR_OFF_SUPPRESSION_ON,dice,40,",0.22646387018022207,0.22646387018022207,source authority recorded by deterministic builder,exact rendered token; core floats additionally regression-asserted,PASS
TABLES_V2_1/Supplementary_Table_S5.csv,"824731584193473,0.1605030356699344,0.39412070110037045,0.22646387018022207,0.3291898900404981,mechanism,, FACTORIAL_ERROR_OFF_SUPPRESSION_ON,dice,40,0.28807542785274454",0.3291898900404981,0.3291898900404981,source authority recorded by deterministic builder,exact rendered token; core floats additionally regression-asserted,PASS
TABLES_V2_1/Supplementary_Table_S5.csv,"207,0.3291898900404981,mechanism,, FACTORIAL_ERROR_OFF_SUPPRESSION_ON,dice,40,0.28807542785274454,0.16609163800542953,0.2717145150435562,0.1629650729050",40,40,source authority recorded by deterministic builder,exact rendered token; core floats additionally regression-asserted,PASS
TABLES_V2_1/Supplementary_Table_S5.csv,",0.3291898900404981,mechanism,, FACTORIAL_ERROR_OFF_SUPPRESSION_ON,dice,40,0.28807542785274454,0.16609163800542953,0.2717145150435562,0.16296507290500262,0.4125779757611",0.28807542785274454,0.28807542785274454,source authority recorded by deterministic builder,exact rendered token; core floats additionally regression-asserted,PASS
TABLES_V2_1/Supplementary_Table_S5.csv,"mechanism,, FACTORIAL_ERROR_OFF_SUPPRESSION_ON,dice,40,0.28807542785274454,0.16609163800542953,0.2717145150435562,0.16296507290500262,0.41257797576110855,0.2391726153429",0.16609163800542953,0.16609163800542953,source authority recorded by deterministic builder,exact rendered token; core floats additionally regression-asserted,PASS
TABLES_V2_1/Supplementary_Table_S5.csv,"L_ERROR_OFF_SUPPRESSION_ON,dice,40,0.28807542785274454,0.16609163800542953,0.2717145150435562,0.16296507290500262,0.41257797576110855,0.23917261534297019,0.340278980734",0.2717145150435562,0.2717145150435562,source authority recorded by deterministic builder,exact rendered token; core floats additionally regression-asserted,PASS
TABLES_V2_1/Supplementary_Table_S5.csv,"SION_ON,dice,40,0.28807542785274454,0.16609163800542953,0.2717145150435562,0.16296507290500262,0.41257797576110855,0.23917261534297019,0.3402789807346136,mechanism,, FAC",0.16296507290500262,0.16296507290500262,source authority recorded by deterministic builder,exact rendered token; core floats additionally regression-asserted,PASS
TABLES_V2_1/Supplementary_Table_S5.csv,"807542785274454,0.16609163800542953,0.2717145150435562,0.16296507290500262,0.41257797576110855,0.23917261534297019,0.3402789807346136,mechanism,, FACTORIAL_ERROR_ON_SUPP",0.41257797576110855,0.41257797576110855,source authority recorded by deterministic builder,exact rendered token; core floats additionally regression-asserted,PASS
TABLES_V2_1/Supplementary_Table_S5.csv,"609163800542953,0.2717145150435562,0.16296507290500262,0.41257797576110855,0.23917261534297019,0.3402789807346136,mechanism,, FACTORIAL_ERROR_ON_SUPPRESSION_OFF,dice,40,",0.23917261534297019,0.23917261534297019,source authority recorded by deterministic builder,exact rendered token; core floats additionally regression-asserted,PASS
TABLES_V2_1/Supplementary_Table_S5.csv,"17145150435562,0.16296507290500262,0.41257797576110855,0.23917261534297019,0.3402789807346136,mechanism,, FACTORIAL_ERROR_ON_SUPPRESSION_OFF,dice,40,0.36124881606469395",0.3402789807346136,0.3402789807346136,source authority recorded by deterministic builder,exact rendered token; core floats additionally regression-asserted,PASS
TABLES_V2_1/Supplementary_Table_S5.csv,"019,0.3402789807346136,mechanism,, FACTORIAL_ERROR_ON_SUPPRESSION_OFF,dice,40,0.36124881606469395,0.1783961471757867,0.3648097254845589,0.22398566567481",40,40,source authority recorded by deterministic builder,exact rendered token; core floats additionally regression-asserted,PASS
TABLES_V2_1/Supplementary_Table_S5.csv,",0.3402789807346136,mechanism,, FACTORIAL_ERROR_ON_SUPPRESSION_OFF,dice,40,0.36124881606469395,0.1783961471757867,0.3648097254845589,0.22398566567481387,0.46743987966455",0.36124881606469395,0.36124881606469395,source authority recorded by deterministic builder,exact rendered token; core floats additionally regression-asserted,PASS
TABLES_V2_1/Supplementary_Table_S5.csv,"mechanism,, FACTORIAL_ERROR_ON_SUPPRESSION_OFF,dice,40,0.36124881606469395,0.1783961471757867,0.3648097254845589,0.22398566567481387,0.4674398796645586,0.30873856225771",0.1783961471757867,0.1783961471757867,source authority recorded by deterministic builder,exact rendered token; core floats additionally regression-asserted,PASS
TABLES_V2_1/Supplementary_Table_S5.csv,"AL_ERROR_ON_SUPPRESSION_OFF,dice,40,0.36124881606469395,0.1783961471757867,0.3648097254845589,0.22398566567481387,0.4674398796645586,0.30873856225771446,0.4165725000747",0.3648097254845589,0.3648097254845589,source authority recorded by deterministic builder,exact rendered token; core floats additionally regression-asserted,PASS
TABLES_V2_1/Supplementary_Table_S5.csv,"SION_OFF,dice,40,0.36124881606469395,0.1783961471757867,0.3648097254845589,0.22398566567481387,0.4674398796645586,0.30873856225771446,0.41657250007476243,mechanism,, FIX",0.22398566567481387,0.22398566567481387,source authority recorded by deterministic builder,exact rendered token; core floats additionally regression-asserted,PASS
TABLES_V2_1/Supplementary_Table_S5.csv,"6124881606469395,0.1783961471757867,0.3648097254845589,0.22398566567481387,0.4674398796645586,0.30873856225771446,0.41657250007476243,mechanism,, FIXED_P0,dice,40,0.276",0.4674398796645586,0.4674398796645586,source authority recorded by deterministic builder,exact rendered token; core floats additionally regression-asserted,PASS
TABLES_V2_1/Supplementary_Table_S5.csv,"1783961471757867,0.3648097254845589,0.22398566567481387,0.4674398796645586,0.30873856225771446,0.41657250007476243,mechanism,, FIXED_P0,dice,40,0.2762071661327381,0.1664",0.30873856225771446,0.30873856225771446,source authority recorded by deterministic builder,exact rendered token; core floats additionally regression-asserted,PASS
TABLES_V2_1/Supplementary_Table_S5.csv,"648097254845589,0.22398566567481387,0.4674398796645586,0.30873856225771446,0.41657250007476243,mechanism,, FIXED_P0,dice,40,0.2762071661327381,0.16648155812622573,0.2682",0.41657250007476243,0.41657250007476243,source authority recorded by deterministic builder,exact rendered token; core floats additionally regression-asserted,PASS
TABLES_V2_1/Supplementary_Table_S5.csv,"96645586,0.30873856225771446,0.41657250007476243,mechanism,, FIXED_P0,dice,40,0.2762071661327381,0.16648155812622573,0.26824731584193473,0.1605030356699",40,40,source authority recorded by deterministic builder,exact rendered token; core floats additionally regression-asserted,PASS
TABLES_V2_1/Supplementary_Table_S5.csv,"45586,0.30873856225771446,0.41657250007476243,mechanism,, FIXED_P0,dice,40,0.2762071661327381,0.16648155812622573,0.26824731584193473,0.1605030356699344,0.3941207011003",0.2762071661327381,0.2762071661327381,source authority recorded by deterministic builder,exact rendered token; core floats additionally regression-asserted,PASS
TABLES_V2_1/Supplementary_Table_S5.csv,"771446,0.41657250007476243,mechanism,, FIXED_P0,dice,40,0.2762071661327381,0.16648155812622573,0.26824731584193473,0.1605030356699344,0.39412070110037045,0.2271833519698",0.16648155812622573,0.16648155812622573,source authority recorded by deterministic builder,exact rendered token; core floats additionally regression-asserted,PASS
TABLES_V2_1/Supplementary_Table_S5.csv,"476243,mechanism,, FIXED_P0,dice,40,0.2762071661327381,0.16648155812622573,0.26824731584193473,0.1605030356699344,0.39412070110037045,0.22718335196982162,0.3283168501329",0.26824731584193473,0.26824731584193473,source authority recorded by deterministic builder,exact rendered token; core floats additionally regression-asserted,PASS
TABLES_V2_1/Supplementary_Table_S5.csv,"IXED_P0,dice,40,0.2762071661327381,0.16648155812622573,0.26824731584193473,0.1605030356699344,0.39412070110037045,0.22718335196982162,0.3283168501329602,mechanism,, FUL",0.1605030356699344,0.1605030356699344,source authority recorded by deterministic builder,exact rendered token; core floats additionally regression-asserted,PASS
TABLES_V2_1/Supplementary_Table_S5.csv,"762071661327381,0.16648155812622573,0.26824731584193473,0.1605030356699344,0.39412070110037045,0.22718335196982162,0.3283168501329602,mechanism,, FULL_PCC,dice,40,0.3884",0.39412070110037045,0.39412070110037045,source authority recorded by deterministic builder,exact rendered token; core floats additionally regression-asserted,PASS
TABLES_V2_1/Supplementary_Table_S5.csv,"648155812622573,0.26824731584193473,0.1605030356699344,0.39412070110037045,0.22718335196982162,0.3283168501329602,mechanism,, FULL_PCC,dice,40,0.3884208514831534,0.17350",0.22718335196982162,0.22718335196982162,source authority recorded by deterministic builder,exact rendered token; core floats additionally regression-asserted,PASS
TABLES_V2_1/Supplementary_Table_S5.csv,"824731584193473,0.1605030356699344,0.39412070110037045,0.22718335196982162,0.3283168501329602,mechanism,, FULL_PCC,dice,40,0.3884208514831534,0.1735083320190867,0.37746",0.3283168501329602,0.3283168501329602,source authority recorded by deterministic builder,exact rendered token; core floats additionally regression-asserted,PASS
TABLES_V2_1/Supplementary_Table_S5.csv,"110037045,0.22718335196982162,0.3283168501329602,mechanism,, FULL_PCC,dice,40,0.3884208514831534,0.1735083320190867,0.37746157603644065,0.26449631018710",40,40,source authority recorded by deterministic builder,exact rendered token; core floats additionally regression-asserted,PASS
TABLES_V2_1/Supplementary_Table_S5.csv,"037045,0.22718335196982162,0.3283168501329602,mechanism,, FULL_PCC,dice,40,0.3884208514831534,0.1735083320190867,0.37746157603644065,0.2644963101871098,0.49369194950449",0.3884208514831534,0.3884208514831534,source authority recorded by deterministic builder,exact rendered token; core floats additionally regression-asserted,PASS
TABLES_V2_1/Supplementary_Table_S5.csv,"6982162,0.3283168501329602,mechanism,, FULL_PCC,dice,40,0.3884208514831534,0.1735083320190867,0.37746157603644065,0.2644963101871098,0.49369194950449413,0.3367390310939",0.1735083320190867,0.1735083320190867,source authority recorded by deterministic builder,exact rendered token; core floats additionally regression-asserted,PASS
TABLES_V2_1/Supplementary_Table_S5.csv,"1329602,mechanism,, FULL_PCC,dice,40,0.3884208514831534,0.1735083320190867,0.37746157603644065,0.2644963101871098,0.49369194950449413,0.336739031093995,0.442786390141163",0.37746157603644065,0.37746157603644065,source authority recorded by deterministic builder,exact rendered token; core floats additionally regression-asserted,PASS
TABLES_V2_1/Supplementary_Table_S5.csv,"FULL_PCC,dice,40,0.3884208514831534,0.1735083320190867,0.37746157603644065,0.2644963101871098,0.49369194950449413,0.336739031093995,0.44278639014116333,mechanism,, GLOB",0.2644963101871098,0.2644963101871098,source authority recorded by deterministic builder,exact rendered token; core floats additionally regression-asserted,PASS
TABLES_V2_1/Supplementary_Table_S5.csv,"3884208514831534,0.1735083320190867,0.37746157603644065,0.2644963101871098,0.49369194950449413,0.336739031093995,0.44278639014116333,mechanism,, GLOBAL_DISCREPANCY,dice,",0.49369194950449413,0.49369194950449413,source authority recorded by deterministic builder,exact rendered token; core floats additionally regression-asserted,PASS
TABLES_V2_1/Supplementary_Table_S5.csv,"735083320190867,0.37746157603644065,0.2644963101871098,0.49369194950449413,0.336739031093995,0.44278639014116333,mechanism,, GLOBAL_DISCREPANCY,dice,40,0.3932267351530",0.336739031093995,0.336739031093995,source authority recorded by deterministic builder,exact rendered token; core floats additionally regression-asserted,PASS
TABLES_V2_1/Supplementary_Table_S5.csv,"37746157603644065,0.2644963101871098,0.49369194950449413,0.336739031093995,0.44278639014116333,mechanism,, GLOBAL_DISCREPANCY,dice,40,0.39322673515301176,0.1714978248066",0.44278639014116333,0.44278639014116333,source authority recorded by deterministic builder,exact rendered token; core floats additionally regression-asserted,PASS
TABLES_V2_1/Supplementary_Table_S5.csv,",0.336739031093995,0.44278639014116333,mechanism,, GLOBAL_DISCREPANCY,dice,40,0.39322673515301176,0.1714978248066687,0.3786466054545023,0.27864695401442",40,40,source authority recorded by deterministic builder,exact rendered token; core floats additionally regression-asserted,PASS
TABLES_V2_1/Supplementary_Table_S5.csv,"336739031093995,0.44278639014116333,mechanism,, GLOBAL_DISCREPANCY,dice,40,0.39322673515301176,0.1714978248066687,0.3786466054545023,0.2786469540144292,0.498299972892731",0.39322673515301176,0.39322673515301176,source authority recorded by deterministic builder,exact rendered token; core floats additionally regression-asserted,PASS
TABLES_V2_1/Supplementary_Table_S5.csv,"278639014116333,mechanism,, GLOBAL_DISCREPANCY,dice,40,0.39322673515301176,0.1714978248066687,0.3786466054545023,0.2786469540144292,0.49829997289273187,0.34100550613555",0.1714978248066687,0.1714978248066687,source authority recorded by deterministic builder,exact rendered token; core floats additionally regression-asserted,PASS
TABLES_V2_1/Supplementary_Table_S5.csv,"hanism,, GLOBAL_DISCREPANCY,dice,40,0.39322673515301176,0.1714978248066687,0.3786466054545023,0.2786469540144292,0.49829997289273187,0.3410055061355568,0.44774499786358",0.3786466054545023,0.3786466054545023,source authority recorded by deterministic builder,exact rendered token; core floats additionally regression-asserted,PASS
TABLES_V2_1/Supplementary_Table_S5.csv,"CREPANCY,dice,40,0.39322673515301176,0.1714978248066687,0.3786466054545023,0.2786469540144292,0.49829997289273187,0.3410055061355568,0.44774499786358746,mechanism,, NO_",0.2786469540144292,0.2786469540144292,source authority recorded by deterministic builder,exact rendered token; core floats additionally regression-asserted,PASS
TABLES_V2_1/Supplementary_Table_S5.csv,"39322673515301176,0.1714978248066687,0.3786466054545023,0.2786469540144292,0.49829997289273187,0.3410055061355568,0.44774499786358746,mechanism,, NO_SMOOTHING,dice,40,0.",0.49829997289273187,0.49829997289273187,source authority recorded by deterministic builder,exact rendered token; core floats additionally regression-asserted,PASS
TABLES_V2_1/Supplementary_Table_S5.csv,"1714978248066687,0.3786466054545023,0.2786469540144292,0.49829997289273187,0.3410055061355568,0.44774499786358746,mechanism,, NO_SMOOTHING,dice,40,0.5001397076361601,0.",0.3410055061355568,0.3410055061355568,source authority recorded by deterministic builder,exact rendered token; core floats additionally regression-asserted,PASS
TABLES_V2_1/Supplementary_Table_S5.csv,"3786466054545023,0.2786469540144292,0.49829997289273187,0.3410055061355568,0.44774499786358746,mechanism,, NO_SMOOTHING,dice,40,0.5001397076361601,0.17635167273893507,0.",0.44774499786358746,0.44774499786358746,source authority recorded by deterministic builder,exact rendered token; core floats additionally regression-asserted,PASS
TABLES_V2_1/Supplementary_Table_S5.csv,"73187,0.3410055061355568,0.44774499786358746,mechanism,, NO_SMOOTHING,dice,40,0.5001397076361601,0.17635167273893507,0.5133707035864199,0.37878257434246",40,40,source authority recorded by deterministic builder,exact rendered token; core floats additionally regression-asserted,PASS
TABLES_V2_1/Supplementary_Table_S5.csv,"87,0.3410055061355568,0.44774499786358746,mechanism,, NO_SMOOTHING,dice,40,0.5001397076361601,0.17635167273893507,0.5133707035864199,0.378782574342467,0.594519814819229",0.5001397076361601,0.5001397076361601,source authority recorded by deterministic builder,exact rendered token; core floats additionally regression-asserted,PASS
TABLES_V2_1/Supplementary_Table_S5.csv,"68,0.44774499786358746,mechanism,, NO_SMOOTHING,dice,40,0.5001397076361601,0.17635167273893507,0.5133707035864199,0.378782574342467,0.5945198148192297,0.4466413800239759",0.17635167273893507,0.17635167273893507,source authority recorded by deterministic builder,exact rendered token; core floats additionally regression-asserted,PASS
TABLES_V2_1/Supplementary_Table_S5.csv,"46,mechanism,, NO_SMOOTHING,dice,40,0.5001397076361601,0.17635167273893507,0.5133707035864199,0.378782574342467,0.5945198148192297,0.4466413800239759,0.5544621884725907",0.5133707035864199,0.5133707035864199,source authority recorded by deterministic builder,exact rendered token; core floats additionally regression-asserted,PASS
TABLES_V2_1/Supplementary_Table_S5.csv,"MOOTHING,dice,40,0.5001397076361601,0.17635167273893507,0.5133707035864199,0.378782574342467,0.5945198148192297,0.4466413800239759,0.5544621884725907,mechanism,, ",0.378782574342467,0.378782574342467,source authority recorded by deterministic builder,exact rendered token; core floats additionally regression-asserted,PASS
TABLES_V2_1/Supplementary_Table_S5.csv,".5001397076361601,0.17635167273893507,0.5133707035864199,0.378782574342467,0.5945198148192297,0.4466413800239759,0.5544621884725907,mechanism,, ",0.5945198148192297,0.5945198148192297,source authority recorded by deterministic builder,exact rendered token; core floats additionally regression-asserted,PASS
TABLES_V2_1/Supplementary_Table_S5.csv,".17635167273893507,0.5133707035864199,0.378782574342467,0.5945198148192297,0.4466413800239759,0.5544621884725907,mechanism,, ",0.4466413800239759,0.4466413800239759,source authority recorded by deterministic builder,exact rendered token; core floats additionally regression-asserted,PASS
TABLES_V2_1/Supplementary_Table_S5.csv,"0.5133707035864199,0.378782574342467,0.5945198148192297,0.4466413800239759,0.5544621884725907,mechanism,, ",0.5544621884725907,0.5544621884725907,source authority recorded by deterministic builder,exact rendered token; core floats additionally regression-asserted,PASS
TABLES_V2_1/Supplementary_Table_S6.csv,"condition,method,n,oracle_assisted_topk_Dice_mean CLEAN,PCC,40,0.388421 CLEAN,EIA_LINEAR,40,0.349947 CLEAN,EIA_BLEND_075,40,0.532841 PART",40,40,source authority recorded by deterministic builder,exact rendered token; core floats additionally regression-asserted,PASS
TABLES_V2_1/Supplementary_Table_S6.csv,"condition,method,n,oracle_assisted_topk_Dice_mean CLEAN,PCC,40,0.388421 CLEAN,EIA_LINEAR,40,0.349947 CLEAN,EIA_BLEND_075,40,0.532841 PARTIAL_50,PC",0.388421,0.388421,source authority recorded by deterministic builder,exact rendered token; core floats additionally regression-asserted,PASS
TABLES_V2_1/Supplementary_Table_S6.csv,"od,n,oracle_assisted_topk_Dice_mean CLEAN,PCC,40,0.388421 CLEAN,EIA_LINEAR,40,0.349947 CLEAN,EIA_BLEND_075,40,0.532841 PARTIAL_50,PCC,40,0.349182 PARTIA",40,40,source authority recorded by deterministic builder,exact rendered token; core floats additionally regression-asserted,PASS
TABLES_V2_1/Supplementary_Table_S6.csv,"n,oracle_assisted_topk_Dice_mean CLEAN,PCC,40,0.388421 CLEAN,EIA_LINEAR,40,0.349947 CLEAN,EIA_BLEND_075,40,0.532841 PARTIAL_50,PCC,40,0.349182 PARTIAL_50,EIA_",0.349947,0.349947,source authority recorded by deterministic builder,exact rendered token; core floats additionally regression-asserted,PASS
TABLES_V2_1/Supplementary_Table_S6.csv,"ce_mean CLEAN,PCC,40,0.388421 CLEAN,EIA_LINEAR,40,0.349947 CLEAN,EIA_BLEND_075,40,0.532841 PARTIAL_50,PCC,40,0.349182 PARTIAL_50,EIA_LINEAR,40,0.339260 P",075,075,source authority recorded by deterministic builder,exact rendered token; core floats additionally regression-asserted,PASS
TABLES_V2_1/Supplementary_Table_S6.csv,"ean CLEAN,PCC,40,0.388421 CLEAN,EIA_LINEAR,40,0.349947 CLEAN,EIA_BLEND_075,40,0.532841 PARTIAL_50,PCC,40,0.349182 PARTIAL_50,EIA_LINEAR,40,0.339260 PART",40,40,source authority recorded by deterministic builder,exact rendered token; core floats additionally regression-asserted,PASS
TABLES_V2_1/Supplementary_Table_S6.csv," CLEAN,PCC,40,0.388421 CLEAN,EIA_LINEAR,40,0.349947 CLEAN,EIA_BLEND_075,40,0.532841 PARTIAL_50,PCC,40,0.349182 PARTIAL_50,EIA_LINEAR,40,0.339260 PARTIAL_50,EI",0.532841,0.532841,source authority recorded by deterministic builder,exact rendered token; core floats additionally regression-asserted,PASS
TABLES_V2_1/Supplementary_Table_S6.csv,"88421 CLEAN,EIA_LINEAR,40,0.349947 CLEAN,EIA_BLEND_075,40,0.532841 PARTIAL_50,PCC,40,0.349182 PARTIAL_50,EIA_LINEAR,40,0.339260 PARTIAL_50,EIA_BLEND_075",50,50,source authority recorded by deterministic builder,exact rendered token; core floats additionally regression-asserted,PASS
TABLES_V2_1/Supplementary_Table_S6.csv,"LEAN,EIA_LINEAR,40,0.349947 CLEAN,EIA_BLEND_075,40,0.532841 PARTIAL_50,PCC,40,0.349182 PARTIAL_50,EIA_LINEAR,40,0.339260 PARTIAL_50,EIA_BLEND_075,40,0.4",40,40,source authority recorded by deterministic builder,exact rendered token; core floats additionally regression-asserted,PASS
TABLES_V2_1/Supplementary_Table_S6.csv,"N,EIA_LINEAR,40,0.349947 CLEAN,EIA_BLEND_075,40,0.532841 PARTIAL_50,PCC,40,0.349182 PARTIAL_50,EIA_LINEAR,40,0.339260 PARTIAL_50,EIA_BLEND_075,40,0.492284 PAR",0.349182,0.349182,source authority recorded by deterministic builder,exact rendered token; core floats additionally regression-asserted,PASS
TABLES_V2_1/Supplementary_Table_S6.csv,".349947 CLEAN,EIA_BLEND_075,40,0.532841 PARTIAL_50,PCC,40,0.349182 PARTIAL_50,EIA_LINEAR,40,0.339260 PARTIAL_50,EIA_BLEND_075,40,0.492284 PARTIAL_25,PCC",50,50,source authority recorded by deterministic builder,exact rendered token; core floats additionally regression-asserted,PASS
TABLES_V2_1/Supplementary_Table_S6.csv,"EIA_BLEND_075,40,0.532841 PARTIAL_50,PCC,40,0.349182 PARTIAL_50,EIA_LINEAR,40,0.339260 PARTIAL_50,EIA_BLEND_075,40,0.492284 PARTIAL_25,PCC,40,0.323722 P",40,40,source authority recorded by deterministic builder,exact rendered token; core floats additionally regression-asserted,PASS
TABLES_V2_1/Supplementary_Table_S6.csv,"_BLEND_075,40,0.532841 PARTIAL_50,PCC,40,0.349182 PARTIAL_50,EIA_LINEAR,40,0.339260 PARTIAL_50,EIA_BLEND_075,40,0.492284 PARTIAL_25,PCC,40,0.323722 PARTIAL_25",0.339260,0.339260,source authority recorded by deterministic builder,exact rendered token; core floats additionally regression-asserted,PASS
TABLES_V2_1/Supplementary_Table_S6.csv,"32841 PARTIAL_50,PCC,40,0.349182 PARTIAL_50,EIA_LINEAR,40,0.339260 PARTIAL_50,EIA_BLEND_075,40,0.492284 PARTIAL_25,PCC,40,0.323722 PARTIAL_25,EIA_LINEAR",50,50,source authority recorded by deterministic builder,exact rendered token; core floats additionally regression-asserted,PASS
TABLES_V2_1/Supplementary_Table_S6.csv,"_50,PCC,40,0.349182 PARTIAL_50,EIA_LINEAR,40,0.339260 PARTIAL_50,EIA_BLEND_075,40,0.492284 PARTIAL_25,PCC,40,0.323722 PARTIAL_25,EIA_LINEAR,40,0.327635 P",075,075,source authority recorded by deterministic builder,exact rendered token; core floats additionally regression-asserted,PASS
TABLES_V2_1/Supplementary_Table_S6.csv,"PCC,40,0.349182 PARTIAL_50,EIA_LINEAR,40,0.339260 PARTIAL_50,EIA_BLEND_075,40,0.492284 PARTIAL_25,PCC,40,0.323722 PARTIAL_25,EIA_LINEAR,40,0.327635 PART",40,40,source authority recorded by deterministic builder,exact rendered token; core floats additionally regression-asserted,PASS
TABLES_V2_1/Supplementary_Table_S6.csv,",40,0.349182 PARTIAL_50,EIA_LINEAR,40,0.339260 PARTIAL_50,EIA_BLEND_075,40,0.492284 PARTIAL_25,PCC,40,0.323722 PARTIAL_25,EIA_LINEAR,40,0.327635 PARTIAL_25,EI",0.492284,0.492284,source authority recorded by deterministic builder,exact rendered token; core floats additionally regression-asserted,PASS
TABLES_V2_1/Supplementary_Table_S6.csv,"IAL_50,EIA_LINEAR,40,0.339260 PARTIAL_50,EIA_BLEND_075,40,0.492284 PARTIAL_25,PCC,40,0.323722 PARTIAL_25,EIA_LINEAR,40,0.327635 PARTIAL_25,EIA_BLEND_075",25,25,source authority recorded by deterministic builder,exact rendered token; core floats additionally regression-asserted,PASS
TABLES_V2_1/Supplementary_Table_S6.csv,"EIA_LINEAR,40,0.339260 PARTIAL_50,EIA_BLEND_075,40,0.492284 PARTIAL_25,PCC,40,0.323722 PARTIAL_25,EIA_LINEAR,40,0.327635 PARTIAL_25,EIA_BLEND_075,40,0.4",40,40,source authority recorded by deterministic builder,exact rendered token; core floats additionally regression-asserted,PASS
TABLES_V2_1/Supplementary_Table_S6.csv,"_LINEAR,40,0.339260 PARTIAL_50,EIA_BLEND_075,40,0.492284 PARTIAL_25,PCC,40,0.323722 PARTIAL_25,EIA_LINEAR,40,0.327635 PARTIAL_25,EIA_BLEND_075,40,0.459638 FP_",0.323722,0.323722,source authority recorded by deterministic builder,exact rendered token; core floats additionally regression-asserted,PASS
TABLES_V2_1/Supplementary_Table_S6.csv,"60 PARTIAL_50,EIA_BLEND_075,40,0.492284 PARTIAL_25,PCC,40,0.323722 PARTIAL_25,EIA_LINEAR,40,0.327635 PARTIAL_25,EIA_BLEND_075,40,0.459638 FP_25,PCC,40,0",25,25,source authority recorded by deterministic builder,exact rendered token; core floats additionally regression-asserted,PASS
TABLES_V2_1/Supplementary_Table_S6.csv,"EIA_BLEND_075,40,0.492284 PARTIAL_25,PCC,40,0.323722 PARTIAL_25,EIA_LINEAR,40,0.327635 PARTIAL_25,EIA_BLEND_075,40,0.459638 FP_25,PCC,40,0.384170 FP_25,",40,40,source authority recorded by deterministic builder,exact rendered token; core floats additionally regression-asserted,PASS
TABLES_V2_1/Supplementary_Table_S6.csv,"_BLEND_075,40,0.492284 PARTIAL_25,PCC,40,0.323722 PARTIAL_25,EIA_LINEAR,40,0.327635 PARTIAL_25,EIA_BLEND_075,40,0.459638 FP_25,PCC,40,0.384170 FP_25,EIA_LINEA",0.327635,0.327635,source authority recorded by deterministic builder,exact rendered token; core floats additionally regression-asserted,PASS
TABLES_V2_1/Supplementary_Table_S6.csv,"92284 PARTIAL_25,PCC,40,0.323722 PARTIAL_25,EIA_LINEAR,40,0.327635 PARTIAL_25,EIA_BLEND_075,40,0.459638 FP_25,PCC,40,0.384170 FP_25,EIA_LINEAR,40,0.3430",25,25,source authority recorded by deterministic builder,exact rendered token; core floats additionally regression-asserted,PASS
TABLES_V2_1/Supplementary_Table_S6.csv,"_25,PCC,40,0.323722 PARTIAL_25,EIA_LINEAR,40,0.327635 PARTIAL_25,EIA_BLEND_075,40,0.459638 FP_25,PCC,40,0.384170 FP_25,EIA_LINEAR,40,0.343099 FP_25,EIA_B",075,075,source authority recorded by deterministic builder,exact rendered token; core floats additionally regression-asserted,PASS
TABLES_V2_1/Supplementary_Table_S6.csv,"PCC,40,0.323722 PARTIAL_25,EIA_LINEAR,40,0.327635 PARTIAL_25,EIA_BLEND_075,40,0.459638 FP_25,PCC,40,0.384170 FP_25,EIA_LINEAR,40,0.343099 FP_25,EIA_BLEN",40,40,source authority recorded by deterministic builder,exact rendered token; core floats additionally regression-asserted,PASS
TABLES_V2_1/Supplementary_Table_S6.csv,",40,0.323722 PARTIAL_25,EIA_LINEAR,40,0.327635 PARTIAL_25,EIA_BLEND_075,40,0.459638 FP_25,PCC,40,0.384170 FP_25,EIA_LINEAR,40,0.343099 FP_25,EIA_BLEND_075,40,",0.459638,0.459638,source authority recorded by deterministic builder,exact rendered token; core floats additionally regression-asserted,PASS
TABLES_V2_1/Supplementary_Table_S6.csv," PARTIAL_25,EIA_LINEAR,40,0.327635 PARTIAL_25,EIA_BLEND_075,40,0.459638 FP_25,PCC,40,0.384170 FP_25,EIA_LINEAR,40,0.343099 FP_25,EIA_BLEND_075,40,0.5321",25,25,source authority recorded by deterministic builder,exact rendered token; core floats additionally regression-asserted,PASS
TABLES_V2_1/Supplementary_Table_S6.csv,"L_25,EIA_LINEAR,40,0.327635 PARTIAL_25,EIA_BLEND_075,40,0.459638 FP_25,PCC,40,0.384170 FP_25,EIA_LINEAR,40,0.343099 FP_25,EIA_BLEND_075,40,0.532171 SHIF",40,40,source authority recorded by deterministic builder,exact rendered token; core floats additionally regression-asserted,PASS
TABLES_V2_1/Supplementary_Table_S6.csv,"5,EIA_LINEAR,40,0.327635 PARTIAL_25,EIA_BLEND_075,40,0.459638 FP_25,PCC,40,0.384170 FP_25,EIA_LINEAR,40,0.343099 FP_25,EIA_BLEND_075,40,0.532171 SHIFT_3,PCC,4",0.384170,0.384170,source authority recorded by deterministic builder,exact rendered token; core floats additionally regression-asserted,PASS
TABLES_V2_1/Supplementary_Table_S6.csv,",40,0.327635 PARTIAL_25,EIA_BLEND_075,40,0.459638 FP_25,PCC,40,0.384170 FP_25,EIA_LINEAR,40,0.343099 FP_25,EIA_BLEND_075,40,0.532171 SHIFT_3,PCC,40,0.36",25,25,source authority recorded by deterministic builder,exact rendered token; core floats additionally regression-asserted,PASS
TABLES_V2_1/Supplementary_Table_S6.csv,"ARTIAL_25,EIA_BLEND_075,40,0.459638 FP_25,PCC,40,0.384170 FP_25,EIA_LINEAR,40,0.343099 FP_25,EIA_BLEND_075,40,0.532171 SHIFT_3,PCC,40,0.368439 SHIFT_3,E",40,40,source authority recorded by deterministic builder,exact rendered token; core floats additionally regression-asserted,PASS
TABLES_V2_1/Supplementary_Table_S6.csv,"IAL_25,EIA_BLEND_075,40,0.459638 FP_25,PCC,40,0.384170 FP_25,EIA_LINEAR,40,0.343099 FP_25,EIA_BLEND_075,40,0.532171 SHIFT_3,PCC,40,0.368439 SHIFT_3,EIA_LINEAR",0.343099,0.343099,source authority recorded by deterministic builder,exact rendered token; core floats additionally regression-asserted,PASS
TABLES_V2_1/Supplementary_Table_S6.csv,"LEND_075,40,0.459638 FP_25,PCC,40,0.384170 FP_25,EIA_LINEAR,40,0.343099 FP_25,EIA_BLEND_075,40,0.532171 SHIFT_3,PCC,40,0.368439 SHIFT_3,EIA_LINEAR,40,0.",25,25,source authority recorded by deterministic builder,exact rendered token; core floats additionally regression-asserted,PASS
TABLES_V2_1/Supplementary_Table_S6.csv,".459638 FP_25,PCC,40,0.384170 FP_25,EIA_LINEAR,40,0.343099 FP_25,EIA_BLEND_075,40,0.532171 SHIFT_3,PCC,40,0.368439 SHIFT_3,EIA_LINEAR,40,0.340536 SHIFT_3",075,075,source authority recorded by deterministic builder,exact rendered token; core floats additionally regression-asserted,PASS
TABLES_V2_1/Supplementary_Table_S6.csv,"638 FP_25,PCC,40,0.384170 FP_25,EIA_LINEAR,40,0.343099 FP_25,EIA_BLEND_075,40,0.532171 SHIFT_3,PCC,40,0.368439 SHIFT_3,EIA_LINEAR,40,0.340536 SHIFT_3,EI",40,40,source authority recorded by deterministic builder,exact rendered token; core floats additionally regression-asserted,PASS
TABLES_V2_1/Supplementary_Table_S6.csv," FP_25,PCC,40,0.384170 FP_25,EIA_LINEAR,40,0.343099 FP_25,EIA_BLEND_075,40,0.532171 SHIFT_3,PCC,40,0.368439 SHIFT_3,EIA_LINEAR,40,0.340536 SHIFT_3,EIA_BLEND_0",0.532171,0.532171,source authority recorded by deterministic builder,exact rendered token; core floats additionally regression-asserted,PASS
TABLES_V2_1/Supplementary_Table_S6.csv,".384170 FP_25,EIA_LINEAR,40,0.343099 FP_25,EIA_BLEND_075,40,0.532171 SHIFT_3,PCC,40,0.368439 SHIFT_3,EIA_LINEAR,40,0.340536 SHIFT_3,EIA_BLEND_075,40,0.",3,3,source authority recorded by deterministic builder,exact rendered token; core floats additionally regression-asserted,PASS
TABLES_V2_1/Supplementary_Table_S6.csv,"0 FP_25,EIA_LINEAR,40,0.343099 FP_25,EIA_BLEND_075,40,0.532171 SHIFT_3,PCC,40,0.368439 SHIFT_3,EIA_LINEAR,40,0.340536 SHIFT_3,EIA_BLEND_075,40,0.484517 ",40,40,source authority recorded by deterministic builder,exact rendered token; core floats additionally regression-asserted,PASS
TABLES_V2_1/Supplementary_Table_S6.csv,"P_25,EIA_LINEAR,40,0.343099 FP_25,EIA_BLEND_075,40,0.532171 SHIFT_3,PCC,40,0.368439 SHIFT_3,EIA_LINEAR,40,0.340536 SHIFT_3,EIA_BLEND_075,40,0.484517 MIXED,PCC",0.368439,0.368439,source authority recorded by deterministic builder,exact rendered token; core floats additionally regression-asserted,PASS
TABLES_V2_1/Supplementary_Table_S6.csv,",40,0.343099 FP_25,EIA_BLEND_075,40,0.532171 SHIFT_3,PCC,40,0.368439 SHIFT_3,EIA_LINEAR,40,0.340536 SHIFT_3,EIA_BLEND_075,40,0.484517 MIXED,PCC,40,0.33",3,3,source authority recorded by deterministic builder,exact rendered token; core floats additionally regression-asserted,PASS
TABLES_V2_1/Supplementary_Table_S6.csv,"FP_25,EIA_BLEND_075,40,0.532171 SHIFT_3,PCC,40,0.368439 SHIFT_3,EIA_LINEAR,40,0.340536 SHIFT_3,EIA_BLEND_075,40,0.484517 MIXED,PCC,40,0.332755 MIXED,EIA",40,40,source authority recorded by deterministic builder,exact rendered token; core floats additionally regression-asserted,PASS
TABLES_V2_1/Supplementary_Table_S6.csv,"25,EIA_BLEND_075,40,0.532171 SHIFT_3,PCC,40,0.368439 SHIFT_3,EIA_LINEAR,40,0.340536 SHIFT_3,EIA_BLEND_075,40,0.484517 MIXED,PCC,40,0.332755 MIXED,EIA_LINEAR,4",0.340536,0.340536,source authority recorded by deterministic builder,exact rendered token; core floats additionally regression-asserted,PASS
TABLES_V2_1/Supplementary_Table_S6.csv,"5,40,0.532171 SHIFT_3,PCC,40,0.368439 SHIFT_3,EIA_LINEAR,40,0.340536 SHIFT_3,EIA_BLEND_075,40,0.484517 MIXED,PCC,40,0.332755 MIXED,EIA_LINEAR,40,0.3249",3,3,source authority recorded by deterministic builder,exact rendered token; core floats additionally regression-asserted,PASS
TABLES_V2_1/Supplementary_Table_S6.csv,"1 SHIFT_3,PCC,40,0.368439 SHIFT_3,EIA_LINEAR,40,0.340536 SHIFT_3,EIA_BLEND_075,40,0.484517 MIXED,PCC,40,0.332755 MIXED,EIA_LINEAR,40,0.324969 MIXED,EIA_B",075,075,source authority recorded by deterministic builder,exact rendered token; core floats additionally regression-asserted,PASS
TABLES_V2_1/Supplementary_Table_S6.csv,"IFT_3,PCC,40,0.368439 SHIFT_3,EIA_LINEAR,40,0.340536 SHIFT_3,EIA_BLEND_075,40,0.484517 MIXED,PCC,40,0.332755 MIXED,EIA_LINEAR,40,0.324969 MIXED,EIA_BLEN",40,40,source authority recorded by deterministic builder,exact rendered token; core floats additionally regression-asserted,PASS
TABLES_V2_1/Supplementary_Table_S6.csv,"_3,PCC,40,0.368439 SHIFT_3,EIA_LINEAR,40,0.340536 SHIFT_3,EIA_BLEND_075,40,0.484517 MIXED,PCC,40,0.332755 MIXED,EIA_LINEAR,40,0.324969 MIXED,EIA_BLEND_075,40,",0.484517,0.484517,source authority recorded by deterministic builder,exact rendered token; core floats additionally regression-asserted,PASS
TABLES_V2_1/Supplementary_Table_S6.csv,"SHIFT_3,EIA_LINEAR,40,0.340536 SHIFT_3,EIA_BLEND_075,40,0.484517 MIXED,PCC,40,0.332755 MIXED,EIA_LINEAR,40,0.324969 MIXED,EIA_BLEND_075,40,0.454213 ",40,40,source authority recorded by deterministic builder,exact rendered token; core floats additionally regression-asserted,PASS
TABLES_V2_1/Supplementary_Table_S6.csv,"FT_3,EIA_LINEAR,40,0.340536 SHIFT_3,EIA_BLEND_075,40,0.484517 MIXED,PCC,40,0.332755 MIXED,EIA_LINEAR,40,0.324969 MIXED,EIA_BLEND_075,40,0.454213 ",0.332755,0.332755,source authority recorded by deterministic builder,exact rendered token; core floats additionally regression-asserted,PASS
TABLES_V2_1/Supplementary_Table_S6.csv,"6 SHIFT_3,EIA_BLEND_075,40,0.484517 MIXED,PCC,40,0.332755 MIXED,EIA_LINEAR,40,0.324969 MIXED,EIA_BLEND_075,40,0.454213 ",40,40,source authority recorded by deterministic builder,exact rendered token; core floats additionally regression-asserted,PASS
TABLES_V2_1/Supplementary_Table_S6.csv,"HIFT_3,EIA_BLEND_075,40,0.484517 MIXED,PCC,40,0.332755 MIXED,EIA_LINEAR,40,0.324969 MIXED,EIA_BLEND_075,40,0.454213 ",0.324969,0.324969,source authority recorded by deterministic builder,exact rendered token; core floats additionally regression-asserted,PASS
TABLES_V2_1/Supplementary_Table_S6.csv,".484517 MIXED,PCC,40,0.332755 MIXED,EIA_LINEAR,40,0.324969 MIXED,EIA_BLEND_075,40,0.454213 ",075,075,source authority recorded by deterministic builder,exact rendered token; core floats additionally regression-asserted,PASS
TABLES_V2_1/Supplementary_Table_S6.csv,"517 MIXED,PCC,40,0.332755 MIXED,EIA_LINEAR,40,0.324969 MIXED,EIA_BLEND_075,40,0.454213 ",40,40,source authority recorded by deterministic builder,exact rendered token; core floats additionally regression-asserted,PASS
TABLES_V2_1/Supplementary_Table_S6.csv," MIXED,PCC,40,0.332755 MIXED,EIA_LINEAR,40,0.324969 MIXED,EIA_BLEND_075,40,0.454213 ",0.454213,0.454213,source authority recorded by deterministic builder,exact rendered token; core floats additionally regression-asserted,PASS
TABLES_V2_1/Supplementary_Table_S7.csv,"condition,method,metric,N,mean,SD,median,Q1,Q3,bootstrap_95ci_low,bootstrap_95ci_high CLEAN,FULL_PCC,dice_topk,40,0.3884208514831534,0",95,95,source authority recorded by deterministic builder,exact rendered token; core floats additionally regression-asserted,PASS
TABLES_V2_1/Supplementary_Table_S7.csv,"ondition,method,metric,N,mean,SD,median,Q1,Q3,bootstrap_95ci_low,bootstrap_95ci_high CLEAN,FULL_PCC,dice_topk,40,0.3884208514831534,0.1735083320190867,0",95,95,source authority recorded by deterministic builder,exact rendered token; core floats additionally regression-asserted,PASS
TABLES_V2_1/Supplementary_Table_S7.csv,"dian,Q1,Q3,bootstrap_95ci_low,bootstrap_95ci_high CLEAN,FULL_PCC,dice_topk,40,0.3884208514831534,0.1735083320190867,0.37746157603644065,0.26449631018710",40,40,source authority recorded by deterministic builder,exact rendered token; core floats additionally regression-asserted,PASS
TABLES_V2_1/Supplementary_Table_S7.csv,"n,Q1,Q3,bootstrap_95ci_low,bootstrap_95ci_high CLEAN,FULL_PCC,dice_topk,40,0.3884208514831534,0.1735083320190867,0.37746157603644065,0.2644963101871098,0.49369194950449",0.3884208514831534,0.3884208514831534,source authority recorded by deterministic builder,exact rendered token; core floats additionally regression-asserted,PASS
TABLES_V2_1/Supplementary_Table_S7.csv,"5ci_low,bootstrap_95ci_high CLEAN,FULL_PCC,dice_topk,40,0.3884208514831534,0.1735083320190867,0.37746157603644065,0.2644963101871098,0.49369194950449413,0.3365972847449",0.1735083320190867,0.1735083320190867,source authority recorded by deterministic builder,exact rendered token; core floats additionally regression-asserted,PASS
TABLES_V2_1/Supplementary_Table_S7.csv,"5ci_high CLEAN,FULL_PCC,dice_topk,40,0.3884208514831534,0.1735083320190867,0.37746157603644065,0.2644963101871098,0.49369194950449413,0.3365972847449118,0.44187376245804",0.37746157603644065,0.37746157603644065,source authority recorded by deterministic builder,exact rendered token; core floats additionally regression-asserted,PASS
TABLES_V2_1/Supplementary_Table_S7.csv,"PCC,dice_topk,40,0.3884208514831534,0.1735083320190867,0.37746157603644065,0.2644963101871098,0.49369194950449413,0.3365972847449118,0.4418737624580479 FP_25,FULL_PCC,d",0.2644963101871098,0.2644963101871098,source authority recorded by deterministic builder,exact rendered token; core floats additionally regression-asserted,PASS
TABLES_V2_1/Supplementary_Table_S7.csv,"3884208514831534,0.1735083320190867,0.37746157603644065,0.2644963101871098,0.49369194950449413,0.3365972847449118,0.4418737624580479 FP_25,FULL_PCC,dice_topk,40,0.384170",0.49369194950449413,0.49369194950449413,source authority recorded by deterministic builder,exact rendered token; core floats additionally regression-asserted,PASS
TABLES_V2_1/Supplementary_Table_S7.csv,"735083320190867,0.37746157603644065,0.2644963101871098,0.49369194950449413,0.3365972847449118,0.4418737624580479 FP_25,FULL_PCC,dice_topk,40,0.3841702119706099,0.173922",0.3365972847449118,0.3365972847449118,source authority recorded by deterministic builder,exact rendered token; core floats additionally regression-asserted,PASS
TABLES_V2_1/Supplementary_Table_S7.csv,"7746157603644065,0.2644963101871098,0.49369194950449413,0.3365972847449118,0.4418737624580479 FP_25,FULL_PCC,dice_topk,40,0.3841702119706099,0.1739224612510571,0.375398",0.4418737624580479,0.4418737624580479,source authority recorded by deterministic builder,exact rendered token; core floats additionally regression-asserted,PASS
TABLES_V2_1/Supplementary_Table_S7.csv,"4963101871098,0.49369194950449413,0.3365972847449118,0.4418737624580479 FP_25,FULL_PCC,dice_topk,40,0.3841702119706099,0.1739224612510571,0.375398767943",25,25,source authority recorded by deterministic builder,exact rendered token; core floats additionally regression-asserted,PASS
TABLES_V2_1/Supplementary_Table_S7.csv,"94950449413,0.3365972847449118,0.4418737624580479 FP_25,FULL_PCC,dice_topk,40,0.3841702119706099,0.1739224612510571,0.3753987679435118,0.258538690725264",40,40,source authority recorded by deterministic builder,exact rendered token; core floats additionally regression-asserted,PASS
TABLES_V2_1/Supplementary_Table_S7.csv,"50449413,0.3365972847449118,0.4418737624580479 FP_25,FULL_PCC,dice_topk,40,0.3841702119706099,0.1739224612510571,0.3753987679435118,0.2585386907252648,0.491275576352141",0.3841702119706099,0.3841702119706099,source authority recorded by deterministic builder,exact rendered token; core floats additionally regression-asserted,PASS
TABLES_V2_1/Supplementary_Table_S7.csv,"47449118,0.4418737624580479 FP_25,FULL_PCC,dice_topk,40,0.3841702119706099,0.1739224612510571,0.3753987679435118,0.2585386907252648,0.49127557635214103,0.33230665608375",0.1739224612510571,0.1739224612510571,source authority recorded by deterministic builder,exact rendered token; core floats additionally regression-asserted,PASS
TABLES_V2_1/Supplementary_Table_S7.csv,"24580479 FP_25,FULL_PCC,dice_topk,40,0.3841702119706099,0.1739224612510571,0.3753987679435118,0.2585386907252648,0.49127557635214103,0.332306656083756,0.438583314408303",0.3753987679435118,0.3753987679435118,source authority recorded by deterministic builder,exact rendered token; core floats additionally regression-asserted,PASS
TABLES_V2_1/Supplementary_Table_S7.csv,"_PCC,dice_topk,40,0.3841702119706099,0.1739224612510571,0.3753987679435118,0.2585386907252648,0.49127557635214103,0.332306656083756,0.43858331440830334 MIXED,FULL_PCC,d",0.2585386907252648,0.2585386907252648,source authority recorded by deterministic builder,exact rendered token; core floats additionally regression-asserted,PASS
TABLES_V2_1/Supplementary_Table_S7.csv,".3841702119706099,0.1739224612510571,0.3753987679435118,0.2585386907252648,0.49127557635214103,0.332306656083756,0.43858331440830334 MIXED,FULL_PCC,dice_topk,40,0.332754",0.49127557635214103,0.49127557635214103,source authority recorded by deterministic builder,exact rendered token; core floats additionally regression-asserted,PASS
TABLES_V2_1/Supplementary_Table_S7.csv,"1739224612510571,0.3753987679435118,0.2585386907252648,0.49127557635214103,0.332306656083756,0.43858331440830334 MIXED,FULL_PCC,dice_topk,40,0.33275475996139303,0.1674",0.332306656083756,0.332306656083756,source authority recorded by deterministic builder,exact rendered token; core floats additionally regression-asserted,PASS
TABLES_V2_1/Supplementary_Table_S7.csv,".3753987679435118,0.2585386907252648,0.49127557635214103,0.332306656083756,0.43858331440830334 MIXED,FULL_PCC,dice_topk,40,0.33275475996139303,0.1674463657291604,0.33374",0.43858331440830334,0.43858331440830334,source authority recorded by deterministic builder,exact rendered token; core floats additionally regression-asserted,PASS
TABLES_V2_1/Supplementary_Table_S7.csv,"57635214103,0.332306656083756,0.43858331440830334 MIXED,FULL_PCC,dice_topk,40,0.33275475996139303,0.1674463657291604,0.333740220675845,0.199756770370940",40,40,source authority recorded by deterministic builder,exact rendered token; core floats additionally regression-asserted,PASS
TABLES_V2_1/Supplementary_Table_S7.csv,"35214103,0.332306656083756,0.43858331440830334 MIXED,FULL_PCC,dice_topk,40,0.33275475996139303,0.1674463657291604,0.333740220675845,0.19975677037094075,0.454590910023828",0.33275475996139303,0.33275475996139303,source authority recorded by deterministic builder,exact rendered token; core floats additionally regression-asserted,PASS
TABLES_V2_1/Supplementary_Table_S7.csv,"083756,0.43858331440830334 MIXED,FULL_PCC,dice_topk,40,0.33275475996139303,0.1674463657291604,0.333740220675845,0.19975677037094075,0.45459091002382845,0.28291500685404",0.1674463657291604,0.1674463657291604,source authority recorded by deterministic builder,exact rendered token; core floats additionally regression-asserted,PASS
TABLES_V2_1/Supplementary_Table_S7.csv,"0830334 MIXED,FULL_PCC,dice_topk,40,0.33275475996139303,0.1674463657291604,0.333740220675845,0.19975677037094075,0.45459091002382845,0.2829150068540406,0.3849300556428",0.333740220675845,0.333740220675845,source authority recorded by deterministic builder,exact rendered token; core floats additionally regression-asserted,PASS
TABLES_V2_1/Supplementary_Table_S7.csv,"_PCC,dice_topk,40,0.33275475996139303,0.1674463657291604,0.333740220675845,0.19975677037094075,0.45459091002382845,0.2829150068540406,0.3849300556428056 PARTIAL_25,FULL_",0.19975677037094075,0.19975677037094075,source authority recorded by deterministic builder,exact rendered token; core floats additionally regression-asserted,PASS
TABLES_V2_1/Supplementary_Table_S7.csv,"33275475996139303,0.1674463657291604,0.333740220675845,0.19975677037094075,0.45459091002382845,0.2829150068540406,0.3849300556428056 PARTIAL_25,FULL_PCC,dice_topk,40,0.3",0.45459091002382845,0.45459091002382845,source authority recorded by deterministic builder,exact rendered token; core floats additionally regression-asserted,PASS
TABLES_V2_1/Supplementary_Table_S7.csv,"1674463657291604,0.333740220675845,0.19975677037094075,0.45459091002382845,0.2829150068540406,0.3849300556428056 PARTIAL_25,FULL_PCC,dice_topk,40,0.32372225537501925,0.",0.2829150068540406,0.2829150068540406,source authority recorded by deterministic builder,exact rendered token; core floats additionally regression-asserted,PASS
TABLES_V2_1/Supplementary_Table_S7.csv,"333740220675845,0.19975677037094075,0.45459091002382845,0.2829150068540406,0.3849300556428056 PARTIAL_25,FULL_PCC,dice_topk,40,0.32372225537501925,0.1641362693263026,0.",0.3849300556428056,0.3849300556428056,source authority recorded by deterministic builder,exact rendered token; core floats additionally regression-asserted,PASS
TABLES_V2_1/Supplementary_Table_S7.csv,"37094075,0.45459091002382845,0.2829150068540406,0.3849300556428056 PARTIAL_25,FULL_PCC,dice_topk,40,0.32372225537501925,0.1641362693263026,0.31500631627",25,25,source authority recorded by deterministic builder,exact rendered token; core floats additionally regression-asserted,PASS
TABLES_V2_1/Supplementary_Table_S7.csv,"382845,0.2829150068540406,0.3849300556428056 PARTIAL_25,FULL_PCC,dice_topk,40,0.32372225537501925,0.1641362693263026,0.3150063162784368,0.20184651062316",40,40,source authority recorded by deterministic builder,exact rendered token; core floats additionally regression-asserted,PASS
TABLES_V2_1/Supplementary_Table_S7.csv,"845,0.2829150068540406,0.3849300556428056 PARTIAL_25,FULL_PCC,dice_topk,40,0.32372225537501925,0.1641362693263026,0.3150063162784368,0.20184651062316797,0.43993323361161",0.32372225537501925,0.32372225537501925,source authority recorded by deterministic builder,exact rendered token; core floats additionally regression-asserted,PASS
TABLES_V2_1/Supplementary_Table_S7.csv,"06,0.3849300556428056 PARTIAL_25,FULL_PCC,dice_topk,40,0.32372225537501925,0.1641362693263026,0.3150063162784368,0.20184651062316797,0.43993323361161807,0.2765417290940",0.1641362693263026,0.1641362693263026,source authority recorded by deterministic builder,exact rendered token; core floats additionally regression-asserted,PASS
TABLES_V2_1/Supplementary_Table_S7.csv,"56 PARTIAL_25,FULL_PCC,dice_topk,40,0.32372225537501925,0.1641362693263026,0.3150063162784368,0.20184651062316797,0.43993323361161807,0.2765417290940611,0.3759876693129",0.3150063162784368,0.3150063162784368,source authority recorded by deterministic builder,exact rendered token; core floats additionally regression-asserted,PASS
TABLES_V2_1/Supplementary_Table_S7.csv,"PCC,dice_topk,40,0.32372225537501925,0.1641362693263026,0.3150063162784368,0.20184651062316797,0.43993323361161807,0.2765417290940611,0.3759876693129105 PARTIAL_50,FULL_",0.20184651062316797,0.20184651062316797,source authority recorded by deterministic builder,exact rendered token; core floats additionally regression-asserted,PASS
TABLES_V2_1/Supplementary_Table_S7.csv,"2372225537501925,0.1641362693263026,0.3150063162784368,0.20184651062316797,0.43993323361161807,0.2765417290940611,0.3759876693129105 PARTIAL_50,FULL_PCC,dice_topk,40,0.3",0.43993323361161807,0.43993323361161807,source authority recorded by deterministic builder,exact rendered token; core floats additionally regression-asserted,PASS
TABLES_V2_1/Supplementary_Table_S7.csv,"641362693263026,0.3150063162784368,0.20184651062316797,0.43993323361161807,0.2765417290940611,0.3759876693129105 PARTIAL_50,FULL_PCC,dice_topk,40,0.3491819000755053,0.1",0.2765417290940611,0.2765417290940611,source authority recorded by deterministic builder,exact rendered token; core floats additionally regression-asserted,PASS
TABLES_V2_1/Supplementary_Table_S7.csv,"150063162784368,0.20184651062316797,0.43993323361161807,0.2765417290940611,0.3759876693129105 PARTIAL_50,FULL_PCC,dice_topk,40,0.3491819000755053,0.17049433522895496,0.",0.3759876693129105,0.3759876693129105,source authority recorded by deterministic builder,exact rendered token; core floats additionally regression-asserted,PASS
TABLES_V2_1/Supplementary_Table_S7.csv,"62316797,0.43993323361161807,0.2765417290940611,0.3759876693129105 PARTIAL_50,FULL_PCC,dice_topk,40,0.3491819000755053,0.17049433522895496,0.34298423548",50,50,source authority recorded by deterministic builder,exact rendered token; core floats additionally regression-asserted,PASS
TABLES_V2_1/Supplementary_Table_S7.csv,"161807,0.2765417290940611,0.3759876693129105 PARTIAL_50,FULL_PCC,dice_topk,40,0.3491819000755053,0.17049433522895496,0.3429842354867235,0.21927882199393",40,40,source authority recorded by deterministic builder,exact rendered token; core floats additionally regression-asserted,PASS
TABLES_V2_1/Supplementary_Table_S7.csv,"807,0.2765417290940611,0.3759876693129105 PARTIAL_50,FULL_PCC,dice_topk,40,0.3491819000755053,0.17049433522895496,0.3429842354867235,0.2192788219939305,0.46635580967595",0.3491819000755053,0.3491819000755053,source authority recorded by deterministic builder,exact rendered token; core floats additionally regression-asserted,PASS
TABLES_V2_1/Supplementary_Table_S7.csv,"611,0.3759876693129105 PARTIAL_50,FULL_PCC,dice_topk,40,0.3491819000755053,0.17049433522895496,0.3429842354867235,0.2192788219939305,0.4663558096759517,0.297622379785695",0.17049433522895496,0.17049433522895496,source authority recorded by deterministic builder,exact rendered token; core floats additionally regression-asserted,PASS
TABLES_V2_1/Supplementary_Table_S7.csv,"05 PARTIAL_50,FULL_PCC,dice_topk,40,0.3491819000755053,0.17049433522895496,0.3429842354867235,0.2192788219939305,0.4663558096759517,0.2976223797856957,0.402026223921438",0.3429842354867235,0.3429842354867235,source authority recorded by deterministic builder,exact rendered token; core floats additionally regression-asserted,PASS
TABLES_V2_1/Supplementary_Table_S7.csv,"PCC,dice_topk,40,0.3491819000755053,0.17049433522895496,0.3429842354867235,0.2192788219939305,0.4663558096759517,0.2976223797856957,0.40202622392143894 SHIFT_3,FULL_PCC",0.2192788219939305,0.2192788219939305,source authority recorded by deterministic builder,exact rendered token; core floats additionally regression-asserted,PASS
TABLES_V2_1/Supplementary_Table_S7.csv,"3491819000755053,0.17049433522895496,0.3429842354867235,0.2192788219939305,0.4663558096759517,0.2976223797856957,0.40202622392143894 SHIFT_3,FULL_PCC,dice_topk,40,0.368",0.4663558096759517,0.4663558096759517,source authority recorded by deterministic builder,exact rendered token; core floats additionally regression-asserted,PASS
TABLES_V2_1/Supplementary_Table_S7.csv,"17049433522895496,0.3429842354867235,0.2192788219939305,0.4663558096759517,0.2976223797856957,0.40202622392143894 SHIFT_3,FULL_PCC,dice_topk,40,0.3684392010009529,0.171",0.2976223797856957,0.2976223797856957,source authority recorded by deterministic builder,exact rendered token; core floats additionally regression-asserted,PASS
TABLES_V2_1/Supplementary_Table_S7.csv,".3429842354867235,0.2192788219939305,0.4663558096759517,0.2976223797856957,0.40202622392143894 SHIFT_3,FULL_PCC,dice_topk,40,0.3684392010009529,0.17127513921471288,0.362",0.40202622392143894,0.40202622392143894,source authority recorded by deterministic builder,exact rendered token; core floats additionally regression-asserted,PASS
TABLES_V2_1/Supplementary_Table_S7.csv,"8219939305,0.4663558096759517,0.2976223797856957,0.40202622392143894 SHIFT_3,FULL_PCC,dice_topk,40,0.3684392010009529,0.17127513921471288,0.36299686423",3,3,source authority recorded by deterministic builder,exact rendered token; core floats additionally regression-asserted,PASS
TABLES_V2_1/Supplementary_Table_S7.csv,"96759517,0.2976223797856957,0.40202622392143894 SHIFT_3,FULL_PCC,dice_topk,40,0.3684392010009529,0.17127513921471288,0.36299686423099475,0.2409749255400",40,40,source authority recorded by deterministic builder,exact rendered token; core floats additionally regression-asserted,PASS
TABLES_V2_1/Supplementary_Table_S7.csv,"59517,0.2976223797856957,0.40202622392143894 SHIFT_3,FULL_PCC,dice_topk,40,0.3684392010009529,0.17127513921471288,0.36299686423099475,0.24097492554005212,0.482495964630",0.3684392010009529,0.3684392010009529,source authority recorded by deterministic builder,exact rendered token; core floats additionally regression-asserted,PASS
TABLES_V2_1/Supplementary_Table_S7.csv,"56957,0.40202622392143894 SHIFT_3,FULL_PCC,dice_topk,40,0.3684392010009529,0.17127513921471288,0.36299686423099475,0.24097492554005212,0.4824959646309791,0.3167095180859",0.17127513921471288,0.17127513921471288,source authority recorded by deterministic builder,exact rendered token; core floats additionally regression-asserted,PASS
TABLES_V2_1/Supplementary_Table_S7.csv,"43894 SHIFT_3,FULL_PCC,dice_topk,40,0.3684392010009529,0.17127513921471288,0.36299686423099475,0.24097492554005212,0.4824959646309791,0.3167095180859306,0.42131301997897",0.36299686423099475,0.36299686423099475,source authority recorded by deterministic builder,exact rendered token; core floats additionally regression-asserted,PASS
TABLES_V2_1/Supplementary_Table_S7.csv,"CC,dice_topk,40,0.3684392010009529,0.17127513921471288,0.36299686423099475,0.24097492554005212,0.4824959646309791,0.3167095180859306,0.4213130199789713 ",0.24097492554005212,0.24097492554005212,source authority recorded by deterministic builder,exact rendered token; core floats additionally regression-asserted,PASS
TABLES_V2_1/Supplementary_Table_S7.csv,"84392010009529,0.17127513921471288,0.36299686423099475,0.24097492554005212,0.4824959646309791,0.3167095180859306,0.4213130199789713 ",0.4824959646309791,0.4824959646309791,source authority recorded by deterministic builder,exact rendered token; core floats additionally regression-asserted,PASS
TABLES_V2_1/Supplementary_Table_S7.csv,"127513921471288,0.36299686423099475,0.24097492554005212,0.4824959646309791,0.3167095180859306,0.4213130199789713 ",0.3167095180859306,0.3167095180859306,source authority recorded by deterministic builder,exact rendered token; core floats additionally regression-asserted,PASS
TABLES_V2_1/Supplementary_Table_S7.csv,"6299686423099475,0.24097492554005212,0.4824959646309791,0.3167095180859306,0.4213130199789713 ",0.4213130199789713,0.4213130199789713,source authority recorded by deterministic builder,exact rendered token; core floats additionally regression-asserted,PASS
TABLES_V2_1/Supplementary_Table_S8.csv,"method,metric,N,mean,SD,median,min,max,oracle_assisted Fixed,topk_Dice,113,0.2682975790454364,0.1576598808729009,0.264132066063693,4.752851708767657e",113,113,source authority recorded by deterministic builder,exact rendered token; core floats additionally regression-asserted,PASS
TABLES_V2_1/Supplementary_Table_S8.csv,"method,metric,N,mean,SD,median,min,max,oracle_assisted Fixed,topk_Dice,113,0.2682975790454364,0.1576598808729009,0.264132066063693,4.752851708767657e-10,0.6623879488720",0.2682975790454364,0.2682975790454364,source authority recorded by deterministic builder,exact rendered token; core floats additionally regression-asserted,PASS
TABLES_V2_1/Supplementary_Table_S8.csv,"n,SD,median,min,max,oracle_assisted Fixed,topk_Dice,113,0.2682975790454364,0.1576598808729009,0.264132066063693,4.752851708767657e-10,0.6623879488720312,True Fixed,topk",0.1576598808729009,0.1576598808729009,source authority recorded by deterministic builder,exact rendered token; core floats additionally regression-asserted,PASS
TABLES_V2_1/Supplementary_Table_S8.csv,",oracle_assisted Fixed,topk_Dice,113,0.2682975790454364,0.1576598808729009,0.264132066063693,4.752851708767657e-10,0.6623879488720312,True Fixed,topk_IoU,113,0.1648225",0.264132066063693,0.264132066063693,source authority recorded by deterministic builder,exact rendered token; core floats additionally regression-asserted,PASS
TABLES_V2_1/Supplementary_Table_S8.csv,"ixed,topk_Dice,113,0.2682975790454364,0.1576598808729009,0.264132066063693,4.752851708767657e-10,0.6623879488720312,True Fixed,topk_IoU,113,0.1648225486075349,0.1102769964",4.752851708767657e-10,4.752851708767657e-10,source authority recorded by deterministic builder,exact rendered token; core floats additionally regression-asserted,PASS
TABLES_V2_1/Supplementary_Table_S8.csv,"682975790454364,0.1576598808729009,0.264132066063693,4.752851708767657e-10,0.6623879488720312,True Fixed,topk_IoU,113,0.1648225486075349,0.11027699644301947,0.152161383",0.6623879488720312,0.6623879488720312,source authority recorded by deterministic builder,exact rendered token; core floats additionally regression-asserted,PASS
TABLES_V2_1/Supplementary_Table_S8.csv,"4132066063693,4.752851708767657e-10,0.6623879488720312,True Fixed,topk_IoU,113,0.1648225486075349,0.11027699644301947,0.1521613833260249,4.75285170876765",113,113,source authority recorded by deterministic builder,exact rendered token; core floats additionally regression-asserted,PASS
TABLES_V2_1/Supplementary_Table_S8.csv,"066063693,4.752851708767657e-10,0.6623879488720312,True Fixed,topk_IoU,113,0.1648225486075349,0.11027699644301947,0.1521613833260249,4.752851708767657e-10,0.49520183996",0.1648225486075349,0.1648225486075349,source authority recorded by deterministic builder,exact rendered token; core floats additionally regression-asserted,PASS
TABLES_V2_1/Supplementary_Table_S8.csv,"08767657e-10,0.6623879488720312,True Fixed,topk_IoU,113,0.1648225486075349,0.11027699644301947,0.1521613833260249,4.752851708767657e-10,0.49520183996559597,True Naive,to",0.11027699644301947,0.11027699644301947,source authority recorded by deterministic builder,exact rendered token; core floats additionally regression-asserted,PASS
TABLES_V2_1/Supplementary_Table_S8.csv,"79488720312,True Fixed,topk_IoU,113,0.1648225486075349,0.11027699644301947,0.1521613833260249,4.752851708767657e-10,0.49520183996559597,True Naive,topk_Dice,113,0.26859",0.1521613833260249,0.1521613833260249,source authority recorded by deterministic builder,exact rendered token; core floats additionally regression-asserted,PASS
TABLES_V2_1/Supplementary_Table_S8.csv,"xed,topk_IoU,113,0.1648225486075349,0.11027699644301947,0.1521613833260249,4.752851708767657e-10,0.49520183996559597,True Naive,topk_Dice,113,0.26859460336380714,0.1574005",4.752851708767657e-10,4.752851708767657e-10,source authority recorded by deterministic builder,exact rendered token; core floats additionally regression-asserted,PASS
TABLES_V2_1/Supplementary_Table_S8.csv,"8225486075349,0.11027699644301947,0.1521613833260249,4.752851708767657e-10,0.49520183996559597,True Naive,topk_Dice,113,0.26859460336380714,0.15740052081181546,0.2641320",0.49520183996559597,0.49520183996559597,source authority recorded by deterministic builder,exact rendered token; core floats additionally regression-asserted,PASS
TABLES_V2_1/Supplementary_Table_S8.csv,"13833260249,4.752851708767657e-10,0.49520183996559597,True Naive,topk_Dice,113,0.26859460336380714,0.15740052081181546,0.264132066063693,4.75285170876765",113,113,source authority recorded by deterministic builder,exact rendered token; core floats additionally regression-asserted,PASS
TABLES_V2_1/Supplementary_Table_S8.csv,"3260249,4.752851708767657e-10,0.49520183996559597,True Naive,topk_Dice,113,0.26859460336380714,0.15740052081181546,0.264132066063693,4.752851708767657e-10,0.662387948872",0.26859460336380714,0.26859460336380714,source authority recorded by deterministic builder,exact rendered token; core floats additionally regression-asserted,PASS
TABLES_V2_1/Supplementary_Table_S8.csv,"67657e-10,0.49520183996559597,True Naive,topk_Dice,113,0.26859460336380714,0.15740052081181546,0.264132066063693,4.752851708767657e-10,0.6623879488720312,True Naive,topk",0.15740052081181546,0.15740052081181546,source authority recorded by deterministic builder,exact rendered token; core floats additionally regression-asserted,PASS
TABLES_V2_1/Supplementary_Table_S8.csv,"996559597,True Naive,topk_Dice,113,0.26859460336380714,0.15740052081181546,0.264132066063693,4.752851708767657e-10,0.6623879488720312,True Naive,topk_IoU,113,0.1649928",0.264132066063693,0.264132066063693,source authority recorded by deterministic builder,exact rendered token; core floats additionally regression-asserted,PASS
TABLES_V2_1/Supplementary_Table_S8.csv,"ve,topk_Dice,113,0.26859460336380714,0.15740052081181546,0.264132066063693,4.752851708767657e-10,0.6623879488720312,True Naive,topk_IoU,113,0.16499282436654195,0.110130307",4.752851708767657e-10,4.752851708767657e-10,source authority recorded by deterministic builder,exact rendered token; core floats additionally regression-asserted,PASS
TABLES_V2_1/Supplementary_Table_S8.csv,"59460336380714,0.15740052081181546,0.264132066063693,4.752851708767657e-10,0.6623879488720312,True Naive,topk_IoU,113,0.16499282436654195,0.11013030778718455,0.15216138",0.6623879488720312,0.6623879488720312,source authority recorded by deterministic builder,exact rendered token; core floats additionally regression-asserted,PASS
TABLES_V2_1/Supplementary_Table_S8.csv,"4132066063693,4.752851708767657e-10,0.6623879488720312,True Naive,topk_IoU,113,0.16499282436654195,0.11013030778718455,0.1521613833260249,4.7528517087676",113,113,source authority recorded by deterministic builder,exact rendered token; core floats additionally regression-asserted,PASS
TABLES_V2_1/Supplementary_Table_S8.csv,"066063693,4.752851708767657e-10,0.6623879488720312,True Naive,topk_IoU,113,0.16499282436654195,0.11013030778718455,0.1521613833260249,4.752851708767657e-10,0.49520183996",0.16499282436654195,0.16499282436654195,source authority recorded by deterministic builder,exact rendered token; core floats additionally regression-asserted,PASS
TABLES_V2_1/Supplementary_Table_S8.csv,"8767657e-10,0.6623879488720312,True Naive,topk_IoU,113,0.16499282436654195,0.11013030778718455,0.1521613833260249,4.752851708767657e-10,0.49520183996559597,True EIA-line",0.11013030778718455,0.11013030778718455,source authority recorded by deterministic builder,exact rendered token; core floats additionally regression-asserted,PASS
TABLES_V2_1/Supplementary_Table_S8.csv,"9488720312,True Naive,topk_IoU,113,0.16499282436654195,0.11013030778718455,0.1521613833260249,4.752851708767657e-10,0.49520183996559597,True EIA-linear,topk_Dice,113,0.",0.1521613833260249,0.1521613833260249,source authority recorded by deterministic builder,exact rendered token; core floats additionally regression-asserted,PASS
TABLES_V2_1/Supplementary_Table_S8.csv,"ve,topk_IoU,113,0.16499282436654195,0.11013030778718455,0.1521613833260249,4.752851708767657e-10,0.49520183996559597,True EIA-linear,topk_Dice,113,0.37014903519881887,0.22",4.752851708767657e-10,4.752851708767657e-10,source authority recorded by deterministic builder,exact rendered token; core floats additionally regression-asserted,PASS
TABLES_V2_1/Supplementary_Table_S8.csv,"9282436654195,0.11013030778718455,0.1521613833260249,4.752851708767657e-10,0.49520183996559597,True EIA-linear,topk_Dice,113,0.37014903519881887,0.22838276263711124,0.33",0.49520183996559597,0.49520183996559597,source authority recorded by deterministic builder,exact rendered token; core floats additionally regression-asserted,PASS
TABLES_V2_1/Supplementary_Table_S8.csv,"260249,4.752851708767657e-10,0.49520183996559597,True EIA-linear,topk_Dice,113,0.37014903519881887,0.22838276263711124,0.33870193591438585,2.192982451331",113,113,source authority recorded by deterministic builder,exact rendered token; core floats additionally regression-asserted,PASS
TABLES_V2_1/Supplementary_Table_S8.csv,"49,4.752851708767657e-10,0.49520183996559597,True EIA-linear,topk_Dice,113,0.37014903519881887,0.22838276263711124,0.33870193591438585,2.192982451331179e-09,0.8867765790",0.37014903519881887,0.37014903519881887,source authority recorded by deterministic builder,exact rendered token; core floats additionally regression-asserted,PASS
TABLES_V2_1/Supplementary_Table_S8.csv,"e-10,0.49520183996559597,True EIA-linear,topk_Dice,113,0.37014903519881887,0.22838276263711124,0.33870193591438585,2.192982451331179e-09,0.8867765790143101,True EIA-line",0.22838276263711124,0.22838276263711124,source authority recorded by deterministic builder,exact rendered token; core floats additionally regression-asserted,PASS
TABLES_V2_1/Supplementary_Table_S8.csv,"9597,True EIA-linear,topk_Dice,113,0.37014903519881887,0.22838276263711124,0.33870193591438585,2.192982451331179e-09,0.8867765790143101,True EIA-linear,topk_IoU,113,0.25",0.33870193591438585,0.33870193591438585,source authority recorded by deterministic builder,exact rendered token; core floats additionally regression-asserted,PASS
TABLES_V2_1/Supplementary_Table_S8.csv,",topk_Dice,113,0.37014903519881887,0.22838276263711124,0.33870193591438585,2.192982451331179e-09,0.8867765790143101,True EIA-linear,topk_IoU,113,0.2535643304510223,0.19291",2.192982451331179e-09,2.192982451331179e-09,source authority recorded by deterministic builder,exact rendered token; core floats additionally regression-asserted,PASS
TABLES_V2_1/Supplementary_Table_S8.csv,"903519881887,0.22838276263711124,0.33870193591438585,2.192982451331179e-09,0.8867765790143101,True EIA-linear,topk_IoU,113,0.2535643304510223,0.19291693300631707,0.2038",0.8867765790143101,0.8867765790143101,source authority recorded by deterministic builder,exact rendered token; core floats additionally regression-asserted,PASS
TABLES_V2_1/Supplementary_Table_S8.csv,"91438585,2.192982451331179e-09,0.8867765790143101,True EIA-linear,topk_IoU,113,0.2535643304510223,0.19291693300631707,0.20387788516568078,2.1929824513311",113,113,source authority recorded by deterministic builder,exact rendered token; core floats additionally regression-asserted,PASS
TABLES_V2_1/Supplementary_Table_S8.csv,"8585,2.192982451331179e-09,0.8867765790143101,True EIA-linear,topk_IoU,113,0.2535643304510223,0.19291693300631707,0.20387788516568078,2.192982451331179e-09,0.7965845510",0.2535643304510223,0.2535643304510223,source authority recorded by deterministic builder,exact rendered token; core floats additionally regression-asserted,PASS
TABLES_V2_1/Supplementary_Table_S8.csv,"179e-09,0.8867765790143101,True EIA-linear,topk_IoU,113,0.2535643304510223,0.19291693300631707,0.20387788516568078,2.192982451331179e-09,0.7965845510415248,True EIA-blen",0.19291693300631707,0.19291693300631707,source authority recorded by deterministic builder,exact rendered token; core floats additionally regression-asserted,PASS
TABLES_V2_1/Supplementary_Table_S8.csv,"143101,True EIA-linear,topk_IoU,113,0.2535643304510223,0.19291693300631707,0.20387788516568078,2.192982451331179e-09,0.7965845510415248,True EIA-blend-0.90,topk_Dice,113",0.20387788516568078,0.20387788516568078,source authority recorded by deterministic builder,exact rendered token; core floats additionally regression-asserted,PASS
TABLES_V2_1/Supplementary_Table_S8.csv,"ar,topk_IoU,113,0.2535643304510223,0.19291693300631707,0.20387788516568078,2.192982451331179e-09,0.7965845510415248,True EIA-blend-0.90,topk_Dice,113,0.33882568432917093,0",2.192982451331179e-09,2.192982451331179e-09,source authority recorded by deterministic builder,exact rendered token; core floats additionally regression-asserted,PASS
TABLES_V2_1/Supplementary_Table_S8.csv,"643304510223,0.19291693300631707,0.20387788516568078,2.192982451331179e-09,0.7965845510415248,True EIA-blend-0.90,topk_Dice,113,0.33882568432917093,0.17712419398426416,",0.7965845510415248,0.7965845510415248,source authority recorded by deterministic builder,exact rendered token; core floats additionally regression-asserted,PASS
TABLES_V2_1/Supplementary_Table_S8.csv,".20387788516568078,2.192982451331179e-09,0.7965845510415248,True EIA-blend-0.90,topk_Dice,113,0.33882568432917093,0.17712419398426416,0.31979825614122936,",0.90,0.90,source authority recorded by deterministic builder,exact rendered token; core floats additionally regression-asserted,PASS
TABLES_V2_1/Supplementary_Table_S8.csv,"078,2.192982451331179e-09,0.7965845510415248,True EIA-blend-0.90,topk_Dice,113,0.33882568432917093,0.17712419398426416,0.31979825614122936,4.752851708767",113,113,source authority recorded by deterministic builder,exact rendered token; core floats additionally regression-asserted,PASS
TABLES_V2_1/Supplementary_Table_S8.csv,"2.192982451331179e-09,0.7965845510415248,True EIA-blend-0.90,topk_Dice,113,0.33882568432917093,0.17712419398426416,0.31979825614122936,4.752851708767657e-10,0.7336232960",0.33882568432917093,0.33882568432917093,source authority recorded by deterministic builder,exact rendered token; core floats additionally regression-asserted,PASS
TABLES_V2_1/Supplementary_Table_S8.csv,"9,0.7965845510415248,True EIA-blend-0.90,topk_Dice,113,0.33882568432917093,0.17712419398426416,0.31979825614122936,4.752851708767657e-10,0.7336232960306899,True EIA-blen",0.17712419398426416,0.17712419398426416,source authority recorded by deterministic builder,exact rendered token; core floats additionally regression-asserted,PASS
TABLES_V2_1/Supplementary_Table_S8.csv,",True EIA-blend-0.90,topk_Dice,113,0.33882568432917093,0.17712419398426416,0.31979825614122936,4.752851708767657e-10,0.7336232960306899,True EIA-blend-0.90,topk_IoU,113,",0.31979825614122936,0.31979825614122936,source authority recorded by deterministic builder,exact rendered token; core floats additionally regression-asserted,PASS
TABLES_V2_1/Supplementary_Table_S8.csv,",topk_Dice,113,0.33882568432917093,0.17712419398426416,0.31979825614122936,4.752851708767657e-10,0.7336232960306899,True EIA-blend-0.90,topk_IoU,113,0.21806651577704347,0.",4.752851708767657e-10,4.752851708767657e-10,source authority recorded by deterministic builder,exact rendered token; core floats additionally regression-asserted,PASS
TABLES_V2_1/Supplementary_Table_S8.csv,"568432917093,0.17712419398426416,0.31979825614122936,4.752851708767657e-10,0.7336232960306899,True EIA-blend-0.90,topk_IoU,113,0.21806651577704347,0.13444592460110105,0",0.7336232960306899,0.7336232960306899,source authority recorded by deterministic builder,exact rendered token; core floats additionally regression-asserted,PASS
TABLES_V2_1/Supplementary_Table_S8.csv,".31979825614122936,4.752851708767657e-10,0.7336232960306899,True EIA-blend-0.90,topk_IoU,113,0.21806651577704347,0.13444592460110105,0.1903332485784618,4.",0.90,0.90,source authority recorded by deterministic builder,exact rendered token; core floats additionally regression-asserted,PASS
TABLES_V2_1/Supplementary_Table_S8.csv,"2936,4.752851708767657e-10,0.7336232960306899,True EIA-blend-0.90,topk_IoU,113,0.21806651577704347,0.13444592460110105,0.1903332485784618,4.7528517087676",113,113,source authority recorded by deterministic builder,exact rendered token; core floats additionally regression-asserted,PASS
TABLES_V2_1/Supplementary_Table_S8.csv,",4.752851708767657e-10,0.7336232960306899,True EIA-blend-0.90,topk_IoU,113,0.21806651577704347,0.13444592460110105,0.1903332485784618,4.752851708767657e-10,0.57930890053",0.21806651577704347,0.21806651577704347,source authority recorded by deterministic builder,exact rendered token; core floats additionally regression-asserted,PASS
TABLES_V2_1/Supplementary_Table_S8.csv,"10,0.7336232960306899,True EIA-blend-0.90,topk_IoU,113,0.21806651577704347,0.13444592460110105,0.1903332485784618,4.752851708767657e-10,0.5793089005323705,True EIA-blend",0.13444592460110105,0.13444592460110105,source authority recorded by deterministic builder,exact rendered token; core floats additionally regression-asserted,PASS
TABLES_V2_1/Supplementary_Table_S8.csv,"9,True EIA-blend-0.90,topk_IoU,113,0.21806651577704347,0.13444592460110105,0.1903332485784618,4.752851708767657e-10,0.5793089005323705,True EIA-blend-0.75,topk_Dice,113",0.1903332485784618,0.1903332485784618,source authority recorded by deterministic builder,exact rendered token; core floats additionally regression-asserted,PASS
TABLES_V2_1/Supplementary_Table_S8.csv,"90,topk_IoU,113,0.21806651577704347,0.13444592460110105,0.1903332485784618,4.752851708767657e-10,0.5793089005323705,True EIA-blend-0.75,topk_Dice,113,0.44381081129308003,0",4.752851708767657e-10,4.752851708767657e-10,source authority recorded by deterministic builder,exact rendered token; core floats additionally regression-asserted,PASS
TABLES_V2_1/Supplementary_Table_S8.csv,"6651577704347,0.13444592460110105,0.1903332485784618,4.752851708767657e-10,0.5793089005323705,True EIA-blend-0.75,topk_Dice,113,0.44381081129308003,0.20506428740777713,",0.5793089005323705,0.5793089005323705,source authority recorded by deterministic builder,exact rendered token; core floats additionally regression-asserted,PASS
TABLES_V2_1/Supplementary_Table_S8.csv,"0.1903332485784618,4.752851708767657e-10,0.5793089005323705,True EIA-blend-0.75,topk_Dice,113,0.44381081129308003,0.20506428740777713,0.41276520353871715,",0.75,0.75,source authority recorded by deterministic builder,exact rendered token; core floats additionally regression-asserted,PASS
TABLES_V2_1/Supplementary_Table_S8.csv,"618,4.752851708767657e-10,0.5793089005323705,True EIA-blend-0.75,topk_Dice,113,0.44381081129308003,0.20506428740777713,0.41276520353871715,4.752851708767",113,113,source authority recorded by deterministic builder,exact rendered token; core floats additionally regression-asserted,PASS
TABLES_V2_1/Supplementary_Table_S8.csv,"4.752851708767657e-10,0.5793089005323705,True EIA-blend-0.75,topk_Dice,113,0.44381081129308003,0.20506428740777713,0.41276520353871715,4.752851708767657e-10,0.8854046664",0.44381081129308003,0.44381081129308003,source authority recorded by deterministic builder,exact rendered token; core floats additionally regression-asserted,PASS
TABLES_V2_1/Supplementary_Table_S8.csv,"0,0.5793089005323705,True EIA-blend-0.75,topk_Dice,113,0.44381081129308003,0.20506428740777713,0.41276520353871715,4.752851708767657e-10,0.8854046664151842,True EIA-blen",0.20506428740777713,0.20506428740777713,source authority recorded by deterministic builder,exact rendered token; core floats additionally regression-asserted,PASS
TABLES_V2_1/Supplementary_Table_S8.csv,",True EIA-blend-0.75,topk_Dice,113,0.44381081129308003,0.20506428740777713,0.41276520353871715,4.752851708767657e-10,0.8854046664151842,True EIA-blend-0.75,topk_IoU,113,",0.41276520353871715,0.41276520353871715,source authority recorded by deterministic builder,exact rendered token; core floats additionally regression-asserted,PASS
TABLES_V2_1/Supplementary_Table_S8.csv,",topk_Dice,113,0.44381081129308003,0.20506428740777713,0.41276520353871715,4.752851708767657e-10,0.8854046664151842,True EIA-blend-0.75,topk_IoU,113,0.3083613599283157,0.1",4.752851708767657e-10,4.752851708767657e-10,source authority recorded by deterministic builder,exact rendered token; core floats additionally regression-asserted,PASS
TABLES_V2_1/Supplementary_Table_S8.csv,"081129308003,0.20506428740777713,0.41276520353871715,4.752851708767657e-10,0.8854046664151842,True EIA-blend-0.75,topk_IoU,113,0.3083613599283157,0.1797356337911695,0.2",0.8854046664151842,0.8854046664151842,source authority recorded by deterministic builder,exact rendered token; core floats additionally regression-asserted,PASS
TABLES_V2_1/Supplementary_Table_S8.csv,".41276520353871715,4.752851708767657e-10,0.8854046664151842,True EIA-blend-0.75,topk_IoU,113,0.3083613599283157,0.1797356337911695,0.26005302081037945,4.7",0.75,0.75,source authority recorded by deterministic builder,exact rendered token; core floats additionally regression-asserted,PASS
TABLES_V2_1/Supplementary_Table_S8.csv,"1715,4.752851708767657e-10,0.8854046664151842,True EIA-blend-0.75,topk_IoU,113,0.3083613599283157,0.1797356337911695,0.26005302081037945,4.75285170876765",113,113,source authority recorded by deterministic builder,exact rendered token; core floats additionally regression-asserted,PASS
TABLES_V2_1/Supplementary_Table_S8.csv,",4.752851708767657e-10,0.8854046664151842,True EIA-blend-0.75,topk_IoU,113,0.3083613599283157,0.1797356337911695,0.26005302081037945,4.752851708767657e-10,0.79437320410",0.3083613599283157,0.3083613599283157,source authority recorded by deterministic builder,exact rendered token; core floats additionally regression-asserted,PASS
TABLES_V2_1/Supplementary_Table_S8.csv,"-10,0.8854046664151842,True EIA-blend-0.75,topk_IoU,113,0.3083613599283157,0.1797356337911695,0.26005302081037945,4.752851708767657e-10,0.7943732041008947,True EIA-morp",0.1797356337911695,0.1797356337911695,source authority recorded by deterministic builder,exact rendered token; core floats additionally regression-asserted,PASS
TABLES_V2_1/Supplementary_Table_S8.csv,"842,True EIA-blend-0.75,topk_IoU,113,0.3083613599283157,0.1797356337911695,0.26005302081037945,4.752851708767657e-10,0.7943732041008947,True EIA-morph,topk_Dice,113,0.19",0.26005302081037945,0.26005302081037945,source authority recorded by deterministic builder,exact rendered token; core floats additionally regression-asserted,PASS
TABLES_V2_1/Supplementary_Table_S8.csv,".75,topk_IoU,113,0.3083613599283157,0.1797356337911695,0.26005302081037945,4.752851708767657e-10,0.7943732041008947,True EIA-morph,topk_Dice,113,0.1907168793862762,0.12326",4.752851708767657e-10,4.752851708767657e-10,source authority recorded by deterministic builder,exact rendered token; core floats additionally regression-asserted,PASS
TABLES_V2_1/Supplementary_Table_S8.csv,"3613599283157,0.1797356337911695,0.26005302081037945,4.752851708767657e-10,0.7943732041008947,True EIA-morph,topk_Dice,113,0.1907168793862762,0.12326047239491646,0.1777",0.7943732041008947,0.7943732041008947,source authority recorded by deterministic builder,exact rendered token; core floats additionally regression-asserted,PASS
TABLES_V2_1/Supplementary_Table_S8.csv,"81037945,4.752851708767657e-10,0.7943732041008947,True EIA-morph,topk_Dice,113,0.1907168793862762,0.12326047239491646,0.17770464846201056,8.7719297476146",113,113,source authority recorded by deterministic builder,exact rendered token; core floats additionally regression-asserted,PASS
TABLES_V2_1/Supplementary_Table_S8.csv,"7945,4.752851708767657e-10,0.7943732041008947,True EIA-morph,topk_Dice,113,0.1907168793862762,0.12326047239491646,0.17770464846201056,8.771929747614652e-09,0.5808470102",0.1907168793862762,0.1907168793862762,source authority recorded by deterministic builder,exact rendered token; core floats additionally regression-asserted,PASS
TABLES_V2_1/Supplementary_Table_S8.csv,"657e-10,0.7943732041008947,True EIA-morph,topk_Dice,113,0.1907168793862762,0.12326047239491646,0.17770464846201056,8.771929747614652e-09,0.5808470102985261,True EIA-morp",0.12326047239491646,0.12326047239491646,source authority recorded by deterministic builder,exact rendered token; core floats additionally regression-asserted,PASS
TABLES_V2_1/Supplementary_Table_S8.csv,"008947,True EIA-morph,topk_Dice,113,0.1907168793862762,0.12326047239491646,0.17770464846201056,8.771929747614652e-09,0.5808470102985261,True EIA-morph,topk_IoU,113,0.110",0.17770464846201056,0.17770464846201056,source authority recorded by deterministic builder,exact rendered token; core floats additionally regression-asserted,PASS
TABLES_V2_1/Supplementary_Table_S8.csv,"h,topk_Dice,113,0.1907168793862762,0.12326047239491646,0.17770464846201056,8.771929747614652e-09,0.5808470102985261,True EIA-morph,topk_IoU,113,0.11085339805060769,0.08102",8.771929747614652e-09,8.771929747614652e-09,source authority recorded by deterministic builder,exact rendered token; core floats additionally regression-asserted,PASS
TABLES_V2_1/Supplementary_Table_S8.csv,"168793862762,0.12326047239491646,0.17770464846201056,8.771929747614652e-09,0.5808470102985261,True EIA-morph,topk_IoU,113,0.11085339805060769,0.08102314081911022,0.0975",0.5808470102985261,0.5808470102985261,source authority recorded by deterministic builder,exact rendered token; core floats additionally regression-asserted,PASS
TABLES_V2_1/Supplementary_Table_S8.csv,"846201056,8.771929747614652e-09,0.5808470102985261,True EIA-morph,topk_IoU,113,0.11085339805060769,0.08102314081911022,0.09751693022629414,8.771929747614",113,113,source authority recorded by deterministic builder,exact rendered token; core floats additionally regression-asserted,PASS
TABLES_V2_1/Supplementary_Table_S8.csv,"01056,8.771929747614652e-09,0.5808470102985261,True EIA-morph,topk_IoU,113,0.11085339805060769,0.08102314081911022,0.09751693022629414,8.771929747614652e-09,0.4092913269",0.11085339805060769,0.11085339805060769,source authority recorded by deterministic builder,exact rendered token; core floats additionally regression-asserted,PASS
TABLES_V2_1/Supplementary_Table_S8.csv,"652e-09,0.5808470102985261,True EIA-morph,topk_IoU,113,0.11085339805060769,0.08102314081911022,0.09751693022629414,8.771929747614652e-09,0.4092913269526161,True Full PCC",0.08102314081911022,0.08102314081911022,source authority recorded by deterministic builder,exact rendered token; core floats additionally regression-asserted,PASS
TABLES_V2_1/Supplementary_Table_S8.csv,"985261,True EIA-morph,topk_IoU,113,0.11085339805060769,0.08102314081911022,0.09751693022629414,8.771929747614652e-09,0.4092913269526161,True Full PCC,topk_Dice,113,0.439",0.09751693022629414,0.09751693022629414,source authority recorded by deterministic builder,exact rendered token; core floats additionally regression-asserted,PASS
TABLES_V2_1/Supplementary_Table_S8.csv,"h,topk_IoU,113,0.11085339805060769,0.08102314081911022,0.09751693022629414,8.771929747614652e-09,0.4092913269526161,True Full PCC,topk_Dice,113,0.43982123915672683,0.19370",8.771929747614652e-09,8.771929747614652e-09,source authority recorded by deterministic builder,exact rendered token; core floats additionally regression-asserted,PASS
TABLES_V2_1/Supplementary_Table_S8.csv,"339805060769,0.08102314081911022,0.09751693022629414,8.771929747614652e-09,0.4092913269526161,True Full PCC,topk_Dice,113,0.43982123915672683,0.19370894098913222,0.4573",0.4092913269526161,0.4092913269526161,source authority recorded by deterministic builder,exact rendered token; core floats additionally regression-asserted,PASS
TABLES_V2_1/Supplementary_Table_S8.csv,"022629414,8.771929747614652e-09,0.4092913269526161,True Full PCC,topk_Dice,113,0.43982123915672683,0.19370894098913222,0.4573386735338027,5.5555552469135",113,113,source authority recorded by deterministic builder,exact rendered token; core floats additionally regression-asserted,PASS
TABLES_V2_1/Supplementary_Table_S8.csv,"29414,8.771929747614652e-09,0.4092913269526161,True Full PCC,topk_Dice,113,0.43982123915672683,0.19370894098913222,0.4573386735338027,5.555555246913597e-08,0.82806449902",0.43982123915672683,0.43982123915672683,source authority recorded by deterministic builder,exact rendered token; core floats additionally regression-asserted,PASS
TABLES_V2_1/Supplementary_Table_S8.csv,"652e-09,0.4092913269526161,True Full PCC,topk_Dice,113,0.43982123915672683,0.19370894098913222,0.4573386735338027,5.555555246913597e-08,0.8280644990210039,True Full PCC,",0.19370894098913222,0.19370894098913222,source authority recorded by deterministic builder,exact rendered token; core floats additionally regression-asserted,PASS
TABLES_V2_1/Supplementary_Table_S8.csv,"526161,True Full PCC,topk_Dice,113,0.43982123915672683,0.19370894098913222,0.4573386735338027,5.555555246913597e-08,0.8280644990210039,True Full PCC,topk_IoU,113,0.3012",0.4573386735338027,0.4573386735338027,source authority recorded by deterministic builder,exact rendered token; core floats additionally regression-asserted,PASS
TABLES_V2_1/Supplementary_Table_S8.csv,"C,topk_Dice,113,0.43982123915672683,0.19370894098913222,0.4573386735338027,5.555555246913597e-08,0.8280644990210039,True Full PCC,topk_IoU,113,0.3012818760976281,0.1590605",5.555555246913597e-08,5.555555246913597e-08,source authority recorded by deterministic builder,exact rendered token; core floats additionally regression-asserted,PASS
TABLES_V2_1/Supplementary_Table_S8.csv,"2123915672683,0.19370894098913222,0.4573386735338027,5.555555246913597e-08,0.8280644990210039,True Full PCC,topk_IoU,113,0.3012818760976281,0.15906054213458906,0.296460",0.8280644990210039,0.8280644990210039,source authority recorded by deterministic builder,exact rendered token; core floats additionally regression-asserted,PASS
TABLES_V2_1/Supplementary_Table_S8.csv,"6735338027,5.555555246913597e-08,0.8280644990210039,True Full PCC,topk_IoU,113,0.3012818760976281,0.15906054213458906,0.2964608405569634,5.55555524691359",113,113,source authority recorded by deterministic builder,exact rendered token; core floats additionally regression-asserted,PASS
TABLES_V2_1/Supplementary_Table_S8.csv,"338027,5.555555246913597e-08,0.8280644990210039,True Full PCC,topk_IoU,113,0.3012818760976281,0.15906054213458906,0.2964608405569634,5.555555246913597e-08,0.70657856028",0.3012818760976281,0.3012818760976281,source authority recorded by deterministic builder,exact rendered token; core floats additionally regression-asserted,PASS
TABLES_V2_1/Supplementary_Table_S8.csv,"13597e-08,0.8280644990210039,True Full PCC,topk_IoU,113,0.3012818760976281,0.15906054213458906,0.2964608405569634,5.555555246913597e-08,0.7065785602818218,True No-smooth",0.15906054213458906,0.15906054213458906,source authority recorded by deterministic builder,exact rendered token; core floats additionally regression-asserted,PASS
TABLES_V2_1/Supplementary_Table_S8.csv,"90210039,True Full PCC,topk_IoU,113,0.3012818760976281,0.15906054213458906,0.2964608405569634,5.555555246913597e-08,0.7065785602818218,True No-smoothing PCC,topk_Dice,1",0.2964608405569634,0.2964608405569634,source authority recorded by deterministic builder,exact rendered token; core floats additionally regression-asserted,PASS
TABLES_V2_1/Supplementary_Table_S8.csv,"PCC,topk_IoU,113,0.3012818760976281,0.15906054213458906,0.2964608405569634,5.555555246913597e-08,0.7065785602818218,True No-smoothing PCC,topk_Dice,113,0.6308292240200701,",5.555555246913597e-08,5.555555246913597e-08,source authority recorded by deterministic builder,exact rendered token; core floats additionally regression-asserted,PASS
TABLES_V2_1/Supplementary_Table_S8.csv,"2818760976281,0.15906054213458906,0.2964608405569634,5.555555246913597e-08,0.7065785602818218,True No-smoothing PCC,topk_Dice,113,0.6308292240200701,0.19583652400407495",0.7065785602818218,0.7065785602818218,source authority recorded by deterministic builder,exact rendered token; core floats additionally regression-asserted,PASS
TABLES_V2_1/Supplementary_Table_S8.csv,"4,5.555555246913597e-08,0.7065785602818218,True No-smoothing PCC,topk_Dice,113,0.6308292240200701,0.19583652400407495,0.6539280014217598,0.05982698079710",113,113,source authority recorded by deterministic builder,exact rendered token; core floats additionally regression-asserted,PASS
TABLES_V2_1/Supplementary_Table_S8.csv,"555555246913597e-08,0.7065785602818218,True No-smoothing PCC,topk_Dice,113,0.6308292240200701,0.19583652400407495,0.6539280014217598,0.05982698079710492,1.0,True No-smo",0.6308292240200701,0.6308292240200701,source authority recorded by deterministic builder,exact rendered token; core floats additionally regression-asserted,PASS
TABLES_V2_1/Supplementary_Table_S8.csv,",0.7065785602818218,True No-smoothing PCC,topk_Dice,113,0.6308292240200701,0.19583652400407495,0.6539280014217598,0.05982698079710492,1.0,True No-smoothing PCC,topk_IoU,",0.19583652400407495,0.19583652400407495,source authority recorded by deterministic builder,exact rendered token; core floats additionally regression-asserted,PASS
TABLES_V2_1/Supplementary_Table_S8.csv,"True No-smoothing PCC,topk_Dice,113,0.6308292240200701,0.19583652400407495,0.6539280014217598,0.05982698079710492,1.0,True No-smoothing PCC,topk_IoU,113,0.4892959190486",0.6539280014217598,0.6539280014217598,source authority recorded by deterministic builder,exact rendered token; core floats additionally regression-asserted,PASS
TABLES_V2_1/Supplementary_Table_S8.csv,"CC,topk_Dice,113,0.6308292240200701,0.19583652400407495,0.6539280014217598,0.05982698079710492,1.0,True No-smoothing PCC,topk_IoU,113,0.48929591904861625,0.2046389396323",0.05982698079710492,0.05982698079710492,source authority recorded by deterministic builder,exact rendered token; core floats additionally regression-asserted,PASS
TABLES_V2_1/Supplementary_Table_S8.csv,"308292240200701,0.19583652400407495,0.6539280014217598,0.05982698079710492,1.0,True No-smoothing PCC,topk_IoU,113,0.48929591904861625,0.20463893963234114",1.0,1.0,source authority recorded by deterministic builder,exact rendered token; core floats additionally regression-asserted,PASS
TABLES_V2_1/Supplementary_Table_S8.csv,",0.6539280014217598,0.05982698079710492,1.0,True No-smoothing PCC,topk_IoU,113,0.48929591904861625,0.20463893963234114,0.4858046242080785,0.0308358997918",113,113,source authority recorded by deterministic builder,exact rendered token; core floats additionally regression-asserted,PASS
TABLES_V2_1/Supplementary_Table_S8.csv,"539280014217598,0.05982698079710492,1.0,True No-smoothing PCC,topk_IoU,113,0.48929591904861625,0.20463893963234114,0.4858046242080785,0.030835899791857503,1.0,True ",0.48929591904861625,0.48929591904861625,source authority recorded by deterministic builder,exact rendered token; core floats additionally regression-asserted,PASS
TABLES_V2_1/Supplementary_Table_S8.csv,"982698079710492,1.0,True No-smoothing PCC,topk_IoU,113,0.48929591904861625,0.20463893963234114,0.4858046242080785,0.030835899791857503,1.0,True ",0.20463893963234114,0.20463893963234114,source authority recorded by deterministic builder,exact rendered token; core floats additionally regression-asserted,PASS
TABLES_V2_1/Supplementary_Table_S8.csv,"True No-smoothing PCC,topk_IoU,113,0.48929591904861625,0.20463893963234114,0.4858046242080785,0.030835899791857503,1.0,True ",0.4858046242080785,0.4858046242080785,source authority recorded by deterministic builder,exact rendered token; core floats additionally regression-asserted,PASS
TABLES_V2_1/Supplementary_Table_S8.csv,"CC,topk_IoU,113,0.48929591904861625,0.20463893963234114,0.4858046242080785,0.030835899791857503,1.0,True ",0.030835899791857503,0.030835899791857503,source authority recorded by deterministic builder,exact rendered token; core floats additionally regression-asserted,PASS
TABLES_V2_1/Supplementary_Table_S8.csv,"29591904861625,0.20463893963234114,0.4858046242080785,0.030835899791857503,1.0,True ",1.0,1.0,source authority recorded by deterministic builder,exact rendered token; core floats additionally regression-asserted,PASS
TABLES_V2_1/Supplementary_Table_S9.csv,"method,metric,label,n,mean,SD,median,Q1,Q3,IQR,bootstrap_95ci_low,bootstrap_95ci_high,bootstrap_replicates,bootstrap_seed Fixed,topk_D",95,95,source authority recorded by deterministic builder,exact rendered token; core floats additionally regression-asserted,PASS
TABLES_V2_1/Supplementary_Table_S9.csv,"ethod,metric,label,n,mean,SD,median,Q1,Q3,IQR,bootstrap_95ci_low,bootstrap_95ci_high,bootstrap_replicates,bootstrap_seed Fixed,topk_Dice,ORACLE_ASSISTED",95,95,source authority recorded by deterministic builder,exact rendered token; core floats additionally regression-asserted,PASS
TABLES_V2_1/Supplementary_Table_S9.csv,",bootstrap_seed Fixed,topk_Dice,ORACLE_ASSISTED_RETROSPECTIVE_LOCALIZATION,39,0.2066218552518812,0.13512876195298196,0.20843582697118956,0.0938465929590",39,39,source authority recorded by deterministic builder,exact rendered token; core floats additionally regression-asserted,PASS
TABLES_V2_1/Supplementary_Table_S9.csv,"otstrap_seed Fixed,topk_Dice,ORACLE_ASSISTED_RETROSPECTIVE_LOCALIZATION,39,0.2066218552518812,0.13512876195298196,0.20843582697118956,0.09384659295903545,0.303863886027",0.2066218552518812,0.2066218552518812,source authority recorded by deterministic builder,exact rendered token; core floats additionally regression-asserted,PASS
TABLES_V2_1/Supplementary_Table_S9.csv,"topk_Dice,ORACLE_ASSISTED_RETROSPECTIVE_LOCALIZATION,39,0.2066218552518812,0.13512876195298196,0.20843582697118956,0.09384659295903545,0.3038638860271052,0.2100172930680",0.13512876195298196,0.13512876195298196,source authority recorded by deterministic builder,exact rendered token; core floats additionally regression-asserted,PASS
TABLES_V2_1/Supplementary_Table_S9.csv,"ISTED_RETROSPECTIVE_LOCALIZATION,39,0.2066218552518812,0.13512876195298196,0.20843582697118956,0.09384659295903545,0.3038638860271052,0.2100172930680697,0.16506380764110",0.20843582697118956,0.20843582697118956,source authority recorded by deterministic builder,exact rendered token; core floats additionally regression-asserted,PASS
TABLES_V2_1/Supplementary_Table_S9.csv,"LOCALIZATION,39,0.2066218552518812,0.13512876195298196,0.20843582697118956,0.09384659295903545,0.3038638860271052,0.2100172930680697,0.16506380764110187,0.24836546661649",0.09384659295903545,0.09384659295903545,source authority recorded by deterministic builder,exact rendered token; core floats additionally regression-asserted,PASS
TABLES_V2_1/Supplementary_Table_S9.csv,"66218552518812,0.13512876195298196,0.20843582697118956,0.09384659295903545,0.3038638860271052,0.2100172930680697,0.16506380764110187,0.24836546661649436,10000,20260810 ",0.3038638860271052,0.3038638860271052,source authority recorded by deterministic builder,exact rendered token; core floats additionally regression-asserted,PASS
TABLES_V2_1/Supplementary_Table_S9.csv,"512876195298196,0.20843582697118956,0.09384659295903545,0.3038638860271052,0.2100172930680697,0.16506380764110187,0.24836546661649436,10000,20260810 Fixed,topk_IoU,ORAC",0.2100172930680697,0.2100172930680697,source authority recorded by deterministic builder,exact rendered token; core floats additionally regression-asserted,PASS
TABLES_V2_1/Supplementary_Table_S9.csv,"0843582697118956,0.09384659295903545,0.3038638860271052,0.2100172930680697,0.16506380764110187,0.24836546661649436,10000,20260810 Fixed,topk_IoU,ORACLE_ASSISTED_RETROSPE",0.16506380764110187,0.16506380764110187,source authority recorded by deterministic builder,exact rendered token; core floats additionally regression-asserted,PASS
TABLES_V2_1/Supplementary_Table_S9.csv,"9384659295903545,0.3038638860271052,0.2100172930680697,0.16506380764110187,0.24836546661649436,10000,20260810 Fixed,topk_IoU,ORACLE_ASSISTED_RETROSPECTIVE_LOCALIZATION,3",0.24836546661649436,0.24836546661649436,source authority recorded by deterministic builder,exact rendered token; core floats additionally regression-asserted,PASS
TABLES_V2_1/Supplementary_Table_S9.csv,"038638860271052,0.2100172930680697,0.16506380764110187,0.24836546661649436,10000,20260810 Fixed,topk_IoU,ORACLE_ASSISTED_RETROSPECTIVE_LOCALIZATION,39,0.12",10000,10000,source authority recorded by deterministic builder,exact rendered token; core floats additionally regression-asserted,PASS
TABLES_V2_1/Supplementary_Table_S9.csv,"860271052,0.2100172930680697,0.16506380764110187,0.24836546661649436,10000,20260810 Fixed,topk_IoU,ORACLE_ASSISTED_RETROSPECTIVE_LOCALIZATION,39,0.12151667316",20260810,20260810,source authority recorded by deterministic builder,exact rendered token; core floats additionally regression-asserted,PASS
TABLES_V2_1/Supplementary_Table_S9.csv,"6,10000,20260810 Fixed,topk_IoU,ORACLE_ASSISTED_RETROSPECTIVE_LOCALIZATION,39,0.12151667316552597,0.08607515528348274,0.11634293102142942,0.049247268092",39,39,source authority recorded by deterministic builder,exact rendered token; core floats additionally regression-asserted,PASS
TABLES_V2_1/Supplementary_Table_S9.csv,"0000,20260810 Fixed,topk_IoU,ORACLE_ASSISTED_RETROSPECTIVE_LOCALIZATION,39,0.12151667316552597,0.08607515528348274,0.11634293102142942,0.0492472680927187,0.1791636946299",0.12151667316552597,0.12151667316552597,source authority recorded by deterministic builder,exact rendered token; core floats additionally regression-asserted,PASS
TABLES_V2_1/Supplementary_Table_S9.csv,"topk_IoU,ORACLE_ASSISTED_RETROSPECTIVE_LOCALIZATION,39,0.12151667316552597,0.08607515528348274,0.11634293102142942,0.0492472680927187,0.1791636946299111,0.12991642653719",0.08607515528348274,0.08607515528348274,source authority recorded by deterministic builder,exact rendered token; core floats additionally regression-asserted,PASS
TABLES_V2_1/Supplementary_Table_S9.csv,"STED_RETROSPECTIVE_LOCALIZATION,39,0.12151667316552597,0.08607515528348274,0.11634293102142942,0.0492472680927187,0.1791636946299111,0.1299164265371924,0.095162795865423",0.11634293102142942,0.11634293102142942,source authority recorded by deterministic builder,exact rendered token; core floats additionally regression-asserted,PASS
TABLES_V2_1/Supplementary_Table_S9.csv,"OCALIZATION,39,0.12151667316552597,0.08607515528348274,0.11634293102142942,0.0492472680927187,0.1791636946299111,0.1299164265371924,0.09516279586542364,0.14837109805320",0.0492472680927187,0.0492472680927187,source authority recorded by deterministic builder,exact rendered token; core floats additionally regression-asserted,PASS
TABLES_V2_1/Supplementary_Table_S9.csv,"151667316552597,0.08607515528348274,0.11634293102142942,0.0492472680927187,0.1791636946299111,0.1299164265371924,0.09516279586542364,0.14837109805320628,10000,20260810 ",0.1791636946299111,0.1791636946299111,source authority recorded by deterministic builder,exact rendered token; core floats additionally regression-asserted,PASS
TABLES_V2_1/Supplementary_Table_S9.csv,"8607515528348274,0.11634293102142942,0.0492472680927187,0.1791636946299111,0.1299164265371924,0.09516279586542364,0.14837109805320628,10000,20260810 Naive,topk_Dice,ORA",0.1299164265371924,0.1299164265371924,source authority recorded by deterministic builder,exact rendered token; core floats additionally regression-asserted,PASS
TABLES_V2_1/Supplementary_Table_S9.csv,"11634293102142942,0.0492472680927187,0.1791636946299111,0.1299164265371924,0.09516279586542364,0.14837109805320628,10000,20260810 Naive,topk_Dice,ORACLE_ASSISTED_RETROSP",0.09516279586542364,0.09516279586542364,source authority recorded by deterministic builder,exact rendered token; core floats additionally regression-asserted,PASS
TABLES_V2_1/Supplementary_Table_S9.csv,"0492472680927187,0.1791636946299111,0.1299164265371924,0.09516279586542364,0.14837109805320628,10000,20260810 Naive,topk_Dice,ORACLE_ASSISTED_RETROSPECTIVE_LOCALIZATION,",0.14837109805320628,0.14837109805320628,source authority recorded by deterministic builder,exact rendered token; core floats additionally regression-asserted,PASS
TABLES_V2_1/Supplementary_Table_S9.csv,"791636946299111,0.1299164265371924,0.09516279586542364,0.14837109805320628,10000,20260810 Naive,topk_Dice,ORACLE_ASSISTED_RETROSPECTIVE_LOCALIZATION,39,0.2",10000,10000,source authority recorded by deterministic builder,exact rendered token; core floats additionally regression-asserted,PASS
TABLES_V2_1/Supplementary_Table_S9.csv,"946299111,0.1299164265371924,0.09516279586542364,0.14837109805320628,10000,20260810 Naive,topk_Dice,ORACLE_ASSISTED_RETROSPECTIVE_LOCALIZATION,39,0.2066218552",20260810,20260810,source authority recorded by deterministic builder,exact rendered token; core floats additionally regression-asserted,PASS
TABLES_V2_1/Supplementary_Table_S9.csv,",10000,20260810 Naive,topk_Dice,ORACLE_ASSISTED_RETROSPECTIVE_LOCALIZATION,39,0.2066218552518812,0.13512876195298196,0.20843582697118956,0.0938465929590",39,39,source authority recorded by deterministic builder,exact rendered token; core floats additionally regression-asserted,PASS
TABLES_V2_1/Supplementary_Table_S9.csv,"000,20260810 Naive,topk_Dice,ORACLE_ASSISTED_RETROSPECTIVE_LOCALIZATION,39,0.2066218552518812,0.13512876195298196,0.20843582697118956,0.09384659295903545,0.303863886027",0.2066218552518812,0.2066218552518812,source authority recorded by deterministic builder,exact rendered token; core floats additionally regression-asserted,PASS
TABLES_V2_1/Supplementary_Table_S9.csv,"topk_Dice,ORACLE_ASSISTED_RETROSPECTIVE_LOCALIZATION,39,0.2066218552518812,0.13512876195298196,0.20843582697118956,0.09384659295903545,0.3038638860271052,0.2100172930680",0.13512876195298196,0.13512876195298196,source authority recorded by deterministic builder,exact rendered token; core floats additionally regression-asserted,PASS
TABLES_V2_1/Supplementary_Table_S9.csv,"ISTED_RETROSPECTIVE_LOCALIZATION,39,0.2066218552518812,0.13512876195298196,0.20843582697118956,0.09384659295903545,0.3038638860271052,0.2100172930680697,0.16506380764110",0.20843582697118956,0.20843582697118956,source authority recorded by deterministic builder,exact rendered token; core floats additionally regression-asserted,PASS
TABLES_V2_1/Supplementary_Table_S9.csv,"LOCALIZATION,39,0.2066218552518812,0.13512876195298196,0.20843582697118956,0.09384659295903545,0.3038638860271052,0.2100172930680697,0.16506380764110187,0.24836546661649",0.09384659295903545,0.09384659295903545,source authority recorded by deterministic builder,exact rendered token; core floats additionally regression-asserted,PASS
TABLES_V2_1/Supplementary_Table_S9.csv,"66218552518812,0.13512876195298196,0.20843582697118956,0.09384659295903545,0.3038638860271052,0.2100172930680697,0.16506380764110187,0.24836546661649436,10000,20260810 ",0.3038638860271052,0.3038638860271052,source authority recorded by deterministic builder,exact rendered token; core floats additionally regression-asserted,PASS
TABLES_V2_1/Supplementary_Table_S9.csv,"512876195298196,0.20843582697118956,0.09384659295903545,0.3038638860271052,0.2100172930680697,0.16506380764110187,0.24836546661649436,10000,20260810 Naive,topk_IoU,ORAC",0.2100172930680697,0.2100172930680697,source authority recorded by deterministic builder,exact rendered token; core floats additionally regression-asserted,PASS
TABLES_V2_1/Supplementary_Table_S9.csv,"0843582697118956,0.09384659295903545,0.3038638860271052,0.2100172930680697,0.16506380764110187,0.24836546661649436,10000,20260810 Naive,topk_IoU,ORACLE_ASSISTED_RETROSPE",0.16506380764110187,0.16506380764110187,source authority recorded by deterministic builder,exact rendered token; core floats additionally regression-asserted,PASS
TABLES_V2_1/Supplementary_Table_S9.csv,"9384659295903545,0.3038638860271052,0.2100172930680697,0.16506380764110187,0.24836546661649436,10000,20260810 Naive,topk_IoU,ORACLE_ASSISTED_RETROSPECTIVE_LOCALIZATION,3",0.24836546661649436,0.24836546661649436,source authority recorded by deterministic builder,exact rendered token; core floats additionally regression-asserted,PASS
TABLES_V2_1/Supplementary_Table_S9.csv,"038638860271052,0.2100172930680697,0.16506380764110187,0.24836546661649436,10000,20260810 Naive,topk_IoU,ORACLE_ASSISTED_RETROSPECTIVE_LOCALIZATION,39,0.12",10000,10000,source authority recorded by deterministic builder,exact rendered token; core floats additionally regression-asserted,PASS
TABLES_V2_1/Supplementary_Table_S9.csv,"860271052,0.2100172930680697,0.16506380764110187,0.24836546661649436,10000,20260810 Naive,topk_IoU,ORACLE_ASSISTED_RETROSPECTIVE_LOCALIZATION,39,0.12151667316",20260810,20260810,source authority recorded by deterministic builder,exact rendered token; core floats additionally regression-asserted,PASS
TABLES_V2_1/Supplementary_Table_S9.csv,"6,10000,20260810 Naive,topk_IoU,ORACLE_ASSISTED_RETROSPECTIVE_LOCALIZATION,39,0.12151667316552597,0.08607515528348274,0.11634293102142942,0.049247268092",39,39,source authority recorded by deterministic builder,exact rendered token; core floats additionally regression-asserted,PASS
TABLES_V2_1/Supplementary_Table_S9.csv,"0000,20260810 Naive,topk_IoU,ORACLE_ASSISTED_RETROSPECTIVE_LOCALIZATION,39,0.12151667316552597,0.08607515528348274,0.11634293102142942,0.0492472680927187,0.1791636946299",0.12151667316552597,0.12151667316552597,source authority recorded by deterministic builder,exact rendered token; core floats additionally regression-asserted,PASS
TABLES_V2_1/Supplementary_Table_S9.csv,"topk_IoU,ORACLE_ASSISTED_RETROSPECTIVE_LOCALIZATION,39,0.12151667316552597,0.08607515528348274,0.11634293102142942,0.0492472680927187,0.1791636946299111,0.12991642653719",0.08607515528348274,0.08607515528348274,source authority recorded by deterministic builder,exact rendered token; core floats additionally regression-asserted,PASS
TABLES_V2_1/Supplementary_Table_S9.csv,"STED_RETROSPECTIVE_LOCALIZATION,39,0.12151667316552597,0.08607515528348274,0.11634293102142942,0.0492472680927187,0.1791636946299111,0.1299164265371924,0.095162795865423",0.11634293102142942,0.11634293102142942,source authority recorded by deterministic builder,exact rendered token; core floats additionally regression-asserted,PASS
TABLES_V2_1/Supplementary_Table_S9.csv,"OCALIZATION,39,0.12151667316552597,0.08607515528348274,0.11634293102142942,0.0492472680927187,0.1791636946299111,0.1299164265371924,0.09516279586542364,0.14837109805320",0.0492472680927187,0.0492472680927187,source authority recorded by deterministic builder,exact rendered token; core floats additionally regression-asserted,PASS
TABLES_V2_1/Supplementary_Table_S9.csv,"151667316552597,0.08607515528348274,0.11634293102142942,0.0492472680927187,0.1791636946299111,0.1299164265371924,0.09516279586542364,0.14837109805320628,10000,20260810 ",0.1791636946299111,0.1791636946299111,source authority recorded by deterministic builder,exact rendered token; core floats additionally regression-asserted,PASS
TABLES_V2_1/Supplementary_Table_S9.csv,"8607515528348274,0.11634293102142942,0.0492472680927187,0.1791636946299111,0.1299164265371924,0.09516279586542364,0.14837109805320628,10000,20260810 EIA-linear,topk_Dic",0.1299164265371924,0.1299164265371924,source authority recorded by deterministic builder,exact rendered token; core floats additionally regression-asserted,PASS
TABLES_V2_1/Supplementary_Table_S9.csv,"11634293102142942,0.0492472680927187,0.1791636946299111,0.1299164265371924,0.09516279586542364,0.14837109805320628,10000,20260810 EIA-linear,topk_Dice,ORACLE_ASSISTED_RE",0.09516279586542364,0.09516279586542364,source authority recorded by deterministic builder,exact rendered token; core floats additionally regression-asserted,PASS
TABLES_V2_1/Supplementary_Table_S9.csv,"0492472680927187,0.1791636946299111,0.1299164265371924,0.09516279586542364,0.14837109805320628,10000,20260810 EIA-linear,topk_Dice,ORACLE_ASSISTED_RETROSPECTIVE_LOCALIZA",0.14837109805320628,0.14837109805320628,source authority recorded by deterministic builder,exact rendered token; core floats additionally regression-asserted,PASS
TABLES_V2_1/Supplementary_Table_S9.csv,"791636946299111,0.1299164265371924,0.09516279586542364,0.14837109805320628,10000,20260810 EIA-linear,topk_Dice,ORACLE_ASSISTED_RETROSPECTIVE_LOCALIZATION,3",10000,10000,source authority recorded by deterministic builder,exact rendered token; core floats additionally regression-asserted,PASS
TABLES_V2_1/Supplementary_Table_S9.csv,"946299111,0.1299164265371924,0.09516279586542364,0.14837109805320628,10000,20260810 EIA-linear,topk_Dice,ORACLE_ASSISTED_RETROSPECTIVE_LOCALIZATION,39,0.34345",20260810,20260810,source authority recorded by deterministic builder,exact rendered token; core floats additionally regression-asserted,PASS
TABLES_V2_1/Supplementary_Table_S9.csv,"0,20260810 EIA-linear,topk_Dice,ORACLE_ASSISTED_RETROSPECTIVE_LOCALIZATION,39,0.34345385436351666,0.2244980547413953,0.2917812183731811,0.16571967220981",39,39,source authority recorded by deterministic builder,exact rendered token; core floats additionally regression-asserted,PASS
TABLES_V2_1/Supplementary_Table_S9.csv,"0260810 EIA-linear,topk_Dice,ORACLE_ASSISTED_RETROSPECTIVE_LOCALIZATION,39,0.34345385436351666,0.2244980547413953,0.2917812183731811,0.1657196722098106,0.527048526798390",0.34345385436351666,0.34345385436351666,source authority recorded by deterministic builder,exact rendered token; core floats additionally regression-asserted,PASS
TABLES_V2_1/Supplementary_Table_S9.csv,"opk_Dice,ORACLE_ASSISTED_RETROSPECTIVE_LOCALIZATION,39,0.34345385436351666,0.2244980547413953,0.2917812183731811,0.1657196722098106,0.5270485267983904,0.361328854588579",0.2244980547413953,0.2244980547413953,source authority recorded by deterministic builder,exact rendered token; core floats additionally regression-asserted,PASS
TABLES_V2_1/Supplementary_Table_S9.csv,"ISTED_RETROSPECTIVE_LOCALIZATION,39,0.34345385436351666,0.2244980547413953,0.2917812183731811,0.1657196722098106,0.5270485267983904,0.36132885458857983,0.27413247794180",0.2917812183731811,0.2917812183731811,source authority recorded by deterministic builder,exact rendered token; core floats additionally regression-asserted,PASS
TABLES_V2_1/Supplementary_Table_S9.csv,"_LOCALIZATION,39,0.34345385436351666,0.2244980547413953,0.2917812183731811,0.1657196722098106,0.5270485267983904,0.36132885458857983,0.2741324779418009,0.41343503564670",0.1657196722098106,0.1657196722098106,source authority recorded by deterministic builder,exact rendered token; core floats additionally regression-asserted,PASS
TABLES_V2_1/Supplementary_Table_S9.csv,"34345385436351666,0.2244980547413953,0.2917812183731811,0.1657196722098106,0.5270485267983904,0.36132885458857983,0.2741324779418009,0.41343503564670175,10000,20260810 ",0.5270485267983904,0.5270485267983904,source authority recorded by deterministic builder,exact rendered token; core floats additionally regression-asserted,PASS
TABLES_V2_1/Supplementary_Table_S9.csv,".2244980547413953,0.2917812183731811,0.1657196722098106,0.5270485267983904,0.36132885458857983,0.2741324779418009,0.41343503564670175,10000,20260810 EIA-linear,topk_IoU,",0.36132885458857983,0.36132885458857983,source authority recorded by deterministic builder,exact rendered token; core floats additionally regression-asserted,PASS
TABLES_V2_1/Supplementary_Table_S9.csv,"2917812183731811,0.1657196722098106,0.5270485267983904,0.36132885458857983,0.2741324779418009,0.41343503564670175,10000,20260810 EIA-linear,topk_IoU,ORACLE_ASSISTED_RET",0.2741324779418009,0.2741324779418009,source authority recorded by deterministic builder,exact rendered token; core floats additionally regression-asserted,PASS
TABLES_V2_1/Supplementary_Table_S9.csv,"1657196722098106,0.5270485267983904,0.36132885458857983,0.2741324779418009,0.41343503564670175,10000,20260810 EIA-linear,topk_IoU,ORACLE_ASSISTED_RETROSPECTIVE_LOCALIZAT",0.41343503564670175,0.41343503564670175,source authority recorded by deterministic builder,exact rendered token; core floats additionally regression-asserted,PASS
TABLES_V2_1/Supplementary_Table_S9.csv,"270485267983904,0.36132885458857983,0.2741324779418009,0.41343503564670175,10000,20260810 EIA-linear,topk_IoU,ORACLE_ASSISTED_RETROSPECTIVE_LOCALIZATION,39",10000,10000,source authority recorded by deterministic builder,exact rendered token; core floats additionally regression-asserted,PASS
TABLES_V2_1/Supplementary_Table_S9.csv,"267983904,0.36132885458857983,0.2741324779418009,0.41343503564670175,10000,20260810 EIA-linear,topk_IoU,ORACLE_ASSISTED_RETROSPECTIVE_LOCALIZATION,39,0.230589",20260810,20260810,source authority recorded by deterministic builder,exact rendered token; core floats additionally regression-asserted,PASS
TABLES_V2_1/Supplementary_Table_S9.csv,"00,20260810 EIA-linear,topk_IoU,ORACLE_ASSISTED_RETROSPECTIVE_LOCALIZATION,39,0.23058901041394675,0.17778089314572484,0.17081021561260384,0.090408248303",39,39,source authority recorded by deterministic builder,exact rendered token; core floats additionally regression-asserted,PASS
TABLES_V2_1/Supplementary_Table_S9.csv,"20260810 EIA-linear,topk_IoU,ORACLE_ASSISTED_RETROSPECTIVE_LOCALIZATION,39,0.23058901041394675,0.17778089314572484,0.17081021561260384,0.09040824830383903,0.358047245517",0.23058901041394675,0.23058901041394675,source authority recorded by deterministic builder,exact rendered token; core floats additionally regression-asserted,PASS
TABLES_V2_1/Supplementary_Table_S9.csv,"topk_IoU,ORACLE_ASSISTED_RETROSPECTIVE_LOCALIZATION,39,0.23058901041394675,0.17778089314572484,0.17081021561260384,0.09040824830383903,0.35804724551773676,0.267638997213",0.17778089314572484,0.17778089314572484,source authority recorded by deterministic builder,exact rendered token; core floats additionally regression-asserted,PASS
TABLES_V2_1/Supplementary_Table_S9.csv,"STED_RETROSPECTIVE_LOCALIZATION,39,0.23058901041394675,0.17778089314572484,0.17081021561260384,0.09040824830383903,0.35804724551773676,0.2676389972138977,0.1763960851173",0.17081021561260384,0.17081021561260384,source authority recorded by deterministic builder,exact rendered token; core floats additionally regression-asserted,PASS
TABLES_V2_1/Supplementary_Table_S9.csv,"OCALIZATION,39,0.23058901041394675,0.17778089314572484,0.17081021561260384,0.09040824830383903,0.35804724551773676,0.2676389972138977,0.17639608511735233,0.2872711912715",0.09040824830383903,0.09040824830383903,source authority recorded by deterministic builder,exact rendered token; core floats additionally regression-asserted,PASS
TABLES_V2_1/Supplementary_Table_S9.csv,"58901041394675,0.17778089314572484,0.17081021561260384,0.09040824830383903,0.35804724551773676,0.2676389972138977,0.17639608511735233,0.2872711912715446,10000,20260810 E",0.35804724551773676,0.35804724551773676,source authority recorded by deterministic builder,exact rendered token; core floats additionally regression-asserted,PASS
TABLES_V2_1/Supplementary_Table_S9.csv,"78089314572484,0.17081021561260384,0.09040824830383903,0.35804724551773676,0.2676389972138977,0.17639608511735233,0.2872711912715446,10000,20260810 EIA-blend-0.90,topk_",0.2676389972138977,0.2676389972138977,source authority recorded by deterministic builder,exact rendered token; core floats additionally regression-asserted,PASS
TABLES_V2_1/Supplementary_Table_S9.csv,"081021561260384,0.09040824830383903,0.35804724551773676,0.2676389972138977,0.17639608511735233,0.2872711912715446,10000,20260810 EIA-blend-0.90,topk_Dice,ORACLE_ASSISTED",0.17639608511735233,0.17639608511735233,source authority recorded by deterministic builder,exact rendered token; core floats additionally regression-asserted,PASS
TABLES_V2_1/Supplementary_Table_S9.csv,"040824830383903,0.35804724551773676,0.2676389972138977,0.17639608511735233,0.2872711912715446,10000,20260810 EIA-blend-0.90,topk_Dice,ORACLE_ASSISTED_RETROSPECTIVE_LOCA",0.2872711912715446,0.2872711912715446,source authority recorded by deterministic builder,exact rendered token; core floats additionally regression-asserted,PASS
TABLES_V2_1/Supplementary_Table_S9.csv,"5804724551773676,0.2676389972138977,0.17639608511735233,0.2872711912715446,10000,20260810 EIA-blend-0.90,topk_Dice,ORACLE_ASSISTED_RETROSPECTIVE_LOCALIZATI",10000,10000,source authority recorded by deterministic builder,exact rendered token; core floats additionally regression-asserted,PASS
TABLES_V2_1/Supplementary_Table_S9.csv,"4551773676,0.2676389972138977,0.17639608511735233,0.2872711912715446,10000,20260810 EIA-blend-0.90,topk_Dice,ORACLE_ASSISTED_RETROSPECTIVE_LOCALIZATION,39,0.2",20260810,20260810,source authority recorded by deterministic builder,exact rendered token; core floats additionally regression-asserted,PASS
TABLES_V2_1/Supplementary_Table_S9.csv,"9972138977,0.17639608511735233,0.2872711912715446,10000,20260810 EIA-blend-0.90,topk_Dice,ORACLE_ASSISTED_RETROSPECTIVE_LOCALIZATION,39,0.2407532815893794",0.90,0.90,source authority recorded by deterministic builder,exact rendered token; core floats additionally regression-asserted,PASS
TABLES_V2_1/Supplementary_Table_S9.csv,"260810 EIA-blend-0.90,topk_Dice,ORACLE_ASSISTED_RETROSPECTIVE_LOCALIZATION,39,0.24075328158937945,0.14460822140971752,0.26190790760303473,0.109272670380",39,39,source authority recorded by deterministic builder,exact rendered token; core floats additionally regression-asserted,PASS
TABLES_V2_1/Supplementary_Table_S9.csv,"810 EIA-blend-0.90,topk_Dice,ORACLE_ASSISTED_RETROSPECTIVE_LOCALIZATION,39,0.24075328158937945,0.14460822140971752,0.26190790760303473,0.10927267038065966,0.345362977050",0.24075328158937945,0.24075328158937945,source authority recorded by deterministic builder,exact rendered token; core floats additionally regression-asserted,PASS
TABLES_V2_1/Supplementary_Table_S9.csv,"opk_Dice,ORACLE_ASSISTED_RETROSPECTIVE_LOCALIZATION,39,0.24075328158937945,0.14460822140971752,0.26190790760303473,0.10927267038065966,0.3453629770501446,0.2360903066694",0.14460822140971752,0.14460822140971752,source authority recorded by deterministic builder,exact rendered token; core floats additionally regression-asserted,PASS
TABLES_V2_1/Supplementary_Table_S9.csv,"STED_RETROSPECTIVE_LOCALIZATION,39,0.24075328158937945,0.14460822140971752,0.26190790760303473,0.10927267038065966,0.3453629770501446,0.23609030666948497,0.1962656307874",0.26190790760303473,0.26190790760303473,source authority recorded by deterministic builder,exact rendered token; core floats additionally regression-asserted,PASS
TABLES_V2_1/Supplementary_Table_S9.csv,"OCALIZATION,39,0.24075328158937945,0.14460822140971752,0.26190790760303473,0.10927267038065966,0.3453629770501446,0.23609030666948497,0.19626563078741585,0.2851206053097",0.10927267038065966,0.10927267038065966,source authority recorded by deterministic builder,exact rendered token; core floats additionally regression-asserted,PASS
TABLES_V2_1/Supplementary_Table_S9.csv,"75328158937945,0.14460822140971752,0.26190790760303473,0.10927267038065966,0.3453629770501446,0.23609030666948497,0.19626563078741585,0.28512060530979766,10000,20260810",0.3453629770501446,0.3453629770501446,source authority recorded by deterministic builder,exact rendered token; core floats additionally regression-asserted,PASS
TABLES_V2_1/Supplementary_Table_S9.csv,"460822140971752,0.26190790760303473,0.10927267038065966,0.3453629770501446,0.23609030666948497,0.19626563078741585,0.28512060530979766,10000,20260810 EIA-blend-0.90,topk",0.23609030666948497,0.23609030666948497,source authority recorded by deterministic builder,exact rendered token; core floats additionally regression-asserted,PASS
TABLES_V2_1/Supplementary_Table_S9.csv,"190790760303473,0.10927267038065966,0.3453629770501446,0.23609030666948497,0.19626563078741585,0.28512060530979766,10000,20260810 EIA-blend-0.90,topk_IoU,ORACLE_ASSISTED",0.19626563078741585,0.19626563078741585,source authority recorded by deterministic builder,exact rendered token; core floats additionally regression-asserted,PASS
TABLES_V2_1/Supplementary_Table_S9.csv,"927267038065966,0.3453629770501446,0.23609030666948497,0.19626563078741585,0.28512060530979766,10000,20260810 EIA-blend-0.90,topk_IoU,ORACLE_ASSISTED_RETROSPECTIVE_LOCAL",0.28512060530979766,0.28512060530979766,source authority recorded by deterministic builder,exact rendered token; core floats additionally regression-asserted,PASS
TABLES_V2_1/Supplementary_Table_S9.csv,"53629770501446,0.23609030666948497,0.19626563078741585,0.28512060530979766,10000,20260810 EIA-blend-0.90,topk_IoU,ORACLE_ASSISTED_RETROSPECTIVE_LOCALIZATIO",10000,10000,source authority recorded by deterministic builder,exact rendered token; core floats additionally regression-asserted,PASS
TABLES_V2_1/Supplementary_Table_S9.csv,"70501446,0.23609030666948497,0.19626563078741585,0.28512060530979766,10000,20260810 EIA-blend-0.90,topk_IoU,ORACLE_ASSISTED_RETROSPECTIVE_LOCALIZATION,39,0.14",20260810,20260810,source authority recorded by deterministic builder,exact rendered token; core floats additionally regression-asserted,PASS
TABLES_V2_1/Supplementary_Table_S9.csv,"666948497,0.19626563078741585,0.28512060530979766,10000,20260810 EIA-blend-0.90,topk_IoU,ORACLE_ASSISTED_RETROSPECTIVE_LOCALIZATION,39,0.1443946179239036,",0.90,0.90,source authority recorded by deterministic builder,exact rendered token; core floats additionally regression-asserted,PASS
TABLES_V2_1/Supplementary_Table_S9.csv,"0260810 EIA-blend-0.90,topk_IoU,ORACLE_ASSISTED_RETROSPECTIVE_LOCALIZATION,39,0.1443946179239036,0.09448712154032146,0.15068701408340648,0.0578255146045",39,39,source authority recorded by deterministic builder,exact rendered token; core floats additionally regression-asserted,PASS
TABLES_V2_1/Supplementary_Table_S9.csv,"0810 EIA-blend-0.90,topk_IoU,ORACLE_ASSISTED_RETROSPECTIVE_LOCALIZATION,39,0.1443946179239036,0.09448712154032146,0.15068701408340648,0.05782551460459358,0.208973220793",0.1443946179239036,0.1443946179239036,source authority recorded by deterministic builder,exact rendered token; core floats additionally regression-asserted,PASS
TABLES_V2_1/Supplementary_Table_S9.csv,",topk_IoU,ORACLE_ASSISTED_RETROSPECTIVE_LOCALIZATION,39,0.1443946179239036,0.09448712154032146,0.15068701408340648,0.05782551460459358,0.20897322079322322,0.151147706188",0.09448712154032146,0.09448712154032146,source authority recorded by deterministic builder,exact rendered token; core floats additionally regression-asserted,PASS
TABLES_V2_1/Supplementary_Table_S9.csv,"ISTED_RETROSPECTIVE_LOCALIZATION,39,0.1443946179239036,0.09448712154032146,0.15068701408340648,0.05782551460459358,0.20897322079322322,0.15114770618862966,0.115440903811",0.15068701408340648,0.15068701408340648,source authority recorded by deterministic builder,exact rendered token; core floats additionally regression-asserted,PASS
TABLES_V2_1/Supplementary_Table_S9.csv,"LOCALIZATION,39,0.1443946179239036,0.09448712154032146,0.15068701408340648,0.05782551460459358,0.20897322079322322,0.15114770618862966,0.11544090381121841,0.173652366259",0.05782551460459358,0.05782551460459358,source authority recorded by deterministic builder,exact rendered token; core floats additionally regression-asserted,PASS
TABLES_V2_1/Supplementary_Table_S9.csv,"43946179239036,0.09448712154032146,0.15068701408340648,0.05782551460459358,0.20897322079322322,0.15114770618862966,0.11544090381121841,0.17365236625996916,10000,20260810",0.20897322079322322,0.20897322079322322,source authority recorded by deterministic builder,exact rendered token; core floats additionally regression-asserted,PASS
TABLES_V2_1/Supplementary_Table_S9.csv,"48712154032146,0.15068701408340648,0.05782551460459358,0.20897322079322322,0.15114770618862966,0.11544090381121841,0.17365236625996916,10000,20260810 EIA-blend-0.75,topk",0.15114770618862966,0.15114770618862966,source authority recorded by deterministic builder,exact rendered token; core floats additionally regression-asserted,PASS
TABLES_V2_1/Supplementary_Table_S9.csv,"68701408340648,0.05782551460459358,0.20897322079322322,0.15114770618862966,0.11544090381121841,0.17365236625996916,10000,20260810 EIA-blend-0.75,topk_Dice,ORACLE_ASSISTE",0.11544090381121841,0.11544090381121841,source authority recorded by deterministic builder,exact rendered token; core floats additionally regression-asserted,PASS
TABLES_V2_1/Supplementary_Table_S9.csv,"82551460459358,0.20897322079322322,0.15114770618862966,0.11544090381121841,0.17365236625996916,10000,20260810 EIA-blend-0.75,topk_Dice,ORACLE_ASSISTED_RETROSPECTIVE_LOCA",0.17365236625996916,0.17365236625996916,source authority recorded by deterministic builder,exact rendered token; core floats additionally regression-asserted,PASS
TABLES_V2_1/Supplementary_Table_S9.csv,"97322079322322,0.15114770618862966,0.11544090381121841,0.17365236625996916,10000,20260810 EIA-blend-0.75,topk_Dice,ORACLE_ASSISTED_RETROSPECTIVE_LOCALIZATI",10000,10000,source authority recorded by deterministic builder,exact rendered token; core floats additionally regression-asserted,PASS
TABLES_V2_1/Supplementary_Table_S9.csv,"79322322,0.15114770618862966,0.11544090381121841,0.17365236625996916,10000,20260810 EIA-blend-0.75,topk_Dice,ORACLE_ASSISTED_RETROSPECTIVE_LOCALIZATION,39,0.3",20260810,20260810,source authority recorded by deterministic builder,exact rendered token; core floats additionally regression-asserted,PASS
TABLES_V2_1/Supplementary_Table_S9.csv,"618862966,0.11544090381121841,0.17365236625996916,10000,20260810 EIA-blend-0.75,topk_Dice,ORACLE_ASSISTED_RETROSPECTIVE_LOCALIZATION,39,0.3459627291340022",0.75,0.75,source authority recorded by deterministic builder,exact rendered token; core floats additionally regression-asserted,PASS
TABLES_V2_1/Supplementary_Table_S9.csv,"260810 EIA-blend-0.75,topk_Dice,ORACLE_ASSISTED_RETROSPECTIVE_LOCALIZATION,39,0.3459627291340022,0.2130440883300485,0.35300684509420804,0.18108121949937",39,39,source authority recorded by deterministic builder,exact rendered token; core floats additionally regression-asserted,PASS
TABLES_V2_1/Supplementary_Table_S9.csv,"810 EIA-blend-0.75,topk_Dice,ORACLE_ASSISTED_RETROSPECTIVE_LOCALIZATION,39,0.3459627291340022,0.2130440883300485,0.35300684509420804,0.18108121949937367,0.5317588006056",0.3459627291340022,0.3459627291340022,source authority recorded by deterministic builder,exact rendered token; core floats additionally regression-asserted,PASS
TABLES_V2_1/Supplementary_Table_S9.csv,"topk_Dice,ORACLE_ASSISTED_RETROSPECTIVE_LOCALIZATION,39,0.3459627291340022,0.2130440883300485,0.35300684509420804,0.18108121949937367,0.5317588006056149,0.3506775811062",0.2130440883300485,0.2130440883300485,source authority recorded by deterministic builder,exact rendered token; core floats additionally regression-asserted,PASS
TABLES_V2_1/Supplementary_Table_S9.csv,"SISTED_RETROSPECTIVE_LOCALIZATION,39,0.3459627291340022,0.2130440883300485,0.35300684509420804,0.18108121949937367,0.5317588006056149,0.3506775811062412,0.27994662090132",0.35300684509420804,0.35300684509420804,source authority recorded by deterministic builder,exact rendered token; core floats additionally regression-asserted,PASS
TABLES_V2_1/Supplementary_Table_S9.csv,"_LOCALIZATION,39,0.3459627291340022,0.2130440883300485,0.35300684509420804,0.18108121949937367,0.5317588006056149,0.3506775811062412,0.2799466209013291,0.412106725231180",0.18108121949937367,0.18108121949937367,source authority recorded by deterministic builder,exact rendered token; core floats additionally regression-asserted,PASS
TABLES_V2_1/Supplementary_Table_S9.csv,"459627291340022,0.2130440883300485,0.35300684509420804,0.18108121949937367,0.5317588006056149,0.3506775811062412,0.2799466209013291,0.41210672523118047,10000,20260810 E",0.5317588006056149,0.5317588006056149,source authority recorded by deterministic builder,exact rendered token; core floats additionally regression-asserted,PASS
TABLES_V2_1/Supplementary_Table_S9.csv,"130440883300485,0.35300684509420804,0.18108121949937367,0.5317588006056149,0.3506775811062412,0.2799466209013291,0.41210672523118047,10000,20260810 EIA-blend-0.75,topk_",0.3506775811062412,0.3506775811062412,source authority recorded by deterministic builder,exact rendered token; core floats additionally regression-asserted,PASS
TABLES_V2_1/Supplementary_Table_S9.csv,"5300684509420804,0.18108121949937367,0.5317588006056149,0.3506775811062412,0.2799466209013291,0.41210672523118047,10000,20260810 EIA-blend-0.75,topk_IoU,ORACLE_ASSISTED",0.2799466209013291,0.2799466209013291,source authority recorded by deterministic builder,exact rendered token; core floats additionally regression-asserted,PASS
TABLES_V2_1/Supplementary_Table_S9.csv,"18108121949937367,0.5317588006056149,0.3506775811062412,0.2799466209013291,0.41210672523118047,10000,20260810 EIA-blend-0.75,topk_IoU,ORACLE_ASSISTED_RETROSPECTIVE_LOCAL",0.41210672523118047,0.41210672523118047,source authority recorded by deterministic builder,exact rendered token; core floats additionally regression-asserted,PASS
TABLES_V2_1/Supplementary_Table_S9.csv,"5317588006056149,0.3506775811062412,0.2799466209013291,0.41210672523118047,10000,20260810 EIA-blend-0.75,topk_IoU,ORACLE_ASSISTED_RETROSPECTIVE_LOCALIZATIO",10000,10000,source authority recorded by deterministic builder,exact rendered token; core floats additionally regression-asserted,PASS
TABLES_V2_1/Supplementary_Table_S9.csv,"8006056149,0.3506775811062412,0.2799466209013291,0.41210672523118047,10000,20260810 EIA-blend-0.75,topk_IoU,ORACLE_ASSISTED_RETROSPECTIVE_LOCALIZATION,39,0.22",20260810,20260810,source authority recorded by deterministic builder,exact rendered token; core floats additionally regression-asserted,PASS
TABLES_V2_1/Supplementary_Table_S9.csv,"5811062412,0.2799466209013291,0.41210672523118047,10000,20260810 EIA-blend-0.75,topk_IoU,ORACLE_ASSISTED_RETROSPECTIVE_LOCALIZATION,39,0.22941841860224024",0.75,0.75,source authority recorded by deterministic builder,exact rendered token; core floats additionally regression-asserted,PASS
TABLES_V2_1/Supplementary_Table_S9.csv,"0260810 EIA-blend-0.75,topk_IoU,ORACLE_ASSISTED_RETROSPECTIVE_LOCALIZATION,39,0.22941841860224024,0.162709392815587,0.21433413007728647,0.09956302542500",39,39,source authority recorded by deterministic builder,exact rendered token; core floats additionally regression-asserted,PASS
TABLES_V2_1/Supplementary_Table_S9.csv,"0810 EIA-blend-0.75,topk_IoU,ORACLE_ASSISTED_RETROSPECTIVE_LOCALIZATION,39,0.22941841860224024,0.162709392815587,0.21433413007728647,0.09956302542500844,0.36219017884611",0.22941841860224024,0.22941841860224024,source authority recorded by deterministic builder,exact rendered token; core floats additionally regression-asserted,PASS
TABLES_V2_1/Supplementary_Table_S9.csv,"topk_IoU,ORACLE_ASSISTED_RETROSPECTIVE_LOCALIZATION,39,0.22941841860224024,0.162709392815587,0.21433413007728647,0.09956302542500844,0.3621901788461197,0.2626271534211",0.162709392815587,0.162709392815587,source authority recorded by deterministic builder,exact rendered token; core floats additionally regression-asserted,PASS
TABLES_V2_1/Supplementary_Table_S9.csv,"SISTED_RETROSPECTIVE_LOCALIZATION,39,0.22941841860224024,0.162709392815587,0.21433413007728647,0.09956302542500844,0.3621901788461197,0.26262715342111126,0.1793535638629",0.21433413007728647,0.21433413007728647,source authority recorded by deterministic builder,exact rendered token; core floats additionally regression-asserted,PASS
TABLES_V2_1/Supplementary_Table_S9.csv,"_LOCALIZATION,39,0.22941841860224024,0.162709392815587,0.21433413007728647,0.09956302542500844,0.3621901788461197,0.26262715342111126,0.17935356386295676,0.2806318401421",0.09956302542500844,0.09956302542500844,source authority recorded by deterministic builder,exact rendered token; core floats additionally regression-asserted,PASS
TABLES_V2_1/Supplementary_Table_S9.csv,"2941841860224024,0.162709392815587,0.21433413007728647,0.09956302542500844,0.3621901788461197,0.26262715342111126,0.17935356386295676,0.28063184014215786,10000,20260810",0.3621901788461197,0.3621901788461197,source authority recorded by deterministic builder,exact rendered token; core floats additionally regression-asserted,PASS
TABLES_V2_1/Supplementary_Table_S9.csv,"162709392815587,0.21433413007728647,0.09956302542500844,0.3621901788461197,0.26262715342111126,0.17935356386295676,0.28063184014215786,10000,20260810 Full PCC,topk_Dice,",0.26262715342111126,0.26262715342111126,source authority recorded by deterministic builder,exact rendered token; core floats additionally regression-asserted,PASS
TABLES_V2_1/Supplementary_Table_S9.csv,"433413007728647,0.09956302542500844,0.3621901788461197,0.26262715342111126,0.17935356386295676,0.28063184014215786,10000,20260810 Full PCC,topk_Dice,ORACLE_ASSISTED_RETR",0.17935356386295676,0.17935356386295676,source authority recorded by deterministic builder,exact rendered token; core floats additionally regression-asserted,PASS
TABLES_V2_1/Supplementary_Table_S9.csv,"956302542500844,0.3621901788461197,0.26262715342111126,0.17935356386295676,0.28063184014215786,10000,20260810 Full PCC,topk_Dice,ORACLE_ASSISTED_RETROSPECTIVE_LOCALIZATI",0.28063184014215786,0.28063184014215786,source authority recorded by deterministic builder,exact rendered token; core floats additionally regression-asserted,PASS
TABLES_V2_1/Supplementary_Table_S9.csv,"21901788461197,0.26262715342111126,0.17935356386295676,0.28063184014215786,10000,20260810 Full PCC,topk_Dice,ORACLE_ASSISTED_RETROSPECTIVE_LOCALIZATION,39,",10000,10000,source authority recorded by deterministic builder,exact rendered token; core floats additionally regression-asserted,PASS
TABLES_V2_1/Supplementary_Table_S9.csv,"88461197,0.26262715342111126,0.17935356386295676,0.28063184014215786,10000,20260810 Full PCC,topk_Dice,ORACLE_ASSISTED_RETROSPECTIVE_LOCALIZATION,39,0.3612143",20260810,20260810,source authority recorded by deterministic builder,exact rendered token; core floats additionally regression-asserted,PASS
TABLES_V2_1/Supplementary_Table_S9.csv,"000,20260810 Full PCC,topk_Dice,ORACLE_ASSISTED_RETROSPECTIVE_LOCALIZATION,39,0.3612143407450775,0.17867368898946132,0.384335062084448,0.238170367212367",39,39,source authority recorded by deterministic builder,exact rendered token; core floats additionally regression-asserted,PASS
TABLES_V2_1/Supplementary_Table_S9.csv,",20260810 Full PCC,topk_Dice,ORACLE_ASSISTED_RETROSPECTIVE_LOCALIZATION,39,0.3612143407450775,0.17867368898946132,0.384335062084448,0.23817036721236723,0.49287867925377",0.3612143407450775,0.3612143407450775,source authority recorded by deterministic builder,exact rendered token; core floats additionally regression-asserted,PASS
TABLES_V2_1/Supplementary_Table_S9.csv,"topk_Dice,ORACLE_ASSISTED_RETROSPECTIVE_LOCALIZATION,39,0.3612143407450775,0.17867368898946132,0.384335062084448,0.23817036721236723,0.4928786792537712,0.254708312041404",0.17867368898946132,0.17867368898946132,source authority recorded by deterministic builder,exact rendered token; core floats additionally regression-asserted,PASS
TABLES_V2_1/Supplementary_Table_S9.csv,"ISTED_RETROSPECTIVE_LOCALIZATION,39,0.3612143407450775,0.17867368898946132,0.384335062084448,0.23817036721236723,0.4928786792537712,0.254708312041404,0.305596168520827",0.384335062084448,0.384335062084448,source authority recorded by deterministic builder,exact rendered token; core floats additionally regression-asserted,PASS
TABLES_V2_1/Supplementary_Table_S9.csv,"E_LOCALIZATION,39,0.3612143407450775,0.17867368898946132,0.384335062084448,0.23817036721236723,0.4928786792537712,0.254708312041404,0.3055961685208271,0.4139500024614253",0.23817036721236723,0.23817036721236723,source authority recorded by deterministic builder,exact rendered token; core floats additionally regression-asserted,PASS
TABLES_V2_1/Supplementary_Table_S9.csv,"3612143407450775,0.17867368898946132,0.384335062084448,0.23817036721236723,0.4928786792537712,0.254708312041404,0.3055961685208271,0.4139500024614253,10000,20260810 Ful",0.4928786792537712,0.4928786792537712,source authority recorded by deterministic builder,exact rendered token; core floats additionally regression-asserted,PASS
TABLES_V2_1/Supplementary_Table_S9.csv,"17867368898946132,0.384335062084448,0.23817036721236723,0.4928786792537712,0.254708312041404,0.3055961685208271,0.4139500024614253,10000,20260810 Full PCC,topk_IoU,ORA",0.254708312041404,0.254708312041404,source authority recorded by deterministic builder,exact rendered token; core floats additionally regression-asserted,PASS
TABLES_V2_1/Supplementary_Table_S9.csv,"0.384335062084448,0.23817036721236723,0.4928786792537712,0.254708312041404,0.3055961685208271,0.4139500024614253,10000,20260810 Full PCC,topk_IoU,ORACLE_ASSISTED_RETROS",0.3055961685208271,0.3055961685208271,source authority recorded by deterministic builder,exact rendered token; core floats additionally regression-asserted,PASS
TABLES_V2_1/Supplementary_Table_S9.csv,".23817036721236723,0.4928786792537712,0.254708312041404,0.3055961685208271,0.4139500024614253,10000,20260810 Full PCC,topk_IoU,ORACLE_ASSISTED_RETROSPECTIVE_LOCALIZATIO",0.4139500024614253,0.4139500024614253,source authority recorded by deterministic builder,exact rendered token; core floats additionally regression-asserted,PASS
TABLES_V2_1/Supplementary_Table_S9.csv,"0.4928786792537712,0.254708312041404,0.3055961685208271,0.4139500024614253,10000,20260810 Full PCC,topk_IoU,ORACLE_ASSISTED_RETROSPECTIVE_LOCALIZATION,39,0",10000,10000,source authority recorded by deterministic builder,exact rendered token; core floats additionally regression-asserted,PASS
TABLES_V2_1/Supplementary_Table_S9.csv,"786792537712,0.254708312041404,0.3055961685208271,0.4139500024614253,10000,20260810 Full PCC,topk_IoU,ORACLE_ASSISTED_RETROSPECTIVE_LOCALIZATION,39,0.23423203",20260810,20260810,source authority recorded by deterministic builder,exact rendered token; core floats additionally regression-asserted,PASS
TABLES_V2_1/Supplementary_Table_S9.csv,"0000,20260810 Full PCC,topk_IoU,ORACLE_ASSISTED_RETROSPECTIVE_LOCALIZATION,39,0.23423203021277572,0.13090442249069195,0.23788042499892903,0.135184274263",39,39,source authority recorded by deterministic builder,exact rendered token; core floats additionally regression-asserted,PASS
TABLES_V2_1/Supplementary_Table_S9.csv,"0,20260810 Full PCC,topk_IoU,ORACLE_ASSISTED_RETROSPECTIVE_LOCALIZATION,39,0.23423203021277572,0.13090442249069195,0.23788042499892903,0.13518427426330748,0.327101712571",0.23423203021277572,0.23423203021277572,source authority recorded by deterministic builder,exact rendered token; core floats additionally regression-asserted,PASS
TABLES_V2_1/Supplementary_Table_S9.csv,"topk_IoU,ORACLE_ASSISTED_RETROSPECTIVE_LOCALIZATION,39,0.23423203021277572,0.13090442249069195,0.23788042499892903,0.13518427426330748,0.32710171257181764,0.191917438308",0.13090442249069195,0.13090442249069195,source authority recorded by deterministic builder,exact rendered token; core floats additionally regression-asserted,PASS
TABLES_V2_1/Supplementary_Table_S9.csv,"STED_RETROSPECTIVE_LOCALIZATION,39,0.23423203021277572,0.13090442249069195,0.23788042499892903,0.13518427426330748,0.32710171257181764,0.19191743830851016,0.193987696497",0.23788042499892903,0.23788042499892903,source authority recorded by deterministic builder,exact rendered token; core floats additionally regression-asserted,PASS
TABLES_V2_1/Supplementary_Table_S9.csv,"OCALIZATION,39,0.23423203021277572,0.13090442249069195,0.23788042499892903,0.13518427426330748,0.32710171257181764,0.19191743830851016,0.19398769649721406,0.273405409024",0.13518427426330748,0.13518427426330748,source authority recorded by deterministic builder,exact rendered token; core floats additionally regression-asserted,PASS
TABLES_V2_1/Supplementary_Table_S9.csv,"23203021277572,0.13090442249069195,0.23788042499892903,0.13518427426330748,0.32710171257181764,0.19191743830851016,0.19398769649721406,0.2734054090240884,10000,20260810 ",0.32710171257181764,0.32710171257181764,source authority recorded by deterministic builder,exact rendered token; core floats additionally regression-asserted,PASS
TABLES_V2_1/Supplementary_Table_S9.csv,"90442249069195,0.23788042499892903,0.13518427426330748,0.32710171257181764,0.19191743830851016,0.19398769649721406,0.2734054090240884,10000,20260810 No-smoothing PCC,top",0.19191743830851016,0.19191743830851016,source authority recorded by deterministic builder,exact rendered token; core floats additionally regression-asserted,PASS
TABLES_V2_1/Supplementary_Table_S9.csv,"88042499892903,0.13518427426330748,0.32710171257181764,0.19191743830851016,0.19398769649721406,0.2734054090240884,10000,20260810 No-smoothing PCC,topk_Dice,ORACLE_ASSIST",0.19398769649721406,0.19398769649721406,source authority recorded by deterministic builder,exact rendered token; core floats additionally regression-asserted,PASS
TABLES_V2_1/Supplementary_Table_S9.csv,"18427426330748,0.32710171257181764,0.19191743830851016,0.19398769649721406,0.2734054090240884,10000,20260810 No-smoothing PCC,topk_Dice,ORACLE_ASSISTED_RETROSPECTIVE_LO",0.2734054090240884,0.2734054090240884,source authority recorded by deterministic builder,exact rendered token; core floats additionally regression-asserted,PASS
TABLES_V2_1/Supplementary_Table_S9.csv,"710171257181764,0.19191743830851016,0.19398769649721406,0.2734054090240884,10000,20260810 No-smoothing PCC,topk_Dice,ORACLE_ASSISTED_RETROSPECTIVE_LOCALIZA",10000,10000,source authority recorded by deterministic builder,exact rendered token; core floats additionally regression-asserted,PASS
TABLES_V2_1/Supplementary_Table_S9.csv,"257181764,0.19191743830851016,0.19398769649721406,0.2734054090240884,10000,20260810 No-smoothing PCC,topk_Dice,ORACLE_ASSISTED_RETROSPECTIVE_LOCALIZATION,39,0",20260810,20260810,source authority recorded by deterministic builder,exact rendered token; core floats additionally regression-asserted,PASS
TABLES_V2_1/Supplementary_Table_S9.csv,"0810 No-smoothing PCC,topk_Dice,ORACLE_ASSISTED_RETROSPECTIVE_LOCALIZATION,39,0.4262530369110695,0.1966744793548497,0.42924693521139673,0.32686543155113",39,39,source authority recorded by deterministic builder,exact rendered token; core floats additionally regression-asserted,PASS
TABLES_V2_1/Supplementary_Table_S9.csv,"0 No-smoothing PCC,topk_Dice,ORACLE_ASSISTED_RETROSPECTIVE_LOCALIZATION,39,0.4262530369110695,0.1966744793548497,0.42924693521139673,0.32686543155113734,0.5875575274633",0.4262530369110695,0.4262530369110695,source authority recorded by deterministic builder,exact rendered token; core floats additionally regression-asserted,PASS
TABLES_V2_1/Supplementary_Table_S9.csv,"topk_Dice,ORACLE_ASSISTED_RETROSPECTIVE_LOCALIZATION,39,0.4262530369110695,0.1966744793548497,0.42924693521139673,0.32686543155113734,0.5875575274633499,0.2606920959122",0.1966744793548497,0.1966744793548497,source authority recorded by deterministic builder,exact rendered token; core floats additionally regression-asserted,PASS
TABLES_V2_1/Supplementary_Table_S9.csv,"SISTED_RETROSPECTIVE_LOCALIZATION,39,0.4262530369110695,0.1966744793548497,0.42924693521139673,0.32686543155113734,0.5875575274633499,0.26069209591221254,0.3650628126122",0.42924693521139673,0.42924693521139673,source authority recorded by deterministic builder,exact rendered token; core floats additionally regression-asserted,PASS
TABLES_V2_1/Supplementary_Table_S9.csv,"_LOCALIZATION,39,0.4262530369110695,0.1966744793548497,0.42924693521139673,0.32686543155113734,0.5875575274633499,0.26069209591221254,0.36506281261224244,0.4844404372130",0.32686543155113734,0.32686543155113734,source authority recorded by deterministic builder,exact rendered token; core floats additionally regression-asserted,PASS
TABLES_V2_1/Supplementary_Table_S9.csv,"262530369110695,0.1966744793548497,0.42924693521139673,0.32686543155113734,0.5875575274633499,0.26069209591221254,0.36506281261224244,0.48444043721307367,10000,20260810",0.5875575274633499,0.5875575274633499,source authority recorded by deterministic builder,exact rendered token; core floats additionally regression-asserted,PASS
TABLES_V2_1/Supplementary_Table_S9.csv,"966744793548497,0.42924693521139673,0.32686543155113734,0.5875575274633499,0.26069209591221254,0.36506281261224244,0.48444043721307367,10000,20260810 No-smoothing PCC,to",0.26069209591221254,0.26069209591221254,source authority recorded by deterministic builder,exact rendered token; core floats additionally regression-asserted,PASS
TABLES_V2_1/Supplementary_Table_S9.csv,"924693521139673,0.32686543155113734,0.5875575274633499,0.26069209591221254,0.36506281261224244,0.48444043721307367,10000,20260810 No-smoothing PCC,topk_IoU,ORACLE_ASSIST",0.36506281261224244,0.36506281261224244,source authority recorded by deterministic builder,exact rendered token; core floats additionally regression-asserted,PASS
TABLES_V2_1/Supplementary_Table_S9.csv,"686543155113734,0.5875575274633499,0.26069209591221254,0.36506281261224244,0.48444043721307367,10000,20260810 No-smoothing PCC,topk_IoU,ORACLE_ASSISTED_RETROSPECTIVE_LOC",0.48444043721307367,0.48444043721307367,source authority recorded by deterministic builder,exact rendered token; core floats additionally regression-asserted,PASS
TABLES_V2_1/Supplementary_Table_S9.csv,"75575274633499,0.26069209591221254,0.36506281261224244,0.48444043721307367,10000,20260810 No-smoothing PCC,topk_IoU,ORACLE_ASSISTED_RETROSPECTIVE_LOCALIZAT",10000,10000,source authority recorded by deterministic builder,exact rendered token; core floats additionally regression-asserted,PASS
TABLES_V2_1/Supplementary_Table_S9.csv,"74633499,0.26069209591221254,0.36506281261224244,0.48444043721307367,10000,20260810 No-smoothing PCC,topk_IoU,ORACLE_ASSISTED_RETROSPECTIVE_LOCALIZATION,39,0.",20260810,20260810,source authority recorded by deterministic builder,exact rendered token; core floats additionally regression-asserted,PASS
TABLES_V2_1/Supplementary_Table_S9.csv,"60810 No-smoothing PCC,topk_IoU,ORACLE_ASSISTED_RETROSPECTIVE_LOCALIZATION,39,0.28957554697135574,0.15526157327841086,0.2732746125705592,0.1955543000430",39,39,source authority recorded by deterministic builder,exact rendered token; core floats additionally regression-asserted,PASS
TABLES_V2_1/Supplementary_Table_S9.csv,"10 No-smoothing PCC,topk_IoU,ORACLE_ASSISTED_RETROSPECTIVE_LOCALIZATION,39,0.28957554697135574,0.15526157327841086,0.2732746125705592,0.19555430004309227,0.4159904941752",0.28957554697135574,0.28957554697135574,source authority recorded by deterministic builder,exact rendered token; core floats additionally regression-asserted,PASS
TABLES_V2_1/Supplementary_Table_S9.csv,"topk_IoU,ORACLE_ASSISTED_RETROSPECTIVE_LOCALIZATION,39,0.28957554697135574,0.15526157327841086,0.2732746125705592,0.19555430004309227,0.41599049417526124,0.2204361941321",0.15526157327841086,0.15526157327841086,source authority recorded by deterministic builder,exact rendered token; core floats additionally regression-asserted,PASS
TABLES_V2_1/Supplementary_Table_S9.csv,"STED_RETROSPECTIVE_LOCALIZATION,39,0.28957554697135574,0.15526157327841086,0.2732746125705592,0.19555430004309227,0.41599049417526124,0.22043619413216897,0.242114307027",0.2732746125705592,0.2732746125705592,source authority recorded by deterministic builder,exact rendered token; core floats additionally regression-asserted,PASS
TABLES_V2_1/Supplementary_Table_S9.csv,"LOCALIZATION,39,0.28957554697135574,0.15526157327841086,0.2732746125705592,0.19555430004309227,0.41599049417526124,0.22043619413216897,0.24211430702708495,0.336383824402",0.19555430004309227,0.19555430004309227,source authority recorded by deterministic builder,exact rendered token; core floats additionally regression-asserted,PASS
TABLES_V2_1/Supplementary_Table_S9.csv,"957554697135574,0.15526157327841086,0.2732746125705592,0.19555430004309227,0.41599049417526124,0.22043619413216897,0.24211430702708495,0.3363838244023735,10000,20260810 ",0.41599049417526124,0.41599049417526124,source authority recorded by deterministic builder,exact rendered token; core floats additionally regression-asserted,PASS
TABLES_V2_1/Supplementary_Table_S9.csv,"526157327841086,0.2732746125705592,0.19555430004309227,0.41599049417526124,0.22043619413216897,0.24211430702708495,0.3363838244023735,10000,20260810 ",0.22043619413216897,0.22043619413216897,source authority recorded by deterministic builder,exact rendered token; core floats additionally regression-asserted,PASS
TABLES_V2_1/Supplementary_Table_S9.csv,"32746125705592,0.19555430004309227,0.41599049417526124,0.22043619413216897,0.24211430702708495,0.3363838244023735,10000,20260810 ",0.24211430702708495,0.24211430702708495,source authority recorded by deterministic builder,exact rendered token; core floats additionally regression-asserted,PASS
TABLES_V2_1/Supplementary_Table_S9.csv,"55430004309227,0.41599049417526124,0.22043619413216897,0.24211430702708495,0.3363838244023735,10000,20260810 ",0.3363838244023735,0.3363838244023735,source authority recorded by deterministic builder,exact rendered token; core floats additionally regression-asserted,PASS
TABLES_V2_1/Supplementary_Table_S9.csv,"599049417526124,0.22043619413216897,0.24211430702708495,0.3363838244023735,10000,20260810 ",10000,10000,source authority recorded by deterministic builder,exact rendered token; core floats additionally regression-asserted,PASS
TABLES_V2_1/Supplementary_Table_S9.csv,"417526124,0.22043619413216897,0.24211430702708495,0.3363838244023735,10000,20260810 ",20260810,20260810,source authority recorded by deterministic builder,exact rendered token; core floats additionally regression-asserted,PASS
TABLES_V2_1/Table1_Cohort_Characteristics_and_Flow.csv,"Characteristic,Development 40,Independent internal 113,RHUH external 39 Source patients / pre-outcome ex",40,40,source authority recorded by deterministic builder,exact rendered token; core floats additionally regression-asserted,PASS
TABLES_V2_1/Table1_Cohort_Characteristics_and_Flow.csv,"Characteristic,Development 40,Independent internal 113,RHUH external 39 Source patients / pre-outcome excluded / analysed,40 / 0 ",113,113,source authority recorded by deterministic builder,exact rendered token; core floats additionally regression-asserted,PASS
TABLES_V2_1/Table1_Cohort_Characteristics_and_Flow.csv,"Characteristic,Development 40,Independent internal 113,RHUH external 39 Source patients / pre-outcome excluded / analysed,40 / 0 / 40,115 / 2 / 11",39,39,source authority recorded by deterministic builder,exact rendered token; core floats additionally regression-asserted,PASS
TABLES_V2_1/Table1_Cohort_Characteristics_and_Flow.csv,"nal 113,RHUH external 39 Source patients / pre-outcome excluded / analysed,40 / 0 / 40,115 / 2 / 113,40 / 1 / 39 ""Age, years, median (IQR)"",57.5 (53.0–6",40,40,source authority recorded by deterministic builder,exact rendered token; core floats additionally regression-asserted,PASS
TABLES_V2_1/Table1_Cohort_Characteristics_and_Flow.csv,"13,RHUH external 39 Source patients / pre-outcome excluded / analysed,40 / 0 / 40,115 / 2 / 113,40 / 1 / 39 ""Age, years, median (IQR)"",57.5 (53.0–65.0)",0,0,source authority recorded by deterministic builder,exact rendered token; core floats additionally regression-asserted,PASS
TABLES_V2_1/Table1_Cohort_Characteristics_and_Flow.csv,"HUH external 39 Source patients / pre-outcome excluded / analysed,40 / 0 / 40,115 / 2 / 113,40 / 1 / 39 ""Age, years, median (IQR)"",57.5 (53.0–65.0); n=4",40,40,source authority recorded by deterministic builder,exact rendered token; core floats additionally regression-asserted,PASS
TABLES_V2_1/Table1_Cohort_Characteristics_and_Flow.csv," external 39 Source patients / pre-outcome excluded / analysed,40 / 0 / 40,115 / 2 / 113,40 / 1 / 39 ""Age, years, median (IQR)"",57.5 (53.0–65.0); n=40,60",115,115,source authority recorded by deterministic builder,exact rendered token; core floats additionally regression-asserted,PASS
TABLES_V2_1/Table1_Cohort_Characteristics_and_Flow.csv,"nal 39 Source patients / pre-outcome excluded / analysed,40 / 0 / 40,115 / 2 / 113,40 / 1 / 39 ""Age, years, median (IQR)"",57.5 (53.0–65.0); n=40,60.0 (",2,2,source authority recorded by deterministic builder,exact rendered token; core floats additionally regression-asserted,PASS
TABLES_V2_1/Table1_Cohort_Characteristics_and_Flow.csv,"39 Source patients / pre-outcome excluded / analysed,40 / 0 / 40,115 / 2 / 113,40 / 1 / 39 ""Age, years, median (IQR)"",57.5 (53.0–65.0); n=40,60.0 (43.0–6",113,113,source authority recorded by deterministic builder,exact rendered token; core floats additionally regression-asserted,PASS
TABLES_V2_1/Table1_Cohort_Characteristics_and_Flow.csv,"ource patients / pre-outcome excluded / analysed,40 / 0 / 40,115 / 2 / 113,40 / 1 / 39 ""Age, years, median (IQR)"",57.5 (53.0–65.0); n=40,60.0 (43.0–69.0",40,40,source authority recorded by deterministic builder,exact rendered token; core floats additionally regression-asserted,PASS
TABLES_V2_1/Table1_Cohort_Characteristics_and_Flow.csv," patients / pre-outcome excluded / analysed,40 / 0 / 40,115 / 2 / 113,40 / 1 / 39 ""Age, years, median (IQR)"",57.5 (53.0–65.0); n=40,60.0 (43.0–69.0); n",1,1,source authority recorded by deterministic builder,exact rendered token; core floats additionally regression-asserted,PASS
TABLES_V2_1/Table1_Cohort_Characteristics_and_Flow.csv,"ients / pre-outcome excluded / analysed,40 / 0 / 40,115 / 2 / 113,40 / 1 / 39 ""Age, years, median (IQR)"",57.5 (53.0–65.0); n=40,60.0 (43.0–69.0); n=113,",39,39,source authority recorded by deterministic builder,exact rendered token; core floats additionally regression-asserted,PASS
TABLES_V2_1/Table1_Cohort_Characteristics_and_Flow.csv," analysed,40 / 0 / 40,115 / 2 / 113,40 / 1 / 39 ""Age, years, median (IQR)"",57.5 (53.0–65.0); n=40,60.0 (43.0–69.0); n=113,64.0 (55.0–69.5); n=39 ""Sex, fem",57.5,57.5,source authority recorded by deterministic builder,exact rendered token; core floats additionally regression-asserted,PASS
TABLES_V2_1/Table1_Cohort_Characteristics_and_Flow.csv,"sed,40 / 0 / 40,115 / 2 / 113,40 / 1 / 39 ""Age, years, median (IQR)"",57.5 (53.0–65.0); n=40,60.0 (43.0–69.0); n=113,64.0 (55.0–69.5); n=39 ""Sex, female / ",53.0,53.0,source authority recorded by deterministic builder,exact rendered token; core floats additionally regression-asserted,PASS
TABLES_V2_1/Table1_Cohort_Characteristics_and_Flow.csv,"0 / 0 / 40,115 / 2 / 113,40 / 1 / 39 ""Age, years, median (IQR)"",57.5 (53.0–65.0); n=40,60.0 (43.0–69.0); n=113,64.0 (55.0–69.5); n=39 ""Sex, female / male""",65.0,65.0,source authority recorded by deterministic builder,exact rendered token; core floats additionally regression-asserted,PASS
TABLES_V2_1/Table1_Cohort_Characteristics_and_Flow.csv,"0,115 / 2 / 113,40 / 1 / 39 ""Age, years, median (IQR)"",57.5 (53.0–65.0); n=40,60.0 (43.0–69.0); n=113,64.0 (55.0–69.5); n=39 ""Sex, female / male"",17 / 2",40,40,source authority recorded by deterministic builder,exact rendered token; core floats additionally regression-asserted,PASS
TABLES_V2_1/Table1_Cohort_Characteristics_and_Flow.csv,"15 / 2 / 113,40 / 1 / 39 ""Age, years, median (IQR)"",57.5 (53.0–65.0); n=40,60.0 (43.0–69.0); n=113,64.0 (55.0–69.5); n=39 ""Sex, female / male"",17 / 23,47 ",60.0,60.0,source authority recorded by deterministic builder,exact rendered token; core floats additionally regression-asserted,PASS
TABLES_V2_1/Table1_Cohort_Characteristics_and_Flow.csv," / 113,40 / 1 / 39 ""Age, years, median (IQR)"",57.5 (53.0–65.0); n=40,60.0 (43.0–69.0); n=113,64.0 (55.0–69.5); n=39 ""Sex, female / male"",17 / 23,47 / 66,1",43.0,43.0,source authority recorded by deterministic builder,exact rendered token; core floats additionally regression-asserted,PASS
TABLES_V2_1/Table1_Cohort_Characteristics_and_Flow.csv,"3,40 / 1 / 39 ""Age, years, median (IQR)"",57.5 (53.0–65.0); n=40,60.0 (43.0–69.0); n=113,64.0 (55.0–69.5); n=39 ""Sex, female / male"",17 / 23,47 / 66,12 / 2",69.0,69.0,source authority recorded by deterministic builder,exact rendered token; core floats additionally regression-asserted,PASS
TABLES_V2_1/Table1_Cohort_Characteristics_and_Flow.csv,"/ 39 ""Age, years, median (IQR)"",57.5 (53.0–65.0); n=40,60.0 (43.0–69.0); n=113,64.0 (55.0–69.5); n=39 ""Sex, female / male"",17 / 23,47 / 66,12 / 27 ""Curre",113,113,source authority recorded by deterministic builder,exact rendered token; core floats additionally regression-asserted,PASS
TABLES_V2_1/Table1_Cohort_Characteristics_and_Flow.csv," ""Age, years, median (IQR)"",57.5 (53.0–65.0); n=40,60.0 (43.0–69.0); n=113,64.0 (55.0–69.5); n=39 ""Sex, female / male"",17 / 23,47 / 66,12 / 27 ""Current-to",64.0,64.0,source authority recorded by deterministic builder,exact rendered token; core floats additionally regression-asserted,PASS
TABLES_V2_1/Table1_Cohort_Characteristics_and_Flow.csv," years, median (IQR)"",57.5 (53.0–65.0); n=40,60.0 (43.0–69.0); n=113,64.0 (55.0–69.5); n=39 ""Sex, female / male"",17 / 23,47 / 66,12 / 27 ""Current-to-futur",55.0,55.0,source authority recorded by deterministic builder,exact rendered token; core floats additionally regression-asserted,PASS
TABLES_V2_1/Table1_Cohort_Characteristics_and_Flow.csv,"s, median (IQR)"",57.5 (53.0–65.0); n=40,60.0 (43.0–69.0); n=113,64.0 (55.0–69.5); n=39 ""Sex, female / male"",17 / 23,47 / 66,12 / 27 ""Current-to-future int",69.5,69.5,source authority recorded by deterministic builder,exact rendered token; core floats additionally regression-asserted,PASS
TABLES_V2_1/Table1_Cohort_Characteristics_and_Flow.csv," (IQR)"",57.5 (53.0–65.0); n=40,60.0 (43.0–69.0); n=113,64.0 (55.0–69.5); n=39 ""Sex, female / male"",17 / 23,47 / 66,12 / 27 ""Current-to-future interval, ",39,39,source authority recorded by deterministic builder,exact rendered token; core floats additionally regression-asserted,PASS
TABLES_V2_1/Table1_Cohort_Characteristics_and_Flow.csv,"; n=40,60.0 (43.0–69.0); n=113,64.0 (55.0–69.5); n=39 ""Sex, female / male"",17 / 23,47 / 66,12 / 27 ""Current-to-future interval, days, median (IQR)"",78.0",17,17,source authority recorded by deterministic builder,exact rendered token; core floats additionally regression-asserted,PASS
TABLES_V2_1/Table1_Cohort_Characteristics_and_Flow.csv,"0,60.0 (43.0–69.0); n=113,64.0 (55.0–69.5); n=39 ""Sex, female / male"",17 / 23,47 / 66,12 / 27 ""Current-to-future interval, days, median (IQR)"",78.0 (64.",23,23,source authority recorded by deterministic builder,exact rendered token; core floats additionally regression-asserted,PASS
TABLES_V2_1/Table1_Cohort_Characteristics_and_Flow.csv,"0.0 (43.0–69.0); n=113,64.0 (55.0–69.5); n=39 ""Sex, female / male"",17 / 23,47 / 66,12 / 27 ""Current-to-future interval, days, median (IQR)"",78.0 (64.0–1",47,47,source authority recorded by deterministic builder,exact rendered token; core floats additionally regression-asserted,PASS
TABLES_V2_1/Table1_Cohort_Characteristics_and_Flow.csv,"43.0–69.0); n=113,64.0 (55.0–69.5); n=39 ""Sex, female / male"",17 / 23,47 / 66,12 / 27 ""Current-to-future interval, days, median (IQR)"",78.0 (64.0–108.0)",66,66,source authority recorded by deterministic builder,exact rendered token; core floats additionally regression-asserted,PASS
TABLES_V2_1/Table1_Cohort_Characteristics_and_Flow.csv,"0–69.0); n=113,64.0 (55.0–69.5); n=39 ""Sex, female / male"",17 / 23,47 / 66,12 / 27 ""Current-to-future interval, days, median (IQR)"",78.0 (64.0–108.0); n",12,12,source authority recorded by deterministic builder,exact rendered token; core floats additionally regression-asserted,PASS
TABLES_V2_1/Table1_Cohort_Characteristics_and_Flow.csv,"0); n=113,64.0 (55.0–69.5); n=39 ""Sex, female / male"",17 / 23,47 / 66,12 / 27 ""Current-to-future interval, days, median (IQR)"",78.0 (64.0–108.0); n=39,6",27,27,source authority recorded by deterministic builder,exact rendered token; core floats additionally regression-asserted,PASS
TABLES_V2_1/Table1_Cohort_Characteristics_and_Flow.csv,""",17 / 23,47 / 66,12 / 27 ""Current-to-future interval, days, median (IQR)"",78.0 (64.0–108.0); n=39,68.0 (39.5–103.0); n=111,Not consistently available in ",78.0,78.0,source authority recorded by deterministic builder,exact rendered token; core floats additionally regression-asserted,PASS
TABLES_V2_1/Table1_Cohort_Characteristics_and_Flow.csv," 23,47 / 66,12 / 27 ""Current-to-future interval, days, median (IQR)"",78.0 (64.0–108.0); n=39,68.0 (39.5–103.0); n=111,Not consistently available in linked",64.0,64.0,source authority recorded by deterministic builder,exact rendered token; core floats additionally regression-asserted,PASS
TABLES_V2_1/Table1_Cohort_Characteristics_and_Flow.csv,"7 / 66,12 / 27 ""Current-to-future interval, days, median (IQR)"",78.0 (64.0–108.0); n=39,68.0 (39.5–103.0); n=111,Not consistently available in linked sourc",108.0,108.0,source authority recorded by deterministic builder,exact rendered token; core floats additionally regression-asserted,PASS
TABLES_V2_1/Table1_Cohort_Characteristics_and_Flow.csv,"/ 27 ""Current-to-future interval, days, median (IQR)"",78.0 (64.0–108.0); n=39,68.0 (39.5–103.0); n=111,Not consistently available in linked source metad",39,39,source authority recorded by deterministic builder,exact rendered token; core floats additionally regression-asserted,PASS
TABLES_V2_1/Table1_Cohort_Characteristics_and_Flow.csv,"7 ""Current-to-future interval, days, median (IQR)"",78.0 (64.0–108.0); n=39,68.0 (39.5–103.0); n=111,Not consistently available in linked source metadata D",68.0,68.0,source authority recorded by deterministic builder,exact rendered token; core floats additionally regression-asserted,PASS
TABLES_V2_1/Table1_Cohort_Characteristics_and_Flow.csv,"rent-to-future interval, days, median (IQR)"",78.0 (64.0–108.0); n=39,68.0 (39.5–103.0); n=111,Not consistently available in linked source metadata Diagnos",39.5,39.5,source authority recorded by deterministic builder,exact rendered token; core floats additionally regression-asserted,PASS
TABLES_V2_1/Table1_Cohort_Characteristics_and_Flow.csv,"to-future interval, days, median (IQR)"",78.0 (64.0–108.0); n=39,68.0 (39.5–103.0); n=111,Not consistently available in linked source metadata Diagnosis / g",103.0,103.0,source authority recorded by deterministic builder,exact rendered token; core floats additionally regression-asserted,PASS
TABLES_V2_1/Table1_Cohort_Characteristics_and_Flow.csv,"interval, days, median (IQR)"",78.0 (64.0–108.0); n=39,68.0 (39.5–103.0); n=111,Not consistently available in linked source metadata Diagnosis / grade,GBM",111,111,source authority recorded by deterministic builder,exact rendered token; core floats additionally regression-asserted,PASS
TABLES_V2_1/Table1_Cohort_Characteristics_and_Flow.csv,"istently available in linked source metadata Diagnosis / grade,GBM / grade 4: 40,GBM 74; astrocytoma 23; diffuse glioma 9; oligodendroglioma 4; pilocyt",4,4,source authority recorded by deterministic builder,exact rendered token; core floats additionally regression-asserted,PASS
TABLES_V2_1/Table1_Cohort_Characteristics_and_Flow.csv,"ently available in linked source metadata Diagnosis / grade,GBM / grade 4: 40,GBM 74; astrocytoma 23; diffuse glioma 9; oligodendroglioma 4; pilocytic a",40,40,source authority recorded by deterministic builder,exact rendered token; core floats additionally regression-asserted,PASS
TABLES_V2_1/Table1_Cohort_Characteristics_and_Flow.csv,"vailable in linked source metadata Diagnosis / grade,GBM / grade 4: 40,GBM 74; astrocytoma 23; diffuse glioma 9; oligodendroglioma 4; pilocytic astrocyt",74,74,source authority recorded by deterministic builder,exact rendered token; core floats additionally regression-asserted,PASS
TABLES_V2_1/Table1_Cohort_Characteristics_and_Flow.csv,"ed source metadata Diagnosis / grade,GBM / grade 4: 40,GBM 74; astrocytoma 23; diffuse glioma 9; oligodendroglioma 4; pilocytic astrocytoma 2; glioma wi",23,23,source authority recorded by deterministic builder,exact rendered token; core floats additionally regression-asserted,PASS
TABLES_V2_1/Table1_Cohort_Characteristics_and_Flow.csv,"Diagnosis / grade,GBM / grade 4: 40,GBM 74; astrocytoma 23; diffuse glioma 9; oligodendroglioma 4; pilocytic astrocytoma 2; glioma with GBM features 1,",9,9,source authority recorded by deterministic builder,exact rendered token; core floats additionally regression-asserted,PASS
TABLES_V2_1/Table1_Cohort_Characteristics_and_Flow.csv," / grade 4: 40,GBM 74; astrocytoma 23; diffuse glioma 9; oligodendroglioma 4; pilocytic astrocytoma 2; glioma with GBM features 1,Glioblastoma / grade ",4,4,source authority recorded by deterministic builder,exact rendered token; core floats additionally regression-asserted,PASS
TABLES_V2_1/Table1_Cohort_Characteristics_and_Flow.csv,"trocytoma 23; diffuse glioma 9; oligodendroglioma 4; pilocytic astrocytoma 2; glioma with GBM features 1,Glioblastoma / grade 4: 39 IDH status,Not cons",2,2,source authority recorded by deterministic builder,exact rendered token; core floats additionally regression-asserted,PASS
TABLES_V2_1/Table1_Cohort_Characteristics_and_Flow.csv," 9; oligodendroglioma 4; pilocytic astrocytoma 2; glioma with GBM features 1,Glioblastoma / grade 4: 39 IDH status,Not consistently available,Not consi",1,1,source authority recorded by deterministic builder,exact rendered token; core floats additionally regression-asserted,PASS
TABLES_V2_1/Table1_Cohort_Characteristics_and_Flow.csv,"; pilocytic astrocytoma 2; glioma with GBM features 1,Glioblastoma / grade 4: 39 IDH status,Not consistently available,Not consistently available,wt 35",4,4,source authority recorded by deterministic builder,exact rendered token; core floats additionally regression-asserted,PASS
TABLES_V2_1/Table1_Cohort_Characteristics_and_Flow.csv,"ilocytic astrocytoma 2; glioma with GBM features 1,Glioblastoma / grade 4: 39 IDH status,Not consistently available,Not consistently available,wt 35; mu",39,39,source authority recorded by deterministic builder,exact rendered token; core floats additionally regression-asserted,PASS
TABLES_V2_1/Table1_Cohort_Characteristics_and_Flow.csv," 4: 39 IDH status,Not consistently available,Not consistently available,wt 35; mut 4 Extent of resection,Not consistently available,Not consistently ava",35,35,source authority recorded by deterministic builder,exact rendered token; core floats additionally regression-asserted,PASS
TABLES_V2_1/Table1_Cohort_Characteristics_and_Flow.csv,"DH status,Not consistently available,Not consistently available,wt 35; mut 4 Extent of resection,Not consistently available,Not consistently available,",4,4,source authority recorded by deterministic builder,exact rendered token; core floats additionally regression-asserted,PASS
TABLES_V2_1/Table1_Cohort_Characteristics_and_Flow.csv,"ent of resection,Not consistently available,Not consistently available,GTR 26; NTR 13 Previous treatment,Not consistently available,Not consistently ava",26,26,source authority recorded by deterministic builder,exact rendered token; core floats additionally regression-asserted,PASS
TABLES_V2_1/Table1_Cohort_Characteristics_and_Flow.csv,"esection,Not consistently available,Not consistently available,GTR 26; NTR 13 Previous treatment,Not consistently available,Not consistently available,n",13,13,source authority recorded by deterministic builder,exact rendered token; core floats additionally regression-asserted,PASS
TABLES_V2_1/Table1_Cohort_Characteristics_and_Flow.csv,"revious treatment,Not consistently available,Not consistently available,no 37; surgery + QT/RT 2 ",37,37,source authority recorded by deterministic builder,exact rendered token; core floats additionally regression-asserted,PASS
TABLES_V2_1/Table1_Cohort_Characteristics_and_Flow.csv,"t consistently available,Not consistently available,no 37; surgery + QT/RT 2 ",2,2,source authority recorded by deterministic builder,exact rendered token; core floats additionally regression-asserted,PASS
TABLES_V2_1/Table2_Prelocked_Confirmatory_Comparisons.csv,"Cohort,Comparison,n,Mean difference,Median difference,Wins / ties / losses,95% bootstrap CI,Two-sided Wilcoxon P,Holm P,Cohen dz,Rank-biserial Independe",95,95,source authority recorded by deterministic builder,exact rendered token; core floats additionally regression-asserted,PASS
TABLES_V2_1/Table2_Prelocked_Confirmatory_Comparisons.csv,"xon P,Holm P,Cohen dz,Rank-biserial Independent internal,Full PCC vs Fixed,113,0.205,0.212,113 / 0 / 0,0.191 to 0.218,2.803e-20,5.606e-20,2.746,1.000 Ind",113,113,source authority recorded by deterministic builder,exact rendered token; core floats additionally regression-asserted,PASS
TABLES_V2_1/Table2_Prelocked_Confirmatory_Comparisons.csv,"P,Holm P,Cohen dz,Rank-biserial Independent internal,Full PCC vs Fixed,113,0.205,0.212,113 / 0 / 0,0.191 to 0.218,2.803e-20,5.606e-20,2.746,1.000 Independe",0.205,0.205,source authority recorded by deterministic builder,exact rendered token; core floats additionally regression-asserted,PASS
TABLES_V2_1/Table2_Prelocked_Confirmatory_Comparisons.csv," P,Cohen dz,Rank-biserial Independent internal,Full PCC vs Fixed,113,0.205,0.212,113 / 0 / 0,0.191 to 0.218,2.803e-20,5.606e-20,2.746,1.000 Independent int",0.212,0.212,source authority recorded by deterministic builder,exact rendered token; core floats additionally regression-asserted,PASS
TABLES_V2_1/Table2_Prelocked_Confirmatory_Comparisons.csv,"en dz,Rank-biserial Independent internal,Full PCC vs Fixed,113,0.205,0.212,113 / 0 / 0,0.191 to 0.218,2.803e-20,5.606e-20,2.746,1.000 Independent interna",113,113,source authority recorded by deterministic builder,exact rendered token; core floats additionally regression-asserted,PASS
TABLES_V2_1/Table2_Prelocked_Confirmatory_Comparisons.csv,"Rank-biserial Independent internal,Full PCC vs Fixed,113,0.205,0.212,113 / 0 / 0,0.191 to 0.218,2.803e-20,5.606e-20,2.746,1.000 Independent internal,No",0,0,source authority recorded by deterministic builder,exact rendered token; core floats additionally regression-asserted,PASS
TABLES_V2_1/Table2_Prelocked_Confirmatory_Comparisons.csv,"-biserial Independent internal,Full PCC vs Fixed,113,0.205,0.212,113 / 0 / 0,0.191 to 0.218,2.803e-20,5.606e-20,2.746,1.000 Independent internal,No-smo",0,0,source authority recorded by deterministic builder,exact rendered token; core floats additionally regression-asserted,PASS
TABLES_V2_1/Table2_Prelocked_Confirmatory_Comparisons.csv,"iserial Independent internal,Full PCC vs Fixed,113,0.205,0.212,113 / 0 / 0,0.191 to 0.218,2.803e-20,5.606e-20,2.746,1.000 Independent internal,No-smoothing",0.191,0.191,source authority recorded by deterministic builder,exact rendered token; core floats additionally regression-asserted,PASS
TABLES_V2_1/Table2_Prelocked_Confirmatory_Comparisons.csv,"ndependent internal,Full PCC vs Fixed,113,0.205,0.212,113 / 0 / 0,0.191 to 0.218,2.803e-20,5.606e-20,2.746,1.000 Independent internal,No-smoothing PCC vs F",0.218,0.218,source authority recorded by deterministic builder,exact rendered token; core floats additionally regression-asserted,PASS
TABLES_V2_1/Table2_Prelocked_Confirmatory_Comparisons.csv,"dent internal,Full PCC vs Fixed,113,0.205,0.212,113 / 0 / 0,0.191 to 0.218,2.803e-20,5.606e-20,2.746,1.000 Independent internal,No-smoothing PCC vs Full PCC,11",2.803e-20,2.803e-20,source authority recorded by deterministic builder,exact rendered token; core floats additionally regression-asserted,PASS
TABLES_V2_1/Table2_Prelocked_Confirmatory_Comparisons.csv,"nal,Full PCC vs Fixed,113,0.205,0.212,113 / 0 / 0,0.191 to 0.218,2.803e-20,5.606e-20,2.746,1.000 Independent internal,No-smoothing PCC vs Full PCC,113,0.193,0.",5.606e-20,5.606e-20,source authority recorded by deterministic builder,exact rendered token; core floats additionally regression-asserted,PASS
TABLES_V2_1/Table2_Prelocked_Confirmatory_Comparisons.csv,"CC vs Fixed,113,0.205,0.212,113 / 0 / 0,0.191 to 0.218,2.803e-20,5.606e-20,2.746,1.000 Independent internal,No-smoothing PCC vs Full PCC,113,0.193,0.189,11",2.746,2.746,source authority recorded by deterministic builder,exact rendered token; core floats additionally regression-asserted,PASS
TABLES_V2_1/Table2_Prelocked_Confirmatory_Comparisons.csv,"Fixed,113,0.205,0.212,113 / 0 / 0,0.191 to 0.218,2.803e-20,5.606e-20,2.746,1.000 Independent internal,No-smoothing PCC vs Full PCC,113,0.193,0.189,113 / 0 ",1.000,1.000,source authority recorded by deterministic builder,exact rendered token; core floats additionally regression-asserted,PASS
TABLES_V2_1/Table2_Prelocked_Confirmatory_Comparisons.csv,"20,5.606e-20,2.746,1.000 Independent internal,No-smoothing PCC vs Full PCC,113,0.193,0.189,113 / 0 / 0,0.174 to 0.213,2.803e-20,5.606e-20,1.797,1.000 RHU",113,113,source authority recorded by deterministic builder,exact rendered token; core floats additionally regression-asserted,PASS
TABLES_V2_1/Table2_Prelocked_Confirmatory_Comparisons.csv,".606e-20,2.746,1.000 Independent internal,No-smoothing PCC vs Full PCC,113,0.193,0.189,113 / 0 / 0,0.174 to 0.213,2.803e-20,5.606e-20,1.797,1.000 RHUH exte",0.193,0.193,source authority recorded by deterministic builder,exact rendered token; core floats additionally regression-asserted,PASS
TABLES_V2_1/Table2_Prelocked_Confirmatory_Comparisons.csv,"20,2.746,1.000 Independent internal,No-smoothing PCC vs Full PCC,113,0.193,0.189,113 / 0 / 0,0.174 to 0.213,2.803e-20,5.606e-20,1.797,1.000 RHUH external,F",0.189,0.189,source authority recorded by deterministic builder,exact rendered token; core floats additionally regression-asserted,PASS
TABLES_V2_1/Table2_Prelocked_Confirmatory_Comparisons.csv,"46,1.000 Independent internal,No-smoothing PCC vs Full PCC,113,0.193,0.189,113 / 0 / 0,0.174 to 0.213,2.803e-20,5.606e-20,1.797,1.000 RHUH external,Full ",113,113,source authority recorded by deterministic builder,exact rendered token; core floats additionally regression-asserted,PASS
TABLES_V2_1/Table2_Prelocked_Confirmatory_Comparisons.csv,"00 Independent internal,No-smoothing PCC vs Full PCC,113,0.193,0.189,113 / 0 / 0,0.174 to 0.213,2.803e-20,5.606e-20,1.797,1.000 RHUH external,Full PCC ",0,0,source authority recorded by deterministic builder,exact rendered token; core floats additionally regression-asserted,PASS
TABLES_V2_1/Table2_Prelocked_Confirmatory_Comparisons.csv,"ndependent internal,No-smoothing PCC vs Full PCC,113,0.193,0.189,113 / 0 / 0,0.174 to 0.213,2.803e-20,5.606e-20,1.797,1.000 RHUH external,Full PCC vs F",0,0,source authority recorded by deterministic builder,exact rendered token; core floats additionally regression-asserted,PASS
TABLES_V2_1/Table2_Prelocked_Confirmatory_Comparisons.csv,"ependent internal,No-smoothing PCC vs Full PCC,113,0.193,0.189,113 / 0 / 0,0.174 to 0.213,2.803e-20,5.606e-20,1.797,1.000 RHUH external,Full PCC vs Fixed,3",0.174,0.174,source authority recorded by deterministic builder,exact rendered token; core floats additionally regression-asserted,PASS
TABLES_V2_1/Table2_Prelocked_Confirmatory_Comparisons.csv,"internal,No-smoothing PCC vs Full PCC,113,0.193,0.189,113 / 0 / 0,0.174 to 0.213,2.803e-20,5.606e-20,1.797,1.000 RHUH external,Full PCC vs Fixed,39,0.176,0",0.213,0.213,source authority recorded by deterministic builder,exact rendered token; core floats additionally regression-asserted,PASS
TABLES_V2_1/Table2_Prelocked_Confirmatory_Comparisons.csv,"al,No-smoothing PCC vs Full PCC,113,0.193,0.189,113 / 0 / 0,0.174 to 0.213,2.803e-20,5.606e-20,1.797,1.000 RHUH external,Full PCC vs Fixed,39,0.176,0.185,39 / ",2.803e-20,2.803e-20,source authority recorded by deterministic builder,exact rendered token; core floats additionally regression-asserted,PASS
TABLES_V2_1/Table2_Prelocked_Confirmatory_Comparisons.csv,"thing PCC vs Full PCC,113,0.193,0.189,113 / 0 / 0,0.174 to 0.213,2.803e-20,5.606e-20,1.797,1.000 RHUH external,Full PCC vs Fixed,39,0.176,0.185,39 / 0 / 0,0.15",5.606e-20,5.606e-20,source authority recorded by deterministic builder,exact rendered token; core floats additionally regression-asserted,PASS
TABLES_V2_1/Table2_Prelocked_Confirmatory_Comparisons.csv,"vs Full PCC,113,0.193,0.189,113 / 0 / 0,0.174 to 0.213,2.803e-20,5.606e-20,1.797,1.000 RHUH external,Full PCC vs Fixed,39,0.176,0.185,39 / 0 / 0,0.151 to 0",1.797,1.797,source authority recorded by deterministic builder,exact rendered token; core floats additionally regression-asserted,PASS
TABLES_V2_1/Table2_Prelocked_Confirmatory_Comparisons.csv,"l PCC,113,0.193,0.189,113 / 0 / 0,0.174 to 0.213,2.803e-20,5.606e-20,1.797,1.000 RHUH external,Full PCC vs Fixed,39,0.176,0.185,39 / 0 / 0,0.151 to 0.199,3",1.000,1.000,source authority recorded by deterministic builder,exact rendered token; core floats additionally regression-asserted,PASS
TABLES_V2_1/Table2_Prelocked_Confirmatory_Comparisons.csv,"4 to 0.213,2.803e-20,5.606e-20,1.797,1.000 RHUH external,Full PCC vs Fixed,39,0.176,0.185,39 / 0 / 0,0.151 to 0.199,3.638e-12,7.276e-12,2.236,1.000 RHUH",39,39,source authority recorded by deterministic builder,exact rendered token; core floats additionally regression-asserted,PASS
TABLES_V2_1/Table2_Prelocked_Confirmatory_Comparisons.csv,"o 0.213,2.803e-20,5.606e-20,1.797,1.000 RHUH external,Full PCC vs Fixed,39,0.176,0.185,39 / 0 / 0,0.151 to 0.199,3.638e-12,7.276e-12,2.236,1.000 RHUH exter",0.176,0.176,source authority recorded by deterministic builder,exact rendered token; core floats additionally regression-asserted,PASS
TABLES_V2_1/Table2_Prelocked_Confirmatory_Comparisons.csv,"3,2.803e-20,5.606e-20,1.797,1.000 RHUH external,Full PCC vs Fixed,39,0.176,0.185,39 / 0 / 0,0.151 to 0.199,3.638e-12,7.276e-12,2.236,1.000 RHUH external,No",0.185,0.185,source authority recorded by deterministic builder,exact rendered token; core floats additionally regression-asserted,PASS
TABLES_V2_1/Table2_Prelocked_Confirmatory_Comparisons.csv,"3e-20,5.606e-20,1.797,1.000 RHUH external,Full PCC vs Fixed,39,0.176,0.185,39 / 0 / 0,0.151 to 0.199,3.638e-12,7.276e-12,2.236,1.000 RHUH external,No-sm",39,39,source authority recorded by deterministic builder,exact rendered token; core floats additionally regression-asserted,PASS
TABLES_V2_1/Table2_Prelocked_Confirmatory_Comparisons.csv,",5.606e-20,1.797,1.000 RHUH external,Full PCC vs Fixed,39,0.176,0.185,39 / 0 / 0,0.151 to 0.199,3.638e-12,7.276e-12,2.236,1.000 RHUH external,No-smooth",0,0,source authority recorded by deterministic builder,exact rendered token; core floats additionally regression-asserted,PASS
TABLES_V2_1/Table2_Prelocked_Confirmatory_Comparisons.csv,"06e-20,1.797,1.000 RHUH external,Full PCC vs Fixed,39,0.176,0.185,39 / 0 / 0,0.151 to 0.199,3.638e-12,7.276e-12,2.236,1.000 RHUH external,No-smoothing ",0,0,source authority recorded by deterministic builder,exact rendered token; core floats additionally regression-asserted,PASS
TABLES_V2_1/Table2_Prelocked_Confirmatory_Comparisons.csv,"e-20,1.797,1.000 RHUH external,Full PCC vs Fixed,39,0.176,0.185,39 / 0 / 0,0.151 to 0.199,3.638e-12,7.276e-12,2.236,1.000 RHUH external,No-smoothing PCC vs",0.151,0.151,source authority recorded by deterministic builder,exact rendered token; core floats additionally regression-asserted,PASS
TABLES_V2_1/Table2_Prelocked_Confirmatory_Comparisons.csv,"7,1.000 RHUH external,Full PCC vs Fixed,39,0.176,0.185,39 / 0 / 0,0.151 to 0.199,3.638e-12,7.276e-12,2.236,1.000 RHUH external,No-smoothing PCC vs Full PCC",0.199,0.199,source authority recorded by deterministic builder,exact rendered token; core floats additionally regression-asserted,PASS
TABLES_V2_1/Table2_Prelocked_Confirmatory_Comparisons.csv,"0 RHUH external,Full PCC vs Fixed,39,0.176,0.185,39 / 0 / 0,0.151 to 0.199,3.638e-12,7.276e-12,2.236,1.000 RHUH external,No-smoothing PCC vs Full PCC,39,0.086,",3.638e-12,3.638e-12,source authority recorded by deterministic builder,exact rendered token; core floats additionally regression-asserted,PASS
TABLES_V2_1/Table2_Prelocked_Confirmatory_Comparisons.csv,"ernal,Full PCC vs Fixed,39,0.176,0.185,39 / 0 / 0,0.151 to 0.199,3.638e-12,7.276e-12,2.236,1.000 RHUH external,No-smoothing PCC vs Full PCC,39,0.086,0.088,38 /",7.276e-12,7.276e-12,source authority recorded by deterministic builder,exact rendered token; core floats additionally regression-asserted,PASS
TABLES_V2_1/Table2_Prelocked_Confirmatory_Comparisons.csv," PCC vs Fixed,39,0.176,0.185,39 / 0 / 0,0.151 to 0.199,3.638e-12,7.276e-12,2.236,1.000 RHUH external,No-smoothing PCC vs Full PCC,39,0.086,0.088,38 / 0 / 1",2.236,2.236,source authority recorded by deterministic builder,exact rendered token; core floats additionally regression-asserted,PASS
TABLES_V2_1/Table2_Prelocked_Confirmatory_Comparisons.csv,"s Fixed,39,0.176,0.185,39 / 0 / 0,0.151 to 0.199,3.638e-12,7.276e-12,2.236,1.000 RHUH external,No-smoothing PCC vs Full PCC,39,0.086,0.088,38 / 0 / 1,0.072",1.000,1.000,source authority recorded by deterministic builder,exact rendered token; core floats additionally regression-asserted,PASS
TABLES_V2_1/Table2_Prelocked_Confirmatory_Comparisons.csv,"3.638e-12,7.276e-12,2.236,1.000 RHUH external,No-smoothing PCC vs Full PCC,39,0.086,0.088,38 / 0 / 1,0.072 to 0.101,7.276e-12,7.276e-12,1.807,0.997 ",39,39,source authority recorded by deterministic builder,exact rendered token; core floats additionally regression-asserted,PASS
TABLES_V2_1/Table2_Prelocked_Confirmatory_Comparisons.csv,"38e-12,7.276e-12,2.236,1.000 RHUH external,No-smoothing PCC vs Full PCC,39,0.086,0.088,38 / 0 / 1,0.072 to 0.101,7.276e-12,7.276e-12,1.807,0.997 ",0.086,0.086,source authority recorded by deterministic builder,exact rendered token; core floats additionally regression-asserted,PASS
TABLES_V2_1/Table2_Prelocked_Confirmatory_Comparisons.csv,",7.276e-12,2.236,1.000 RHUH external,No-smoothing PCC vs Full PCC,39,0.086,0.088,38 / 0 / 1,0.072 to 0.101,7.276e-12,7.276e-12,1.807,0.997 ",0.088,0.088,source authority recorded by deterministic builder,exact rendered token; core floats additionally regression-asserted,PASS
TABLES_V2_1/Table2_Prelocked_Confirmatory_Comparisons.csv,"e-12,2.236,1.000 RHUH external,No-smoothing PCC vs Full PCC,39,0.086,0.088,38 / 0 / 1,0.072 to 0.101,7.276e-12,7.276e-12,1.807,0.997 ",38,38,source authority recorded by deterministic builder,exact rendered token; core floats additionally regression-asserted,PASS
TABLES_V2_1/Table2_Prelocked_Confirmatory_Comparisons.csv,"2.236,1.000 RHUH external,No-smoothing PCC vs Full PCC,39,0.086,0.088,38 / 0 / 1,0.072 to 0.101,7.276e-12,7.276e-12,1.807,0.997 ",0,0,source authority recorded by deterministic builder,exact rendered token; core floats additionally regression-asserted,PASS
TABLES_V2_1/Table2_Prelocked_Confirmatory_Comparisons.csv,"6,1.000 RHUH external,No-smoothing PCC vs Full PCC,39,0.086,0.088,38 / 0 / 1,0.072 to 0.101,7.276e-12,7.276e-12,1.807,0.997 ",1,1,source authority recorded by deterministic builder,exact rendered token; core floats additionally regression-asserted,PASS
TABLES_V2_1/Table2_Prelocked_Confirmatory_Comparisons.csv,"1.000 RHUH external,No-smoothing PCC vs Full PCC,39,0.086,0.088,38 / 0 / 1,0.072 to 0.101,7.276e-12,7.276e-12,1.807,0.997 ",0.072,0.072,source authority recorded by deterministic builder,exact rendered token; core floats additionally regression-asserted,PASS
TABLES_V2_1/Table2_Prelocked_Confirmatory_Comparisons.csv,"H external,No-smoothing PCC vs Full PCC,39,0.086,0.088,38 / 0 / 1,0.072 to 0.101,7.276e-12,7.276e-12,1.807,0.997 ",0.101,0.101,source authority recorded by deterministic builder,exact rendered token; core floats additionally regression-asserted,PASS
TABLES_V2_1/Table2_Prelocked_Confirmatory_Comparisons.csv,"rnal,No-smoothing PCC vs Full PCC,39,0.086,0.088,38 / 0 / 1,0.072 to 0.101,7.276e-12,7.276e-12,1.807,0.997 ",7.276e-12,7.276e-12,source authority recorded by deterministic builder,exact rendered token; core floats additionally regression-asserted,PASS
TABLES_V2_1/Table2_Prelocked_Confirmatory_Comparisons.csv,"oothing PCC vs Full PCC,39,0.086,0.088,38 / 0 / 1,0.072 to 0.101,7.276e-12,7.276e-12,1.807,0.997 ",7.276e-12,7.276e-12,source authority recorded by deterministic builder,exact rendered token; core floats additionally regression-asserted,PASS
TABLES_V2_1/Table2_Prelocked_Confirmatory_Comparisons.csv,"C vs Full PCC,39,0.086,0.088,38 / 0 / 1,0.072 to 0.101,7.276e-12,7.276e-12,1.807,0.997 ",1.807,1.807,source authority recorded by deterministic builder,exact rendered token; core floats additionally regression-asserted,PASS
TABLES_V2_1/Table2_Prelocked_Confirmatory_Comparisons.csv,"ull PCC,39,0.086,0.088,38 / 0 / 1,0.072 to 0.101,7.276e-12,7.276e-12,1.807,0.997 ",0.997,0.997,source authority recorded by deterministic builder,exact rendered token; core floats additionally regression-asserted,PASS
TABLES_V2_1/Table3_Target_Access_Comparator_Summary.csv,"-derived information access,Iterative,Direct target blending,Internal Dice@0.5,RHUH Dice@0.5,Interpretation Fixed,No,No,No,0.239,0.190,Frozen future-blin",0.5,0.5,source authority recorded by deterministic builder,exact rendered token; core floats additionally regression-asserted,PASS
TABLES_V2_1/Table3_Target_Access_Comparator_Summary.csv,"mation access,Iterative,Direct target blending,Internal Dice@0.5,RHUH Dice@0.5,Interpretation Fixed,No,No,No,0.239,0.190,Frozen future-blind P0 Naive,No,",0.5,0.5,source authority recorded by deterministic builder,exact rendered token; core floats additionally regression-asserted,PASS
TABLES_V2_1/Table3_Target_Access_Comparator_Summary.csv,"get blending,Internal Dice@0.5,RHUH Dice@0.5,Interpretation Fixed,No,No,No,0.239,0.190,Frozen future-blind P0 Naive,No,No,No,0.239,0.190,Target-free logit ",0.239,0.239,source authority recorded by deterministic builder,exact rendered token; core floats additionally regression-asserted,PASS
TABLES_V2_1/Table3_Target_Access_Comparator_Summary.csv,"ending,Internal Dice@0.5,RHUH Dice@0.5,Interpretation Fixed,No,No,No,0.239,0.190,Frozen future-blind P0 Naive,No,No,No,0.239,0.190,Target-free logit sharpe",0.190,0.190,source authority recorded by deterministic builder,exact rendered token; core floats additionally regression-asserted,PASS
TABLES_V2_1/Table3_Target_Access_Comparator_Summary.csv,"pretation Fixed,No,No,No,0.239,0.190,Frozen future-blind P0 Naive,No,No,No,0.239,0.190,Target-free logit sharpening EIA-linear,Yes,No,No,0.296,0.246,One-st",0.239,0.239,source authority recorded by deterministic builder,exact rendered token; core floats additionally regression-asserted,PASS
TABLES_V2_1/Table3_Target_Access_Comparator_Summary.csv,"ion Fixed,No,No,No,0.239,0.190,Frozen future-blind P0 Naive,No,No,No,0.239,0.190,Target-free logit sharpening EIA-linear,Yes,No,No,0.296,0.246,One-step tar",0.190,0.190,source authority recorded by deterministic builder,exact rendered token; core floats additionally regression-asserted,PASS
TABLES_V2_1/Table3_Target_Access_Comparator_Summary.csv,"ive,No,No,No,0.239,0.190,Target-free logit sharpening EIA-linear,Yes,No,No,0.296,0.246,One-step target-access correction EIA-blend-0.90,Yes,No,Yes,0.259,0.",0.296,0.296,source authority recorded by deterministic builder,exact rendered token; core floats additionally regression-asserted,PASS
TABLES_V2_1/Table3_Target_Access_Comparator_Summary.csv,",No,No,0.239,0.190,Target-free logit sharpening EIA-linear,Yes,No,No,0.296,0.246,One-step target-access correction EIA-blend-0.90,Yes,No,Yes,0.259,0.206,Di",0.246,0.246,source authority recorded by deterministic builder,exact rendered token; core floats additionally regression-asserted,PASS
TABLES_V2_1/Table3_Target_Access_Comparator_Summary.csv,"A-linear,Yes,No,No,0.296,0.246,One-step target-access correction EIA-blend-0.90,Yes,No,Yes,0.259,0.206,Direct 10% target-signal blend EIA-blend-0.75,Yes,N",0.90,0.90,source authority recorded by deterministic builder,exact rendered token; core floats additionally regression-asserted,PASS
TABLES_V2_1/Table3_Target_Access_Comparator_Summary.csv,"No,0.296,0.246,One-step target-access correction EIA-blend-0.90,Yes,No,Yes,0.259,0.206,Direct 10% target-signal blend EIA-blend-0.75,Yes,No,Yes,0.317,0.248",0.259,0.259,source authority recorded by deterministic builder,exact rendered token; core floats additionally regression-asserted,PASS
TABLES_V2_1/Table3_Target_Access_Comparator_Summary.csv,"96,0.246,One-step target-access correction EIA-blend-0.90,Yes,No,Yes,0.259,0.206,Direct 10% target-signal blend EIA-blend-0.75,Yes,No,Yes,0.317,0.248,Direc",0.206,0.206,source authority recorded by deterministic builder,exact rendered token; core floats additionally regression-asserted,PASS
TABLES_V2_1/Table3_Target_Access_Comparator_Summary.csv,"step target-access correction EIA-blend-0.90,Yes,No,Yes,0.259,0.206,Direct 10% target-signal blend EIA-blend-0.75,Yes,No,Yes,0.317,0.248,Direct 25% targ",10,10,source authority recorded by deterministic builder,exact rendered token; core floats additionally regression-asserted,PASS
TABLES_V2_1/Table3_Target_Access_Comparator_Summary.csv,"blend-0.90,Yes,No,Yes,0.259,0.206,Direct 10% target-signal blend EIA-blend-0.75,Yes,No,Yes,0.317,0.248,Direct 25% target-signal blend Full PCC,Yes,Yes,No,",0.75,0.75,source authority recorded by deterministic builder,exact rendered token; core floats additionally regression-asserted,PASS
TABLES_V2_1/Table3_Target_Access_Comparator_Summary.csv,"o,Yes,0.259,0.206,Direct 10% target-signal blend EIA-blend-0.75,Yes,No,Yes,0.317,0.248,Direct 25% target-signal blend Full PCC,Yes,Yes,No,0.444,0.365,Canon",0.317,0.317,source authority recorded by deterministic builder,exact rendered token; core floats additionally regression-asserted,PASS
TABLES_V2_1/Table3_Target_Access_Comparator_Summary.csv,"0.259,0.206,Direct 10% target-signal blend EIA-blend-0.75,Yes,No,Yes,0.317,0.248,Direct 25% target-signal blend Full PCC,Yes,Yes,No,0.444,0.365,Canonical t",0.248,0.248,source authority recorded by deterministic builder,exact rendered token; core floats additionally regression-asserted,PASS
TABLES_V2_1/Table3_Target_Access_Comparator_Summary.csv,"irect 10% target-signal blend EIA-blend-0.75,Yes,No,Yes,0.317,0.248,Direct 25% target-signal blend Full PCC,Yes,Yes,No,0.444,0.365,Canonical target-cond",25,25,source authority recorded by deterministic builder,exact rendered token; core floats additionally regression-asserted,PASS
TABLES_V2_1/Table3_Target_Access_Comparator_Summary.csv,",Yes,No,Yes,0.317,0.248,Direct 25% target-signal blend Full PCC,Yes,Yes,No,0.444,0.365,Canonical target-conditioned PCC No-smoothing PCC,Yes,Yes,No,0.637,0",0.444,0.444,source authority recorded by deterministic builder,exact rendered token; core floats additionally regression-asserted,PASS
TABLES_V2_1/Table3_Target_Access_Comparator_Summary.csv,"o,Yes,0.317,0.248,Direct 25% target-signal blend Full PCC,Yes,Yes,No,0.444,0.365,Canonical target-conditioned PCC No-smoothing PCC,Yes,Yes,No,0.637,0.451,P",0.365,0.365,source authority recorded by deterministic builder,exact rendered token; core floats additionally regression-asserted,PASS
TABLES_V2_1/Table3_Target_Access_Comparator_Summary.csv,"o,0.444,0.365,Canonical target-conditioned PCC No-smoothing PCC,Yes,Yes,No,0.637,0.451,Prelocked candidate; no discrepancy smoothing ",0.637,0.637,source authority recorded by deterministic builder,exact rendered token; core floats additionally regression-asserted,PASS
TABLES_V2_1/Table3_Target_Access_Comparator_Summary.csv,"4,0.365,Canonical target-conditioned PCC No-smoothing PCC,Yes,Yes,No,0.637,0.451,Prelocked candidate; no discrepancy smoothing ",0.451,0.451,source authority recorded by deterministic builder,exact rendered token; core floats additionally regression-asserted,PASS
