case_id,condition,dice,iou,source,dice_fixed05,iou_fixed05,dice_topk,iou_topk,target_focus,log10_ratio,pred_fixed05_voxels,pred_topk_voxels,target_voxels,prob_min,prob_max,prob_mean,prob_sum,main_mode,guidance_voxels,evaluation_target_voxels,target_mass,false_guidance_mass,outside_clean_target_mass,experiment_family,donor_case_id,method,retained_true_target_fraction,added_false_positive_volume,seed,fp_shortfall,retention_relative_to_clean_pcc,evaluation_mode,empty_target,target_components,voxel_volume_mm3,retrospective_future_image_access
PatientID_0003_T1_to_T2_t1c,FIXED_P0,0.4115304920283685,0.2590735862276115,frozen_v8,,,,,,,,,,,,,,,,,,,,mechanism,,,,,,,,,,,,
PatientID_0003_T1_to_T2_t1c,NAIVE,0.4114086052205865,0.2589769821161387,frozen_v8,,,,,,,,,,,,,,,,,,,,mechanism,,,,,,,,,,,,
PatientID_0003_T1_to_T2_t1c,FULL_PCC,0.6074838500059423,0.4362490517757995,frozen_v8,,,,,,,,,,,,,,,,,,,,mechanism,,,,,,,,,,,,
PatientID_0003_T1_to_T2_t1c,ONE_ROUND,0.4340795514680437,0.2772040890644698,frozen_v8_P1,,,,,,,,,,,,,,,,,,,,mechanism,,,,,,,,,,,,
PatientID_0003_T1_to_T2_t1c,NO_ERROR_GUIDED_TERM,0.4119367813876419,0.2593957070315093,new_2026,0.2993520775188785,0.1760223698089976,0.4119367813876419,0.2593957070315093,0.1787311709742718,1.8961050051243995,93148.0,24613.0,24613.0,9.999970643548297e-06,0.9999637603759766,0.0109697291627526,97937.7421875,topk,24613.0,24613.0,17504.52734375,0.0,80433.25,mechanism,,,,,,,,,,,,
PatientID_0003_T1_to_T2_t1c,NO_OUTSIDE_SUPPRESSION,0.5978141632552347,0.4263444599146284,new_2026,0.3369690652632155,0.2026234498902871,0.5978141632552347,0.4263444599146284,0.2124900069973845,1.989472205198406,82839.0,24613.0,24613.0,8.119062840705737e-06,0.9999552965164183,0.0094791138544678,84629.53125,topk,24613.0,24613.0,17982.9296875,0.0,66646.65625,mechanism,,,,,,,,,,,,
PatientID_0003_T1_to_T2_t1c,NO_SMOOTHING,0.6601795799037058,0.4927373624194821,new_2026,0.3894042465533972,0.2417765263120213,0.6601795799037058,0.4927373624194821,0.241625311486347,2.061646562154375,72407.0,24613.0,24613.0,9.999970643548297e-06,0.9999637603759766,0.0086842216551303,77532.734375,topk,24613.0,24613.0,18733.87109375,0.0,58799.14453125,mechanism,,,,,,,,,,,,
PatientID_0003_T1_to_T2_t1c,GLOBAL_DISCREPANCY,0.6074838500059423,0.4362490517757995,new_2026,0.3520398242197328,0.2136215604000847,0.6074838500059423,0.4362490517757995,0.2213536082095243,2.012134660299505,78239.0,24613.0,24613.0,8.119062840705737e-06,0.9999552965164183,0.0090995449572801,81240.734375,topk,24613.0,24613.0,17982.9296875,0.0,63258.0625,mechanism,,,,,,,,,,,,
PatientID_0003_T1_to_T2_t1c,FACTORIAL_ERROR_ON_SUPPRESSION_ON,0.6074838500059423,0.4362490517757995,new_2026,0.3471424599546788,0.2100256383576373,0.6074838500059423,0.4362490517757995,0.2185251707210572,2.004974755561799,79690.0,24613.0,24613.0,8.119062840705737e-06,0.9999552965164183,0.0092173228040337,82292.2578125,topk,24613.0,24613.0,17982.9296875,0.0,64309.59765625,mechanism,,,,,,,,,,,,
PatientID_0003_T1_to_T2_t1c,FACTORIAL_ERROR_ON_SUPPRESSION_OFF,0.5978141632552347,0.4263444599146284,new_2026,0.3369690652632155,0.2026234498902871,0.5978141632552347,0.4263444599146284,0.2124900069973845,1.989472205198406,82839.0,24613.0,24613.0,8.119062840705737e-06,0.9999552965164183,0.0094791138544678,84629.53125,topk,24613.0,24613.0,17982.9296875,0.0,66646.65625,mechanism,,,,,,,,,,,,
PatientID_0003_T1_to_T2_t1c,FACTORIAL_ERROR_OFF_SUPPRESSION_ON,0.4119367813876419,0.2593957070315093,new_2026,0.2993520775188785,0.1760223698089976,0.4119367813876419,0.2593957070315093,0.1787311709742718,1.8961050051243995,93148.0,24613.0,24613.0,9.999970643548297e-06,0.9999637603759766,0.0109697291627526,97937.7421875,topk,24613.0,24613.0,17504.52734375,0.0,80433.25,mechanism,,,,,,,,,,,,
PatientID_0003_T1_to_T2_t1c,FACTORIAL_ERROR_OFF_SUPPRESSION_OFF,0.4115304920283685,0.2590735862276115,new_2026,0.2915098942413192,0.1706242800386182,0.4115304920283685,0.2590735862276115,0.1745445351659334,1.8836027419865695,96316.0,24613.0,24613.0,1.365348941762337e-13,0.9999637603759766,0.0112328501418232,100286.8828125,topk,24613.0,24613.0,17504.52734375,0.0,82782.375,mechanism,,,,,,,,,,,,
PatientID_0005_T3_to_T4_t1c,FIXED_P0,0.2310591983214478,0.1306200852653034,frozen_v8,,,,,,,,,,,,,,,,,,,,mechanism,,,,,,,,,,,,
PatientID_0005_T3_to_T4_t1c,NAIVE,0.2311653836147819,0.1306879577641167,frozen_v8,,,,,,,,,,,,,,,,,,,,mechanism,,,,,,,,,,,,
PatientID_0005_T3_to_T4_t1c,FULL_PCC,0.4502256437629353,0.290510448808136,frozen_v8,,,,,,,,,,,,,,,,,,,,mechanism,,,,,,,,,,,,
PatientID_0005_T3_to_T4_t1c,ONE_ROUND,0.2538359437416024,0.1453677521619578,frozen_v8_P1,,,,,,,,,,,,,,,,,,,,mechanism,,,,,,,,,,,,
PatientID_0005_T3_to_T4_t1c,NO_ERROR_GUIDED_TERM,0.235359702701477,0.1333754550912123,new_2026,0.2323609569056192,0.1314527181444014,0.235359702701477,0.1333754550912123,0.1270989096441382,1.838047688649069,100049.0,18835.0,18835.0,9.999970643548297e-06,0.9997127652168274,0.0119012109935283,106254.015625,topk,18835.0,18835.0,13504.76953125,0.0,92749.2578125,mechanism,,,,,,,,,,,,
PatientID_0005_T3_to_T4_t1c,NO_OUTSIDE_SUPPRESSION,0.4261746748227721,0.270789056462882,new_2026,0.2698037544385807,0.1559382383003668,0.4261746748227721,0.270789056462882,0.1516778942176054,1.92723281119095,84403.0,18835.0,18835.0,8.030620847421233e-06,0.9993584752082824,0.0099310250952839,88664.1953125,topk,18835.0,18835.0,13448.3984375,0.0,75215.71875,mechanism,,,,,,,,,,,,
PatientID_0005_T3_to_T4_t1c,NO_SMOOTHING,0.6373241306175386,0.4677004597729408,new_2026,0.3574477595333842,0.217617285305083,0.6373241306175386,0.4677004597729408,0.1931031474264015,2.053840761910498,70655.0,18835.0,18835.0,9.999970643548297e-06,0.9993921518325806,0.0088462093845009,78978.9609375,topk,18835.0,18835.0,15251.0859375,0.0,63728.0703125,mechanism,,,,,,,,,,,,
PatientID_0005_T3_to_T4_t1c,GLOBAL_DISCREPANCY,0.4502256437629353,0.290510448808136,new_2026,0.2794594215039534,0.1624253592185759,0.4502256437629353,0.290510448808136,0.1569351087759107,1.9447302563561617,80836.0,18835.0,18835.0,8.030620847421233e-06,0.9993584752082824,0.0095983436331152,85694.0078125,topk,18835.0,18835.0,13448.3984375,0.0,72245.5625,mechanism,,,,,,,,,,,,
PatientID_0005_T3_to_T4_t1c,FACTORIAL_ERROR_ON_SUPPRESSION_ON,0.4502256437629353,0.290510448808136,new_2026,0.276091072196853,0.1601540938459044,0.4502256437629353,0.290510448808136,0.1551969864253002,1.9389990413313307,82052.0,18835.0,18835.0,8.030620847421233e-06,0.9993584752082824,0.0097058396786451,86653.734375,topk,18835.0,18835.0,13448.3984375,0.0,73205.2734375,mechanism,,,,,,,,,,,,
PatientID_0005_T3_to_T4_t1c,FACTORIAL_ERROR_ON_SUPPRESSION_OFF,0.4261746748227721,0.270789056462882,new_2026,0.2698037544385807,0.1559382383003668,0.4261746748227721,0.270789056462882,0.1516778942176054,1.92723281119095,84403.0,18835.0,18835.0,8.030620847421233e-06,0.9993584752082824,0.0099310250952839,88664.1953125,topk,18835.0,18835.0,13448.3984375,0.0,75215.71875,mechanism,,,,,,,,,,,,
PatientID_0005_T3_to_T4_t1c,FACTORIAL_ERROR_OFF_SUPPRESSION_ON,0.235359702701477,0.1333754550912123,new_2026,0.2323609569056192,0.1314527181444014,0.235359702701477,0.1333754550912123,0.1270989096441382,1.838047688649069,100049.0,18835.0,18835.0,9.999970643548297e-06,0.9997127652168274,0.0119012109935283,106254.015625,topk,18835.0,18835.0,13504.76953125,0.0,92749.2578125,mechanism,,,,,,,,,,,,
PatientID_0005_T3_to_T4_t1c,FACTORIAL_ERROR_OFF_SUPPRESSION_OFF,0.2310591983214478,0.1306200852653034,new_2026,0.2278286831295282,0.1285590625284719,0.2310591983214478,0.1306200852653034,0.1247302164437702,1.8287003002470388,102414.0,18835.0,18835.0,6.722094804617955e-14,0.9997127652168274,0.0121272215619683,108271.8359375,topk,18835.0,18835.0,13504.76953125,0.0,94767.15625,mechanism,,,,,,,,,,,,
PatientID_0006_T2_to_T4_t1c,FIXED_P0,0.3933722249353149,0.2448434111845064,frozen_v8,,,,,,,,,,,,,,,,,,,,mechanism,,,,,,,,,,,,
PatientID_0006_T2_to_T4_t1c,NAIVE,0.3933317128627181,0.2448120225107841,frozen_v8,,,,,,,,,,,,,,,,,,,,mechanism,,,,,,,,,,,,
PatientID_0006_T2_to_T4_t1c,FULL_PCC,0.6406579160662644,0.4712999940552155,frozen_v8,,,,,,,,,,,,,,,,,,,,mechanism,,,,,,,,,,,,
PatientID_0006_T2_to_T4_t1c,ONE_ROUND,0.4197050721232437,0.265586546368294,frozen_v8_P1,,,,,,,,,,,,,,,,,,,,mechanism,,,,,,,,,,,,
PatientID_0006_T2_to_T4_t1c,NO_ERROR_GUIDED_TERM,0.4094555177562499,0.2574310384540019,new_2026,0.3330947741411295,0.1998282619668271,0.4094555177562499,0.2574310384540019,0.1927156448129334,1.935026698696289,116441.0,24684.0,24684.0,9.999970643548297e-06,0.9999781847000122,0.013472381979227,120281.4296875,topk,24684.0,24684.0,23180.11328125,0.0,97101.2265625,mechanism,,,,,,,,,,,,
PatientID_0006_T2_to_T4_t1c,NO_OUTSIDE_SUPPRESSION,0.5825230918898371,0.4109577295889863,new_2026,0.3424758110877018,0.206618891829391,0.5825230918898371,0.4109577295889863,0.2044396118807022,1.9670280358175944,112879.0,24684.0,24684.0,8.133329174597748e-06,0.9999774694442748,0.0126523068174719,112959.796875,topk,24684.0,24684.0,23093.45703125,0.0,89866.2734375,mechanism,,,,,,,,,,,,
PatientID_0006_T2_to_T4_t1c,NO_SMOOTHING,0.8379517096127461,0.7210988704601485,new_2026,0.3951612246774679,0.2462311048062673,0.8379517096127461,0.7210988704601485,0.239028375012952,2.054216754983669,98157.0,24684.0,24684.0,9.999970643548297e-06,0.9999781847000122,0.0111184641718864,99265.6484375,topk,24684.0,24684.0,23727.306640625,0.0,75538.3359375,mechanism,,,,,,,,,,,,
PatientID_0006_T2_to_T4_t1c,GLOBAL_DISCREPANCY,0.6477475287707067,0.4790137511765178,new_2026,0.3809831876419752,0.235317622856105,0.6477475287707067,0.4790137511765178,0.2259642742586512,2.022414588553604,98975.0,24684.0,24684.0,8.133329174597748e-06,0.9999774694442748,0.0114470869302749,102199.59375,topk,24684.0,24684.0,23093.45703125,0.0,79106.125,mechanism,,,,,,,,,,,,
PatientID_0006_T2_to_T4_t1c,FACTORIAL_ERROR_ON_SUPPRESSION_ON,0.6406579160662644,0.4712999940552155,new_2026,0.3619406138411866,0.2209569548610253,0.6406579160662644,0.4712999940552155,0.217243127688085,2.0004550540046746,105481.0,24684.0,24684.0,8.133329174597748e-06,0.9999774694442748,0.0119066266342997,106302.359375,topk,24684.0,24684.0,23093.45703125,0.0,83208.8828125,mechanism,,,,,,,,,,,,
PatientID_0006_T2_to_T4_t1c,FACTORIAL_ERROR_ON_SUPPRESSION_OFF,0.5825230918898371,0.4109577295889863,new_2026,0.3424758110877018,0.206618891829391,0.5825230918898371,0.4109577295889863,0.2044396118807022,1.9670280358175944,112879.0,24684.0,24684.0,8.133329174597748e-06,0.9999774694442748,0.0126523068174719,112959.796875,topk,24684.0,24684.0,23093.45703125,0.0,89866.2734375,mechanism,,,,,,,,,,,,
PatientID_0006_T2_to_T4_t1c,FACTORIAL_ERROR_OFF_SUPPRESSION_ON,0.4094555177562499,0.2574310384540019,new_2026,0.3330947741411295,0.1998282619668271,0.4094555177562499,0.2574310384540019,0.1927156448129334,1.935026698696289,116441.0,24684.0,24684.0,9.999970643548297e-06,0.9999781847000122,0.013472381979227,120281.4296875,topk,24684.0,24684.0,23180.11328125,0.0,97101.2265625,mechanism,,,,,,,,,,,,
PatientID_0006_T2_to_T4_t1c,FACTORIAL_ERROR_OFF_SUPPRESSION_OFF,0.3933722249353149,0.2448434111845064,new_2026,0.317049646925364,0.1883891859029649,0.3933722249353149,0.2448434111845064,0.1827808846124156,1.906727700971232,123583.0,24684.0,24684.0,2.390220833758949e-11,0.9999781847000122,0.0142046520486474,126819.1328125,topk,24684.0,24684.0,23180.11328125,0.0,103639.125,mechanism,,,,,,,,,,,,
PatientID_0007_T2_to_T3_t1c,FIXED_P0,0.3300232929183509,0.197621494699925,frozen_v8,,,,,,,,,,,,,,,,,,,,mechanism,,,,,,,,,,,,
PatientID_0007_T2_to_T3_t1c,NAIVE,0.3297781047364363,0.1974456841458128,frozen_v8,,,,,,,,,,,,,,,,,,,,mechanism,,,,,,,,,,,,
PatientID_0007_T2_to_T3_t1c,FULL_PCC,0.4406031629618362,0.2825471698677242,frozen_v8,,,,,,,,,,,,,,,,,,,,mechanism,,,,,,,,,,,,
PatientID_0007_T2_to_T3_t1c,ONE_ROUND,0.339463037922063,0.2044296789070188,frozen_v8_P1,,,,,,,,,,,,,,,,,,,,mechanism,,,,,,,,,,,,
PatientID_0007_T2_to_T3_t1c,NO_ERROR_GUIDED_TERM,0.3300232929183509,0.197621494699925,new_2026,0.2404493643983765,0.1366538476060065,0.3300232929183509,0.197621494699925,0.1261827415492677,2.1984052767831326,52729.0,8157.0,8157.0,9.999970643548297e-06,0.9999899864196776,0.0064183715730905,57303.22265625,topk,8157.0,8157.0,7230.677734375,0.0,50072.55078125,mechanism,,,,,,,,,,,,
PatientID_0007_T2_to_T3_t1c,NO_OUTSIDE_SUPPRESSION,0.4372931225059892,0.2798305484208181,new_2026,0.2428865842434037,0.1382304534696992,0.4372931225059892,0.2798305484208181,0.1303900869331251,2.214745991283774,52011.0,8157.0,8157.0,8.22406309453072e-06,0.9999876022338868,0.0061465096659958,54876.0390625,topk,8157.0,8157.0,7155.29150390625,0.0,47720.75,mechanism,,,,,,,,,,,,
PatientID_0007_T2_to_T3_t1c,NO_SMOOTHING,0.6399411548584074,0.4705246079438864,new_2026,0.2990255183866888,0.1757965928562113,0.6399411548584074,0.4705246079438864,0.15959312967908,2.317349958257714,42434.0,8157.0,8157.0,9.999970643548297e-06,0.9999899864196776,0.0052346154116094,46734.6484375,topk,8157.0,8157.0,7458.52880859375,0.0,39276.15625,mechanism,,,,,,,,,,,,
PatientID_0007_T2_to_T3_t1c,GLOBAL_DISCREPANCY,0.4406031629618362,0.2825471698677242,new_2026,0.2886088948714628,0.1686399409363558,0.4406031629618362,0.2825471698677242,0.1500222667944551,2.2855739065228766,42479.0,8157.0,8157.0,8.22406309453072e-06,0.9999876022338868,0.0053421664051711,47694.86328125,topk,8157.0,8157.0,7155.29150390625,0.0,40539.578125,mechanism,,,,,,,,,,,,
PatientID_0007_T2_to_T3_t1c,FACTORIAL_ERROR_ON_SUPPRESSION_ON,0.4406031629618362,0.2825471698677242,new_2026,0.2659557043937841,0.1533730741960167,0.4406031629618362,0.2825471698677242,0.1427181384848732,2.2601810308384582,46792.0,8157.0,8157.0,8.22406309453072e-06,0.9999876022338868,0.005615571513772,50135.82421875,topk,8157.0,8157.0,7155.29150390625,0.0,42980.56640625,mechanism,,,,,,,,,,,,
PatientID_0007_T2_to_T3_t1c,FACTORIAL_ERROR_ON_SUPPRESSION_OFF,0.4372931225059892,0.2798305484208181,new_2026,0.2428865842434037,0.1382304534696992,0.4372931225059892,0.2798305484208181,0.1303900869331251,2.214745991283774,52011.0,8157.0,8157.0,8.22406309453072e-06,0.9999876022338868,0.0061465096659958,54876.0390625,topk,8157.0,8157.0,7155.29150390625,0.0,47720.75,mechanism,,,,,,,,,,,,
PatientID_0007_T2_to_T3_t1c,FACTORIAL_ERROR_OFF_SUPPRESSION_ON,0.3300232929183509,0.197621494699925,new_2026,0.2404493643983765,0.1366538476060065,0.3300232929183509,0.197621494699925,0.1261827415492677,2.1984052767831326,52729.0,8157.0,8157.0,9.999970643548297e-06,0.9999899864196776,0.0064183715730905,57303.22265625,topk,8157.0,8157.0,7230.677734375,0.0,50072.55078125,mechanism,,,,,,,,,,,,
PatientID_0007_T2_to_T3_t1c,FACTORIAL_ERROR_OFF_SUPPRESSION_OFF,0.3300232929183509,0.197621494699925,new_2026,0.2214759008922351,0.1245279167240902,0.3300232929183509,0.197621494699925,0.1165654520705033,2.159221353000796,57945.0,8157.0,8157.0,2.6460207289136228e-11,0.9999997615814208,0.0069479253143072,62031.078125,topk,8157.0,8157.0,7230.6806640625,0.0,54800.41796875,mechanism,,,,,,,,,,,,
PatientID_0008_T4_to_T6_t1c,FIXED_P0,0.1404844291648807,0.0755489394522331,frozen_v8,,,,,,,,,,,,,,,,,,,,mechanism,,,,,,,,,,,,
PatientID_0008_T4_to_T6_t1c,NAIVE,0.1402537486574102,0.0754155297599335,frozen_v8,,,,,,,,,,,,,,,,,,,,mechanism,,,,,,,,,,,,
PatientID_0008_T4_to_T6_t1c,FULL_PCC,0.2770472895874224,0.1607979650340343,frozen_v8,,,,,,,,,,,,,,,,,,,,mechanism,,,,,,,,,,,,
PatientID_0008_T4_to_T6_t1c,ONE_ROUND,0.1545559401205818,0.0837500001145312,frozen_v8_P1,,,,,,,,,,,,,,,,,,,,mechanism,,,,,,,,,,,,
PatientID_0008_T4_to_T6_t1c,NO_ERROR_GUIDED_TERM,0.1589388697625214,0.0863300339448277,new_2026,0.1934337376518977,0.1070725949681746,0.1589388697625214,0.0863300339448277,0.1107788612430466,2.4089989464641093,18174.0,4335.0,4335.0,9.999970643548297e-06,0.9999822378158568,0.0021942160092294,19589.9609375,topk,4335.0,4335.0,2170.153564453125,0.0,17419.8125,mechanism,,,,,,,,,,,,
PatientID_0008_T4_to_T6_t1c,NO_OUTSIDE_SUPPRESSION,0.2267589389588513,0.1278782360962822,new_2026,0.2149511266479302,0.1204175022304274,0.2267589389588513,0.1278782360962822,0.1243051476870513,2.465689036463932,17456.0,4335.0,4335.0,8.199411240639165e-06,0.99994957447052,0.00207503978163,18525.955078125,topk,4335.0,4335.0,2302.87158203125,0.0,16223.0478515625,mechanism,,,,,,,,,,,,
PatientID_0008_T4_to_T6_t1c,NO_SMOOTHING,0.3679354095308033,0.2254416962225524,new_2026,0.2973059653999729,0.1746091543181635,0.3679354095308033,0.2254416962225524,0.1673681531594354,2.616771389392664,14373.0,4335.0,4335.0,9.999970643548297e-06,0.9998617172241212,0.0017967554740607,16041.4326171875,topk,4335.0,4335.0,2684.824951171875,0.0,13356.59765625,mechanism,,,,,,,,,,,,
PatientID_0008_T4_to_T6_t1c,GLOBAL_DISCREPANCY,0.2816608997368326,0.1639146195242429,new_2026,0.2376096992219545,0.1348224052078278,0.2816608997368326,0.1639146195242429,0.1373748873627173,2.515636995161796,15378.0,4335.0,4335.0,8.20027071313234e-06,0.99994957447052,0.0018776220967993,16763.41015625,topk,4335.0,4335.0,2302.87158203125,0.0,14460.5302734375,mechanism,,,,,,,,,,,,
PatientID_0008_T4_to_T6_t1c,FACTORIAL_ERROR_ON_SUPPRESSION_ON,0.2770472895874224,0.1607979650340343,new_2026,0.2271580989705549,0.1281321808114601,0.2770472895874224,0.1607979650340343,0.1319642974460693,2.4954705807649638,16285.0,4335.0,4335.0,8.199411240639165e-06,0.99994957447052,0.0019546053372323,17450.716796875,topk,4335.0,4335.0,2302.87158203125,0.0,15147.841796875,mechanism,,,,,,,,,,,,
PatientID_0008_T4_to_T6_t1c,FACTORIAL_ERROR_ON_SUPPRESSION_OFF,0.2267589389588513,0.1278782360962822,new_2026,0.2149511266479302,0.1204175022304274,0.2267589389588513,0.1278782360962822,0.1243051476870513,2.465689036463932,17456.0,4335.0,4335.0,8.199411240639165e-06,0.99994957447052,0.00207503978163,18525.955078125,topk,4335.0,4335.0,2302.87158203125,0.0,16223.0478515625,mechanism,,,,,,,,,,,,
PatientID_0008_T4_to_T6_t1c,FACTORIAL_ERROR_OFF_SUPPRESSION_ON,0.1589388697625214,0.0863300339448277,new_2026,0.1934337376518977,0.1070725949681746,0.1589388697625214,0.0863300339448277,0.1107788612430466,2.4089989464641093,18174.0,4335.0,4335.0,9.999970643548297e-06,0.9999822378158568,0.0021942160092294,19589.9609375,topk,4335.0,4335.0,2170.153564453125,0.0,17419.8125,mechanism,,,,,,,,,,,,
PatientID_0008_T4_to_T6_t1c,FACTORIAL_ERROR_OFF_SUPPRESSION_OFF,0.1404844291648807,0.0755489394522331,new_2026,0.1838682432777083,0.1012416872482331,0.1404844291648807,0.0755489394522331,0.1050352279469622,2.383080611801605,19345.0,4335.0,4335.0,1.45636315507236e-11,0.9999822378158568,0.002314202254638,20661.197265625,topk,4335.0,4335.0,2170.153564453125,0.0,18491.064453125,mechanism,,,,,,,,,,,,
PatientID_0010_T1_to_T4_t1c,FIXED_P0,0.5583164449208695,0.3872669858533714,frozen_v8,,,,,,,,,,,,,,,,,,,,mechanism,,,,,,,,,,,,
PatientID_0010_T1_to_T4_t1c,NAIVE,0.5583164449208695,0.3872669858533714,frozen_v8,,,,,,,,,,,,,,,,,,,,mechanism,,,,,,,,,,,,
PatientID_0010_T1_to_T4_t1c,FULL_PCC,0.6343877581044676,0.4645445746969665,frozen_v8,,,,,,,,,,,,,,,,,,,,mechanism,,,,,,,,,,,,
PatientID_0010_T1_to_T4_t1c,ONE_ROUND,0.5658648339124466,0.3945686901082459,frozen_v8_P1,,,,,,,,,,,,,,,,,,,,mechanism,,,,,,,,,,,,
PatientID_0010_T1_to_T4_t1c,NO_ERROR_GUIDED_TERM,0.5701823949309751,0.3987798114377523,new_2026,0.5325293995865358,0.3628893140645032,0.5701823949309751,0.3987798114377523,0.4096411335540162,2.258302781691439,52859.0,34047.0,34047.0,9.999970643548297e-06,0.999845027923584,0.0062854355201125,56116.3671875,topk,34047.0,34047.0,22987.572265625,0.0,33128.7578125,mechanism,,,,,,,,,,,,
PatientID_0010_T1_to_T4_t1c,NO_OUTSIDE_SUPPRESSION,0.6209063941078377,0.4502278826202192,new_2026,0.5693911135541206,0.3980061349791475,0.6209063941078377,0.4502278826202192,0.4481815812685905,2.326673985187099,51634.0,34047.0,34047.0,8.517981768818572e-06,0.999845027923584,0.006055780686438,54066.01171875,topk,34047.0,34047.0,24231.390625,0.0,29834.51953125,mechanism,,,,,,,,,,,,
PatientID_0010_T1_to_T4_t1c,NO_SMOOTHING,0.7113989485165889,0.552070749674012,new_2026,0.6733785339686149,0.5075890532582286,0.7113989485165889,0.552070749674012,0.5288987264953222,2.4672746563976538,44123.0,34047.0,34047.0,9.999970643548297e-06,0.999845027923584,0.0054245721548795,48430.578125,topk,34047.0,34047.0,25614.87109375,0.0,22815.595703125,mechanism,,,,,,,,,,,,
PatientID_0010_T1_to_T4_t1c,GLOBAL_DISCREPANCY,0.634593356248207,0.4647651006826543,new_2026,0.5947263839329677,0.4232103820496337,0.634593356248207,0.4647651006826543,0.4723759308375038,2.368979384370408,47984.0,34047.0,34047.0,8.517981768818572e-06,0.999845027923584,0.0057456134818494,51296.8359375,topk,34047.0,34047.0,24231.390625,0.0,27065.341796875,mechanism,,,,,,,,,,,,
PatientID_0010_T1_to_T4_t1c,FACTORIAL_ERROR_ON_SUPPRESSION_ON,0.6343877581044676,0.4645445746969665,new_2026,0.5867369028769576,0.4151646668468187,0.6343877581044676,0.4645445746969665,0.4652236607215956,2.3565059799587047,49101.0,34047.0,34047.0,8.517981768818572e-06,0.999845027923584,0.0058339452371001,52085.46484375,topk,34047.0,34047.0,24231.390625,0.0,27853.9609375,mechanism,,,,,,,,,,,,
PatientID_0010_T1_to_T4_t1c,FACTORIAL_ERROR_ON_SUPPRESSION_OFF,0.6209063941078377,0.4502278826202192,new_2026,0.5693911135541206,0.3980061349791475,0.6209063941078377,0.4502278826202192,0.4481815812685905,2.326673985187099,51634.0,34047.0,34047.0,8.517981768818572e-06,0.999845027923584,0.006055780686438,54066.01171875,topk,34047.0,34047.0,24231.390625,0.0,29834.51953125,mechanism,,,,,,,,,,,,
PatientID_0010_T1_to_T4_t1c,FACTORIAL_ERROR_OFF_SUPPRESSION_ON,0.5701823949309751,0.3987798114377523,new_2026,0.5325293995865358,0.3628893140645032,0.5701823949309751,0.3987798114377523,0.4096411335540162,2.258302781691439,52859.0,34047.0,34047.0,9.999970643548297e-06,0.999845027923584,0.0062854355201125,56116.3671875,topk,34047.0,34047.0,22987.572265625,0.0,33128.7578125,mechanism,,,,,,,,,,,,
PatientID_0010_T1_to_T4_t1c,FACTORIAL_ERROR_OFF_SUPPRESSION_OFF,0.5583164449208695,0.3872669858533714,new_2026,0.5175575933849524,0.3491249245722824,0.5583164449208695,0.3872669858533714,0.3957603911322047,2.233238829860212,55373.0,34047.0,34047.0,3.9047956288209605e-15,0.999845027923584,0.0065058884210884,58084.5703125,topk,34047.0,34047.0,22987.572265625,0.0,35096.93359375,mechanism,,,,,,,,,,,,
PatientID_0011_T1_to_T2_t1c,FIXED_P0,0.4214148708159007,0.2669573297194425,frozen_v8,,,,,,,,,,,,,,,,,,,,mechanism,,,,,,,,,,,,
PatientID_0011_T1_to_T2_t1c,NAIVE,0.4214148708159007,0.2669573297194425,frozen_v8,,,,,,,,,,,,,,,,,,,,mechanism,,,,,,,,,,,,
PatientID_0011_T1_to_T2_t1c,FULL_PCC,0.4890475653238258,0.3236684055074763,frozen_v8,,,,,,,,,,,,,,,,,,,,mechanism,,,,,,,,,,,,
PatientID_0011_T1_to_T2_t1c,ONE_ROUND,0.4277171547893513,0.2720357574962373,frozen_v8_P1,,,,,,,,,,,,,,,,,,,,mechanism,,,,,,,,,,,,
PatientID_0011_T1_to_T2_t1c,NO_ERROR_GUIDED_TERM,0.4363404845228451,0.279050829294832,new_2026,0.4369179624552525,0.2795233723923223,0.4363404845228451,0.279050829294832,0.3703100644960509,1.924483738460283,78736.0,62041.0,62041.0,9.999970643548297e-06,0.9999382495880128,0.0092714065685868,82775.1171875,topk,62041.0,62041.0,30652.458984375,0.0,52122.8046875,mechanism,,,,,,,,,,,,
PatientID_0011_T1_to_T2_t1c,NO_OUTSIDE_SUPPRESSION,0.4756531970835766,0.3120373895094527,new_2026,0.4744912303504653,0.3110380220655435,0.4756531970835766,0.3120373895094527,0.4152505554541282,2.006386236843607,76676.0,62041.0,62041.0,8.377905942325015e-06,0.9999221563339232,0.0089387530460953,79805.1875,topk,62041.0,62041.0,33139.1484375,0.0,46666.0703125,mechanism,,,,,,,,,,,,
PatientID_0011_T1_to_T2_t1c,NO_SMOOTHING,0.5662868103385963,0.394979145359757,new_2026,0.5665083044565842,0.3951946887606183,0.5662868103385963,0.394979145359757,0.4951579701140154,2.1466324003176687,68672.0,62041.0,62041.0,9.999970643548297e-06,0.9999358654022216,0.0082705114036798,73839.125,topk,62041.0,62041.0,36562.03125,0.0,37277.24609375,mechanism,,,,,,,,,,,,
PatientID_0011_T1_to_T2_t1c,GLOBAL_DISCREPANCY,0.4944794571372602,0.3284441779867196,new_2026,0.4947532998624826,0.3286858558283694,0.4944794571372602,0.3284441779867196,0.4368993267824465,2.0448403808370736,70995.0,62041.0,62041.0,8.377905942325015e-06,0.9999221563339232,0.0084958290681242,75850.765625,topk,62041.0,62041.0,33139.1484375,0.0,42711.71484375,mechanism,,,,,,,,,,,,
PatientID_0011_T1_to_T2_t1c,FACTORIAL_ERROR_ON_SUPPRESSION_ON,0.4890475653238258,0.3236684055074763,new_2026,0.4856131031467786,0.320666471798493,0.4890475653238258,0.3236684055074763,0.4288909227793543,2.0306729283413936,73499.0,62041.0,62041.0,8.377905942325015e-06,0.9999221563339232,0.0086544668301939,77267.078125,topk,62041.0,62041.0,33139.1484375,0.0,44128.0234375,mechanism,,,,,,,,,,,,
PatientID_0011_T1_to_T2_t1c,FACTORIAL_ERROR_ON_SUPPRESSION_OFF,0.4756531970835766,0.3120373895094527,new_2026,0.4744912303504653,0.3110380220655435,0.4756531970835766,0.3120373895094527,0.4152505554541282,2.006386236843607,76676.0,62041.0,62041.0,8.377905942325015e-06,0.9999221563339232,0.0089387530460953,79805.1875,topk,62041.0,62041.0,33139.1484375,0.0,46666.0703125,mechanism,,,,,,,,,,,,
PatientID_0011_T1_to_T2_t1c,FACTORIAL_ERROR_OFF_SUPPRESSION_ON,0.4363404845228451,0.279050829294832,new_2026,0.4369179624552525,0.2795233723923223,0.4363404845228451,0.279050829294832,0.3703100644960509,1.924483738460283,78736.0,62041.0,62041.0,9.999970643548297e-06,0.9999382495880128,0.0092714065685868,82775.1171875,topk,62041.0,62041.0,30652.458984375,0.0,52122.8046875,mechanism,,,,,,,,,,,,
PatientID_0011_T1_to_T2_t1c,FACTORIAL_ERROR_OFF_SUPPRESSION_OFF,0.4214148708159007,0.2669573297194425,new_2026,0.4274000778293165,0.2717792820722196,0.4214148708159007,0.2669573297194425,0.3593687215469879,1.9039782776933216,81871.0,62041.0,62041.0,2.478946274598812e-14,0.9999382495880128,0.0095536839216947,85295.2890625,topk,62041.0,62041.0,30652.458984375,0.0,54642.84375,mechanism,,,,,,,,,,,,
PatientID_0012_T2_to_T3_t1c,FIXED_P0,0.2928230664824597,0.1715247322878988,frozen_v8,,,,,,,,,,,,,,,,,,,,mechanism,,,,,,,,,,,,
PatientID_0012_T2_to_T3_t1c,NAIVE,0.2928230664824597,0.1715247322878988,frozen_v8,,,,,,,,,,,,,,,,,,,,mechanism,,,,,,,,,,,,
PatientID_0012_T2_to_T3_t1c,FULL_PCC,0.360814151901654,0.2201179032426563,frozen_v8,,,,,,,,,,,,,,,,,,,,mechanism,,,,,,,,,,,,
PatientID_0012_T2_to_T3_t1c,ONE_ROUND,0.3005362677220763,0.1768418248775514,frozen_v8_P1,,,,,,,,,,,,,,,,,,,,mechanism,,,,,,,,,,,,
PatientID_0012_T2_to_T3_t1c,NO_ERROR_GUIDED_TERM,0.2928230664824597,0.1715247322878988,new_2026,0.2933117285216949,0.1718601653441305,0.2928230664824597,0.1715247322878988,0.2292168784496873,1.662096088313348,94384.0,57434.0,57434.0,9.999970643548297e-06,0.9999899864196776,0.0108742741867899,97085.5234375,topk,57434.0,57434.0,22253.640625,0.0,74831.8984375,mechanism,,,,,,,,,,,,
PatientID_0012_T2_to_T3_t1c,NO_OUTSIDE_SUPPRESSION,0.360483337401535,0.219871713189543,new_2026,0.3364826090045735,0.2022717711468046,0.360483337401535,0.219871713189543,0.2807269773084746,1.7801708619774022,85456.0,57434.0,57434.0,8.25499137135921e-06,0.9999887943267822,0.009637014940381,86039.265625,topk,57434.0,57434.0,24153.54296875,0.0,61885.890625,mechanism,,,,,,,,,,,,
PatientID_0012_T2_to_T3_t1c,NO_SMOOTHING,0.4127346171308569,0.2600287397380513,new_2026,0.3977168330893709,0.2482188175651074,0.4127346171308569,0.2600287397380513,0.3322468002620664,1.885625242027267,75364.0,57434.0,57434.0,9.999970643548297e-06,0.9999899864196776,0.0088110314682126,78664.890625,topk,57434.0,57434.0,26136.158203125,0.0,52528.8671875,mechanism,,,,,,,,,,,,
PatientID_0012_T2_to_T3_t1c,GLOBAL_DISCREPANCY,0.360814151901654,0.2201179032426563,new_2026,0.3381367315840092,0.2034684429314735,0.360814151901654,0.2201179032426563,0.2824225600893146,1.7838111014561786,84757.0,57434.0,57434.0,8.25499137135921e-06,0.9999887943267822,0.009579156525433,85522.7109375,topk,57434.0,57434.0,24153.54296875,0.0,61369.33203125,mechanism,,,,,,,,,,,,
PatientID_0012_T2_to_T3_t1c,FACTORIAL_ERROR_ON_SUPPRESSION_ON,0.360814151901654,0.2201179032426563,new_2026,0.3380012372803976,0.2033703302720343,0.360814151901654,0.2201179032426563,0.2820080585627852,1.782922491182242,84814.0,57434.0,57434.0,8.25499137135921e-06,0.9999887943267822,0.0095932362601161,85648.4140625,topk,57434.0,57434.0,24153.54296875,0.0,61495.02734375,mechanism,,,,,,,,,,,,
PatientID_0012_T2_to_T3_t1c,FACTORIAL_ERROR_ON_SUPPRESSION_OFF,0.360483337401535,0.219871713189543,new_2026,0.3364826090045735,0.2022717711468046,0.360483337401535,0.219871713189543,0.2807269773084746,1.7801708619774022,85456.0,57434.0,57434.0,8.25499137135921e-06,0.9999887943267822,0.009637014940381,86039.265625,topk,57434.0,57434.0,24153.54296875,0.0,61885.890625,mechanism,,,,,,,,,,,,
PatientID_0012_T2_to_T3_t1c,FACTORIAL_ERROR_OFF_SUPPRESSION_ON,0.2928230664824597,0.1715247322878988,new_2026,0.2933117285216949,0.1718601653441305,0.2928230664824597,0.1715247322878988,0.2292168784496873,1.662096088313348,94384.0,57434.0,57434.0,9.999970643548297e-06,0.9999899864196776,0.0108742741867899,97085.5234375,topk,57434.0,57434.0,22253.640625,0.0,74831.8984375,mechanism,,,,,,,,,,,,
PatientID_0012_T2_to_T3_t1c,FACTORIAL_ERROR_OFF_SUPPRESSION_OFF,0.2928230664824597,0.1715247322878988,new_2026,0.2920804418312447,0.1710153387726604,0.2928230664824597,0.1715247322878988,0.2283088829653087,1.6598606403790197,95024.0,57434.0,57434.0,2.163205899130549e-11,0.9999961853027344,0.0109175164252519,97471.5859375,topk,57434.0,57434.0,22253.62890625,0.0,75218.03125,mechanism,,,,,,,,,,,,
PatientID_0013_T1_to_T2_t1c,FIXED_P0,0.1821784884701795,0.1002180287421943,frozen_v8,,,,,,,,,,,,,,,,,,,,mechanism,,,,,,,,,,,,
PatientID_0013_T1_to_T2_t1c,NAIVE,0.1821784884701795,0.1002180287421943,frozen_v8,,,,,,,,,,,,,,,,,,,,mechanism,,,,,,,,,,,,
PatientID_0013_T1_to_T2_t1c,FULL_PCC,0.2362990296743588,0.133979077899161,frozen_v8,,,,,,,,,,,,,,,,,,,,mechanism,,,,,,,,,,,,
PatientID_0013_T1_to_T2_t1c,ONE_ROUND,0.1877818778372789,0.1036199095247958,frozen_v8_P1,,,,,,,,,,,,,,,,,,,,mechanism,,,,,,,,,,,,
PatientID_0013_T1_to_T2_t1c,NO_ERROR_GUIDED_TERM,0.206550954416506,0.1151696809816305,new_2026,0.2001615509046817,0.1112108428527239,0.206550954416506,0.1151696809816305,0.1638972945868028,1.9005412289988264,27569.0,21951.0,21951.0,9.999970643548297e-06,0.9999545812606812,0.0034452939871698,30759.583984375,topk,21951.0,21951.0,5041.41259765625,0.0,25718.18359375,mechanism,,,,,,,,,,,,
PatientID_0013_T1_to_T2_t1c,NO_OUTSIDE_SUPPRESSION,0.2126554599058663,0.1189784370923439,new_2026,0.2132572670622645,0.1193553291965647,0.2126554599058663,0.1189784370923439,0.1814792912766826,1.9540267664819104,29583.0,21951.0,21951.0,8.43653833726421e-06,0.999963402748108,0.0035658194683492,31835.63671875,topk,21951.0,21951.0,5777.5087890625,0.0,26058.125,mechanism,,,,,,,,,,,,
PatientID_0013_T1_to_T2_t1c,NO_SMOOTHING,0.279258348155454,0.1622895266556632,new_2026,0.2807400316298786,0.1632912048284654,0.279258348155454,0.1622895266556632,0.2463177092775898,2.1225355546311984,22966.0,21951.0,21951.0,9.999970643548297e-06,0.9999545812606812,0.0030151491519063,26919.251953125,topk,21951.0,21951.0,6630.6884765625,0.0,20288.59375,mechanism,,,,,,,,,,,,
PatientID_0013_T1_to_T2_t1c,GLOBAL_DISCREPANCY,0.2492824928420281,0.1423887588045176,new_2026,0.2493194192547795,0.1424128547585224,0.2492824928420281,0.1423887588045176,0.2184889153279837,2.054722728849717,22129.0,21951.0,21951.0,8.43653833726421e-06,0.999963402748108,0.0029618088155984,26443.029296875,topk,21951.0,21951.0,5777.5087890625,0.0,20665.54296875,mechanism,,,,,,,,,,,,
PatientID_0013_T1_to_T2_t1c,FACTORIAL_ERROR_ON_SUPPRESSION_ON,0.2362990296743588,0.133979077899161,new_2026,0.2331303960621724,0.1319454449615342,0.2362990296743588,0.133979077899161,0.2041516059121772,2.0173511780513547,25190.0,21951.0,21951.0,8.43653833726421e-06,0.999963402748108,0.0031698129605501,28300.08984375,topk,21951.0,21951.0,5777.5087890625,0.0,22522.599609375,mechanism,,,,,,,,,,,,
PatientID_0013_T1_to_T2_t1c,FACTORIAL_ERROR_ON_SUPPRESSION_OFF,0.2126554599058663,0.1189784370923439,new_2026,0.2132572670622645,0.1193553291965647,0.2126554599058663,0.1189784370923439,0.1814792912766826,1.9540267664819104,29583.0,21951.0,21951.0,8.43653833726421e-06,0.999963402748108,0.0035658194683492,31835.63671875,topk,21951.0,21951.0,5777.5087890625,0.0,26058.125,mechanism,,,,,,,,,,,,
PatientID_0013_T1_to_T2_t1c,FACTORIAL_ERROR_OFF_SUPPRESSION_ON,0.206550954416506,0.1151696809816305,new_2026,0.2001615509046817,0.1112108428527239,0.206550954416506,0.1151696809816305,0.1638972945868028,1.9005412289988264,27569.0,21951.0,21951.0,9.999970643548297e-06,0.9999545812606812,0.0034452939871698,30759.583984375,topk,21951.0,21951.0,5041.41259765625,0.0,25718.18359375,mechanism,,,,,,,,,,,,
PatientID_0013_T1_to_T2_t1c,FACTORIAL_ERROR_OFF_SUPPRESSION_OFF,0.1821784884701795,0.1002180287421943,new_2026,0.1839711941945883,0.1013041167756571,0.1821784884701795,0.1002180287421943,0.1470428979522164,1.844745432073451,31927.0,21951.0,21951.0,1.2922327867048028e-13,0.9999545812606812,0.0038402003701776,34285.30859375,topk,21951.0,21951.0,5041.4111328125,0.0,29243.95703125,mechanism,,,,,,,,,,,,
PatientID_0014_T1_to_T2_t1c,FIXED_P0,0.1822222224493827,0.1002444990524925,frozen_v8,,,,,,,,,,,,,,,,,,,,mechanism,,,,,,,,,,,,
PatientID_0014_T1_to_T2_t1c,NAIVE,0.1827777780047839,0.1005808623966429,frozen_v8,,,,,,,,,,,,,,,,,,,,mechanism,,,,,,,,,,,,
PatientID_0014_T1_to_T2_t1c,FULL_PCC,0.3461111112927469,0.2092710785323241,frozen_v8,,,,,,,,,,,,,,,,,,,,mechanism,,,,,,,,,,,,
PatientID_0014_T1_to_T2_t1c,ONE_ROUND,0.1988888891114197,0.1104256634452727,frozen_v8_P1,,,,,,,,,,,,,,,,,,,,mechanism,,,,,,,,,,,,
PatientID_0014_T1_to_T2_t1c,NO_ERROR_GUIDED_TERM,0.2188888891058642,0.1228945729498145,new_2026,0.1007464176305932,0.0530452692592558,0.2188888891058642,0.1228945729498145,0.044876366597953,2.36735039742318,23253.0,1800.0,1800.0,9.999970643548297e-06,0.9999889135360718,0.0031155627220869,27815.744140625,topk,1800.0,1800.0,1248.26953125,0.0,26567.49609375,mechanism,,,,,,,,,,,,
PatientID_0014_T1_to_T2_t1c,NO_OUTSIDE_SUPPRESSION,0.2433333335435185,0.1385199243711195,new_2026,0.0850327927991309,0.0444043075571018,0.2433333335435185,0.1385199243711195,0.0400750017780053,2.3160288627074874,28847.0,1800.0,1800.0,8.396053999604192e-06,0.9999889135360718,0.0035773336421698,31938.435546875,topk,1800.0,1800.0,1279.932861328125,0.0,30658.51953125,mechanism,,,,,,,,,,,,
PatientID_0014_T1_to_T2_t1c,NO_SMOOTHING,0.5116666668023149,0.3437849946458436,new_2026,0.1464139344699583,0.0789895528672273,0.5116666668023149,0.3437849946458436,0.0589823455066736,2.492516392009486,17720.0,1800.0,1800.0,9.999970643548297e-06,0.9999889135360718,0.0026209559291601,23399.89453125,topk,1800.0,1800.0,1380.1806640625,0.0,22019.724609375,mechanism,,,,,,,,,,,,
PatientID_0014_T1_to_T2_t1c,GLOBAL_DISCREPANCY,0.3566666668453704,0.2170385398184454,new_2026,0.1616424761715889,0.0879276604974743,0.3566666668453704,0.2170385398184454,0.0598550533161986,2.499298328127602,14322.0,1800.0,1800.0,8.396053999604192e-06,0.9999889135360718,0.0023951469920575,21383.873046875,topk,1800.0,1800.0,1279.932861328125,0.0,20103.93359375,mechanism,,,,,,,,,,,,
PatientID_0014_T1_to_T2_t1c,FACTORIAL_ERROR_ON_SUPPRESSION_ON,0.3461111112927469,0.2092710785323241,new_2026,0.1163704564117008,0.0617799061655786,0.3461111112927469,0.2092710785323241,0.0506577343868107,2.4226154985357864,20594.0,1800.0,1800.0,8.396053999604192e-06,0.9999889135360718,0.0028300052508711,25266.287109375,topk,1800.0,1800.0,1279.932861328125,0.0,23986.3515625,mechanism,,,,,,,,,,,,
PatientID_0014_T1_to_T2_t1c,FACTORIAL_ERROR_ON_SUPPRESSION_OFF,0.2433333335435185,0.1385199243711195,new_2026,0.0850327927991309,0.0444043075571018,0.2433333335435185,0.1385199243711195,0.0400750017780053,2.3160288627074874,28847.0,1800.0,1800.0,8.396053999604192e-06,0.9999889135360718,0.0035773336421698,31938.435546875,topk,1800.0,1800.0,1279.932861328125,0.0,30658.51953125,mechanism,,,,,,,,,,,,
PatientID_0014_T1_to_T2_t1c,FACTORIAL_ERROR_OFF_SUPPRESSION_ON,0.2188888891058642,0.1228945729498145,new_2026,0.1007464176305932,0.0530452692592558,0.2188888891058642,0.1228945729498145,0.044876366597953,2.36735039742318,23253.0,1800.0,1800.0,9.999970643548297e-06,0.9999889135360718,0.0031155627220869,27815.744140625,topk,1800.0,1800.0,1248.26953125,0.0,26567.49609375,mechanism,,,,,,,,,,,,
PatientID_0014_T1_to_T2_t1c,FACTORIAL_ERROR_OFF_SUPPRESSION_OFF,0.1822222224493827,0.1002444990524925,new_2026,0.0758801070536067,0.0394362676466536,0.1822222224493827,0.1002444990524925,0.0362080780713031,2.2702149747263403,31463.0,1800.0,1800.0,4.412341582463999e-15,0.9999889135360718,0.0038614349905401,34474.890625,topk,1800.0,1800.0,1248.26953125,0.0,33226.6328125,mechanism,,,,,,,,,,,,
PatientID_0018_T1_to_T2_t1c,FIXED_P0,0.0351617443617574,0.01789549068794,frozen_v8,,,,,,,,,,,,,,,,,,,,mechanism,,,,,,,,,,,,
PatientID_0018_T1_to_T2_t1c,NAIVE,0.0323488048409462,0.0164403148618869,frozen_v8,,,,,,,,,,,,,,,,,,,,mechanism,,,,,,,,,,,,
PatientID_0018_T1_to_T2_t1c,FULL_PCC,0.0921237696581843,0.0482860305756409,frozen_v8,,,,,,,,,,,,,,,,,,,,mechanism,,,,,,,,,,,,
PatientID_0018_T1_to_T2_t1c,ONE_ROUND,0.0421940931637854,0.0215517244893851,frozen_v8_P1,,,,,,,,,,,,,,,,,,,,mechanism,,,,,,,,,,,,
PatientID_0018_T1_to_T2_t1c,NO_ERROR_GUIDED_TERM,0.0351617443617574,0.01789549068794,new_2026,0.0685003688726815,0.0354648625317692,0.0351617443617574,0.01789549068794,0.0319059050502179,2.3157380813456494,36534.0,1422.0,1422.0,9.999970643548297e-06,0.999950647354126,0.0044475807808339,39708.0,topk,1422.0,1422.0,1266.919677734375,0.0,38441.0625,mechanism,,,,,,,,,,,,
PatientID_0018_T1_to_T2_t1c,NO_OUTSIDE_SUPPRESSION,0.0921237696581843,0.0482860305756409,new_2026,0.0693813541242326,0.0359373687281606,0.0921237696581843,0.0482860305756409,0.0333624772220345,2.3357786557729887,35562.0,1422.0,1422.0,8.308556061820127e-06,0.9999057054519652,0.0041194804944098,36778.72265625,topk,1422.0,1422.0,1227.029296875,0.0,35551.71875,mechanism,,,,,,,,,,,,
PatientID_0018_T1_to_T2_t1c,NO_SMOOTHING,0.3115330522814581,0.1845064559831293,new_2026,0.0941346352508376,0.0493920698831261,0.3115330522814581,0.1845064559831293,0.0428924139851756,2.449204030519561,27664.0,1422.0,1422.0,9.999970643548297e-06,0.9999221563339232,0.0034543564543128,30840.494140625,topk,1422.0,1422.0,1322.8232421875,0.0,29517.658203125,mechanism,,,,,,,,,,,,
PatientID_0018_T1_to_T2_t1c,GLOBAL_DISCREPANCY,0.0921237696581843,0.0482860305756409,new_2026,0.082431173533283,0.0429873350183278,0.0921237696581843,0.0482860305756409,0.0375250509859724,2.3887162859780946,29707.0,1422.0,1422.0,8.308556061820127e-06,0.9999057054519652,0.0036625154316425,32698.9375,topk,1422.0,1422.0,1227.029296875,0.0,31471.890625,mechanism,,,,,,,,,,,,
PatientID_0018_T1_to_T2_t1c,FACTORIAL_ERROR_ON_SUPPRESSION_ON,0.0921237696581843,0.0482860305756409,new_2026,0.0774150727364564,0.0402661394394669,0.0921237696581843,0.0482860305756409,0.0361930855564687,2.37241993786484,31724.0,1422.0,1422.0,8.308556061820127e-06,0.9999057054519652,0.0037973020225763,33902.3125,topk,1422.0,1422.0,1227.029296875,0.0,32675.2734375,mechanism,,,,,,,,,,,,
PatientID_0018_T1_to_T2_t1c,FACTORIAL_ERROR_ON_SUPPRESSION_OFF,0.0921237696581843,0.0482860305756409,new_2026,0.0693813541242326,0.0359373687281606,0.0921237696581843,0.0482860305756409,0.0333624772220345,2.3357786557729887,35562.0,1422.0,1422.0,8.308556061820127e-06,0.9999057054519652,0.0041194804944098,36778.72265625,topk,1422.0,1422.0,1227.029296875,0.0,35551.71875,mechanism,,,,,,,,,,,,
PatientID_0018_T1_to_T2_t1c,FACTORIAL_ERROR_OFF_SUPPRESSION_ON,0.0351617443617574,0.01789549068794,new_2026,0.0685003688726815,0.0354648625317692,0.0351617443617574,0.01789549068794,0.0319059050502179,2.3157380813456494,36534.0,1422.0,1422.0,9.999970643548297e-06,0.999950647354126,0.0044475807808339,39708.0,topk,1422.0,1422.0,1266.919677734375,0.0,38441.0625,mechanism,,,,,,,,,,,,
PatientID_0018_T1_to_T2_t1c,FACTORIAL_ERROR_OFF_SUPPRESSION_OFF,0.0351617443617574,0.01789549068794,new_2026,0.0622456308579783,0.032122559944845,0.0351617443617574,0.01789549068794,0.0297578368470654,2.2845053343258104,40348.0,1422.0,1422.0,1.6500845134714834e-10,0.999950647354126,0.0047686290927231,42574.3203125,topk,1422.0,1422.0,1266.919677734375,0.0,41307.43359375,mechanism,,,,,,,,,,,,
PatientID_0019_T4_to_T5_t1c,FIXED_P0,0.1539471651802121,0.0833926106078332,frozen_v8,,,,,,,,,,,,,,,,,,,,mechanism,,,,,,,,,,,,
PatientID_0019_T4_to_T5_t1c,NAIVE,0.1539471651802121,0.0833926106078332,frozen_v8,,,,,,,,,,,,,,,,,,,,mechanism,,,,,,,,,,,,
PatientID_0019_T4_to_T5_t1c,FULL_PCC,0.2318090530190094,0.1310995588165174,frozen_v8,,,,,,,,,,,,,,,,,,,,mechanism,,,,,,,,,,,,
PatientID_0019_T4_to_T5_t1c,ONE_ROUND,0.158890777106485,0.0863016572651016,frozen_v8_P1,,,,,,,,,,,,,,,,,,,,mechanism,,,,,,,,,,,,
PatientID_0019_T4_to_T5_t1c,NO_ERROR_GUIDED_TERM,0.1744168083124356,0.0955403233013649,new_2026,0.1629676034024088,0.0887124275788613,0.1744168083124356,0.0955403233013649,0.171941856038489,2.155305389296193,9402.0,12946.0,12946.0,9.999970643548297e-06,0.9991647005081176,0.0013125472469255,11718.421875,topk,12946.0,12946.0,2014.88720703125,0.0,9703.5302734375,mechanism,,,,,,,,,,,,
PatientID_0019_T4_to_T5_t1c,NO_OUTSIDE_SUPPRESSION,0.1989803800711038,0.110482072434788,new_2026,0.1821715042097837,0.1002138016148744,0.1989803800711038,0.110482072434788,0.1894677952814765,2.206750568615377,11240.0,12946.0,12946.0,8.477178198518232e-06,0.9975304007530212,0.0014886712888255,13290.857421875,topk,12946.0,12946.0,2518.189453125,0.0,10772.65234375,mechanism,,,,,,,,,,,,
PatientID_0019_T4_to_T5_t1c,NO_SMOOTHING,0.3516916422311257,0.2133651999056486,new_2026,0.3055027583651429,0.1802910921875524,0.3516916422311257,0.2133651999056486,0.3122906984662726,2.495136788503728,8625.0,12946.0,12946.0,9.999970643548297e-06,0.9991233944892884,0.0012764950515702,11396.5478515625,topk,12946.0,12946.0,3559.035888671875,0.0,7837.5263671875,mechanism,,,,,,,,,,,,
PatientID_0019_T4_to_T5_t1c,GLOBAL_DISCREPANCY,0.2511972810423606,0.1436395760095565,new_2026,0.2170336437014416,0.1217261576350024,0.2511972810423606,0.1436395760095565,0.2455148714661283,2.350409564535412,7355.0,12946.0,12946.0,8.477178198518232e-06,0.9975304007530212,0.0011488316813483,10256.76953125,topk,12946.0,12946.0,2518.189453125,0.0,7738.59716796875,mechanism,,,,,,,,,,,,
PatientID_0019_T4_to_T5_t1c,FACTORIAL_ERROR_ON_SUPPRESSION_ON,0.2318090530190094,0.1310995588165174,new_2026,0.2023700165716346,0.1125760131272637,0.2318090530190094,0.1310995588165174,0.2237625714402236,2.297777007276939,8826.0,12946.0,12946.0,8.477178198518232e-06,0.9975304007530212,0.0012605113442987,11253.845703125,topk,12946.0,12946.0,2518.189453125,0.0,8735.6533203125,mechanism,,,,,,,,,,,,
PatientID_0019_T4_to_T5_t1c,FACTORIAL_ERROR_ON_SUPPRESSION_OFF,0.1989803800711038,0.110482072434788,new_2026,0.1821715042097837,0.1002138016148744,0.1989803800711038,0.110482072434788,0.1894677952814765,2.206750568615377,11240.0,12946.0,12946.0,8.477178198518232e-06,0.9975304007530212,0.0014886712888255,13290.857421875,topk,12946.0,12946.0,2518.189453125,0.0,10772.65234375,mechanism,,,,,,,,,,,,
PatientID_0019_T4_to_T5_t1c,FACTORIAL_ERROR_OFF_SUPPRESSION_ON,0.1744168083124356,0.0955403233013649,new_2026,0.1629676034024088,0.0887124275788613,0.1744168083124356,0.0955403233013649,0.171941856038489,2.155305389296193,9402.0,12946.0,12946.0,9.999970643548297e-06,0.9991647005081176,0.0013125472469255,11718.421875,topk,12946.0,12946.0,2014.88720703125,0.0,9703.5302734375,mechanism,,,,,,,,,,,,
PatientID_0019_T4_to_T5_t1c,FACTORIAL_ERROR_OFF_SUPPRESSION_OFF,0.1539471651802121,0.0833926106078332,new_2026,0.1470802035721234,0.0793775337134659,0.1539471651802121,0.0833926106078332,0.1465248375329136,2.072705681369131,11816.0,12946.0,12946.0,3.248272885140124e-15,0.9991647005081176,0.0015402263961732,13751.1416015625,topk,12946.0,12946.0,2014.8837890625,0.0,11736.2529296875,mechanism,,,,,,,,,,,,
PatientID_0020_T1_to_T2_t1c,FIXED_P0,0.1609679863809204,0.0875286483380751,frozen_v8,,,,,,,,,,,,,,,,,,,,mechanism,,,,,,,,,,,,
PatientID_0020_T1_to_T2_t1c,NAIVE,0.1609679863809204,0.0875286483380751,frozen_v8,,,,,,,,,,,,,,,,,,,,mechanism,,,,,,,,,,,,
PatientID_0020_T1_to_T2_t1c,FULL_PCC,0.2176548588933118,0.122117121927885,frozen_v8,,,,,,,,,,,,,,,,,,,,mechanism,,,,,,,,,,,,
PatientID_0020_T1_to_T2_t1c,ONE_ROUND,0.1644724379815194,0.089604994992399,frozen_v8_P1,,,,,,,,,,,,,,,,,,,,mechanism,,,,,,,,,,,,
PatientID_0020_T1_to_T2_t1c,NO_ERROR_GUIDED_TERM,0.1619151354621634,0.0880890423546726,new_2026,0.1478505905885289,0.0798264923255267,0.1619151354621634,0.0880890423546726,0.1760325339287123,1.9547944257987655,12242.0,21116.0,21116.0,9.999970643548297e-06,0.9984524250030518,0.0016039456240832,14320.0263671875,topk,21116.0,21116.0,2520.79052734375,0.0,11799.21875,mechanism,,,,,,,,,,,,
PatientID_0020_T1_to_T2_t1c,NO_OUTSIDE_SUPPRESSION,0.2156658458227016,0.1208662880428667,new_2026,0.1799639326167538,0.0988793221573431,0.2156658458227016,0.1208662880428667,0.2318226920883225,2.1048053860909857,11046.0,21116.0,21116.0,8.720667210582178e-06,0.9983206391334534,0.0014723023632541,13144.7158203125,topk,21116.0,21116.0,3047.243408203125,0.0,10097.458984375,mechanism,,,,,,,,,,,,
PatientID_0020_T1_to_T2_t1c,NO_SMOOTHING,0.2591873461058158,0.148888707550562,new_2026,0.2389738065033003,0.1357014491975795,0.2591873461058158,0.148888707550562,0.3152611935821999,2.288255411615967,8586.0,21116.0,21116.0,9.999970643548297e-06,0.9982041120529176,0.001286344253458,11484.4814453125,topk,21116.0,21116.0,3620.611328125,0.0,7863.859375,mechanism,,,,,,,,,,,,
PatientID_0020_T1_to_T2_t1c,GLOBAL_DISCREPANCY,0.2182231483420576,0.1224750159705912,new_2026,0.1819382013899368,0.1000726166499508,0.2182231483420576,0.1224750159705912,0.237416993988413,2.118335136222007,10697.0,21116.0,21116.0,8.720667210582178e-06,0.9983206391334534,0.0014376102481037,12834.984375,topk,21116.0,21116.0,3047.243408203125,0.0,9787.7353515625,mechanism,,,,,,,,,,,,
PatientID_0020_T1_to_T2_t1c,FACTORIAL_ERROR_ON_SUPPRESSION_ON,0.2176548588933118,0.122117121927885,new_2026,0.1815159783240343,0.0998171972855579,0.2176548588933118,0.122117121927885,0.2363199771886078,2.115699617158437,10771.0,21116.0,21116.0,8.720667210582178e-06,0.9983206391334534,0.0014442837564274,12894.5654296875,topk,21116.0,21116.0,3047.243408203125,0.0,9847.3134765625,mechanism,,,,,,,,,,,,
PatientID_0020_T1_to_T2_t1c,FACTORIAL_ERROR_ON_SUPPRESSION_OFF,0.2156658458227016,0.1208662880428667,new_2026,0.1799639326167538,0.0988793221573431,0.2156658458227016,0.1208662880428667,0.2318226920883225,2.1048053860909857,11046.0,21116.0,21116.0,8.720667210582178e-06,0.9983206391334534,0.0014723023632541,13144.7158203125,topk,21116.0,21116.0,3047.243408203125,0.0,10097.458984375,mechanism,,,,,,,,,,,,
PatientID_0020_T1_to_T2_t1c,FACTORIAL_ERROR_OFF_SUPPRESSION_ON,0.1619151354621634,0.0880890423546726,new_2026,0.1478505905885289,0.0798264923255267,0.1619151354621634,0.0880890423546726,0.1760325339287123,1.9547944257987655,12242.0,21116.0,21116.0,9.999970643548297e-06,0.9984524250030518,0.0016039456240832,14320.0263671875,topk,21116.0,21116.0,2520.79052734375,0.0,11799.21875,mechanism,,,,,,,,,,,,
PatientID_0020_T1_to_T2_t1c,FACTORIAL_ERROR_OFF_SUPPRESSION_OFF,0.1609679863809204,0.0875286483380751,new_2026,0.1466416912215193,0.0791221484557666,0.1609679863809204,0.0875286483380751,0.1730389058410968,1.945769953162678,12517.0,21116.0,21116.0,5.735318123201161e-11,0.9984524250030518,0.0016316865803673,14567.6982421875,topk,21116.0,21116.0,2520.778564453125,0.0,12046.9111328125,mechanism,,,,,,,,,,,,
PatientID_0021_T2_to_T3_t1c,FIXED_P0,0.0765504493888536,0.0397985220850383,frozen_v8,,,,,,,,,,,,,,,,,,,,mechanism,,,,,,,,,,,,
PatientID_0021_T2_to_T3_t1c,NAIVE,0.0765504493888536,0.0397985220850383,frozen_v8,,,,,,,,,,,,,,,,,,,,mechanism,,,,,,,,,,,,
PatientID_0021_T2_to_T3_t1c,FULL_PCC,0.1346166103915285,0.0721656530078532,frozen_v8,,,,,,,,,,,,,,,,,,,,mechanism,,,,,,,,,,,,
PatientID_0021_T2_to_T3_t1c,ONE_ROUND,0.0810121741640317,0.0422160959563484,frozen_v8_P1,,,,,,,,,,,,,,,,,,,,mechanism,,,,,,,,,,,,
PatientID_0021_T2_to_T3_t1c,NO_ERROR_GUIDED_TERM,0.0957358659221194,0.0502744678320299,new_2026,0.0979922725223886,0.0515204387075892,0.0957358659221194,0.0502744678320299,0.0726298636147996,1.6482556380835665,26498.0,15689.0,15689.0,9.999970643548297e-06,0.9997292160987854,0.0035148160532116,31380.27734375,topk,15689.0,15689.0,2279.145263671875,0.0,29101.150390625,mechanism,,,,,,,,,,,,
PatientID_0021_T2_to_T3_t1c,NO_OUTSIDE_SUPPRESSION,0.112116769739559,0.0593875553172157,new_2026,0.1181582012201433,0.0627885943004049,0.112116769739559,0.0593875553172157,0.0944965559449976,1.7729194806508368,28963.0,15689.0,15689.0,8.495307156408671e-06,0.9991393089294434,0.0036523286253213,32607.990234375,topk,15689.0,15689.0,3081.3427734375,0.0,29526.66015625,mechanism,,,,,,,,,,,,
PatientID_0021_T2_to_T3_t1c,NO_SMOOTHING,0.1798075084715467,0.0987848863991741,new_2026,0.1875436586887718,0.1034748558843315,0.1798075084715467,0.0987848863991741,0.1517739688154356,2.007078931717171,20100.0,15689.0,15689.0,9.999970643548297e-06,0.9997292160987854,0.0029336656443774,26191.767578125,topk,15689.0,15689.0,3975.228515625,0.0,22216.54296875,mechanism,,,,,,,,,,,,
PatientID_0021_T2_to_T3_t1c,GLOBAL_DISCREPANCY,0.1460896169562722,0.0788007976662724,new_2026,0.1476341047332559,0.0797002930880177,0.1460896169562722,0.0788007976662724,0.1189117684811288,1.884598652772065,20048.0,15689.0,15689.0,8.495307156408671e-06,0.9991393089294434,0.0029024248942732,25912.849609375,topk,15689.0,15689.0,3081.3427734375,0.0,22831.515625,mechanism,,,,,,,,,,,,
PatientID_0021_T2_to_T3_t1c,FACTORIAL_ERROR_ON_SUPPRESSION_ON,0.1346166103915285,0.0721656530078532,new_2026,0.1344203821876581,0.072052878862885,0.1346166103915285,0.0721656530078532,0.1091610984142808,1.8426618595456368,23561.0,15689.0,15689.0,8.495307156408671e-06,0.9991393089294434,0.0031616801861673,28227.48046875,topk,15689.0,15689.0,3081.3427734375,0.0,25146.162109375,mechanism,,,,,,,,,,,,
PatientID_0021_T2_to_T3_t1c,FACTORIAL_ERROR_ON_SUPPRESSION_OFF,0.112116769739559,0.0593875553172157,new_2026,0.1181582012201433,0.0627885943004049,0.112116769739559,0.0593875553172157,0.0944965559449976,1.7729194806508368,28963.0,15689.0,15689.0,8.495307156408671e-06,0.9991393089294434,0.0036523286253213,32607.990234375,topk,15689.0,15689.0,3081.3427734375,0.0,29526.66015625,mechanism,,,,,,,,,,,,
PatientID_0021_T2_to_T3_t1c,FACTORIAL_ERROR_OFF_SUPPRESSION_ON,0.0957358659221194,0.0502744678320299,new_2026,0.0979922725223886,0.0515204387075892,0.0957358659221194,0.0502744678320299,0.0726298636147996,1.6482556380835665,26498.0,15689.0,15689.0,9.999970643548297e-06,0.9997292160987854,0.0035148160532116,31380.27734375,topk,15689.0,15689.0,2279.145263671875,0.0,29101.150390625,mechanism,,,,,,,,,,,,
PatientID_0021_T2_to_T3_t1c,FACTORIAL_ERROR_OFF_SUPPRESSION_OFF,0.0765504493888536,0.0397985220850383,new_2026,0.0868523887750146,0.0453976411885221,0.0765504493888536,0.0397985220850383,0.0637434769184941,1.587434703421145,31909.0,15689.0,15689.0,3.4180923608011227e-14,0.9997292160987854,0.0040048100054264,35754.9453125,topk,15689.0,15689.0,2279.14453125,0.0,33475.8125,mechanism,,,,,,,,,,,,
PatientID_0022_T1_to_T2_t1c,FIXED_P0,0.416709234869665,0.2631918558804468,frozen_v8,,,,,,,,,,,,,,,,,,,,mechanism,,,,,,,,,,,,
PatientID_0022_T1_to_T2_t1c,NAIVE,0.416709234869665,0.2631918558804468,frozen_v8,,,,,,,,,,,,,,,,,,,,mechanism,,,,,,,,,,,,
PatientID_0022_T1_to_T2_t1c,FULL_PCC,0.5108822563600955,0.3430771398333645,frozen_v8,,,,,,,,,,,,,,,,,,,,mechanism,,,,,,,,,,,,
PatientID_0022_T1_to_T2_t1c,ONE_ROUND,0.4237694749542827,0.2688499354783948,frozen_v8_P1,,,,,,,,,,,,,,,,,,,,mechanism,,,,,,,,,,,,
PatientID_0022_T1_to_T2_t1c,NO_ERROR_GUIDED_TERM,0.4219451235112291,0.2673830484611623,new_2026,0.4088137034263527,0.2569238462590548,0.4219451235112291,0.2673830484611623,0.475240339413544,1.8624177171748304,73859.0,109628.0,109628.0,9.999970643548297e-06,0.9999445676803588,0.0088371438905596,78898.0234375,topk,109628.0,109628.0,37495.5234375,0.0,41402.609375,mechanism,,,,,,,,,,,,
PatientID_0022_T1_to_T2_t1c,NO_OUTSIDE_SUPPRESSION,0.5000273652739262,0.3333576584670707,new_2026,0.450029051358347,0.2903467653741854,0.5000273652739262,0.3333576584670707,0.5169674044576404,1.9349515805914657,81413.0,109628.0,109628.0,8.305893970828038e-06,0.9999566078186036,0.0096341539174318,86013.7265625,topk,109628.0,109628.0,44466.29296875,0.0,41547.546875,mechanism,,,,,,,,,,,,
PatientID_0022_T1_to_T2_t1c,NO_SMOOTHING,0.5642719013410612,0.3930214236740894,new_2026,0.5217961577065162,0.3529933712663724,0.5642719013410612,0.3930214236740894,0.6080898407424069,2.096245216152243,71826.0,109628.0,109628.0,9.999970643548297e-06,0.9999445676803588,0.0088639399036765,79137.2578125,topk,109628.0,109628.0,48122.5625,0.0,31014.818359375,mechanism,,,,,,,,,,,,
PatientID_0022_T1_to_T2_t1c,GLOBAL_DISCREPANCY,0.5203323968351136,0.3516549228523505,new_2026,0.4755304320921063,0.3119317316045256,0.5203323968351136,0.3516549228523505,0.5661514158744494,2.0210583567967046,71168.0,109628.0,109628.0,8.305893970828038e-06,0.9999566078186036,0.0087971938773989,78541.34375,topk,109628.0,109628.0,44466.29296875,0.0,34075.19921875,mechanism,,,,,,,,,,,,
PatientID_0022_T1_to_T2_t1c,FACTORIAL_ERROR_ON_SUPPRESSION_ON,0.5108822563600955,0.3430771398333645,new_2026,0.465991316934877,0.3037735849105803,0.5108822563600955,0.3430771398333645,0.5494020530547165,1.991566524285918,74869.0,109628.0,109628.0,8.305893970828038e-06,0.9999566078186036,0.0090653896331787,80935.796875,topk,109628.0,109628.0,44466.29296875,0.0,36469.5390625,mechanism,,,,,,,,,,,,
PatientID_0022_T1_to_T2_t1c,FACTORIAL_ERROR_ON_SUPPRESSION_OFF,0.5000273652739262,0.3333576584670707,new_2026,0.450029051358347,0.2903467653741854,0.5000273652739262,0.3333576584670707,0.5169674044576404,1.9349515805914657,81413.0,109628.0,109628.0,8.305893970828038e-06,0.9999566078186036,0.0096341539174318,86013.7265625,topk,109628.0,109628.0,44466.29296875,0.0,41547.546875,mechanism,,,,,,,,,,,,
PatientID_0022_T1_to_T2_t1c,FACTORIAL_ERROR_OFF_SUPPRESSION_ON,0.4219451235112291,0.2673830484611623,new_2026,0.4088137034263527,0.2569238462590548,0.4219451235112291,0.2673830484611623,0.475240339413544,1.8624177171748304,73859.0,109628.0,109628.0,9.999970643548297e-06,0.9999445676803588,0.0088371438905596,78898.0234375,topk,109628.0,109628.0,37495.5234375,0.0,41402.609375,mechanism,,,,,,,,,,,,
PatientID_0022_T1_to_T2_t1c,FACTORIAL_ERROR_OFF_SUPPRESSION_OFF,0.416709234869665,0.2631918558804468,new_2026,0.3947542916115251,0.2459151826743035,0.416709234869665,0.2631918558804468,0.4465213320354845,1.8122073696960617,80394.0,109628.0,109628.0,1.0269118888572848e-11,0.9999445676803588,0.0094055235385894,83972.515625,topk,109628.0,109628.0,37495.51953125,0.0,46477.0,mechanism,,,,,,,,,,,,
PatientID_0024_T2_to_T3_t1c,FIXED_P0,0.4362619007897423,0.2789865521701436,frozen_v8,,,,,,,,,,,,,,,,,,,,mechanism,,,,,,,,,,,,
PatientID_0024_T2_to_T3_t1c,NAIVE,0.4362619007897423,0.2789865521701436,frozen_v8,,,,,,,,,,,,,,,,,,,,mechanism,,,,,,,,,,,,
PatientID_0024_T2_to_T3_t1c,FULL_PCC,0.5226991815640329,0.3538204102010965,frozen_v8,,,,,,,,,,,,,,,,,,,,mechanism,,,,,,,,,,,,
PatientID_0024_T2_to_T3_t1c,ONE_ROUND,0.4448805745828889,0.2860748617229356,frozen_v8_P1,,,,,,,,,,,,,,,,,,,,mechanism,,,,,,,,,,,,
PatientID_0024_T2_to_T3_t1c,NO_ERROR_GUIDED_TERM,0.4369467178934613,0.2795469117409752,new_2026,0.3321942915450104,0.1991804500193834,0.4369467178934613,0.2795469117409752,0.601445568273457,2.349328544205465,20607.0,59870.0,59870.0,9.999970643548297e-06,0.9997771382331848,0.0025537807960063,22800.154296875,topk,59870.0,59870.0,13713.0517578125,0.0,9087.076171875,mechanism,,,,,,,,,,,,
PatientID_0024_T2_to_T3_t1c,NO_OUTSIDE_SUPPRESSION,0.5219642558917491,0.3531472482839513,new_2026,0.385742070264536,0.2389593776608464,0.5219642558917491,0.3531472482839513,0.6521069544399892,2.4434917306022634,23424.0,59870.0,59870.0,8.689130481798202e-06,0.9997791647911072,0.0029367443639785,26219.25390625,topk,59870.0,59870.0,17097.7578125,0.0,9121.494140625,mechanism,,,,,,,,,,,,
PatientID_0024_T2_to_T3_t1c,NO_SMOOTHING,0.5654918991183774,0.3942061385194657,new_2026,0.4488464849073327,0.2893630324456528,0.5654918991183774,0.3942061385194657,0.7439490490308701,2.63383500842243,22617.0,59870.0,59870.0,9.999970643548297e-06,0.9997771382331848,0.0028838687576353,25747.1796875,topk,59870.0,59870.0,19154.58984375,0.0,6592.5712890625,mechanism,,,,,,,,,,,,
PatientID_0024_T2_to_T3_t1c,GLOBAL_DISCREPANCY,0.5239017872095882,0.3549233937656446,new_2026,0.3961189466491257,0.2469752640514247,0.5239017872095882,0.3549233937656446,0.6920285097606711,2.5222326264480497,21242.0,59870.0,59870.0,8.689130481798202e-06,0.9997791647911072,0.0027673302683979,24706.724609375,topk,59870.0,59870.0,17097.7578125,0.0,7608.94189453125,mechanism,,,,,,,,,,,,
PatientID_0024_T2_to_T3_t1c,FACTORIAL_ERROR_ON_SUPPRESSION_ON,0.5226991815640329,0.3538204102010965,new_2026,0.390448414152504,0.2425821064667032,0.5226991815640329,0.3538204102010965,0.6744742075627376,2.4869985426334784,22420.0,59870.0,59870.0,8.689130481798202e-06,0.9997791647911072,0.0028393545653671,25349.7578125,topk,59870.0,59870.0,17097.7578125,0.0,8251.9912109375,mechanism,,,,,,,,,,,,
PatientID_0024_T2_to_T3_t1c,FACTORIAL_ERROR_ON_SUPPRESSION_OFF,0.5219642558917491,0.3531472482839513,new_2026,0.385742070264536,0.2389593776608464,0.5219642558917491,0.3531472482839513,0.6521069544399892,2.4434917306022634,23424.0,59870.0,59870.0,8.689130481798202e-06,0.9997791647911072,0.0029367443639785,26219.25390625,topk,59870.0,59870.0,17097.7578125,0.0,9121.494140625,mechanism,,,,,,,,,,,,
PatientID_0024_T2_to_T3_t1c,FACTORIAL_ERROR_OFF_SUPPRESSION_ON,0.4369467178934613,0.2795469117409752,new_2026,0.3321942915450104,0.1991804500193834,0.4369467178934613,0.2795469117409752,0.601445568273457,2.349328544205465,20607.0,59870.0,59870.0,9.999970643548297e-06,0.9997771382331848,0.0025537807960063,22800.154296875,topk,59870.0,59870.0,13713.0517578125,0.0,9087.076171875,mechanism,,,,,,,,,,,,
PatientID_0024_T2_to_T3_t1c,FACTORIAL_ERROR_OFF_SUPPRESSION_OFF,0.4362619007897423,0.2789865521701436,new_2026,0.3281010296961488,0.1962445312388606,0.4362619007897423,0.2789865521701436,0.5794026385996979,2.309733860994869,21611.0,59870.0,59870.0,1.2302300671229728e-11,0.9997771382331848,0.0026509361341595,23667.55859375,topk,59870.0,59870.0,13713.0458984375,0.0,9954.490234375,mechanism,,,,,,,,,,,,
PatientID_0025_T1_to_T2_t1c,FIXED_P0,0.3963661295955371,0.2471674719045883,frozen_v8,,,,,,,,,,,,,,,,,,,,mechanism,,,,,,,,,,,,
PatientID_0025_T1_to_T2_t1c,NAIVE,0.3963661295955371,0.2471674719045883,frozen_v8,,,,,,,,,,,,,,,,,,,,mechanism,,,,,,,,,,,,
PatientID_0025_T1_to_T2_t1c,FULL_PCC,0.4687692835195617,0.3061388976110209,frozen_v8,,,,,,,,,,,,,,,,,,,,mechanism,,,,,,,,,,,,
PatientID_0025_T1_to_T2_t1c,ONE_ROUND,0.4039766883886874,0.2531145287556252,frozen_v8_P1,,,,,,,,,,,,,,,,,,,,mechanism,,,,,,,,,,,,
PatientID_0025_T1_to_T2_t1c,NO_ERROR_GUIDED_TERM,0.4176208433421731,0.2639195805870289,new_2026,0.4113693341831925,0.2589458601336274,0.4176208433421731,0.2639195805870289,0.3205566954119795,2.158147115949608,35847.0,29170.0,29170.0,9.999970643548297e-06,0.9999420642852784,0.0046656336635351,41654.77734375,topk,29170.0,29170.0,13352.7177734375,0.0,28302.03515625,mechanism,,,,,,,,,,,,
PatientID_0025_T1_to_T2_t1c,NO_OUTSIDE_SUPPRESSION,0.4440178265436404,0.2853617696464845,new_2026,0.4325671138476692,0.2759716972128337,0.4440178265436404,0.2853617696464845,0.3499533716847987,2.215460981985899,36651.0,29170.0,29170.0,8.710535439604428e-06,0.9999372959136964,0.0045884391292929,40965.5859375,topk,29170.0,29170.0,14336.044921875,0.0,26629.5234375,mechanism,,,,,,,,,,,,
PatientID_0025_T1_to_T2_t1c,NO_SMOOTHING,0.5621871786156636,0.3910016451827328,new_2026,0.5621679064899701,0.3909830007536184,0.5621871786156636,0.3910016451827328,0.4463472972347748,2.3908310275478404,29172.0,29170.0,29170.0,9.999970643548297e-06,0.9999420642852784,0.0040932740084826,36544.75,topk,29170.0,29170.0,16311.650390625,0.0,20233.0546875,mechanism,,,,,,,,,,,,
PatientID_0025_T1_to_T2_t1c,GLOBAL_DISCREPANCY,0.472711690101599,0.3095104487147424,new_2026,0.4717578248061942,0.3086931066784766,0.472711690101599,0.3095104487147424,0.3875652163351715,2.2856807060016378,31183.0,29170.0,29170.0,8.710535439604428e-06,0.9999372959136964,0.0041431472636759,36990.01953125,topk,29170.0,29170.0,14336.044921875,0.0,22653.923828125,mechanism,,,,,,,,,,,,
PatientID_0025_T1_to_T2_t1c,FACTORIAL_ERROR_ON_SUPPRESSION_ON,0.4687692835195617,0.3061388976110209,new_2026,0.4627261055490285,0.3010043345110264,0.4687692835195617,0.3061388976110209,0.3760588102386662,2.264507945916897,32361.0,29170.0,29170.0,8.710535439604428e-06,0.9999372959136964,0.0042699165642261,38121.81640625,topk,29170.0,29170.0,14336.044921875,0.0,23785.71875,mechanism,,,,,,,,,,,,
PatientID_0025_T1_to_T2_t1c,FACTORIAL_ERROR_ON_SUPPRESSION_OFF,0.4440178265436404,0.2853617696464845,new_2026,0.4325671138476692,0.2759716972128337,0.4440178265436404,0.2853617696464845,0.3499533716847987,2.215460981985899,36651.0,29170.0,29170.0,8.710535439604428e-06,0.9999372959136964,0.0045884391292929,40965.5859375,topk,29170.0,29170.0,14336.044921875,0.0,26629.5234375,mechanism,,,,,,,,,,,,
PatientID_0025_T1_to_T2_t1c,FACTORIAL_ERROR_OFF_SUPPRESSION_ON,0.4176208433421731,0.2639195805870289,new_2026,0.4113693341831925,0.2589458601336274,0.4176208433421731,0.2639195805870289,0.3205566954119795,2.158147115949608,35847.0,29170.0,29170.0,9.999970643548297e-06,0.9999420642852784,0.0046656336635351,41654.77734375,topk,29170.0,29170.0,13352.7177734375,0.0,28302.03515625,mechanism,,,,,,,,,,,,
PatientID_0025_T1_to_T2_t1c,FACTORIAL_ERROR_OFF_SUPPRESSION_OFF,0.3963661295955371,0.2471674719045883,new_2026,0.3859897246523987,0.2391494840887864,0.3963661295955371,0.2471674719045883,0.3000741473775128,2.116572356891312,40122.0,29170.0,29170.0,2.792520771913165e-12,0.9999420642852784,0.00498410128057,44498.0546875,topk,29170.0,29170.0,13352.7158203125,0.0,31145.298828125,mechanism,,,,,,,,,,,,
PatientID_0026_T1_to_T2_t1c,FIXED_P0,0.3079249086629297,0.1819806403675604,frozen_v8,,,,,,,,,,,,,,,,,,,,mechanism,,,,,,,,,,,,
PatientID_0026_T1_to_T2_t1c,NAIVE,0.3079249086629297,0.1819806403675604,frozen_v8,,,,,,,,,,,,,,,,,,,,mechanism,,,,,,,,,,,,
PatientID_0026_T1_to_T2_t1c,FULL_PCC,0.3772836084228163,0.2325012617048734,frozen_v8,,,,,,,,,,,,,,,,,,,,mechanism,,,,,,,,,,,,
PatientID_0026_T1_to_T2_t1c,ONE_ROUND,0.3148544790294942,0.1868411215054599,frozen_v8_P1,,,,,,,,,,,,,,,,,,,,mechanism,,,,,,,,,,,,
PatientID_0026_T1_to_T2_t1c,NO_ERROR_GUIDED_TERM,0.3156734282546337,0.1874181845484108,new_2026,0.3127438123594168,0.185356447146009,0.3156734282546337,0.1874181845484108,0.239926809255165,1.7698446215797885,72860.0,47622.0,47622.0,9.999970643548297e-06,0.9998733997344972,0.0087960222736001,78530.890625,topk,47622.0,47622.0,18841.666015625,0.0,59689.48828125,mechanism,,,,,,,,,,,,
PatientID_0026_T1_to_T2_t1c,NO_OUTSIDE_SUPPRESSION,0.3691361135675829,0.226343912969467,new_2026,0.362886742639167,0.2216625764982193,0.3691361135675829,0.226343912969467,0.2941073282915138,1.8903885209559568,66375.0,47622.0,47622.0,8.219484698201995e-06,0.9997400641441344,0.008016319014132,71569.6953125,topk,47622.0,47622.0,21049.171875,0.0,50520.7265625,mechanism,,,,,,,,,,,,
PatientID_0026_T1_to_T2_t1c,NO_SMOOTHING,0.4606064424062345,0.2992129206605026,new_2026,0.4571151515204159,0.2962730186751773,0.4606064424062345,0.2992129206605026,0.3664405481791413,2.032839399680553,55503.0,47622.0,47622.0,9.999970643548297e-06,0.9998148083686828,0.0071822125464677,64122.79296875,topk,47622.0,47622.0,23497.19140625,0.0,40625.56640625,mechanism,,,,,,,,,,,,
PatientID_0026_T1_to_T2_t1c,GLOBAL_DISCREPANCY,0.3789005081750147,0.2337305699581123,new_2026,0.3741678726539963,0.2301393030483094,0.3789005081750147,0.2337305699581123,0.3044747823734,1.9118597372381865,62938.0,47622.0,47622.0,8.219484698201995e-06,0.9997400641441344,0.0077433609403669,69132.7265625,topk,47622.0,47622.0,21049.171875,0.0,48083.75,mechanism,,,,,,,,,,,,
PatientID_0026_T1_to_T2_t1c,FACTORIAL_ERROR_ON_SUPPRESSION_ON,0.3772836084228163,0.2325012617048734,new_2026,0.3696806133994953,0.2267534916438997,0.3772836084228163,0.2325012617048734,0.301005039329113,1.9047208917080884,64280.0,47622.0,47622.0,8.219484698201995e-06,0.9997400641441344,0.0078326202929019,69929.6328125,topk,47622.0,47622.0,21049.171875,0.0,48880.671875,mechanism,,,,,,,,,,,,
PatientID_0026_T1_to_T2_t1c,FACTORIAL_ERROR_ON_SUPPRESSION_OFF,0.3691361135675829,0.226343912969467,new_2026,0.362886742639167,0.2216625764982193,0.3691361135675829,0.226343912969467,0.2941073282915138,1.8903885209559568,66375.0,47622.0,47622.0,8.219484698201995e-06,0.9997400641441344,0.008016319014132,71569.6953125,topk,47622.0,47622.0,21049.171875,0.0,50520.7265625,mechanism,,,,,,,,,,,,
PatientID_0026_T1_to_T2_t1c,FACTORIAL_ERROR_OFF_SUPPRESSION_ON,0.3156734282546337,0.1874181845484108,new_2026,0.3127438123594168,0.185356447146009,0.3156734282546337,0.1874181845484108,0.239926809255165,1.7698446215797885,72860.0,47622.0,47622.0,9.999970643548297e-06,0.9998733997344972,0.0087960222736001,78530.890625,topk,47622.0,47622.0,18841.666015625,0.0,59689.48828125,mechanism,,,,,,,,,,,,
PatientID_0026_T1_to_T2_t1c,FACTORIAL_ERROR_OFF_SUPPRESSION_OFF,0.3079249086629297,0.1819806403675604,new_2026,0.3073835686897255,0.1816026141601688,0.3079249086629297,0.1819806403675604,0.2350222277486635,1.758083149121734,74961.0,47622.0,47622.0,3.225416461694053e-12,0.9998733997344972,0.0089795822277665,80169.7109375,topk,47622.0,47622.0,18841.6640625,0.0,61328.0703125,mechanism,,,,,,,,,,,,
PatientID_0029_T1_to_T3_t1c,FIXED_P0,0.1616605934518264,0.0879383822638301,frozen_v8,,,,,,,,,,,,,,,,,,,,mechanism,,,,,,,,,,,,
PatientID_0029_T1_to_T3_t1c,NAIVE,0.1616605934518264,0.0879383822638301,frozen_v8,,,,,,,,,,,,,,,,,,,,mechanism,,,,,,,,,,,,
PatientID_0029_T1_to_T3_t1c,FULL_PCC,0.2109318063611279,0.1179003724523117,frozen_v8,,,,,,,,,,,,,,,,,,,,mechanism,,,,,,,,,,,,
PatientID_0029_T1_to_T3_t1c,ONE_ROUND,0.1658771473299599,0.0904394965148163,frozen_v8_P1,,,,,,,,,,,,,,,,,,,,mechanism,,,,,,,,,,,,
PatientID_0029_T1_to_T3_t1c,NO_ERROR_GUIDED_TERM,0.1648880791363237,0.0898517835743585,new_2026,0.1704814882458225,0.0931838006343528,0.1648880791363237,0.0898517835743585,0.1459317612922514,1.5969799218262697,49308.0,38420.0,38420.0,9.999970643548297e-06,0.999969482421875,0.0057894503697752,51688.2109375,topk,38420.0,38420.0,7542.95166015625,0.0,44145.29296875,mechanism,,,,,,,,,,,,
PatientID_0029_T1_to_T3_t1c,NO_OUTSIDE_SUPPRESSION,0.2078604893387837,0.1159845470253582,new_2026,0.2061860703658645,0.114942841601593,0.2078604893387837,0.1159845470253582,0.1968960773979637,1.7537879418786573,43506.0,38420.0,38420.0,7.977486347954255e-06,0.999900221824646,0.004982023499906,44479.50390625,topk,38420.0,38420.0,8757.83984375,0.0,35721.6796875,mechanism,,,,,,,,,,,,
PatientID_0029_T1_to_T3_t1c,NO_SMOOTHING,0.2459916710144978,0.1402454406633093,new_2026,0.246017907953093,0.1402624970231365,0.2459916710144978,0.1402454406633093,0.2378040047327212,1.8584751150338428,37859.0,38420.0,38420.0,9.999970643548297e-06,0.9999278783798218,0.0045853373594582,40937.890625,topk,38420.0,38420.0,9735.1943359375,0.0,31202.69921875,mechanism,,,,,,,,,,,,
PatientID_0029_T1_to_T3_t1c,GLOBAL_DISCREPANCY,0.2120510151065584,0.1186001484995764,new_2026,0.2115122146774913,0.1182631586440446,0.2120510151065584,0.1186001484995764,0.2039435760293254,1.7728889128029366,41443.0,38420.0,38420.0,7.977486347954255e-06,0.999900221824646,0.0048098638653755,42942.46484375,topk,38420.0,38420.0,8757.83984375,0.0,34184.62890625,mechanism,,,,,,,,,,,,
PatientID_0029_T1_to_T3_t1c,FACTORIAL_ERROR_ON_SUPPRESSION_ON,0.2109318063611279,0.1179003724523117,new_2026,0.2098202640862307,0.1172062558232996,0.2109318063611279,0.1179003724523117,0.2018104192359369,1.7671599189424454,42087.0,38420.0,38420.0,7.977486347954255e-06,0.999900221824646,0.0048607047647237,43396.37109375,topk,38420.0,38420.0,8757.83984375,0.0,34638.5625,mechanism,,,,,,,,,,,,
PatientID_0029_T1_to_T3_t1c,FACTORIAL_ERROR_ON_SUPPRESSION_OFF,0.2078604893387837,0.1159845470253582,new_2026,0.2061860703658645,0.114942841601593,0.2078604893387837,0.1159845470253582,0.1968960773979637,1.7537879418786573,43506.0,38420.0,38420.0,7.977486347954255e-06,0.999900221824646,0.004982023499906,44479.50390625,topk,38420.0,38420.0,8757.83984375,0.0,35721.6796875,mechanism,,,,,,,,,,,,
PatientID_0029_T1_to_T3_t1c,FACTORIAL_ERROR_OFF_SUPPRESSION_ON,0.1648880791363237,0.0898517835743585,new_2026,0.1704814882458225,0.0931838006343528,0.1648880791363237,0.0898517835743585,0.1459317612922514,1.5969799218262697,49308.0,38420.0,38420.0,9.999970643548297e-06,0.999969482421875,0.0057894503697752,51688.2109375,topk,38420.0,38420.0,7542.95166015625,0.0,44145.29296875,mechanism,,,,,,,,,,,,
PatientID_0029_T1_to_T3_t1c,FACTORIAL_ERROR_OFF_SUPPRESSION_OFF,0.1616605934518264,0.0879383822638301,new_2026,0.1677716080636292,0.0915669732071514,0.1616605934518264,0.0879383822638301,0.1429281352412696,1.586423155251332,50725.0,38420.0,38420.0,2.2044971403900604e-10,0.999969482421875,0.0059111136943101,52774.421875,topk,38420.0,38420.0,7542.94970703125,0.0,45231.51171875,mechanism,,,,,,,,,,,,
PatientID_0030_T1_to_T3_t1c,FIXED_P0,0.4143683214791059,0.261326969621695,frozen_v8,,,,,,,,,,,,,,,,,,,,mechanism,,,,,,,,,,,,
PatientID_0030_T1_to_T3_t1c,NAIVE,0.4143683214791059,0.261326969621695,frozen_v8,,,,,,,,,,,,,,,,,,,,mechanism,,,,,,,,,,,,
PatientID_0030_T1_to_T3_t1c,FULL_PCC,0.5266608042241142,0.3574606619699995,frozen_v8,,,,,,,,,,,,,,,,,,,,mechanism,,,,,,,,,,,,
PatientID_0030_T1_to_T3_t1c,ONE_ROUND,0.4241612705557054,0.269165405466428,frozen_v8_P1,,,,,,,,,,,,,,,,,,,,mechanism,,,,,,,,,,,,
PatientID_0030_T1_to_T3_t1c,NO_ERROR_GUIDED_TERM,0.4145015588815086,0.2614329652661269,new_2026,0.2094681499288143,0.1169865534257037,0.4145015588815086,0.2614329652661269,0.6266412023927624,2.2966009313655067,13580.0,75054.0,75054.0,9.999970643548297e-06,0.999783217906952,0.0017569775227457,15686.294921875,topk,75054.0,75054.0,9829.6787109375,0.0,5856.603515625,mechanism,,,,,,,,,,,,
PatientID_0030_T1_to_T3_t1c,NO_OUTSIDE_SUPPRESSION,0.5263543581985879,0.3571783767225376,new_2026,0.2657634413405017,0.1532452075368679,0.5263543581985879,0.3571783767225376,0.7091762789951725,2.458832752750326,16027.0,75054.0,75054.0,9.033014066517351e-06,0.9998385906219482,0.0021385580766946,19093.046875,topk,75054.0,75054.0,13540.3359375,0.0,5552.69384765625,mechanism,,,,,,,,,,,,
PatientID_0030_T1_to_T3_t1c,NO_SMOOTHING,0.588189836653688,0.4166210528357655,new_2026,0.3164292663804406,0.1879512752689737,0.588189836653688,0.4166210528357655,0.8013437684349428,2.677421688484034,16423.0,75054.0,75054.0,9.999970643548297e-06,0.999783217906952,0.0022457453887909,20050.015625,topk,75054.0,75054.0,16066.955078125,0.0,3983.05419921875,mechanism,,,,,,,,,,,,
PatientID_0030_T1_to_T3_t1c,GLOBAL_DISCREPANCY,0.5269272790289196,0.3577062228712219,new_2026,0.2662926292709979,0.1535972181789459,0.5269272790289196,0.3577062228712219,0.7161931200682502,2.4737161953437523,15846.0,75054.0,75054.0,9.033014066517351e-06,0.9998385906219482,0.0021176058799028,18905.984375,topk,75054.0,75054.0,13540.3359375,0.0,5365.62158203125,mechanism,,,,,,,,,,,,
PatientID_0030_T1_to_T3_t1c,FACTORIAL_ERROR_ON_SUPPRESSION_ON,0.5266608042241142,0.3574606619699995,new_2026,0.2662311237308627,0.1535562942582461,0.5266608042241142,0.3574606619699995,0.7147279072727076,2.470590280348807,15867.0,75054.0,75054.0,9.033014066517351e-06,0.9998385906219482,0.0021219470072537,18944.7421875,topk,75054.0,75054.0,13540.3359375,0.0,5404.3818359375,mechanism,,,,,,,,,,,,
PatientID_0030_T1_to_T3_t1c,FACTORIAL_ERROR_ON_SUPPRESSION_OFF,0.5263543581985879,0.3571783767225376,new_2026,0.2657634413405017,0.1532452075368679,0.5263543581985879,0.3571783767225376,0.7091762789951725,2.458832752750326,16027.0,75054.0,75054.0,9.033014066517351e-06,0.9998385906219482,0.0021385580766946,19093.046875,topk,75054.0,75054.0,13540.3359375,0.0,5552.69384765625,mechanism,,,,,,,,,,,,
PatientID_0030_T1_to_T3_t1c,FACTORIAL_ERROR_OFF_SUPPRESSION_ON,0.4145015588815086,0.2614329652661269,new_2026,0.2094681499288143,0.1169865534257037,0.4145015588815086,0.2614329652661269,0.6266412023927624,2.2966009313655067,13580.0,75054.0,75054.0,9.999970643548297e-06,0.999783217906952,0.0017569775227457,15686.294921875,topk,75054.0,75054.0,9829.6787109375,0.0,5856.603515625,mechanism,,,,,,,,,,,,
PatientID_0030_T1_to_T3_t1c,FACTORIAL_ERROR_OFF_SUPPRESSION_OFF,0.4143683214791059,0.261326969621695,new_2026,0.2090907043357762,0.1167511413626196,0.4143683214791059,0.261326969621695,0.6208819827299071,2.285942951945541,13740.0,75054.0,75054.0,8.813014901187799e-11,0.999783217906952,0.0017732732230797,15831.783203125,topk,75054.0,75054.0,9829.6689453125,0.0,6002.1044921875,mechanism,,,,,,,,,,,,
PatientID_0031_T2_to_T3_t1c,FIXED_P0,0.1879376553199701,0.1037147843709886,frozen_v8,,,,,,,,,,,,,,,,,,,,mechanism,,,,,,,,,,,,
PatientID_0031_T2_to_T3_t1c,NAIVE,0.1879376553199701,0.1037147843709886,frozen_v8,,,,,,,,,,,,,,,,,,,,mechanism,,,,,,,,,,,,
PatientID_0031_T2_to_T3_t1c,FULL_PCC,0.3009374294301746,0.177119686270578,frozen_v8,,,,,,,,,,,,,,,,,,,,mechanism,,,,,,,,,,,,
PatientID_0031_T2_to_T3_t1c,ONE_ROUND,0.2021120397785715,0.1124163709170959,frozen_v8_P1,,,,,,,,,,,,,,,,,,,,mechanism,,,,,,,,,,,,
PatientID_0031_T2_to_T3_t1c,NO_ERROR_GUIDED_TERM,0.2031285295007023,0.1130456645679296,new_2026,0.1927120029423567,0.1066304890358871,0.2031285295007023,0.1130456645679296,0.1187806429506094,1.8313826012276284,53258.0,17708.0,17708.0,9.999970643548297e-06,0.999911904335022,0.0064508286304771,57592.99609375,topk,17708.0,17708.0,6840.93310546875,0.0,50752.1484375,mechanism,,,,,,,,,,,,
PatientID_0031_T2_to_T3_t1c,NO_OUTSIDE_SUPPRESSION,0.2682968150195308,0.1549323333065406,new_2026,0.2111221045394727,0.1180192930373006,0.2682968150195308,0.1549323333065406,0.1363322968999233,1.8999732703504897,51020.0,17708.0,17708.0,8.150241228577215e-06,0.9998666048049928,0.0060220779851078,53765.11328125,topk,17708.0,17708.0,7329.92138671875,0.0,46435.234375,mechanism,,,,,,,,,,,,
PatientID_0031_T2_to_T3_t1c,NO_SMOOTHING,0.3813530607809647,0.235599902339755,new_2026,0.3039368406269217,0.1792013693368568,0.3813530607809647,0.235599902339755,0.191943680231671,2.077453607334018,38784.0,17708.0,17708.0,9.999970643548297e-06,0.9998677968978882,0.0050453431904315,45044.82421875,topk,17708.0,17708.0,8646.0693359375,0.0,36398.75,mechanism,,,,,,,,,,,,
PatientID_0031_T2_to_T3_t1c,GLOBAL_DISCREPANCY,0.3038739552941079,0.1791576494363523,new_2026,0.2442390883663378,0.1391072592871283,0.3038739552941079,0.1791576494363523,0.1553852576854084,1.9664725901717028,41701.0,17708.0,17708.0,8.150241228577215e-06,0.9998666048049928,0.0052836653776466,47172.56640625,topk,17708.0,17708.0,7329.92138671875,0.0,39842.6484375,mechanism,,,,,,,,,,,,
PatientID_0031_T2_to_T3_t1c,FACTORIAL_ERROR_ON_SUPPRESSION_ON,0.3009374294301746,0.177119686270578,new_2026,0.2276042728862668,0.1284161710717853,0.3009374294301746,0.177119686270578,0.1477780195951324,1.9407787013201545,46043.0,17708.0,17708.0,8.150241228577215e-06,0.9998666048049928,0.0055556553415954,49600.890625,topk,17708.0,17708.0,7329.92138671875,0.0,42270.96484375,mechanism,,,,,,,,,,,,
PatientID_0031_T2_to_T3_t1c,FACTORIAL_ERROR_ON_SUPPRESSION_OFF,0.2682968150195308,0.1549323333065406,new_2026,0.2111221045394727,0.1180192930373006,0.2682968150195308,0.1549323333065406,0.1363322968999233,1.8999732703504897,51020.0,17708.0,17708.0,8.150241228577215e-06,0.9998666048049928,0.0060220779851078,53765.11328125,topk,17708.0,17708.0,7329.92138671875,0.0,46435.234375,mechanism,,,,,,,,,,,,
PatientID_0031_T2_to_T3_t1c,FACTORIAL_ERROR_OFF_SUPPRESSION_ON,0.2031285295007023,0.1130456645679296,new_2026,0.1927120029423567,0.1066304890358871,0.2031285295007023,0.1130456645679296,0.1187806429506094,1.8313826012276284,53258.0,17708.0,17708.0,9.999970643548297e-06,0.999911904335022,0.0064508286304771,57592.99609375,topk,17708.0,17708.0,6840.93310546875,0.0,50752.1484375,mechanism,,,,,,,,,,,,
PatientID_0031_T2_to_T3_t1c,FACTORIAL_ERROR_OFF_SUPPRESSION_OFF,0.1879376553199701,0.1037147843709886,new_2026,0.1801203787956837,0.0989737874466416,0.1879376553199701,0.1037147843709886,0.1107742229897342,1.7971480541860916,58219.0,17708.0,17708.0,1.00742808192833e-11,0.999911904335022,0.0069170743227005,61755.640625,topk,17708.0,17708.0,6840.93310546875,0.0,54914.75390625,mechanism,,,,,,,,,,,,
PatientID_0032_T1_to_T2_t1c,FIXED_P0,0.1010770509109042,0.053228621704525,frozen_v8,,,,,,,,,,,,,,,,,,,,mechanism,,,,,,,,,,,,
PatientID_0032_T1_to_T2_t1c,NAIVE,0.0961060484274622,0.0504786775237255,frozen_v8,,,,,,,,,,,,,,,,,,,,mechanism,,,,,,,,,,,,
PatientID_0032_T1_to_T2_t1c,FULL_PCC,0.1690140848512783,0.0923076927184128,frozen_v8,,,,,,,,,,,,,,,,,,,,mechanism,,,,,,,,,,,,
PatientID_0032_T1_to_T2_t1c,ONE_ROUND,0.1043910525665322,0.0550699304829239,frozen_v8_P1,,,,,,,,,,,,,,,,,,,,mechanism,,,,,,,,,,,,
PatientID_0032_T1_to_T2_t1c,NO_ERROR_GUIDED_TERM,0.1010770509109042,0.053228621704525,new_2026,0.0590699732218098,0.0304338499750513,0.1010770509109042,0.053228621704525,0.0268996242482094,2.3105755402982298,37222.0,1207.0,1207.0,9.999970643548297e-06,0.9999264478683472,0.0046022022143006,41088.4609375,topk,1207.0,1207.0,1105.26416015625,0.0,39983.22265625,mechanism,,,,,,,,,,,,
PatientID_0032_T1_to_T2_t1c,NO_OUTSIDE_SUPPRESSION,0.1657000831956503,0.0903342370865699,new_2026,0.0558545092412592,0.0287295932999633,0.1657000831956503,0.0903342370865699,0.0262823351384739,2.300217786885879,38933.0,1207.0,1207.0,8.089329639915377e-06,0.9997840523719788,0.0045840959064662,40926.80859375,topk,1207.0,1207.0,1075.652099609375,0.0,39851.1875,mechanism,,,,,,,,,,,,
PatientID_0032_T1_to_T2_t1c,NO_SMOOTHING,0.5526097764902197,0.3817973672685761,new_2026,0.0776170324745721,0.0403754266539121,0.5526097764902197,0.3817973672685761,0.035118049946437,2.4300432602779973,29276.0,1207.0,1207.0,9.999970643548297e-06,0.999863862991333,0.0036420424003154,32516.154296875,topk,1207.0,1207.0,1141.9039306640625,0.0,31374.244140625,mechanism,,,,,,,,,,,,
PatientID_0032_T1_to_T2_t1c,GLOBAL_DISCREPANCY,0.1690140848512783,0.0923076927184128,new_2026,0.0772916882449997,0.0401993832374596,0.1690140848512783,0.0923076927184128,0.0326545112038244,2.3973488346388736,27800.0,1207.0,1207.0,8.090009032457601e-06,0.9997840523719788,0.0036895589437335,32940.3828125,topk,1207.0,1207.0,1075.652099609375,0.0,31864.708984375,mechanism,,,,,,,,,,,,
PatientID_0032_T1_to_T2_t1c,FACTORIAL_ERROR_ON_SUPPRESSION_ON,0.1690140848512783,0.0923076927184128,new_2026,0.0659896983350702,0.0341206550485748,0.1690140848512783,0.0923076927184128,0.0301681101769913,2.361838384738061,32768.0,1207.0,1207.0,8.089329639915377e-06,0.9997840523719788,0.0039936457760632,35655.26953125,topk,1207.0,1207.0,1075.652099609375,0.0,34579.64453125,mechanism,,,,,,,,,,,,
PatientID_0032_T1_to_T2_t1c,FACTORIAL_ERROR_ON_SUPPRESSION_OFF,0.1657000831956503,0.0903342370865699,new_2026,0.0558545092412592,0.0287295932999633,0.1657000831956503,0.0903342370865699,0.0262823351384739,2.300217786885879,38933.0,1207.0,1207.0,8.089329639915377e-06,0.9997840523719788,0.0045840959064662,40926.80859375,topk,1207.0,1207.0,1075.652099609375,0.0,39851.1875,mechanism,,,,,,,,,,,,
PatientID_0032_T1_to_T2_t1c,FACTORIAL_ERROR_OFF_SUPPRESSION_ON,0.1010770509109042,0.053228621704525,new_2026,0.0590699732218098,0.0304338499750513,0.1010770509109042,0.053228621704525,0.0268996242482094,2.3105755402982298,37222.0,1207.0,1207.0,9.999970643548297e-06,0.9999264478683472,0.0046022022143006,41088.4609375,topk,1207.0,1207.0,1105.26416015625,0.0,39983.22265625,mechanism,,,,,,,,,,,,
PatientID_0032_T1_to_T2_t1c,FACTORIAL_ERROR_OFF_SUPPRESSION_OFF,0.1010770509109042,0.053228621704525,new_2026,0.0509997753527072,0.0261671469965148,0.1010770509109042,0.053228621704525,0.0238554615006074,2.2570610535003675,43303.0,1207.0,1207.0,3.774682389573458e-14,0.9999264478683472,0.0051894830539822,46331.703125,topk,1207.0,1207.0,1105.26416015625,0.0,45226.4375,mechanism,,,,,,,,,,,,
PatientID_0033_T1_to_T2_t1c,FIXED_P0,0.1119518820764478,0.0592950365296837,frozen_v8,,,,,,,,,,,,,,,,,,,,mechanism,,,,,,,,,,,,
PatientID_0033_T1_to_T2_t1c,NAIVE,0.1118548700469608,0.0592406104372789,frozen_v8,,,,,,,,,,,,,,,,,,,,mechanism,,,,,,,,,,,,
PatientID_0033_T1_to_T2_t1c,FULL_PCC,0.1955762514941998,0.1083870968221297,frozen_v8,,,,,,,,,,,,,,,,,,,,mechanism,,,,,,,,,,,,
PatientID_0033_T1_to_T2_t1c,ONE_ROUND,0.1232052774969341,0.0656466453496512,frozen_v8_P1,,,,,,,,,,,,,,,,,,,,mechanism,,,,,,,,,,,,
PatientID_0033_T1_to_T2_t1c,NO_ERROR_GUIDED_TERM,0.1487194412520023,0.0803332809788642,new_2026,0.117064772992921,0.0621714285952464,0.1487194412520023,0.0803332809788642,0.0706327455413877,1.817895903698502,31515.0,10308.0,10308.0,9.999970643548297e-06,0.9999643564224244,0.0039366646669805,35146.54296875,topk,10308.0,10308.0,2482.496826171875,0.0,32664.025390625,mechanism,,,,,,,,,,,,
PatientID_0033_T1_to_T2_t1c,NO_OUTSIDE_SUPPRESSION,0.1477493209571328,0.0797674540889453,new_2026,0.1137761773280651,0.060319552738464,0.1477493209571328,0.0797674540889453,0.0719780416086271,1.826718829208491,36345.0,10308.0,10308.0,8.236504072556272e-06,0.9999808073043824,0.0043626991100609,38950.17578125,topk,10308.0,10308.0,2803.557373046875,0.0,36146.61328125,mechanism,,,,,,,,,,,,
PatientID_0033_T1_to_T2_t1c,NO_SMOOTHING,0.2232246798979809,0.125634725682466,new_2026,0.1630550913852819,0.0887642795630756,0.2232246798979809,0.125634725682466,0.106809477657205,2.014742715437686,26195.0,10308.0,10308.0,9.999970643548297e-06,0.9999643564224244,0.0034006452187895,30360.9609375,topk,10308.0,10308.0,3242.83837890625,0.0,27118.09765625,mechanism,,,,,,,,,,,,
PatientID_0033_T1_to_T2_t1c,GLOBAL_DISCREPANCY,0.2039192860300776,0.1135357027593423,new_2026,0.1641108088311862,0.0893903671576493,0.2039192860300776,0.1135357027593423,0.0997993249288374,1.9818650731757228,22036.0,10308.0,10308.0,8.236504072556272e-06,0.9999808073043824,0.0031464993953704,28091.947265625,topk,10308.0,10308.0,2803.557373046875,0.0,25288.375,mechanism,,,,,,,,,,,,
PatientID_0033_T1_to_T2_t1c,FACTORIAL_ERROR_ON_SUPPRESSION_ON,0.1955762514941998,0.1083870968221297,new_2026,0.1354807422564261,0.072662559915875,0.1955762514941998,0.1083870968221297,0.0864666094407407,1.9132008639147515,28871.0,10308.0,10308.0,8.236504072556272e-06,0.9999808073043824,0.0036316737532615,32423.583984375,topk,10308.0,10308.0,2803.557373046875,0.0,29620.021484375,mechanism,,,,,,,,,,,,
PatientID_0033_T1_to_T2_t1c,FACTORIAL_ERROR_ON_SUPPRESSION_OFF,0.1477493209571328,0.0797674540889453,new_2026,0.1137761773280651,0.060319552738464,0.1477493209571328,0.0797674540889453,0.0719780416086271,1.826718829208491,36345.0,10308.0,10308.0,8.236504072556272e-06,0.9999808073043824,0.0043626991100609,38950.17578125,topk,10308.0,10308.0,2803.557373046875,0.0,36146.61328125,mechanism,,,,,,,,,,,,
PatientID_0033_T1_to_T2_t1c,FACTORIAL_ERROR_OFF_SUPPRESSION_ON,0.1487194412520023,0.0803332809788642,new_2026,0.117064772992921,0.0621714285952464,0.1487194412520023,0.0803332809788642,0.0706327455413877,1.817895903698502,31515.0,10308.0,10308.0,9.999970643548297e-06,0.9999643564224244,0.0039366646669805,35146.54296875,topk,10308.0,10308.0,2482.496826171875,0.0,32664.025390625,mechanism,,,,,,,,,,,,
PatientID_0033_T1_to_T2_t1c,FACTORIAL_ERROR_OFF_SUPPRESSION_OFF,0.1119518820764478,0.0592950365296837,new_2026,0.099842975730574,0.0525445920914262,0.1119518820764478,0.0592950365296837,0.0596168154587267,1.7391412670600557,38729.0,10308.0,10308.0,1.7299953136706847e-11,0.9999643564224244,0.0046640774235129,41640.8828125,topk,10308.0,10308.0,2482.496826171875,0.0,39158.36328125,mechanism,,,,,,,,,,,,
PatientID_0034_T1_to_T2_t1c,FIXED_P0,0.1591081835369764,0.0864299478273561,frozen_v8,,,,,,,,,,,,,,,,,,,,mechanism,,,,,,,,,,,,
PatientID_0034_T1_to_T2_t1c,NAIVE,0.1342791995016114,0.0719717546072824,frozen_v8,,,,,,,,,,,,,,,,,,,,mechanism,,,,,,,,,,,,
PatientID_0034_T1_to_T2_t1c,FULL_PCC,0.3422852800427811,0.2064802079770013,frozen_v8,,,,,,,,,,,,,,,,,,,,mechanism,,,,,,,,,,,,
PatientID_0034_T1_to_T2_t1c,ONE_ROUND,0.1755763872339021,0.0962366339263662,frozen_v8_P1,,,,,,,,,,,,,,,,,,,,mechanism,,,,,,,,,,,,
PatientID_0034_T1_to_T2_t1c,NO_ERROR_GUIDED_TERM,0.1591081835369764,0.0864299478273561,new_2026,0.0944874756670669,0.0495863839648571,0.1591081835369764,0.0864299478273561,0.0473297396373343,2.05048594796249,62284.0,3947.0,3947.0,9.999970643548297e-06,0.9999899864196776,0.0073315273039042,65455.875,topk,3947.0,3947.0,3098.009521484375,0.0,62357.859375,mechanism,,,,,,,,,,,,
PatientID_0034_T1_to_T2_t1c,NO_OUTSIDE_SUPPRESSION,0.3422852800427811,0.2064802079770013,new_2026,0.1005188792352435,0.0529191252029364,0.3422852800427811,0.2064802079770013,0.0532451438594834,2.104337274854015,58688.0,3947.0,3947.0,7.803762855473906e-06,0.999982476234436,0.0065495306625962,58474.2109375,topk,3947.0,3947.0,3113.4677734375,0.0,55360.6796875,mechanism,,,,,,,,,,,,
PatientID_0034_T1_to_T2_t1c,NO_SMOOTHING,0.515074740370525,0.3468691350713412,new_2026,0.1189304341600137,0.0632248994598503,0.515074740370525,0.3468691350713412,0.0617724677617276,2.172781486112746,50505.0,3947.0,3947.0,9.999970643548297e-06,0.9999899864196776,0.0057993573136627,51776.66015625,topk,3947.0,3947.0,3198.3720703125,0.0,48578.234375,mechanism,,,,,,,,,,,,
PatientID_0034_T1_to_T2_t1c,GLOBAL_DISCREPANCY,0.3422852800427811,0.2064802079770013,new_2026,0.1162846536188189,0.0617315423264686,0.3422852800427811,0.2064802079770013,0.059150278123222,2.1527308977099864,50196.0,3947.0,3947.0,7.803762855473906e-06,0.999982476234436,0.0058956732973456,52636.5703125,topk,3947.0,3947.0,3113.4677734375,0.0,49523.0859375,mechanism,,,,,,,,,,,,
PatientID_0034_T1_to_T2_t1c,FACTORIAL_ERROR_ON_SUPPRESSION_ON,0.3422852800427811,0.2064802079770013,new_2026,0.1073999522515881,0.0567473050608078,0.3422852800427811,0.2064802079770013,0.0568635833754151,2.134554285924227,54675.0,3947.0,3947.0,7.803762855473906e-06,0.999982476234436,0.0061327600851655,54753.28125,topk,3947.0,3947.0,3113.4677734375,0.0,51639.77734375,mechanism,,,,,,,,,,,,
PatientID_0034_T1_to_T2_t1c,FACTORIAL_ERROR_ON_SUPPRESSION_OFF,0.3422852800427811,0.2064802079770013,new_2026,0.1005188792352435,0.0529191252029364,0.3422852800427811,0.2064802079770013,0.0532451438594834,2.104337274854015,58688.0,3947.0,3947.0,7.803762855473906e-06,0.999982476234436,0.0065495306625962,58474.2109375,topk,3947.0,3947.0,3113.4677734375,0.0,55360.6796875,mechanism,,,,,,,,,,,,
PatientID_0034_T1_to_T2_t1c,FACTORIAL_ERROR_OFF_SUPPRESSION_ON,0.1591081835369764,0.0864299478273561,new_2026,0.0944874756670669,0.0495863839648571,0.1591081835369764,0.0864299478273561,0.0473297396373343,2.05048594796249,62284.0,3947.0,3947.0,9.999970643548297e-06,0.9999899864196776,0.0073315273039042,65455.875,topk,3947.0,3947.0,3098.009521484375,0.0,62357.859375,mechanism,,,,,,,,,,,,
PatientID_0034_T1_to_T2_t1c,FACTORIAL_ERROR_OFF_SUPPRESSION_OFF,0.1591081835369764,0.0864299478273561,new_2026,0.0890818505467746,0.046617303093717,0.1591081835369764,0.0864299478273561,0.0447885698024515,2.02536252504912,66303.0,3947.0,3947.0,1.7020213363694303e-11,0.9999951124191284,0.0077474955469369,69169.640625,topk,3947.0,3947.0,3098.00927734375,0.0,66071.5703125,mechanism,,,,,,,,,,,,
PatientID_0035_T1_to_T2_t1c,FIXED_P0,0.2585761712912991,0.1484854905425787,frozen_v8,,,,,,,,,,,,,,,,,,,,mechanism,,,,,,,,,,,,
PatientID_0035_T1_to_T2_t1c,NAIVE,0.2526742900677473,0.1446062910819915,frozen_v8,,,,,,,,,,,,,,,,,,,,mechanism,,,,,,,,,,,,
PatientID_0035_T1_to_T2_t1c,FULL_PCC,0.3932128367035756,0.2447199267114968,frozen_v8,,,,,,,,,,,,,,,,,,,,mechanism,,,,,,,,,,,,
PatientID_0035_T1_to_T2_t1c,ONE_ROUND,0.2736997419266507,0.1585470087268062,frozen_v8_P1,,,,,,,,,,,,,,,,,,,,mechanism,,,,,,,,,,,,
PatientID_0035_T1_to_T2_t1c,NO_ERROR_GUIDED_TERM,0.261895979479547,0.1506791173279543,new_2026,0.0467672161915886,0.0239434933663034,0.261895979479547,0.1506791173279543,0.0231587587707889,1.8923833864232276,91372.0,2711.0,2711.0,9.999970643548297e-06,0.9999239444732666,0.0106937754899263,95474.03125,topk,2711.0,2711.0,2211.06005859375,0.0,93263.0234375,mechanism,,,,,,,,,,,,
PatientID_0035_T1_to_T2_t1c,NO_OUTSIDE_SUPPRESSION,0.3456289193386889,0.2089186177906535,new_2026,0.0509416591949474,0.026136549193789,0.3456289193386889,0.2089186177906535,0.0257192536605381,1.939066849686386,85272.0,2711.0,2711.0,8.043060006457381e-06,0.9999227523803712,0.0097379218786954,86940.1640625,topk,2711.0,2711.0,2236.0361328125,0.0,84704.0703125,mechanism,,,,,,,,,,,,
PatientID_0035_T1_to_T2_t1c,NO_SMOOTHING,0.6248616747279856,0.4543991417772535,new_2026,0.0683430045262755,0.0353805073571228,0.6248616747279856,0.4543991417772535,0.0330011442687463,2.0505949857767845,68635.0,2711.0,2711.0,9.999970643548297e-06,0.9999239444732666,0.0081451330333948,72719.75,topk,2711.0,2711.0,2399.8349609375,0.0,70319.9609375,mechanism,,,,,,,,,,,,
PatientID_0035_T1_to_T2_t1c,GLOBAL_DISCREPANCY,0.3961637773153515,0.2470101197683969,new_2026,0.0599454312130865,0.0308988376876073,0.3961637773153515,0.2470101197683969,0.0292670696590938,1.9967715750600117,72057.0,2711.0,2711.0,8.043106390687171e-06,0.9999227523803712,0.0085574705153703,76401.09375,topk,2711.0,2711.0,2236.0361328125,0.0,74165.0859375,mechanism,,,,,,,,,,,,
PatientID_0035_T1_to_T2_t1c,FACTORIAL_ERROR_ON_SUPPRESSION_ON,0.3932128367035756,0.2447199267114968,new_2026,0.0551528948618082,0.0283584733874726,0.3932128367035756,0.2447199267114968,0.027752062356576,1.973010487247348,78554.0,2711.0,2711.0,8.043060006457381e-06,0.9999227523803712,0.009024629369378,80571.890625,topk,2711.0,2711.0,2236.0361328125,0.0,78335.859375,mechanism,,,,,,,,,,,,
PatientID_0035_T1_to_T2_t1c,FACTORIAL_ERROR_ON_SUPPRESSION_OFF,0.3456289193386889,0.2089186177906535,new_2026,0.0509416591949474,0.026136549193789,0.3456289193386889,0.2089186177906535,0.0257192536605381,1.939066849686386,85272.0,2711.0,2711.0,8.043060006457381e-06,0.9999227523803712,0.0097379218786954,86940.1640625,topk,2711.0,2711.0,2236.0361328125,0.0,84704.0703125,mechanism,,,,,,,,,,,,
PatientID_0035_T1_to_T2_t1c,FACTORIAL_ERROR_OFF_SUPPRESSION_ON,0.261895979479547,0.1506791173279543,new_2026,0.0467672161915886,0.0239434933663034,0.261895979479547,0.1506791173279543,0.0231587587707889,1.8923833864232276,91372.0,2711.0,2711.0,9.999970643548297e-06,0.9999239444732666,0.0106937754899263,95474.03125,topk,2711.0,2711.0,2211.06005859375,0.0,93263.0234375,mechanism,,,,,,,,,,,,
PatientID_0035_T1_to_T2_t1c,FACTORIAL_ERROR_OFF_SUPPRESSION_OFF,0.2585761712912991,0.1484854905425787,new_2026,0.0437610645968635,0.022369999806577,0.2585761712912991,0.1484854905425787,0.0217511174881797,1.8645242275352123,97835.0,2711.0,2711.0,3.973682006271767e-13,0.9999239444732666,0.0113858319818973,101652.7109375,topk,2711.0,2711.0,2211.06005859375,0.0,99441.734375,mechanism,,,,,,,,,,,,
PatientID_0036_T1_to_T2_t1c,FIXED_P0,0.2783071349151406,0.161647376582119,frozen_v8,,,,,,,,,,,,,,,,,,,,mechanism,,,,,,,,,,,,
PatientID_0036_T1_to_T2_t1c,NAIVE,0.2783071349151406,0.161647376582119,frozen_v8,,,,,,,,,,,,,,,,,,,,mechanism,,,,,,,,,,,,
PatientID_0036_T1_to_T2_t1c,FULL_PCC,0.3912218640388039,0.2431795008268548,frozen_v8,,,,,,,,,,,,,,,,,,,,mechanism,,,,,,,,,,,,
PatientID_0036_T1_to_T2_t1c,ONE_ROUND,0.2885487690120064,0.1685988848489486,frozen_v8_P1,,,,,,,,,,,,,,,,,,,,mechanism,,,,,,,,,,,,
PatientID_0036_T1_to_T2_t1c,NO_ERROR_GUIDED_TERM,0.2811884860120304,0.1635947186353115,new_2026,0.225701943852094,0.1272063298940164,0.2811884860120304,0.1635947186353115,0.3326864463692259,1.7992794149309048,31754.0,70106.0,70106.0,9.999970643548297e-06,0.999926209449768,0.004056183155626,36213.6015625,topk,70106.0,70106.0,12047.7744140625,0.0,24165.796875,mechanism,,,,,,,,,,,,
PatientID_0036_T1_to_T2_t1c,NO_OUTSIDE_SUPPRESSION,0.3863150087054866,0.2393992698667945,new_2026,0.2700211944660697,0.1560835275035158,0.3863150087054866,0.2393992698667945,0.3958067316274452,1.917880826585881,35582.0,70106.0,70106.0,8.113976946333423e-06,0.999923825263977,0.0044819074682891,40014.46875,topk,70106.0,70106.0,15837.99609375,0.0,24176.482421875,mechanism,,,,,,,,,,,,
PatientID_0036_T1_to_T2_t1c,NO_SMOOTHING,0.4410178872033705,0.2828883561834786,new_2026,0.3340408358560876,0.2005096181548412,0.4410178872033705,0.2828883561834786,0.5001141041248208,2.1017729053712,30247.0,70106.0,70106.0,9.999970643548297e-06,0.999926209449768,0.0040932889096438,36544.8828125,topk,70106.0,70106.0,18276.611328125,0.0,18268.208984375,mechanism,,,,,,,,,,,,
PatientID_0036_T1_to_T2_t1c,GLOBAL_DISCREPANCY,0.3965423786880114,0.2473045582389131,new_2026,0.2853800000071462,0.1664392110302406,0.3965423786880114,0.2473045582389131,0.4405410932081687,1.997792524901366,29894.0,70106.0,70106.0,8.113976946333423e-06,0.999923825263977,0.0040267957374453,35951.234375,topk,70106.0,70106.0,15837.99609375,0.0,20113.197265625,mechanism,,,,,,,,,,,,
PatientID_0036_T1_to_T2_t1c,FACTORIAL_ERROR_ON_SUPPRESSION_ON,0.3912218640388039,0.2431795008268548,new_2026,0.2799050570905106,0.1627265159127039,0.3912218640388039,0.2431795008268548,0.4261587299050243,1.972353890510356,31850.0,70106.0,70106.0,8.113976946333423e-06,0.999923825263977,0.0041626957245171,37164.546875,topk,70106.0,70106.0,15837.99609375,0.0,21326.51171875,mechanism,,,,,,,,,,,,
PatientID_0036_T1_to_T2_t1c,FACTORIAL_ERROR_ON_SUPPRESSION_OFF,0.3863150087054866,0.2393992698667945,new_2026,0.2700211944660697,0.1560835275035158,0.3863150087054866,0.2393992698667945,0.3958067316274452,1.917880826585881,35582.0,70106.0,70106.0,8.113976946333423e-06,0.999923825263977,0.0044819074682891,40014.46875,topk,70106.0,70106.0,15837.99609375,0.0,24176.482421875,mechanism,,,,,,,,,,,,
PatientID_0036_T1_to_T2_t1c,FACTORIAL_ERROR_OFF_SUPPRESSION_ON,0.2811884860120304,0.1635947186353115,new_2026,0.225701943852094,0.1272063298940164,0.2811884860120304,0.1635947186353115,0.3326864463692259,1.7992794149309048,31754.0,70106.0,70106.0,9.999970643548297e-06,0.999926209449768,0.004056183155626,36213.6015625,topk,70106.0,70106.0,12047.7744140625,0.0,24165.796875,mechanism,,,,,,,,,,,,
PatientID_0036_T1_to_T2_t1c,FACTORIAL_ERROR_OFF_SUPPRESSION_OFF,0.2783071349151406,0.161647376582119,new_2026,0.2177310136546635,0.1221650689829089,0.2783071349151406,0.161647376582119,0.3084864417852356,1.751008735946632,35483.0,70106.0,70106.0,1.6366189341796882e-14,0.999926209449768,0.0043743718415498,39054.390625,topk,70106.0,70106.0,12047.75,0.0,27006.673828125,mechanism,,,,,,,,,,,,
PatientID_0037_T1_to_T2_t1c,FIXED_P0,0.3255041981739309,0.1943893784804946,frozen_v8,,,,,,,,,,,,,,,,,,,,mechanism,,,,,,,,,,,,
PatientID_0037_T1_to_T2_t1c,NAIVE,0.3255041981739309,0.1943893784804946,frozen_v8,,,,,,,,,,,,,,,,,,,,mechanism,,,,,,,,,,,,
PatientID_0037_T1_to_T2_t1c,FULL_PCC,0.377639543650065,0.232771664387332,frozen_v8,,,,,,,,,,,,,,,,,,,,mechanism,,,,,,,,,,,,
PatientID_0037_T1_to_T2_t1c,ONE_ROUND,0.330218416143683,0.1977614433812602,frozen_v8_P1,,,,,,,,,,,,,,,,,,,,mechanism,,,,,,,,,,,,
PatientID_0037_T1_to_T2_t1c,NO_ERROR_GUIDED_TERM,0.3308878908849496,0.1982418611003703,new_2026,0.3409324296649761,0.2054964100140469,0.3308878908849496,0.1982418611003703,0.2907053836450808,2.007155443545222,46924.0,35849.0,35849.0,9.999970643548297e-06,0.9999899864196776,0.0055140289478003,49229.25,topk,35849.0,35849.0,14311.2080078125,0.0,34918.015625,mechanism,,,,,,,,,,,,
PatientID_0037_T1_to_T2_t1c,NO_OUTSIDE_SUPPRESSION,0.3732600630509462,0.2294528182308854,new_2026,0.3751888052606426,0.2309122478260796,0.3732600630509462,0.2294528182308854,0.3365474111319049,2.099765039250754,44260.0,35849.0,35849.0,8.383740350836888e-06,0.9999899864196776,0.0051351236179471,45846.3828125,topk,35849.0,35849.0,15429.4814453125,0.0,30416.890625,mechanism,,,,,,,,,,,,
PatientID_0037_T1_to_T2_t1c,NO_SMOOTHING,0.4549080867045816,0.2944213757123231,new_2026,0.4603764693632959,0.2990188576697611,0.4549080867045816,0.2944213757123231,0.4152384393733745,2.245847549711227,40545.0,35849.0,35849.0,9.999970643548297e-06,0.9999899864196776,0.0048518413677811,43317.23828125,topk,35849.0,35849.0,17986.982421875,0.0,25330.224609375,mechanism,,,,,,,,,,,,
PatientID_0037_T1_to_T2_t1c,GLOBAL_DISCREPANCY,0.3783927027339899,0.2333442279044029,new_2026,0.3812568181320083,0.2355264395317756,0.3783927027339899,0.2333442279044029,0.3441837099420682,2.114536583714907,42985.0,35849.0,35849.0,8.383740350836888e-06,0.9999899864196776,0.0050211921334266,44829.203125,topk,35849.0,35849.0,15429.4814453125,0.0,29399.72265625,mechanism,,,,,,,,,,,,
PatientID_0037_T1_to_T2_t1c,FACTORIAL_ERROR_ON_SUPPRESSION_ON,0.377639543650065,0.232771664387332,new_2026,0.3795237012983367,0.2342050307135522,0.377639543650065,0.232771664387332,0.3422463190916058,2.110804144598073,43345.0,35849.0,35849.0,8.383740350836888e-06,0.9999899864196776,0.0050496160984039,45082.97265625,topk,35849.0,35849.0,15429.4814453125,0.0,29653.48046875,mechanism,,,,,,,,,,,,
PatientID_0037_T1_to_T2_t1c,FACTORIAL_ERROR_ON_SUPPRESSION_OFF,0.3732600630509462,0.2294528182308854,new_2026,0.3751888052606426,0.2309122478260796,0.3732600630509462,0.2294528182308854,0.3365474111319049,2.099765039250754,44260.0,35849.0,35849.0,8.383740350836888e-06,0.9999899864196776,0.0051351236179471,45846.3828125,topk,35849.0,35849.0,15429.4814453125,0.0,30416.890625,mechanism,,,,,,,,,,,,
PatientID_0037_T1_to_T2_t1c,FACTORIAL_ERROR_OFF_SUPPRESSION_ON,0.3308878908849496,0.1982418611003703,new_2026,0.3409324296649761,0.2054964100140469,0.3308878908849496,0.1982418611003703,0.2907053836450808,2.007155443545222,46924.0,35849.0,35849.0,9.999970643548297e-06,0.9999899864196776,0.0055140289478003,49229.25,topk,35849.0,35849.0,14311.2080078125,0.0,34918.015625,mechanism,,,,,,,,,,,,
PatientID_0037_T1_to_T2_t1c,FACTORIAL_ERROR_OFF_SUPPRESSION_OFF,0.3255041981739309,0.1943893784804946,new_2026,0.3372209741487355,0.2028056457986776,0.3255041981739309,0.1943893784804946,0.2862817995686371,1.9977960567321824,47835.0,35849.0,35849.0,3.779658877545167e-11,0.9999985694885254,0.0055992305278778,49989.9296875,topk,35849.0,35849.0,14311.20703125,0.0,35678.69140625,mechanism,,,,,,,,,,,,
PatientID_0038_T1_to_T2_t1c,FIXED_P0,0.251089406475374,0.1435690351588717,frozen_v8,,,,,,,,,,,,,,,,,,,,mechanism,,,,,,,,,,,,
PatientID_0038_T1_to_T2_t1c,NAIVE,0.251089406475374,0.1435690351588717,frozen_v8,,,,,,,,,,,,,,,,,,,,mechanism,,,,,,,,,,,,
PatientID_0038_T1_to_T2_t1c,FULL_PCC,0.3394815927997843,0.204443137361617,frozen_v8,,,,,,,,,,,,,,,,,,,,mechanism,,,,,,,,,,,,
PatientID_0038_T1_to_T2_t1c,ONE_ROUND,0.2588655146645592,0.1486763468651173,frozen_v8_P1,,,,,,,,,,,,,,,,,,,,mechanism,,,,,,,,,,,,
PatientID_0038_T1_to_T2_t1c,NO_ERROR_GUIDED_TERM,0.2624718257088191,0.1510604717715378,new_2026,0.2423768890872339,0.1379003767076601,0.2624718257088191,0.1510604717715378,0.2483503537087179,2.0432969210389715,22015.0,26620.0,26620.0,9.999970643548297e-06,0.99977844953537,0.0028219977393746,25194.794921875,topk,26620.0,26620.0,6257.13623046875,0.0,18937.64453125,mechanism,,,,,,,,,,,,
PatientID_0038_T1_to_T2_t1c,NO_OUTSIDE_SUPPRESSION,0.3251314801028337,0.194123584183153,new_2026,0.2999917505506518,0.1764648793115015,0.3251314801028337,0.194123584183153,0.3187667007869028,2.1944249069451027,21868.0,26620.0,26620.0,8.292051461467054e-06,0.9996139407157898,0.0027708527632057,24738.173828125,topk,26620.0,26620.0,7885.7060546875,0.0,16852.435546875,mechanism,,,,,,,,,,,,
PatientID_0038_T1_to_T2_t1c,NO_SMOOTHING,0.4484973704085556,0.2890729038209953,new_2026,0.4007795582633006,0.2506093267819257,0.4484973704085556,0.2890729038209953,0.4182654901998928,2.3809752067501564,19560.0,26620.0,26620.0,9.999970643548297e-06,0.9996080994606018,0.0026211021468043,23401.19921875,topk,26620.0,26620.0,9787.9140625,0.0,13613.2373046875,mechanism,,,,,,,,,,,,
PatientID_0038_T1_to_T2_t1c,GLOBAL_DISCREPANCY,0.3444402704856416,0.2080506455671972,new_2026,0.3092459128067426,0.1829041344134668,0.3444402704856416,0.2080506455671972,0.3342549706113643,2.225017650731874,20417.0,26620.0,26620.0,8.292051461467054e-06,0.9996139407157898,0.0026424606330692,23591.888671875,topk,26620.0,26620.0,7885.7060546875,0.0,15706.150390625,mechanism,,,,,,,,,,,,
PatientID_0038_T1_to_T2_t1c,FACTORIAL_ERROR_ON_SUPPRESSION_ON,0.3394815927997843,0.204443137361617,new_2026,0.3074874223289331,0.1816751180480684,0.3394815927997843,0.204443137361617,0.3308222274879507,2.218301350774105,20686.0,26620.0,26620.0,8.292051461467054e-06,0.9996139407157898,0.0026698799338191,23836.6875,topk,26620.0,26620.0,7885.7060546875,0.0,15950.93359375,mechanism,,,,,,,,,,,,
PatientID_0038_T1_to_T2_t1c,FACTORIAL_ERROR_ON_SUPPRESSION_OFF,0.3251314801028337,0.194123584183153,new_2026,0.2999917505506518,0.1764648793115015,0.3251314801028337,0.194123584183153,0.3187667007869028,2.1944249069451027,21868.0,26620.0,26620.0,8.292051461467054e-06,0.9996139407157898,0.0027708527632057,24738.173828125,topk,26620.0,26620.0,7885.7060546875,0.0,16852.435546875,mechanism,,,,,,,,,,,,
PatientID_0038_T1_to_T2_t1c,FACTORIAL_ERROR_OFF_SUPPRESSION_ON,0.2624718257088191,0.1510604717715378,new_2026,0.2423768890872339,0.1379003767076601,0.2624718257088191,0.1510604717715378,0.2483503537087179,2.0432969210389715,22015.0,26620.0,26620.0,9.999970643548297e-06,0.99977844953537,0.0028219977393746,25194.794921875,topk,26620.0,26620.0,6257.13623046875,0.0,18937.64453125,mechanism,,,,,,,,,,,,
PatientID_0038_T1_to_T2_t1c,FACTORIAL_ERROR_OFF_SUPPRESSION_OFF,0.251089406475374,0.1435690351588717,new_2026,0.2365453305125708,0.1341374601926687,0.251089406475374,0.1435690351588717,0.2397505643241114,2.0230508623488888,23214.0,26620.0,26620.0,3.2612166439571766e-11,0.99977844953537,0.002923221560195,26098.521484375,topk,26620.0,26620.0,6257.13525390625,0.0,19841.38671875,mechanism,,,,,,,,,,,,
PatientID_0039_T1_to_T2_t1c,FIXED_P0,0.0872872149425412,0.0456352965261057,frozen_v8,,,,,,,,,,,,,,,,,,,,mechanism,,,,,,,,,,,,
PatientID_0039_T1_to_T2_t1c,NAIVE,0.0887359653950134,0.0464278948178078,frozen_v8,,,,,,,,,,,,,,,,,,,,mechanism,,,,,,,,,,,,
PatientID_0039_T1_to_T2_t1c,FULL_PCC,0.2875769649968169,0.1679357023756481,frozen_v8,,,,,,,,,,,,,,,,,,,,mechanism,,,,,,,,,,,,
PatientID_0039_T1_to_T2_t1c,ONE_ROUND,0.103947845145971,0.0548233048605877,frozen_v8_P1,,,,,,,,,,,,,,,,,,,,mechanism,,,,,,,,,,,,
PatientID_0039_T1_to_T2_t1c,NO_ERROR_GUIDED_TERM,0.0985150309492004,0.0518095239901315,new_2026,0.0895182888966225,0.0468563966845862,0.0985150309492004,0.0518095239901315,0.0426097352212588,2.157973139446329,51753.0,2761.0,2761.0,9.999970643548297e-06,0.9999880790710448,0.0062853931449353,56115.98828125,topk,2761.0,2761.0,2391.08740234375,0.0,53724.828125,mechanism,,,,,,,,,,,,
PatientID_0039_T1_to_T2_t1c,NO_OUTSIDE_SUPPRESSION,0.1539297357562604,0.0833823819730464,new_2026,0.0802724876106526,0.0418145216486656,0.1539297357562604,0.0833823819730464,0.0397615710952057,2.126637387350888,58306.0,2761.0,2761.0,8.129762136377394e-06,0.9999630451202391,0.0067043495364487,59856.43359375,topk,2761.0,2761.0,2379.98583984375,0.0,57476.4296875,mechanism,,,,,,,,,,,,
PatientID_0039_T1_to_T2_t1c,NO_SMOOTHING,0.5483520464418051,0.3777445111332973,new_2026,0.1129124129362285,0.0598342195300602,0.5483520464418051,0.3777445111332973,0.0535092569738636,2.261865774842344,42885.0,2761.0,2761.0,9.999970643548297e-06,0.9999535083770752,0.005245269741863,46829.76953125,topk,2761.0,2761.0,2505.826171875,0.0,44323.875,mechanism,,,,,,,,,,,,
PatientID_0039_T1_to_T2_t1c,GLOBAL_DISCREPANCY,0.2901122782886432,0.1696674435141564,new_2026,0.1256053501646141,0.0670111548811512,0.2901122782886432,0.1696674435141564,0.054698555104926,2.2719583518718838,36266.0,2761.0,2761.0,8.129762136377394e-06,0.9999630451202391,0.0048735379241406,43510.9453125,topk,2761.0,2761.0,2379.98583984375,0.0,41130.9296875,mechanism,,,,,,,,,,,,
PatientID_0039_T1_to_T2_t1c,FACTORIAL_ERROR_ON_SUPPRESSION_ON,0.2875769649968169,0.1679357023756481,new_2026,0.0986079819943151,0.0518609424461636,0.2875769649968169,0.1679357023756481,0.0476102542851771,2.208439176059063,46951.0,2761.0,2761.0,8.129762136377394e-06,0.9999630451202391,0.0055991187691688,49988.93359375,topk,2761.0,2761.0,2379.98583984375,0.0,47608.8671875,mechanism,,,,,,,,,,,,
PatientID_0039_T1_to_T2_t1c,FACTORIAL_ERROR_ON_SUPPRESSION_OFF,0.1539297357562604,0.0833823819730464,new_2026,0.0802724876106526,0.0418145216486656,0.1539297357562604,0.0833823819730464,0.0397615710952057,2.126637387350888,58306.0,2761.0,2761.0,8.129762136377394e-06,0.9999630451202391,0.0067043495364487,59856.43359375,topk,2761.0,2761.0,2379.98583984375,0.0,57476.4296875,mechanism,,,,,,,,,,,,
PatientID_0039_T1_to_T2_t1c,FACTORIAL_ERROR_OFF_SUPPRESSION_ON,0.0985150309492004,0.0518095239901315,new_2026,0.0895182888966225,0.0468563966845862,0.0985150309492004,0.0518095239901315,0.0426097352212588,2.157973139446329,51753.0,2761.0,2761.0,9.999970643548297e-06,0.9999880790710448,0.0062853931449353,56115.98828125,topk,2761.0,2761.0,2391.08740234375,0.0,53724.828125,mechanism,,,,,,,,,,,,
PatientID_0039_T1_to_T2_t1c,FACTORIAL_ERROR_OFF_SUPPRESSION_OFF,0.0872872149425412,0.0456352965261057,new_2026,0.0741292096569377,0.0384912684917655,0.0872872149425412,0.0456352965261057,0.0362466345112972,2.0848549581835,63070.0,2761.0,2761.0,1.1889217388372228e-10,0.9999880790710448,0.0073887943290174,65967.15625,topk,2761.0,2761.0,2391.08740234375,0.0,63576.01953125,mechanism,,,,,,,,,,,,
PatientID_0041_T1_to_T2_t1c,FIXED_P0,0.2929716399942681,0.1716266975461119,frozen_v8,,,,,,,,,,,,,,,,,,,,mechanism,,,,,,,,,,,,
PatientID_0041_T1_to_T2_t1c,NAIVE,0.2933415536810517,0.1718806445219362,frozen_v8,,,,,,,,,,,,,,,,,,,,mechanism,,,,,,,,,,,,
PatientID_0041_T1_to_T2_t1c,FULL_PCC,0.451664611624435,0.2917098033533718,frozen_v8,,,,,,,,,,,,,,,,,,,,mechanism,,,,,,,,,,,,
PatientID_0041_T1_to_T2_t1c,ONE_ROUND,0.3293464858613226,0.1971363200828742,frozen_v8_P1,,,,,,,,,,,,,,,,,,,,mechanism,,,,,,,,,,,,
PatientID_0041_T1_to_T2_t1c,NO_ERROR_GUIDED_TERM,0.339950678215786,0.204783480709739,new_2026,0.2824180587748852,0.1644277061979955,0.339950678215786,0.204783480709739,0.1690422004730752,2.3497523984942887,21881.0,8110.0,8110.0,9.999970643548297e-06,0.9990891218185424,0.0027638189494609,24675.375,topk,8110.0,8110.0,4171.1796875,0.0,20504.220703125,mechanism,,,,,,,,,,,,
PatientID_0041_T1_to_T2_t1c,NO_OUTSIDE_SUPPRESSION,0.3966707768559389,0.2474044451859259,new_2026,0.2692706859367465,0.1555822067467807,0.3966707768559389,0.2474044451859259,0.1667773857220933,2.342712938386646,23687.0,8110.0,8110.0,8.19552496977849e-06,0.9988024234771729,0.0028496664017438,25441.822265625,topk,8110.0,8110.0,4243.12060546875,0.0,21198.701171875,mechanism,,,,,,,,,,,,
PatientID_0041_T1_to_T2_t1c,NO_SMOOTHING,0.5109741060720732,0.3431599868049718,new_2026,0.3560225369515752,0.2165616895509187,0.5109741060720732,0.3431599868049718,0.2240485362739922,2.501842846156037,18158.0,8110.0,8110.0,9.999970643548297e-06,0.9985550045967102,0.0023369609843939,20864.388671875,topk,8110.0,8110.0,4674.6357421875,0.0,16189.7890625,mechanism,,,,,,,,,,,,
PatientID_0041_T1_to_T2_t1c,GLOBAL_DISCREPANCY,0.4546239211187038,0.2941833559966342,new_2026,0.3441318328237889,0.2078256226414959,0.4546239211187038,0.2941833559966342,0.2095384772525136,2.464718698466719,16770.0,8110.0,8110.0,8.19552496977849e-06,0.9988024234771729,0.0022681271657347,20249.83984375,topk,8110.0,8110.0,4243.12060546875,0.0,16006.740234375,mechanism,,,,,,,,,,,,
PatientID_0041_T1_to_T2_t1c,FACTORIAL_ERROR_ON_SUPPRESSION_ON,0.451664611624435,0.2917098033533718,new_2026,0.309421415947764,0.1830269346223588,0.451664611624435,0.2917098033533718,0.1929623618727526,2.4199148961053143,19561.0,8110.0,8110.0,8.19552496977849e-06,0.9988024234771729,0.0024629670660942,21989.369140625,topk,8110.0,8110.0,4243.12060546875,0.0,17746.263671875,mechanism,,,,,,,,,,,,
PatientID_0041_T1_to_T2_t1c,FACTORIAL_ERROR_ON_SUPPRESSION_OFF,0.3966707768559389,0.2474044451859259,new_2026,0.2692706859367465,0.1555822067467807,0.3966707768559389,0.2474044451859259,0.1667773857220933,2.342712938386646,23687.0,8110.0,8110.0,8.19552496977849e-06,0.9988024234771729,0.0028496664017438,25441.822265625,topk,8110.0,8110.0,4243.12060546875,0.0,21198.701171875,mechanism,,,,,,,,,,,,
PatientID_0041_T1_to_T2_t1c,FACTORIAL_ERROR_OFF_SUPPRESSION_ON,0.339950678215786,0.204783480709739,new_2026,0.2824180587748852,0.1644277061979955,0.339950678215786,0.204783480709739,0.1690422004730752,2.3497523984942887,21881.0,8110.0,8110.0,9.999970643548297e-06,0.9990891218185424,0.0027638189494609,24675.375,topk,8110.0,8110.0,4171.1796875,0.0,20504.220703125,mechanism,,,,,,,,,,,,
PatientID_0041_T1_to_T2_t1c,FACTORIAL_ERROR_OFF_SUPPRESSION_OFF,0.2929716399942681,0.1716266975461119,new_2026,0.2482633291541383,0.1417241148804724,0.2929716399942681,0.1716266975461119,0.1483043982654403,2.282206986037848,26007.0,8110.0,8110.0,1.6638748755529176e-12,0.9990891218185424,0.0031502898782491,28125.7890625,topk,8110.0,8110.0,4171.17822265625,0.0,23954.59375,mechanism,,,,,,,,,,,,
PatientID_0044_T1_to_T2_t1c,FIXED_P0,0.1633150520526157,0.088918381191467,frozen_v8,,,,,,,,,,,,,,,,,,,,mechanism,,,,,,,,,,,,
PatientID_0044_T1_to_T2_t1c,NAIVE,0.1547836687523511,0.0838837519538032,frozen_v8,,,,,,,,,,,,,,,,,,,,mechanism,,,,,,,,,,,,
PatientID_0044_T1_to_T2_t1c,FULL_PCC,0.3217550276289595,0.1917211331910961,frozen_v8,,,,,,,,,,,,,,,,,,,,mechanism,,,,,,,,,,,,
PatientID_0044_T1_to_T2_t1c,ONE_ROUND,0.1755027424815652,0.096192385071412,frozen_v8_P1,,,,,,,,,,,,,,,,,,,,mechanism,,,,,,,,,,,,
PatientID_0044_T1_to_T2_t1c,NO_ERROR_GUIDED_TERM,0.1633150520526157,0.088918381191467,new_2026,0.0398231905212619,0.0203161216590757,0.1633150520526157,0.088918381191467,0.018833160440464,2.0187457551842067,71432.0,1641.0,1641.0,9.999970643548297e-06,0.9999631643295288,0.008579259738326,76595.6328125,topk,1641.0,1641.0,1442.537841796875,0.0,75153.0625,mechanism,,,,,,,,,,,,
PatientID_0044_T1_to_T2_t1c,NO_OUTSIDE_SUPPRESSION,0.3217550276289595,0.1917211331910961,new_2026,0.0418499343979659,0.0213721793580779,0.3217550276289595,0.1917211331910961,0.0205157915895736,2.056655964835202,67702.0,1641.0,1641.0,8.057671038841363e-06,0.999956488609314,0.0077896872535347,69546.328125,topk,1641.0,1641.0,1426.7979736328125,0.0,68119.546875,mechanism,,,,,,,,,,,,
PatientID_0044_T1_to_T2_t1c,NO_SMOOTHING,0.624619134788355,0.4541426674992723,new_2026,0.0523266743159709,0.0268662478674259,0.624619134788355,0.4541426674992723,0.0248000952497806,2.14092472630122,56876.0,1641.0,1641.0,9.999970643548297e-06,0.999956488609314,0.0067657371982932,60404.5,topk,1641.0,1641.0,1498.037353515625,0.0,58906.47265625,mechanism,,,,,,,,,,,,
PatientID_0044_T1_to_T2_t1c,GLOBAL_DISCREPANCY,0.3217550276289595,0.1917211331910961,new_2026,0.0481531875510544,0.0246705772502818,0.3217550276289595,0.1917211331910961,0.0228736872109873,2.104950424711617,58625.0,1641.0,1641.0,8.057671038841363e-06,0.999956488609314,0.00698670046404,62377.26171875,topk,1641.0,1641.0,1426.7979736328125,0.0,60950.4921875,mechanism,,,,,,,,,,,,
PatientID_0044_T1_to_T2_t1c,FACTORIAL_ERROR_ON_SUPPRESSION_ON,0.3217550276289595,0.1917211331910961,new_2026,0.0452067171535469,0.0231260857940626,0.3217550276289595,0.1917211331910961,0.0219582360545195,2.086805261716491,62553.0,1641.0,1641.0,8.057671038841363e-06,0.999956488609314,0.0072779799811542,64977.8046875,topk,1641.0,1641.0,1426.7979736328125,0.0,63551.0,mechanism,,,,,,,,,,,,
PatientID_0044_T1_to_T2_t1c,FACTORIAL_ERROR_ON_SUPPRESSION_OFF,0.3217550276289595,0.1917211331910961,new_2026,0.0418499343979659,0.0213721793580779,0.3217550276289595,0.1917211331910961,0.0205157915895736,2.056655964835202,67702.0,1641.0,1641.0,8.057671038841363e-06,0.999956488609314,0.0077896872535347,69546.328125,topk,1641.0,1641.0,1426.7979736328125,0.0,68119.546875,mechanism,,,,,,,,,,,,
PatientID_0044_T1_to_T2_t1c,FACTORIAL_ERROR_OFF_SUPPRESSION_ON,0.1633150520526157,0.088918381191467,new_2026,0.0398231905212619,0.0203161216590757,0.1633150520526157,0.088918381191467,0.018833160440464,2.0187457551842067,71432.0,1641.0,1641.0,9.999970643548297e-06,0.9999631643295288,0.008579259738326,76595.6328125,topk,1641.0,1641.0,1442.537841796875,0.0,75153.0625,mechanism,,,,,,,,,,,,
PatientID_0044_T1_to_T2_t1c,FACTORIAL_ERROR_OFF_SUPPRESSION_OFF,0.1633150520526157,0.088918381191467,new_2026,0.0372799713157231,0.0189940341890135,0.1633150520526157,0.088918381191467,0.0178049979345025,1.9939097843772295,76417.0,1641.0,1641.0,3.395256515173473e-12,0.9999631643295288,0.0090746758505702,81018.703125,topk,1641.0,1641.0,1442.537841796875,0.0,79576.109375,mechanism,,,,,,,,,,,,
PatientID_0045_T1_to_T2_t1c,FIXED_P0,0.2815845031363978,0.163862874641249,frozen_v8,,,,,,,,,,,,,,,,,,,,mechanism,,,,,,,,,,,,
PatientID_0045_T1_to_T2_t1c,NAIVE,0.2815845031363978,0.163862874641249,frozen_v8,,,,,,,,,,,,,,,,,,,,mechanism,,,,,,,,,,,,
PatientID_0045_T1_to_T2_t1c,FULL_PCC,0.3798844401701925,0.2344798418065855,frozen_v8,,,,,,,,,,,,,,,,,,,,mechanism,,,,,,,,,,,,
PatientID_0045_T1_to_T2_t1c,ONE_ROUND,0.2900477795539645,0.1696233240283143,frozen_v8_P1,,,,,,,,,,,,,,,,,,,,mechanism,,,,,,,,,,,,
PatientID_0045_T1_to_T2_t1c,NO_ERROR_GUIDED_TERM,0.2882328975213135,0.1683832439072141,new_2026,0.2656146449518511,0.1531462683245884,0.2882328975213135,0.1683832439072141,0.3579326541287169,1.9619597924739256,25975.0,53998.0,53998.0,9.999970643548297e-06,0.999823033809662,0.003422835143283,30559.072265625,topk,53998.0,53998.0,10938.08984375,0.0,19621.01953125,mechanism,,,,,,,,,,,,
PatientID_0045_T1_to_T2_t1c,NO_OUTSIDE_SUPPRESSION,0.369198859222849,0.2263910969881173,new_2026,0.3054317242418,0.1802416158856938,0.369198859222849,0.2263910969881173,0.3854813530740719,2.0132093172962504,32365.0,53998.0,53998.0,8.524294571543578e-06,0.9998027682304382,0.0040731658227741,36365.22265625,topk,53998.0,53998.0,14018.115234375,0.0,22347.0625,mechanism,,,,,,,,,,,,
PatientID_0045_T1_to_T2_t1c,NO_SMOOTHING,0.429127004709164,0.2731774026304681,new_2026,0.3740177186123678,0.2300257037873816,0.429127004709164,0.2731774026304681,0.4947125361342785,2.206553571426217,25918.0,53998.0,53998.0,9.999970643548297e-06,0.999823033809662,0.0035320024471729,31533.71875,topk,53998.0,53998.0,15600.1259765625,0.0,15933.6025390625,mechanism,,,,,,,,,,,,
PatientID_0045_T1_to_T2_t1c,GLOBAL_DISCREPANCY,0.390292233051314,0.2424615455500689,new_2026,0.3411801226253825,0.2056764132677477,0.390292233051314,0.2424615455500689,0.4724377962083715,2.16781064508825,23316.0,53998.0,53998.0,8.524294571543578e-06,0.9998027682304382,0.0033234627917408,29671.875,topk,53998.0,53998.0,14018.115234375,0.0,15653.7490234375,mechanism,,,,,,,,,,,,
PatientID_0045_T1_to_T2_t1c,FACTORIAL_ERROR_ON_SUPPRESSION_ON,0.3798844401701925,0.2344798418065855,new_2026,0.3262585034096938,0.1949276540518921,0.3798844401701925,0.2344798418065855,0.4382270393123351,2.107877832437348,26852.0,53998.0,53998.0,8.524294571543578e-06,0.9998027682304382,0.0035829131957143,31988.248046875,topk,53998.0,53998.0,14018.115234375,0.0,17970.142578125,mechanism,,,,,,,,,,,,
PatientID_0045_T1_to_T2_t1c,FACTORIAL_ERROR_ON_SUPPRESSION_OFF,0.369198859222849,0.2263910969881173,new_2026,0.3054317242418,0.1802416158856938,0.369198859222849,0.2263910969881173,0.3854813530740719,2.0132093172962504,32365.0,53998.0,53998.0,8.524294571543578e-06,0.9998027682304382,0.0040731658227741,36365.22265625,topk,53998.0,53998.0,14018.115234375,0.0,22347.0625,mechanism,,,,,,,,,,,,
PatientID_0045_T1_to_T2_t1c,FACTORIAL_ERROR_OFF_SUPPRESSION_ON,0.2882328975213135,0.1683832439072141,new_2026,0.2656146449518511,0.1531462683245884,0.2882328975213135,0.1683832439072141,0.3579326541287169,1.9619597924739256,25975.0,53998.0,53998.0,9.999970643548297e-06,0.999823033809662,0.003422835143283,30559.072265625,topk,53998.0,53998.0,10938.08984375,0.0,19621.01953125,mechanism,,,,,,,,,,,,
PatientID_0045_T1_to_T2_t1c,FACTORIAL_ERROR_OFF_SUPPRESSION_OFF,0.2815845031363978,0.163862874641249,new_2026,0.2484996666013675,0.1418781726002955,0.2815845031363978,0.163862874641249,0.31314994721459,1.8746295297843725,31483.0,53998.0,53998.0,9.136291983374845e-13,0.999823033809662,0.0039123226888477,34929.21875,topk,53998.0,53998.0,10938.0830078125,0.0,23991.19921875,mechanism,,,,,,,,,,,,
PatientID_0051_T1_to_T3_t1c,FIXED_P0,0.2779184603925703,0.1613851922961038,frozen_v8,,,,,,,,,,,,,,,,,,,,mechanism,,,,,,,,,,,,
PatientID_0051_T1_to_T3_t1c,NAIVE,0.2759559382351242,0.1600631586986353,frozen_v8,,,,,,,,,,,,,,,,,,,,mechanism,,,,,,,,,,,,
PatientID_0051_T1_to_T3_t1c,FULL_PCC,0.4611927070314892,0.2997079031019991,frozen_v8,,,,,,,,,,,,,,,,,,,,mechanism,,,,,,,,,,,,
PatientID_0051_T1_to_T3_t1c,ONE_ROUND,0.2965307673051237,0.1740746246776395,frozen_v8_P1,,,,,,,,,,,,,,,,,,,,mechanism,,,,,,,,,,,,
PatientID_0051_T1_to_T3_t1c,NO_ERROR_GUIDED_TERM,0.2809572043782933,0.1634381675199441,new_2026,0.1850896205374817,0.1019827880418396,0.2809572043782933,0.1634381675199441,0.0992023954735702,1.7933327121365523,129539.0,15796.0,15796.0,9.999970643548297e-06,0.9999899864196776,0.0150091936811804,134002.078125,topk,15796.0,15796.0,13293.3271484375,0.0,120708.7265625,mechanism,,,,,,,,,,,,
PatientID_0051_T1_to_T3_t1c,NO_OUTSIDE_SUPPRESSION,0.4339706254927206,0.2771152524850582,new_2026,0.1918982304086994,0.1061324277440579,0.4339706254927206,0.2771152524850582,0.1076960903949166,1.833124686889816,124914.0,15796.0,15796.0,7.974983418534975e-06,0.999987006187439,0.0138291390612721,123466.5546875,topk,15796.0,15796.0,13296.865234375,0.0,110169.71875,mechanism,,,,,,,,,,,,
PatientID_0051_T1_to_T3_t1c,NO_SMOOTHING,0.613509749315855,0.4424912104724674,new_2026,0.2244760083087829,0.1264280344091978,0.613509749315855,0.4424912104724674,0.1263553622651948,1.91169635230738,107059.0,15796.0,15796.0,9.999970643548297e-06,0.9999899864196776,0.0121158827096223,108170.6015625,topk,15796.0,15796.0,13667.935546875,0.0,94502.6875,mechanism,,,,,,,,,,,,
PatientID_0051_T1_to_T3_t1c,GLOBAL_DISCREPANCY,0.4624588503588738,0.3007781941243966,new_2026,0.2176299436685046,0.1221014361762281,0.4624588503588738,0.3007781941243966,0.1198963614245252,1.8857094782199144,108277.0,15796.0,15796.0,7.974983418534975e-06,0.999987006187439,0.0124219302088022,110902.9921875,topk,15796.0,15796.0,13296.865234375,0.0,97606.1953125,mechanism,,,,,,,,,,,,
PatientID_0051_T1_to_T3_t1c,FACTORIAL_ERROR_ON_SUPPRESSION_ON,0.4611927070314892,0.2997079031019991,new_2026,0.2053243504307285,0.114407497804264,0.4611927070314892,0.2997079031019991,0.1152197985127734,1.8661289523870503,115713.0,15796.0,15796.0,7.974983418534975e-06,0.999987006187439,0.0129261137917637,115404.34375,topk,15796.0,15796.0,13296.865234375,0.0,102107.5703125,mechanism,,,,,,,,,,,,
PatientID_0051_T1_to_T3_t1c,FACTORIAL_ERROR_ON_SUPPRESSION_OFF,0.4339706254927206,0.2771152524850582,new_2026,0.1918982304086994,0.1061324277440579,0.4339706254927206,0.2771152524850582,0.1076960903949166,1.833124686889816,124914.0,15796.0,15796.0,7.974983418534975e-06,0.999987006187439,0.0138291390612721,123466.5546875,topk,15796.0,15796.0,13296.865234375,0.0,110169.71875,mechanism,,,,,,,,,,,,
PatientID_0051_T1_to_T3_t1c,FACTORIAL_ERROR_OFF_SUPPRESSION_ON,0.2809572043782933,0.1634381675199441,new_2026,0.1850896205374817,0.1019827880418396,0.2809572043782933,0.1634381675199441,0.0992023954735702,1.7933327121365523,129539.0,15796.0,15796.0,9.999970643548297e-06,0.9999899864196776,0.0150091936811804,134002.078125,topk,15796.0,15796.0,13293.3271484375,0.0,120708.7265625,mechanism,,,,,,,,,,,,
PatientID_0051_T1_to_T3_t1c,FACTORIAL_ERROR_OFF_SUPPRESSION_OFF,0.2779184603925703,0.1613851922961038,new_2026,0.1742498834069139,0.0954401600904344,0.2779184603925703,0.1613851922961038,0.0936091258940974,1.7654409549544492,138580.0,15796.0,15796.0,1.4050580143809556e-11,0.9999984502792358,0.0159060098230838,142008.859375,topk,15796.0,15796.0,13293.3251953125,0.0,128715.359375,mechanism,,,,,,,,,,,,
PatientID_0052_T1_to_T2_t1c,FIXED_P0,0.1617208077444749,0.0879740185526799,frozen_v8,,,,,,,,,,,,,,,,,,,,mechanism,,,,,,,,,,,,
PatientID_0052_T1_to_T2_t1c,NAIVE,0.1617208077444749,0.0879740185526799,frozen_v8,,,,,,,,,,,,,,,,,,,,mechanism,,,,,,,,,,,,
PatientID_0052_T1_to_T2_t1c,FULL_PCC,0.2649253731504625,0.1526881720644481,frozen_v8,,,,,,,,,,,,,,,,,,,,mechanism,,,,,,,,,,,,
PatientID_0052_T1_to_T2_t1c,ONE_ROUND,0.1703687445309401,0.0931164375562485,frozen_v8_P1,,,,,,,,,,,,,,,,,,,,mechanism,,,,,,,,,,,,
PatientID_0052_T1_to_T2_t1c,NO_ERROR_GUIDED_TERM,0.1913959613873705,0.1058252427401498,new_2026,0.2031376295245217,0.1130513014678256,0.1913959613873705,0.1058252427401498,0.1642726327894739,1.885592161458308,31656.0,22780.0,22780.0,9.999970643548297e-06,0.9987061023712158,0.0039908634498715,35630.4296875,topk,22780.0,22780.0,5853.1044921875,0.0,29777.193359375,mechanism,,,,,,,,,,,,
PatientID_0052_T1_to_T2_t1c,NO_OUTSIDE_SUPPRESSION,0.2317822651617256,0.1310824230603008,new_2026,0.2600356014229659,0.1494488057635408,0.2317822651617256,0.1310824230603008,0.2139936724909641,2.027066711033478,32274.0,22780.0,22780.0,8.366328074771445e-06,0.9988617897033693,0.0040356931276619,36030.66796875,topk,22780.0,22780.0,7710.3349609375,0.0,28320.185546875,mechanism,,,,,,,,,,,,
PatientID_0052_T1_to_T2_t1c,NO_SMOOTHING,0.3710711150269739,0.2278006845277764,new_2026,0.3797113574695731,0.2343479720332959,0.3710711150269739,0.2278006845277764,0.3003612431958524,2.22485877681995,25030.0,22780.0,22780.0,9.999970643548297e-06,0.997724950313568,0.0034337965771555,30656.935546875,topk,22780.0,22780.0,9208.1552734375,0.0,21448.798828125,mechanism,,,,,,,,,,,,
PatientID_0052_T1_to_T2_t1c,GLOBAL_DISCREPANCY,0.2882791922895461,0.1684148437112196,new_2026,0.2946163977754648,0.1727566732834687,0.2882791922895461,0.1684148437112196,0.2481614470425732,2.110699383595598,25812.0,22780.0,22780.0,8.366328074771445e-06,0.9976851940155028,0.0034800441935658,31069.833984375,topk,22780.0,22780.0,7710.3349609375,0.0,23359.478515625,mechanism,,,,,,,,,,,,
PatientID_0052_T1_to_T2_t1c,FACTORIAL_ERROR_ON_SUPPRESSION_ON,0.2649253731504625,0.1526881720644481,new_2026,0.2780075735648508,0.1614452940171539,0.2649253731504625,0.1526881720644481,0.234413853064874,2.0780805420752104,28715.0,22780.0,22780.0,8.366328074771445e-06,0.9976851940155028,0.0036841372493654,32891.9765625,topk,22780.0,22780.0,7710.3349609375,0.0,25181.529296875,mechanism,,,,,,,,,,,,
PatientID_0052_T1_to_T2_t1c,FACTORIAL_ERROR_ON_SUPPRESSION_OFF,0.2317822651617256,0.1310824230603008,new_2026,0.2600356014229659,0.1494488057635408,0.2317822651617256,0.1310824230603008,0.2139936724909641,2.027066711033478,32274.0,22780.0,22780.0,8.366328074771445e-06,0.9988617897033693,0.0040356931276619,36030.66796875,topk,22780.0,22780.0,7710.3349609375,0.0,28320.185546875,mechanism,,,,,,,,,,,,
PatientID_0052_T1_to_T2_t1c,FACTORIAL_ERROR_OFF_SUPPRESSION_ON,0.1913959613873705,0.1058252427401498,new_2026,0.2031376295245217,0.1130513014678256,0.1913959613873705,0.1058252427401498,0.1642726327894739,1.885592161458308,31656.0,22780.0,22780.0,9.999970643548297e-06,0.9987061023712158,0.0039908634498715,35630.4296875,topk,22780.0,22780.0,5853.1044921875,0.0,29777.193359375,mechanism,,,,,,,,,,,,
PatientID_0052_T1_to_T2_t1c,FACTORIAL_ERROR_OFF_SUPPRESSION_OFF,0.1617208077444749,0.0879740185526799,new_2026,0.1909547738833177,0.1055555555726316,0.1617208077444749,0.0879740185526799,0.1511678784324132,1.8427273305228609,35129.0,22780.0,22780.0,3.631941210453793e-13,0.9988617897033693,0.0043368297629058,38719.21484375,topk,22780.0,22780.0,5853.1015625,0.0,32866.125,mechanism,,,,,,,,,,,,
PatientID_0053_T1_to_T3_t1c,FIXED_P0,0.4148298681699111,0.2616942243885162,frozen_v8,,,,,,,,,,,,,,,,,,,,mechanism,,,,,,,,,,,,
PatientID_0053_T1_to_T3_t1c,NAIVE,0.4148298681699111,0.2616942243885162,frozen_v8,,,,,,,,,,,,,,,,,,,,mechanism,,,,,,,,,,,,
PatientID_0053_T1_to_T3_t1c,FULL_PCC,0.507625102046499,0.3401458324885205,frozen_v8,,,,,,,,,,,,,,,,,,,,mechanism,,,,,,,,,,,,
PatientID_0053_T1_to_T3_t1c,ONE_ROUND,0.4228978861644221,0.2681487029011044,frozen_v8_P1,,,,,,,,,,,,,,,,,,,,mechanism,,,,,,,,,,,,
PatientID_0053_T1_to_T3_t1c,NO_ERROR_GUIDED_TERM,0.4150209299523429,0.2618463157012348,new_2026,0.2893460990066588,0.1691435648346421,0.4150209299523429,0.2618463157012348,0.6153521662269196,2.087927822650773,32124.0,115146.0,115146.0,9.999970643548297e-06,0.9999054670333862,0.0040045976638793,35753.046875,topk,115146.0,115146.0,22000.71484375,0.0,13752.255859375,mechanism,,,,,,,,,,,,
PatientID_0053_T1_to_T3_t1c,NO_OUTSIDE_SUPPRESSION,0.5071213937109967,0.3396936573258733,new_2026,0.3436269484230223,0.2074574614100621,0.5071213937109967,0.3396936573258733,0.659226105253543,2.170433934929136,37991.0,115146.0,115146.0,9.166193194687366e-06,0.9999054670333862,0.0047901584766805,42766.53515625,topk,115146.0,115146.0,28192.81640625,0.0,14573.693359375,mechanism,,,,,,,,,,,,
PatientID_0053_T1_to_T3_t1c,NO_SMOOTHING,0.5471314678775331,0.3765870454093645,new_2026,0.4009749588852641,0.2507621510484161,0.5471314678775331,0.3765870454093645,0.7574037236873365,2.378310362987476,36245.0,115146.0,115146.0,9.999970643548297e-06,0.9999054670333862,0.0046567977406084,41575.890625,topk,115146.0,115146.0,31489.734375,0.0,10086.0830078125,mechanism,,,,,,,,,,,,
PatientID_0053_T1_to_T3_t1c,GLOBAL_DISCREPANCY,0.5097615201591468,0.3420670765503536,new_2026,0.3520855357401271,0.213655225062619,0.5097615201591468,0.3420670765503536,0.7073179193366842,2.267084682570864,34312.0,115146.0,115146.0,9.166193194687366e-06,0.9999054670333862,0.0044644670560956,39858.76171875,topk,115146.0,115146.0,28192.81640625,0.0,11665.8994140625,mechanism,,,,,,,,,,,,
PatientID_0053_T1_to_T3_t1c,FACTORIAL_ERROR_ON_SUPPRESSION_ON,0.507625102046499,0.3401458324885205,new_2026,0.3486840361568774,0.2111552505982011,0.507625102046499,0.3401458324885205,0.6899207495927295,2.231193115728809,35770.0,115146.0,115146.0,9.166193194687366e-06,0.9999054670333862,0.0045770439319312,40863.84765625,topk,115146.0,115146.0,28192.81640625,0.0,12670.9755859375,mechanism,,,,,,,,,,,,
PatientID_0053_T1_to_T3_t1c,FACTORIAL_ERROR_ON_SUPPRESSION_OFF,0.5071213937109967,0.3396936573258733,new_2026,0.3436269484230223,0.2074574614100621,0.5071213937109967,0.3396936573258733,0.659226105253543,2.170433934929136,37991.0,115146.0,115146.0,9.166193194687366e-06,0.9999054670333862,0.0047901584766805,42766.53515625,topk,115146.0,115146.0,28192.81640625,0.0,14573.693359375,mechanism,,,,,,,,,,,,
PatientID_0053_T1_to_T3_t1c,FACTORIAL_ERROR_OFF_SUPPRESSION_ON,0.4150209299523429,0.2618463157012348,new_2026,0.2893460990066588,0.1691435648346421,0.4150209299523429,0.2618463157012348,0.6153521662269196,2.087927822650773,32124.0,115146.0,115146.0,9.999970643548297e-06,0.9999054670333862,0.0040045976638793,35753.046875,topk,115146.0,115146.0,22000.71484375,0.0,13752.255859375,mechanism,,,,,,,,,,,,
PatientID_0053_T1_to_T3_t1c,FACTORIAL_ERROR_OFF_SUPPRESSION_OFF,0.4148298681699111,0.2616942243885162,new_2026,0.2850529808460542,0.1662167855146103,0.4148298681699111,0.2616942243885162,0.5843700767956056,2.03184509323983,34342.0,115146.0,115146.0,1.3386596789833477e-13,0.9999054670333862,0.004216908942908,37648.5625,topk,115146.0,115146.0,22000.693359375,0.0,15647.91796875,mechanism,,,,,,,,,,,,
PatientID_0054_T1_to_T2_t1c,FIXED_P0,0.1172135706954106,0.0622553726414404,frozen_v8,,,,,,,,,,,,,,,,,,,,mechanism,,,,,,,,,,,,
PatientID_0054_T1_to_T2_t1c,NAIVE,0.116240267024733,0.0617065250175888,frozen_v8,,,,,,,,,,,,,,,,,,,,mechanism,,,,,,,,,,,,
PatientID_0054_T1_to_T2_t1c,FULL_PCC,0.2632091212970516,0.1515491154309864,frozen_v8,,,,,,,,,,,,,,,,,,,,mechanism,,,,,,,,,,,,
PatientID_0054_T1_to_T2_t1c,ONE_ROUND,0.1298665184142195,0.0694423792513425,frozen_v8_P1,,,,,,,,,,,,,,,,,,,,mechanism,,,,,,,,,,,,
PatientID_0054_T1_to_T2_t1c,NO_ERROR_GUIDED_TERM,0.1234705228640523,0.0657972733353736,new_2026,0.0993772703767942,0.0522866894290367,0.1234705228640523,0.0657972733353736,0.0508412525950056,1.8224313956644496,100720.0,7192.0,7192.0,9.999970643548297e-06,0.9999899864196776,0.0116800116375088,104279.140625,topk,7192.0,7192.0,5301.68212890625,0.0,98977.484375,mechanism,,,,,,,,,,,,
PatientID_0054_T1_to_T2_t1c,NO_OUTSIDE_SUPPRESSION,0.2326195773614697,0.1316182834449203,new_2026,0.1051048136732812,0.0554673495615317,0.2326195773614697,0.1316182834449203,0.0561054029635474,1.8676349103147287,95848.0,7192.0,7192.0,8.080879524641205e-06,0.999975085258484,0.0106335328891873,94936.1796875,topk,7192.0,7192.0,5326.4326171875,0.0,89609.8203125,mechanism,,,,,,,,,,,,
PatientID_0054_T1_to_T2_t1c,NO_SMOOTHING,0.4107341490954718,0.2584426947280452,new_2026,0.1316725172785452,0.0704761443091728,0.4107341490954718,0.2584426947280452,0.068528186390805,1.9602529270673783,81118.0,7192.0,7192.0,9.999970643548297e-06,0.9999899864196776,0.0092204650864005,82320.3125,topk,7192.0,7192.0,5641.26171875,0.0,76679.15625,mechanism,,,,,,,,,,,,
PatientID_0054_T1_to_T2_t1c,GLOBAL_DISCREPANCY,0.2696051168472188,0.1558055444631735,new_2026,0.121558371599098,0.0647123497327289,0.2696051168472188,0.1558055444631735,0.0633583627271932,1.923784039308156,81901.0,7192.0,7192.0,8.080879524641205e-06,0.999975085258484,0.0094162570312619,84068.34375,topk,7192.0,7192.0,5326.4326171875,0.0,78741.9921875,mechanism,,,,,,,,,,,,
PatientID_0054_T1_to_T2_t1c,FACTORIAL_ERROR_ON_SUPPRESSION_ON,0.2632091212970516,0.1515491154309864,new_2026,0.1126880735946487,0.059708240078291,0.2632091212970516,0.1515491154309864,0.0603591853064138,1.9013351576587452,88914.0,7192.0,7192.0,8.080879524641205e-06,0.999975085258484,0.0098841395229101,88245.6015625,topk,7192.0,7192.0,5326.4326171875,0.0,82919.2421875,mechanism,,,,,,,,,,,,
PatientID_0054_T1_to_T2_t1c,FACTORIAL_ERROR_ON_SUPPRESSION_OFF,0.2326195773614697,0.1316182834449203,new_2026,0.1051048136732812,0.0554673495615317,0.2326195773614697,0.1316182834449203,0.0561054029635474,1.8676349103147287,95848.0,7192.0,7192.0,8.080879524641205e-06,0.999975085258484,0.0106335328891873,94936.1796875,topk,7192.0,7192.0,5326.4326171875,0.0,89609.8203125,mechanism,,,,,,,,,,,,
PatientID_0054_T1_to_T2_t1c,FACTORIAL_ERROR_OFF_SUPPRESSION_ON,0.1234705228640523,0.0657972733353736,new_2026,0.0993772703767942,0.0522866894290367,0.1234705228640523,0.0657972733353736,0.0508412525950056,1.8224313956644496,100720.0,7192.0,7192.0,9.999970643548297e-06,0.9999899864196776,0.0116800116375088,104279.140625,topk,7192.0,7192.0,5301.68212890625,0.0,98977.484375,mechanism,,,,,,,,,,,,
PatientID_0054_T1_to_T2_t1c,FACTORIAL_ERROR_OFF_SUPPRESSION_OFF,0.1172135706954106,0.0622553726414404,new_2026,0.0935850110471713,0.0490895275151371,0.1172135706954106,0.0622553726414404,0.0478231589732459,1.7944752243754247,107399.0,7192.0,7192.0,3.680705393249717e-11,0.9999935626983644,0.0124171301722526,110860.140625,topk,7192.0,7192.0,5301.68212890625,0.0,105558.3515625,mechanism,,,,,,,,,,,,
PatientID_0055_T1_to_T4_t1c,FIXED_P0,0.3910578671678506,0.2430527855589997,frozen_v8,,,,,,,,,,,,,,,,,,,,mechanism,,,,,,,,,,,,
PatientID_0055_T1_to_T4_t1c,NAIVE,0.3911113488236413,0.2430941063310476,frozen_v8,,,,,,,,,,,,,,,,,,,,mechanism,,,,,,,,,,,,
PatientID_0055_T1_to_T4_t1c,FULL_PCC,0.5412343566279486,0.3710221440324453,frozen_v8,,,,,,,,,,,,,,,,,,,,mechanism,,,,,,,,,,,,
PatientID_0055_T1_to_T4_t1c,ONE_ROUND,0.4090277035135033,0.257092913834305,frozen_v8_P1,,,,,,,,,,,,,,,,,,,,mechanism,,,,,,,,,,,,
PatientID_0055_T1_to_T4_t1c,NO_ERROR_GUIDED_TERM,0.4152850572410074,0.2620566299057724,new_2026,0.2507137888508704,0.1433234808928537,0.4152850572410074,0.2620566299057724,0.1470170904014981,1.9144748483270688,77619.0,18698.0,18698.0,9.999970643548297e-06,0.9999899864196776,0.0091120935976505,81352.7734375,topk,18698.0,18698.0,11960.248046875,0.0,69392.625,mechanism,,,,,,,,,,,,
PatientID_0055_T1_to_T4_t1c,NO_OUTSIDE_SUPPRESSION,0.4647021071915525,0.3026787891697955,new_2026,0.2287210103400347,0.1291276030954002,0.4647021071915525,0.3026787891697955,0.1332249089150843,1.8647266316194664,90177.0,18698.0,18698.0,7.904422091087326e-06,0.9999905824661256,0.0104296393692493,93115.8203125,topk,18698.0,18698.0,12405.3466796875,0.0,80710.5546875,mechanism,,,,,,,,,,,,
PatientID_0055_T1_to_T4_t1c,NO_SMOOTHING,0.5808107819130172,0.4092553512432448,new_2026,0.2952206049143516,0.1731723211664538,0.5808107819130172,0.4092553512432448,0.1762478356782342,2.0083751258344,69514.0,18698.0,18698.0,9.999970643548297e-06,0.9999899864196776,0.0081726126372814,72965.0859375,topk,18698.0,18698.0,12859.9384765625,0.0,60105.14453125,mechanism,,,,,,,,,,,,
PatientID_0055_T1_to_T4_t1c,GLOBAL_DISCREPANCY,0.5458337790259431,0.3753585877390453,new_2026,0.357828486042105,0.2178995817500936,0.5458337790259431,0.3753585877390453,0.1921835829380055,2.054451612023588,50894.0,18698.0,18698.0,7.904422091087326e-06,0.9999905824661256,0.0072300024330616,64549.4609375,topk,18698.0,18698.0,12405.3466796875,0.0,52144.0859375,mechanism,,,,,,,,,,,,
PatientID_0055_T1_to_T4_t1c,FACTORIAL_ERROR_ON_SUPPRESSION_ON,0.5412343566279486,0.3710221440324453,new_2026,0.2714351115163019,0.1570291710388691,0.5412343566279486,0.3710221440324453,0.1630929664734084,1.967805773649792,73044.0,18698.0,18698.0,7.904422091087326e-06,0.9999905824661256,0.0085196057334542,76063.0390625,topk,18698.0,18698.0,12405.3466796875,0.0,63657.71484375,mechanism,,,,,,,,,,,,
PatientID_0055_T1_to_T4_t1c,FACTORIAL_ERROR_ON_SUPPRESSION_OFF,0.4647021071915525,0.3026787891697955,new_2026,0.2287210103400347,0.1291276030954002,0.4647021071915525,0.3026787891697955,0.1332249089150843,1.8647266316194664,90177.0,18698.0,18698.0,7.904422091087326e-06,0.9999905824661256,0.0104296393692493,93115.8203125,topk,18698.0,18698.0,12405.3466796875,0.0,80710.5546875,mechanism,,,,,,,,,,,,
PatientID_0055_T1_to_T4_t1c,FACTORIAL_ERROR_OFF_SUPPRESSION_ON,0.4152850572410074,0.2620566299057724,new_2026,0.2507137888508704,0.1433234808928537,0.4152850572410074,0.2620566299057724,0.1470170904014981,1.9144748483270688,77619.0,18698.0,18698.0,9.999970643548297e-06,0.9999899864196776,0.0091120935976505,81352.7734375,topk,18698.0,18698.0,11960.248046875,0.0,69392.625,mechanism,,,,,,,,,,,,
PatientID_0055_T1_to_T4_t1c,FACTORIAL_ERROR_OFF_SUPPRESSION_OFF,0.3910578671678506,0.2430527855589997,new_2026,0.2137028974033726,0.1196345765217427,0.3910578671678506,0.2430527855589997,0.1217296576637829,1.819815294842528,94300.0,18698.0,18698.0,1.2874981462906998e-11,0.9999983310699464,0.0110049853101372,98252.5078125,topk,18698.0,18698.0,11960.244140625,0.0,86292.4609375,mechanism,,,,,,,,,,,,
PatientID_0059_T1_to_T2_t1c,FIXED_P0,0.0168831170959127,0.0085134252328064,frozen_v8,,,,,,,,,,,,,,,,,,,,mechanism,,,,,,,,,,,,
PatientID_0059_T1_to_T2_t1c,NAIVE,0.0168831170959127,0.0085134252328064,frozen_v8,,,,,,,,,,,,,,,,,,,,mechanism,,,,,,,,,,,,
PatientID_0059_T1_to_T2_t1c,FULL_PCC,0.1160173162086542,0.0615808825685705,frozen_v8,,,,,,,,,,,,,,,,,,,,mechanism,,,,,,,,,,,,
PatientID_0059_T1_to_T2_t1c,ONE_ROUND,0.0229437231552069,0.0116049925527468,frozen_v8_P1,,,,,,,,,,,,,,,,,,,,mechanism,,,,,,,,,,,,
PatientID_0059_T1_to_T2_t1c,NO_ERROR_GUIDED_TERM,0.0463203465267704,0.0237092845061579,new_2026,0.0592527532241317,0.0305308964654297,0.0463203465267704,0.0237092845061579,0.0306905663578929,2.087570920441712,27292.0,2310.0,2310.0,9.999970643548297e-06,0.9999679327011108,0.0034002871252596,30357.763671875,topk,2310.0,2310.0,931.6969604492188,0.0,29426.0703125,mechanism,,,,,,,,,,,,
PatientID_0059_T1_to_T2_t1c,NO_OUTSIDE_SUPPRESSION,0.0194805196927531,0.0098360657901997,new_2026,0.0584339935293876,0.0300963208896227,0.0194805196927531,0.0098360657901997,0.0309255031046593,2.090987991901241,30308.0,2310.0,2310.0,8.223843906307593e-06,0.9999206066131592,0.0036372602917253,32473.458984375,topk,2310.0,2310.0,1004.258056640625,0.0,31469.216796875,mechanism,,,,,,,,,,,,
PatientID_0059_T1_to_T2_t1c,NO_SMOOTHING,0.2004329006059668,0.1113783980968538,new_2026,0.1084401491007641,0.0573284261070652,0.2004329006059668,0.1113783980968538,0.0528608374430041,2.333748292215941,22109.0,2310.0,2310.0,9.999970643548297e-06,0.9994542002677916,0.0028691198676824,25615.501953125,topk,2310.0,2310.0,1354.056884765625,0.0,24261.455078125,mechanism,,,,,,,,,,,,
PatientID_0059_T1_to_T2_t1c,GLOBAL_DISCREPANCY,0.1363636365505706,0.0731707319226084,new_2026,0.0890196628327019,0.0465832437654422,0.1363636365505706,0.0731707319226084,0.0422179765870663,2.231259262653338,19101.0,2310.0,2310.0,8.223843906307593e-06,0.9999206066131592,0.0026643651071935,23787.451171875,topk,2310.0,2310.0,1004.258056640625,0.0,22783.173828125,mechanism,,,,,,,,,,,,
PatientID_0059_T1_to_T2_t1c,FACTORIAL_ERROR_ON_SUPPRESSION_ON,0.1160173162086542,0.0615808825685705,new_2026,0.0706370678178617,0.0366116020347056,0.1160173162086542,0.0615808825685705,0.0366262803933347,2.1670263603335957,24673.0,2310.0,2310.0,8.223843906307593e-06,0.9999206066131592,0.0030711309518665,27419.056640625,topk,2310.0,2310.0,1004.258056640625,0.0,26414.80078125,mechanism,,,,,,,,,,,,
PatientID_0059_T1_to_T2_t1c,FACTORIAL_ERROR_ON_SUPPRESSION_OFF,0.0194805196927531,0.0098360657901997,new_2026,0.0584339935293876,0.0300963208896227,0.0194805196927531,0.0098360657901997,0.0309255031046593,2.090987991901241,30308.0,2310.0,2310.0,8.223843906307593e-06,0.9999206066131592,0.0036372602917253,32473.458984375,topk,2310.0,2310.0,1004.258056640625,0.0,31469.216796875,mechanism,,,,,,,,,,,,
PatientID_0059_T1_to_T2_t1c,FACTORIAL_ERROR_OFF_SUPPRESSION_ON,0.0463203465267704,0.0237092845061579,new_2026,0.0592527532241317,0.0305308964654297,0.0463203465267704,0.0237092845061579,0.0306905663578929,2.087570920441712,27292.0,2310.0,2310.0,9.999970643548297e-06,0.9999679327011108,0.0034002871252596,30357.763671875,topk,2310.0,2310.0,931.6969604492188,0.0,29426.0703125,mechanism,,,,,,,,,,,,
PatientID_0059_T1_to_T2_t1c,FACTORIAL_ERROR_OFF_SUPPRESSION_OFF,0.0168831170959127,0.0085134252328064,new_2026,0.0500057019315199,0.0256440247075749,0.0168831170959127,0.0085134252328064,0.0263570411096309,2.0195256585980976,32766.0,2310.0,2310.0,1.9115811711323258e-10,0.9999679327011108,0.0039593493565917,35349.0703125,topk,2310.0,2310.0,931.6968994140624,0.0,34417.37109375,mechanism,,,,,,,,,,,,
PatientID_0060_T1_to_T2_t1c,FIXED_P0,0.7173520782034633,0.5592743464645886,frozen_v8,,,,,,,,,,,,,,,,,,,,mechanism,,,,,,,,,,,,
PatientID_0060_T1_to_T2_t1c,NAIVE,0.7173520782034633,0.5592743464645886,frozen_v8,,,,,,,,,,,,,,,,,,,,mechanism,,,,,,,,,,,,
PatientID_0060_T1_to_T2_t1c,FULL_PCC,0.8218662231511001,0.6976000852396239,frozen_v8,,,,,,,,,,,,,,,,,,,,mechanism,,,,,,,,,,,,
PatientID_0060_T1_to_T2_t1c,ONE_ROUND,0.7298103023572575,0.5745679591914498,frozen_v8_P1,,,,,,,,,,,,,,,,,,,,mechanism,,,,,,,,,,,,
PatientID_0060_T1_to_T2_t1c,NO_ERROR_GUIDED_TERM,0.7315990146413035,0.576788431331699,new_2026,0.6528564441587762,0.4846227718870024,0.7315990146413035,0.576788431331699,0.4750144669604514,2.099837476294513,126416.0,63733.0,63733.0,9.999970643548297e-06,0.9999899864196776,0.0144003266468644,128566.1171875,topk,63733.0,63733.0,61070.765625,0.0,67495.34375,mechanism,,,,,,,,,,,,
PatientID_0060_T1_to_T2_t1c,NO_OUTSIDE_SUPPRESSION,0.7930899220200438,0.6571242849758565,new_2026,0.6626184296276336,0.4954595190405053,0.7930899220200438,0.6571242849758565,0.4920020358948557,2.1293823359351083,123509.0,63733.0,63733.0,8.2830974861281e-06,0.9999887943267822,0.0138245355337858,123425.453125,topk,63733.0,63733.0,60725.57421875,0.0,62699.9453125,mechanism,,,,,,,,,,,,
PatientID_0060_T1_to_T2_t1c,NO_SMOOTHING,0.9072066276504542,0.830172153864055,new_2026,0.7305154746680577,0.5754425990182931,0.9072066276504542,0.830172153864055,0.5516741529698126,2.233366225542782,108904.0,63733.0,63733.0,9.999970643548297e-06,0.9999899864196776,0.0125671699643135,112199.6953125,topk,63733.0,63733.0,61897.671875,0.0,50302.0625,mechanism,,,,,,,,,,,,
PatientID_0060_T1_to_T2_t1c,GLOBAL_DISCREPANCY,0.8231685312175547,0.6994786875231728,new_2026,0.7061187089887931,0.5457368569256656,0.8231685312175547,0.6994786875231728,0.5273822930463601,2.190893135215481,111974.0,63733.0,63733.0,8.2830974861281e-06,0.9999887943267822,0.0128970947116613,115145.265625,topk,63733.0,63733.0,60725.57421875,0.0,54419.71484375,mechanism,,,,,,,,,,,,
PatientID_0060_T1_to_T2_t1c,FACTORIAL_ERROR_ON_SUPPRESSION_ON,0.8218662231511001,0.6976000852396239,new_2026,0.6848944532785456,0.5207904833103522,0.8218662231511001,0.6976000852396239,0.5135866121456947,2.166886108162266,117419.0,63733.0,63733.0,8.2830974861281e-06,0.9999887943267822,0.0132435299456119,118238.234375,topk,63733.0,63733.0,60725.57421875,0.0,57512.64453125,mechanism,,,,,,,,,,,,
PatientID_0060_T1_to_T2_t1c,FACTORIAL_ERROR_ON_SUPPRESSION_OFF,0.7930899220200438,0.6571242849758565,new_2026,0.6626184296276336,0.4954595190405053,0.7930899220200438,0.6571242849758565,0.4920020358948557,2.1293823359351083,123509.0,63733.0,63733.0,8.2830974861281e-06,0.9999887943267822,0.0138245355337858,123425.453125,topk,63733.0,63733.0,60725.57421875,0.0,62699.9453125,mechanism,,,,,,,,,,,,
PatientID_0060_T1_to_T2_t1c,FACTORIAL_ERROR_OFF_SUPPRESSION_ON,0.7315990146413035,0.576788431331699,new_2026,0.6528564441587762,0.4846227718870024,0.7315990146413035,0.576788431331699,0.4750144669604514,2.099837476294513,126416.0,63733.0,63733.0,9.999970643548297e-06,0.9999899864196776,0.0144003266468644,128566.1171875,topk,63733.0,63733.0,61070.765625,0.0,67495.34375,mechanism,,,,,,,,,,,,
PatientID_0060_T1_to_T2_t1c,FACTORIAL_ERROR_OFF_SUPPRESSION_OFF,0.7173520782034633,0.5592743464645886,new_2026,0.6333996632499953,0.4634856630864434,0.7173520782034633,0.5592743464645886,0.4568669272294417,2.0681600707034327,132257.0,63733.0,63733.0,1.8917481470204223e-10,0.9999969005584716,0.0149723328649997,133672.984375,topk,63733.0,63733.0,61070.765625,0.0,72602.4453125,mechanism,,,,,,,,,,,,
PatientID_0062_T1_to_T2_t1c,FIXED_P0,0.7492576183463606,0.5990503155085631,frozen_v8,,,,,,,,,,,,,,,,,,,,mechanism,,,,,,,,,,,,
PatientID_0062_T1_to_T2_t1c,NAIVE,0.7492099788818286,0.5989894116801795,frozen_v8,,,,,,,,,,,,,,,,,,,,mechanism,,,,,,,,,,,,
PatientID_0062_T1_to_T2_t1c,FULL_PCC,0.8344052212866275,0.7158621817180167,frozen_v8,,,,,,,,,,,,,,,,,,,,mechanism,,,,,,,,,,,,
PatientID_0062_T1_to_T2_t1c,ONE_ROUND,0.7608498880491572,0.6140094575421423,frozen_v8_P1,,,,,,,,,,,,,,,,,,,,mechanism,,,,,,,,,,,,
PatientID_0062_T1_to_T2_t1c,NO_ERROR_GUIDED_TERM,0.7711717720310992,0.6275667782377581,new_2026,0.6936252177039848,0.5309542308277039,0.7711717720310992,0.6275667782377581,0.5161821608745615,2.1766440052297584,110429.0,62973.0,62973.0,9.999970643548297e-06,0.9999899864196776,0.0128486007452011,114712.3046875,topk,62973.0,62973.0,59212.4453125,0.0,55500.12890625,mechanism,,,,,,,,,,,,
PatientID_0062_T1_to_T2_t1c,NO_OUTSIDE_SUPPRESSION,0.7994219744985992,0.6658642399917218,new_2026,0.6921157827742894,0.529187349813815,0.7994219744985992,0.6658642399917218,0.5215683384534983,2.1860139868767114,111388.0,62973.0,62973.0,8.262040864792652e-06,0.9999899864196776,0.0126875042915344,113274.0390625,topk,62973.0,62973.0,59080.15234375,0.0,54194.17578125,mechanism,,,,,,,,,,,,
PatientID_0062_T1_to_T2_t1c,NO_SMOOTHING,0.9064360916590728,0.8288825963867149,new_2026,0.7772296157934765,0.635630062548594,0.9064360916590728,0.8288825963867149,0.5914224583048097,2.309145127557489,96550.0,62973.0,62973.0,9.999970643548297e-06,0.9999899864196776,0.0114674577489495,102381.4609375,topk,62973.0,62973.0,60550.6953125,0.0,41831.05078125,mechanism,,,,,,,,,,,,
PatientID_0062_T1_to_T2_t1c,GLOBAL_DISCREPANCY,0.8361678814743131,0.7184609087226299,new_2026,0.7508119206137571,0.6010399338625869,0.8361678814743131,0.7184609087226299,0.571716120707288,2.273971133855861,97757.0,62973.0,62973.0,8.262040864792652e-06,0.9999899864196776,0.0115746269002556,103338.265625,topk,62973.0,62973.0,59080.15234375,0.0,44258.359375,mechanism,,,,,,,,,,,,
PatientID_0062_T1_to_T2_t1c,FACTORIAL_ERROR_ON_SUPPRESSION_ON,0.8344052212866275,0.7158621817180167,new_2026,0.7241404140430594,0.5675706182843961,0.8344052212866275,0.7158621817180167,0.5516215673275657,2.238518898401024,103677.0,62973.0,62973.0,8.262040864792652e-06,0.9999899864196776,0.0119962692260742,107102.6875,topk,62973.0,62973.0,59080.15234375,0.0,48022.8125,mechanism,,,,,,,,,,,,
PatientID_0062_T1_to_T2_t1c,FACTORIAL_ERROR_ON_SUPPRESSION_OFF,0.7994219744985992,0.6658642399917218,new_2026,0.6921157827742894,0.529187349813815,0.7994219744985992,0.6658642399917218,0.5215683384534983,2.1860139868767114,111388.0,62973.0,62973.0,8.262040864792652e-06,0.9999899864196776,0.0126875042915344,113274.0390625,topk,62973.0,62973.0,59080.15234375,0.0,54194.17578125,mechanism,,,,,,,,,,,,
PatientID_0062_T1_to_T2_t1c,FACTORIAL_ERROR_OFF_SUPPRESSION_ON,0.7711717720310992,0.6275667782377581,new_2026,0.6936252177039848,0.5309542308277039,0.7711717720310992,0.6275667782377581,0.5161821608745615,2.1766440052297584,110429.0,62973.0,62973.0,9.999970643548297e-06,0.9999899864196776,0.0128486007452011,114712.3046875,topk,62973.0,62973.0,59212.4453125,0.0,55500.12890625,mechanism,,,,,,,,,,,,
PatientID_0062_T1_to_T2_t1c,FACTORIAL_ERROR_OFF_SUPPRESSION_OFF,0.7492576183463606,0.5990503155085631,new_2026,0.664090020651832,0.4971068641755629,0.7492576183463606,0.5990503155085631,0.4898590639166342,2.1309062762600868,118141.0,62973.0,62973.0,6.892561201692418e-15,0.9999918937683104,0.0135390339419245,120876.4921875,topk,62973.0,62973.0,59212.4453125,0.0,61664.01171875,mechanism,,,,,,,,,,,,
PatientID_0003_T1_to_T2_t1c,SHUFFLED_TARGET_PCC,0.4054361516392671,0.2542614722334379,,0.3411167724324433,0.2056303703431281,0.4054361516392671,0.2542614722334379,0.200818378921525,1.958545905784332,71360.0,24613.0,24613.0,8.716917363926768e-06,0.999273955821991,0.008413809351623,75118.4921875,topk,24684.0,24613.0,15085.173828125,691.7908935546875,60033.609375,counterfactual,PatientID_0006_T2_to_T4_t1c,,,,,,,,,,,
PatientID_0005_T3_to_T4_t1c,SHUFFLED_TARGET_PCC,0.2954605787285516,0.1733374863985878,,0.2624956566680794,0.1510762592821171,0.2954605787285516,0.1733374863985878,0.1419394278522858,1.8934561345615823,76138.0,18835.0,18835.0,8.069782779784873e-06,0.9996108412742616,0.0091936998069286,82081.3515625,topk,21116.0,18835.0,11650.580078125,1222.3326416015625,70430.7421875,counterfactual,PatientID_0020_T1_to_T2_t1c,,,,,,,,,,,
PatientID_0006_T2_to_T4_t1c,SHUFFLED_TARGET_PCC,0.3926835197011691,0.2443100189226387,,0.3642163092996252,0.2226555450923079,0.3926835197011691,0.2443100189226387,0.2075195221574754,1.975206247560255,97271.0,24684.0,24684.0,8.816708941594698e-06,0.9995625615119934,0.0108081232756376,96494.921875,topk,24613.0,24684.0,20024.580078125,222.2730712890625,76470.3203125,counterfactual,PatientID_0003_T1_to_T2_t1c,,,,,,,,,,,
PatientID_0007_T2_to_T3_t1c,SHUFFLED_TARGET_PCC,0.329655510645479,0.1973577982240471,,0.2735321895310575,0.1584345725353079,0.329655510645479,0.1973577982240471,0.1365381851271598,2.237836462128491,42667.0,8157.0,8157.0,9.960053830582185e-06,0.9997987151145936,0.0051870010793209,46309.546875,topk,8110.0,8157.0,6323.021484375,265.7253723144531,39986.5546875,counterfactual,PatientID_0041_T1_to_T2_t1c,,,,,,,,,,,
PatientID_0008_T4_to_T6_t1c,SHUFFLED_TARGET_PCC,0.1340253749557064,0.071825936571662,,0.1783266300811008,0.0978916599852048,0.1340253749557064,0.071825936571662,0.1062339998768809,2.3885911847850525,13318.0,4335.0,4335.0,8.78851096786093e-06,0.9996440410614014,0.0016907507088035,15095.0224609375,topk,7192.0,4335.0,1603.6046142578125,2.702882766723633,13491.4111328125,counterfactual,PatientID_0054_T1_to_T2_t1c,,,,,,,,,,,
PatientID_0010_T1_to_T4_t1c,SHUFFLED_TARGET_PCC,0.5446882251072828,0.3742759692551963,,0.5343140264549625,0.3645487751857419,0.5446882251072828,0.3742759692551963,0.417978828609293,2.273231556249526,47392.0,34047.0,34047.0,8.21696812636219e-06,0.9990416169166564,0.0055582039058208,49623.64453125,topk,35849.0,34047.0,20741.6328125,2943.792724609375,28881.91796875,counterfactual,PatientID_0037_T1_to_T2_t1c,,,,,,,,,,,
PatientID_0011_T1_to_T2_t1c,SHUFFLED_TARGET_PCC,0.408697474255664,0.2568320401995743,,0.4062612509458461,0.2549108197269152,0.408697474255664,0.2568320401995743,0.3700216942104066,1.923947255457488,60171.0,62041.0,62041.0,8.523872566001955e-06,0.9994723200798036,0.0071717272512614,64029.1796875,topk,59870.0,62041.0,23692.185546875,1353.04248046875,40337.0234375,counterfactual,PatientID_0024_T2_to_T3_t1c,,,,,,,,,,,
PatientID_0012_T2_to_T3_t1c,SHUFFLED_TARGET_PCC,0.2871992199804367,0.1676781230706832,,0.295878999458405,0.1736255813821677,0.2871992199804367,0.1676781230706832,0.2452004994640803,1.700470188834568,76053.0,57434.0,57434.0,8.261063157988247e-06,0.9999829530715942,0.0087711615487933,78308.9296875,topk,53998.0,57434.0,19201.388671875,5185.705078125,59107.703125,counterfactual,PatientID_0045_T1_to_T2_t1c,,,,,,,,,,,
PatientID_0013_T1_to_T2_t1c,SHUFFLED_TARGET_PCC,0.1803106920144797,0.0990887242364538,,0.1798554484993547,0.0988138268314714,0.1803106920144797,0.0990887242364538,0.1585495054726081,1.883365113581324,21217.0,21951.0,21951.0,9.661998774390668e-06,0.9990891218185424,0.0027521820738911,24571.482421875,topk,22780.0,21951.0,3895.79638671875,27.78580093383789,20675.69140625,counterfactual,PatientID_0052_T1_to_T2_t1c,,,,,,,,,,,
PatientID_0014_T1_to_T2_t1c,SHUFFLED_TARGET_PCC,0.244444444654321,0.1392405066015061,,0.1052913358122025,0.0555712536942841,0.244444444654321,0.1392405066015061,0.0452119902077037,2.3707388508940266,20614.0,1800.0,1800.0,8.167296073224861e-06,0.999981164932251,0.0028057831805199,25050.03125,topk,1641.0,1800.0,1132.561767578125,97.46282196044922,23917.486328125,counterfactual,PatientID_0044_T1_to_T2_t1c,,,,,,,,,,,
PatientID_0018_T1_to_T2_t1c,SHUFFLED_TARGET_PCC,0.0794655418145339,0.0413767854114328,,0.0758639390474567,0.0394275335387878,0.0794655418145339,0.0413767854114328,0.0352138504217112,2.3600667045976587,31769.0,1422.0,1422.0,8.381254701816943e-06,0.999886393547058,0.0037965043447911,33895.19140625,topk,1207.0,1422.0,1193.5802001953125,477.03814697265625,32701.609375,counterfactual,PatientID_0032_T1_to_T2_t1c,,,,,,,,,,,
PatientID_0019_T4_to_T5_t1c,SHUFFLED_TARGET_PCC,0.1435192337732303,0.0773071482450983,,0.0921863446343511,0.0483204134858749,0.1435192337732303,0.0773071482450983,0.1287588574547536,2.007622769807532,7339.0,12946.0,12946.0,9.124390089709776e-06,0.9965583682060242,0.0011297924211248,10086.787109375,topk,10308.0,12946.0,1298.76318359375,629.7969970703125,8788.0234375,counterfactual,PatientID_0033_T1_to_T2_t1c,,,,,,,,,,,
PatientID_0020_T1_to_T2_t1c,SHUFFLED_TARGET_PCC,0.1590263307643723,0.0863816432812064,,0.129766913807194,0.0693854230236265,0.1590263307643723,0.0863816432812064,0.1774105031469983,1.9589065446877336,8830.0,21116.0,21116.0,8.705536856723484e-06,0.996401309967041,0.0012445879401639,11111.6806640625,topk,18835.0,21116.0,1971.328857421875,122.4935073852539,9140.3427734375,counterfactual,PatientID_0005_T3_to_T4_t1c,,,,,,,,,,,
PatientID_0021_T2_to_T3_t1c,SHUFFLED_TARGET_PCC,0.0831792976262611,0.0433944069749145,,0.0854139991707902,0.0446122551607932,0.0831792976262611,0.0433944069749145,0.0689151006353287,1.623717912611671,21799.0,15689.0,15689.0,8.5508791016764e-06,0.9989463686943054,0.0029601347632706,26428.083984375,topk,15796.0,15689.0,1821.2940673828125,519.4027099609375,24606.83203125,counterfactual,PatientID_0051_T1_to_T3_t1c,,,,,,,,,,,
PatientID_0022_T1_to_T2_t1c,SHUFFLED_TARGET_PCC,0.416298755794978,0.262864449542888,,0.3374252477629676,0.2029534295007116,0.416298755794978,0.262864449542888,0.4490195314428348,1.8165951250175147,55250.0,109628.0,109628.0,8.784011697571259e-06,0.9988873600959778,0.0067598572932183,60352.00390625,topk,115146.0,109628.0,27099.228515625,356.8967590332031,33252.75,counterfactual,PatientID_0053_T1_to_T3_t1c,,,,,,,,,,,
PatientID_0024_T2_to_T3_t1c,SHUFFLED_TARGET_PCC,0.4338900952110081,0.2770495824656096,,0.263856446548697,0.1519784732291423,0.4338900952110081,0.2770495824656096,0.5919539058037045,2.332197373678588,14193.0,59870.0,59870.0,8.795168469077908e-06,0.9980487823486328,0.0018775636563077,16762.888671875,topk,62041.0,59870.0,9922.857421875,37.70458984375,6840.00732421875,counterfactual,PatientID_0011_T1_to_T2_t1c,,,,,,,,,,,
PatientID_0025_T1_to_T2_t1c,SHUFFLED_TARGET_PCC,0.3959547480391506,0.2468476170282785,,0.3940841518058225,0.245395269162691,0.3959547480391506,0.2468476170282785,0.3339198167872804,2.1845104045335364,23164.0,29170.0,29170.0,9.91798788163578e-06,0.998837411403656,0.0034122925717383,30464.947265625,topk,26620.0,29170.0,10172.849609375,6.393386363983154,20292.091796875,counterfactual,PatientID_0038_T1_to_T2_t1c,,,,,,,,,,,
PatientID_0026_T1_to_T2_t1c,SHUFFLED_TARGET_PCC,0.2934148082893052,0.1719309470884826,,0.2982841102350622,0.175284318632305,0.2934148082893052,0.1719309470884826,0.2390955928784877,1.767864342530687,53550.0,47622.0,47622.0,8.506616723025218e-06,0.9998173117637634,0.0067463926970958,60231.79296875,topk,38420.0,47622.0,14401.15625,2799.742919921875,45830.65234375,counterfactual,PatientID_0029_T1_to_T3_t1c,,,,,,,,,,,
PatientID_0029_T1_to_T3_t1c,SHUFFLED_TARGET_PCC,0.1689484643523041,0.0922685468294891,,0.1686877736801559,0.092113060387634,0.1689484643523041,0.0922685468294891,0.1574209741767193,1.635774516546887,40827.0,38420.0,38420.0,8.045000868150964e-06,0.9999213218688964,0.0046625104732811,41626.89453125,topk,47622.0,38420.0,6552.9462890625,2016.6092529296875,35073.96875,counterfactual,PatientID_0026_T1_to_T2_t1c,,,,,,,,,,,
PatientID_0030_T1_to_T3_t1c,SHUFFLED_TARGET_PCC,0.4135156021037285,0.2606490190871015,,0.1417470815817732,0.0762797572859774,0.4135156021037285,0.2606490190871015,0.6219680856153064,2.287944754458268,7953.0,75054.0,75054.0,9.281061466026586e-06,0.9956788420677184,0.001210460322909,10806.990234375,topk,70106.0,75054.0,6721.60302734375,27.72750473022461,4085.382568359375,counterfactual,PatientID_0036_T1_to_T2_t1c,,,,,,,,,,,
PatientID_0031_T2_to_T3_t1c,SHUFFLED_TARGET_PCC,0.1999096453806214,0.1110553394682188,,0.1934841017207259,0.1071034591618646,0.1999096453806214,0.1110553394682188,0.1224417327496255,1.8463748429371576,38493.0,17708.0,17708.0,8.584142051404342e-06,0.9996521472930908,0.0048973048105835,43723.13671875,topk,18698.0,17708.0,5353.53662109375,659.2310791015625,38369.60546875,counterfactual,PatientID_0055_T1_to_T4_t1c,,,,,,,,,,,
PatientID_0032_T1_to_T2_t1c,SHUFFLED_TARGET_PCC,0.1623860815400223,0.0883678994191308,,0.0650587580498473,0.0336231181948437,0.1623860815400223,0.0883678994191308,0.0295885526982464,2.353154367765136,32916.0,1207.0,1207.0,8.089963557722513e-06,0.9997840523719788,0.0040045599453151,35752.7109375,topk,1422.0,1207.0,1057.8709716796875,645.422607421875,34694.8828125,counterfactual,PatientID_0018_T1_to_T2_t1c,,,,,,,,,,,
PatientID_0033_T1_to_T2_t1c,SHUFFLED_TARGET_PCC,0.1089445091623523,0.0576104243032057,,0.110155283795241,0.0582880079387368,0.1089445091623523,0.0576104243032057,0.0651192824902688,1.7800301143335662,26077.0,10308.0,10308.0,9.167399184661916e-06,0.9992836117744446,0.0033059900160878,29515.87890625,topk,12946.0,10308.0,1922.0528564453125,36.491485595703125,27593.82421875,counterfactual,PatientID_0019_T4_to_T5_t1c,,,,,,,,,,,
PatientID_0034_T1_to_T2_t1c,SHUFFLED_TARGET_PCC,0.1591081835369764,0.0864299478273561,,0.1092315305406735,0.057770971074622,0.1591081835369764,0.0864299478273561,0.053404345137029,2.10570677443392,50616.0,3947.0,3947.0,9.708560355647933e-06,0.9997987151145936,0.0057789431884884,51594.40625,topk,4335.0,3947.0,2755.365478515625,16.657936096191406,48838.98828125,counterfactual,PatientID_0008_T4_to_T6_t1c,,,,,,,,,,,
PatientID_0035_T1_to_T2_t1c,SHUFFLED_TARGET_PCC,0.2585761712912991,0.1484854905425787,,0.0575298490783745,0.029616851031014,0.2585761712912991,0.1484854905425787,0.0267543159690575,1.9566632884810575,68313.0,2711.0,2711.0,9.879689059744123e-06,0.9984763264656068,0.0080972155556082,72291.9375,topk,2310.0,2711.0,1934.121337890625,0.1931327581405639,70357.8671875,counterfactual,PatientID_0059_T1_to_T2_t1c,,,,,,,,,,,
PatientID_0036_T1_to_T2_t1c,SHUFFLED_TARGET_PCC,0.274427295814378,0.1590354872644389,,0.1669672062487737,0.0910879537057333,0.274427295814378,0.1590354872644389,0.2922587854143911,1.717466752389799,25278.0,70106.0,70106.0,8.34282491268823e-06,0.999185025691986,0.0033648847602307,30041.69140625,topk,75054.0,70106.0,8779.9482421875,1274.5711669921875,21261.734375,counterfactual,PatientID_0030_T1_to_T3_t1c,,,,,,,,,,,
PatientID_0037_T1_to_T2_t1c,SHUFFLED_TARGET_PCC,0.349772657544844,0.2119542250678349,,0.351923201668912,0.2135356811257137,0.349772657544844,0.2119542250678349,0.3175380479712161,2.062246133865172,41236.0,35849.0,35849.0,7.828136403986719e-06,0.999990940093994,0.0047636460512876,42529.83203125,topk,34047.0,35849.0,13504.83984375,1852.4739990234373,29024.970703125,counterfactual,PatientID_0010_T1_to_T4_t1c,,,,,,,,,,,
PatientID_0038_T1_to_T2_t1c,SHUFFLED_TARGET_PCC,0.2487978963326672,0.1420726344650648,,0.1776881852800607,0.0975070149175073,0.2487978963326672,0.1420726344650648,0.2334589880851679,2.007922603435658,14058.0,26620.0,26620.0,9.929173756972888e-06,0.9955854415893556,0.0020069873426109,17918.3828125,topk,29170.0,26620.0,4183.20751953125,11.315656661987305,13735.1474609375,counterfactual,PatientID_0025_T1_to_T2_t1c,,,,,,,,,,,
PatientID_0039_T1_to_T2_t1c,SHUFFLED_TARGET_PCC,0.0702643971259934,0.0364114115922651,,0.0935704863815673,0.0490815347398816,0.0702643971259934,0.0364114115922651,0.0410400146862103,2.140960175805512,44241.0,2761.0,2761.0,8.988828085421119e-06,0.9997604489326476,0.0053228898905217,47522.76171875,topk,2711.0,2761.0,1950.3348388671875,16.248516082763672,45572.3671875,counterfactual,PatientID_0035_T1_to_T2_t1c,,,,,,,,,,,
PatientID_0041_T1_to_T2_t1c,SHUFFLED_TARGET_PCC,0.2909987669980888,0.170274170334035,,0.2922162290132597,0.1711084471057216,0.2909987669980888,0.170274170334035,0.1633520229764621,2.331917644600866,17289.0,8110.0,8110.0,9.91455544863129e-06,0.9822745323181152,0.00217738118954,19439.66015625,topk,8157.0,8110.0,3175.5078125,2.3170177936553955,16264.166015625,counterfactual,PatientID_0007_T2_to_T3_t1c,,,,,,,,,,,
PatientID_0044_T1_to_T2_t1c,SHUFFLED_TARGET_PCC,0.1054235225151055,0.0556449022014651,,0.0458917102225383,0.0234847323860507,0.1054235225151055,0.0556449022014651,0.0211469092235359,2.0700942265728326,58457.0,1641.0,1641.0,8.07638843980385e-06,0.9999161958694458,0.0068826107308268,61447.94921875,topk,1800.0,1641.0,1299.4342041015625,26.19968032836914,60148.5546875,counterfactual,PatientID_0014_T1_to_T2_t1c,,,,,,,,,,,
PatientID_0045_T1_to_T2_t1c,SHUFFLED_TARGET_PCC,0.2664357939250858,0.1536924868425718,,0.227188221358448,0.1281513492331449,0.2664357939250858,0.1536924868425718,0.3077028836368706,1.8635785849877728,26147.0,53998.0,53998.0,8.504676770826336e-06,0.9992511868476868,0.0033764375839382,30144.833984375,topk,57434.0,53998.0,9275.65234375,4073.901611328125,20869.205078125,counterfactual,PatientID_0012_T2_to_T3_t1c,,,,,,,,,,,
PatientID_0051_T1_to_T3_t1c,SHUFFLED_TARGET_PCC,0.254368194503217,0.1457169797945268,,0.2024960090655104,0.1126539969278257,0.254368194503217,0.1457169797945268,0.1069689977071647,1.8298286396610688,111367.0,15796.0,15796.0,8.10353049018886e-06,0.9999881982803344,0.0123475100845098,110238.5703125,topk,15689.0,15796.0,11792.109375,347.49237060546875,98446.546875,counterfactual,PatientID_0021_T2_to_T3_t1c,,,,,,,,,,,
PatientID_0052_T1_to_T2_t1c,SHUFFLED_TARGET_PCC,0.1533362598956686,0.0830342073577142,,0.1417067752882796,0.0762564128336839,0.1533362598956686,0.0830342073577142,0.1426735873921934,1.813286540665564,20436.0,22780.0,22780.0,8.366288966499269e-06,0.9944157600402832,0.0029430999420583,26275.99609375,topk,21951.0,22780.0,3748.890625,128.69546508789062,22527.111328125,counterfactual,PatientID_0013_T1_to_T2_t1c,,,,,,,,,,,
PatientID_0053_T1_to_T3_t1c,SHUFFLED_TARGET_PCC,0.4011081583407104,0.2508663487379506,,0.2093454915132702,0.1169100407295717,0.4011081583407104,0.2508663487379506,0.5911356356793981,2.04397210437788,20620.0,115146.0,115146.0,9.45186366152484e-06,0.9981062412261964,0.0029797027818858,26602.787109375,topk,109628.0,115146.0,15725.85546875,644.9276123046875,10876.931640625,counterfactual,PatientID_0022_T1_to_T2_t1c,,,,,,,,,,,
PatientID_0054_T1_to_T2_t1c,SHUFFLED_TARGET_PCC,0.1058120134103301,0.0558614109186037,,0.1070029302438898,0.0565256713619901,0.1058120134103301,0.0558614109186037,0.053271349123905,1.8438219430079317,83927.0,7192.0,7192.0,8.10818346508313e-06,0.999991536140442,0.0094681764021515,84531.8828125,topk,3947.0,7192.0,4503.12744140625,1020.43896484375,80028.8046875,counterfactual,PatientID_0034_T1_to_T2_t1c,,,,,,,,,,,
PatientID_0055_T1_to_T4_t1c,SHUFFLED_TARGET_PCC,0.3819125040276523,0.2360271029834398,,0.2435792643660617,0.1386793377199633,0.3819125040276523,0.2360271029834398,0.1431735654485616,1.901016919682512,74282.0,18698.0,18698.0,7.75886837800499e-06,0.999984622001648,0.0085811428725719,76612.4453125,topk,17708.0,18698.0,10968.876953125,593.9163818359375,65643.71875,counterfactual,PatientID_0031_T2_to_T3_t1c,,,,,,,,,,,
PatientID_0059_T1_to_T2_t1c,SHUFFLED_TARGET_PCC,0.0883116885090234,0.0461956523899013,,0.0616390034138487,0.0317995479471361,0.0883116885090234,0.0461956523899013,0.0322899734768513,2.110350709509329,24621.0,2310.0,2310.0,8.22320089355344e-06,0.9999206066131592,0.0030701693613082,27410.47265625,topk,2761.0,2310.0,885.0834350585938,580.6979370117188,26525.39453125,counterfactual,PatientID_0039_T1_to_T2_t1c,,,,,,,,,,,
PatientID_0060_T1_to_T2_t1c,SHUFFLED_TARGET_PCC,0.8215210330611965,0.6971028385831456,,0.6848365045902132,0.5207234742928096,0.8215210330611965,0.6971028385831456,0.5135776035319766,2.1668704315763683,117373.0,63733.0,63733.0,8.2830974861281e-06,0.9999887943267822,0.0132365589961409,118176.0,topk,62973.0,63733.0,60692.546875,0.1038378477096557,57483.4375,counterfactual,PatientID_0062_T1_to_T2_t1c,,,,,,,,,,,
PatientID_0062_T1_to_T2_t1c,SHUFFLED_TARGET_PCC,0.8346751782523091,0.7162596751374107,,0.7241571719151851,0.5675912079270939,0.8346751782523091,0.7162596751374107,0.5515853259674117,2.2384556847786072,103698.0,62973.0,62973.0,8.262040864792652e-06,0.9999899864196776,0.0119994636625051,107131.2109375,topk,63733.0,62973.0,59092.00390625,1.1980443000793457,48039.4375,counterfactual,PatientID_0060_T1_to_T2_t1c,,,,,,,,,,,
PatientID_0003_T1_to_T2_t1c,FIXED_P0,0.4115304920283685,0.2590735862276115,,,,,,,,,,,,,,,,,,,,,counterfactual,,,,,,,,,,,,
PatientID_0003_T1_to_T2_t1c,NAIVE,0.4114086052205865,0.2589769821161387,,,,,,,,,,,,,,,,,,,,,counterfactual,,,,,,,,,,,,
PatientID_0003_T1_to_T2_t1c,FULL_PCC,0.6074838500059423,0.4362490517757995,,,,,,,,,,,,,,,,,,,,,counterfactual,,,,,,,,,,,,
PatientID_0005_T3_to_T4_t1c,FIXED_P0,0.2310591983214478,0.1306200852653034,,,,,,,,,,,,,,,,,,,,,counterfactual,,,,,,,,,,,,
PatientID_0005_T3_to_T4_t1c,NAIVE,0.2311653836147819,0.1306879577641167,,,,,,,,,,,,,,,,,,,,,counterfactual,,,,,,,,,,,,
PatientID_0005_T3_to_T4_t1c,FULL_PCC,0.4502256437629353,0.290510448808136,,,,,,,,,,,,,,,,,,,,,counterfactual,,,,,,,,,,,,
PatientID_0006_T2_to_T4_t1c,FIXED_P0,0.3933722249353149,0.2448434111845064,,,,,,,,,,,,,,,,,,,,,counterfactual,,,,,,,,,,,,
PatientID_0006_T2_to_T4_t1c,NAIVE,0.3933317128627181,0.2448120225107841,,,,,,,,,,,,,,,,,,,,,counterfactual,,,,,,,,,,,,
PatientID_0006_T2_to_T4_t1c,FULL_PCC,0.6406579160662644,0.4712999940552155,,,,,,,,,,,,,,,,,,,,,counterfactual,,,,,,,,,,,,
PatientID_0007_T2_to_T3_t1c,FIXED_P0,0.3300232929183509,0.197621494699925,,,,,,,,,,,,,,,,,,,,,counterfactual,,,,,,,,,,,,
PatientID_0007_T2_to_T3_t1c,NAIVE,0.3297781047364363,0.1974456841458128,,,,,,,,,,,,,,,,,,,,,counterfactual,,,,,,,,,,,,
PatientID_0007_T2_to_T3_t1c,FULL_PCC,0.4406031629618362,0.2825471698677242,,,,,,,,,,,,,,,,,,,,,counterfactual,,,,,,,,,,,,
PatientID_0008_T4_to_T6_t1c,FIXED_P0,0.1404844291648807,0.0755489394522331,,,,,,,,,,,,,,,,,,,,,counterfactual,,,,,,,,,,,,
PatientID_0008_T4_to_T6_t1c,NAIVE,0.1402537486574102,0.0754155297599335,,,,,,,,,,,,,,,,,,,,,counterfactual,,,,,,,,,,,,
PatientID_0008_T4_to_T6_t1c,FULL_PCC,0.2770472895874224,0.1607979650340343,,,,,,,,,,,,,,,,,,,,,counterfactual,,,,,,,,,,,,
PatientID_0010_T1_to_T4_t1c,FIXED_P0,0.5583164449208695,0.3872669858533714,,,,,,,,,,,,,,,,,,,,,counterfactual,,,,,,,,,,,,
PatientID_0010_T1_to_T4_t1c,NAIVE,0.5583164449208695,0.3872669858533714,,,,,,,,,,,,,,,,,,,,,counterfactual,,,,,,,,,,,,
PatientID_0010_T1_to_T4_t1c,FULL_PCC,0.6343877581044676,0.4645445746969665,,,,,,,,,,,,,,,,,,,,,counterfactual,,,,,,,,,,,,
PatientID_0011_T1_to_T2_t1c,FIXED_P0,0.4214148708159007,0.2669573297194425,,,,,,,,,,,,,,,,,,,,,counterfactual,,,,,,,,,,,,
PatientID_0011_T1_to_T2_t1c,NAIVE,0.4214148708159007,0.2669573297194425,,,,,,,,,,,,,,,,,,,,,counterfactual,,,,,,,,,,,,
PatientID_0011_T1_to_T2_t1c,FULL_PCC,0.4890475653238258,0.3236684055074763,,,,,,,,,,,,,,,,,,,,,counterfactual,,,,,,,,,,,,
PatientID_0012_T2_to_T3_t1c,FIXED_P0,0.2928230664824597,0.1715247322878988,,,,,,,,,,,,,,,,,,,,,counterfactual,,,,,,,,,,,,
PatientID_0012_T2_to_T3_t1c,NAIVE,0.2928230664824597,0.1715247322878988,,,,,,,,,,,,,,,,,,,,,counterfactual,,,,,,,,,,,,
PatientID_0012_T2_to_T3_t1c,FULL_PCC,0.360814151901654,0.2201179032426563,,,,,,,,,,,,,,,,,,,,,counterfactual,,,,,,,,,,,,
PatientID_0013_T1_to_T2_t1c,FIXED_P0,0.1821784884701795,0.1002180287421943,,,,,,,,,,,,,,,,,,,,,counterfactual,,,,,,,,,,,,
PatientID_0013_T1_to_T2_t1c,NAIVE,0.1821784884701795,0.1002180287421943,,,,,,,,,,,,,,,,,,,,,counterfactual,,,,,,,,,,,,
PatientID_0013_T1_to_T2_t1c,FULL_PCC,0.2362990296743588,0.133979077899161,,,,,,,,,,,,,,,,,,,,,counterfactual,,,,,,,,,,,,
PatientID_0014_T1_to_T2_t1c,FIXED_P0,0.1822222224493827,0.1002444990524925,,,,,,,,,,,,,,,,,,,,,counterfactual,,,,,,,,,,,,
PatientID_0014_T1_to_T2_t1c,NAIVE,0.1827777780047839,0.1005808623966429,,,,,,,,,,,,,,,,,,,,,counterfactual,,,,,,,,,,,,
PatientID_0014_T1_to_T2_t1c,FULL_PCC,0.3461111112927469,0.2092710785323241,,,,,,,,,,,,,,,,,,,,,counterfactual,,,,,,,,,,,,
PatientID_0018_T1_to_T2_t1c,FIXED_P0,0.0351617443617574,0.01789549068794,,,,,,,,,,,,,,,,,,,,,counterfactual,,,,,,,,,,,,
PatientID_0018_T1_to_T2_t1c,NAIVE,0.0323488048409462,0.0164403148618869,,,,,,,,,,,,,,,,,,,,,counterfactual,,,,,,,,,,,,
PatientID_0018_T1_to_T2_t1c,FULL_PCC,0.0921237696581843,0.0482860305756409,,,,,,,,,,,,,,,,,,,,,counterfactual,,,,,,,,,,,,
PatientID_0019_T4_to_T5_t1c,FIXED_P0,0.1539471651802121,0.0833926106078332,,,,,,,,,,,,,,,,,,,,,counterfactual,,,,,,,,,,,,
PatientID_0019_T4_to_T5_t1c,NAIVE,0.1539471651802121,0.0833926106078332,,,,,,,,,,,,,,,,,,,,,counterfactual,,,,,,,,,,,,
PatientID_0019_T4_to_T5_t1c,FULL_PCC,0.2318090530190094,0.1310995588165174,,,,,,,,,,,,,,,,,,,,,counterfactual,,,,,,,,,,,,
PatientID_0020_T1_to_T2_t1c,FIXED_P0,0.1609679863809204,0.0875286483380751,,,,,,,,,,,,,,,,,,,,,counterfactual,,,,,,,,,,,,
PatientID_0020_T1_to_T2_t1c,NAIVE,0.1609679863809204,0.0875286483380751,,,,,,,,,,,,,,,,,,,,,counterfactual,,,,,,,,,,,,
PatientID_0020_T1_to_T2_t1c,FULL_PCC,0.2176548588933118,0.122117121927885,,,,,,,,,,,,,,,,,,,,,counterfactual,,,,,,,,,,,,
PatientID_0021_T2_to_T3_t1c,FIXED_P0,0.0765504493888536,0.0397985220850383,,,,,,,,,,,,,,,,,,,,,counterfactual,,,,,,,,,,,,
PatientID_0021_T2_to_T3_t1c,NAIVE,0.0765504493888536,0.0397985220850383,,,,,,,,,,,,,,,,,,,,,counterfactual,,,,,,,,,,,,
PatientID_0021_T2_to_T3_t1c,FULL_PCC,0.1346166103915285,0.0721656530078532,,,,,,,,,,,,,,,,,,,,,counterfactual,,,,,,,,,,,,
PatientID_0022_T1_to_T2_t1c,FIXED_P0,0.416709234869665,0.2631918558804468,,,,,,,,,,,,,,,,,,,,,counterfactual,,,,,,,,,,,,
PatientID_0022_T1_to_T2_t1c,NAIVE,0.416709234869665,0.2631918558804468,,,,,,,,,,,,,,,,,,,,,counterfactual,,,,,,,,,,,,
PatientID_0022_T1_to_T2_t1c,FULL_PCC,0.5108822563600955,0.3430771398333645,,,,,,,,,,,,,,,,,,,,,counterfactual,,,,,,,,,,,,
PatientID_0024_T2_to_T3_t1c,FIXED_P0,0.4362619007897423,0.2789865521701436,,,,,,,,,,,,,,,,,,,,,counterfactual,,,,,,,,,,,,
PatientID_0024_T2_to_T3_t1c,NAIVE,0.4362619007897423,0.2789865521701436,,,,,,,,,,,,,,,,,,,,,counterfactual,,,,,,,,,,,,
PatientID_0024_T2_to_T3_t1c,FULL_PCC,0.5226991815640329,0.3538204102010965,,,,,,,,,,,,,,,,,,,,,counterfactual,,,,,,,,,,,,
PatientID_0025_T1_to_T2_t1c,FIXED_P0,0.3963661295955371,0.2471674719045883,,,,,,,,,,,,,,,,,,,,,counterfactual,,,,,,,,,,,,
PatientID_0025_T1_to_T2_t1c,NAIVE,0.3963661295955371,0.2471674719045883,,,,,,,,,,,,,,,,,,,,,counterfactual,,,,,,,,,,,,
PatientID_0025_T1_to_T2_t1c,FULL_PCC,0.4687692835195617,0.3061388976110209,,,,,,,,,,,,,,,,,,,,,counterfactual,,,,,,,,,,,,
PatientID_0026_T1_to_T2_t1c,FIXED_P0,0.3079249086629297,0.1819806403675604,,,,,,,,,,,,,,,,,,,,,counterfactual,,,,,,,,,,,,
PatientID_0026_T1_to_T2_t1c,NAIVE,0.3079249086629297,0.1819806403675604,,,,,,,,,,,,,,,,,,,,,counterfactual,,,,,,,,,,,,
PatientID_0026_T1_to_T2_t1c,FULL_PCC,0.3772836084228163,0.2325012617048734,,,,,,,,,,,,,,,,,,,,,counterfactual,,,,,,,,,,,,
PatientID_0029_T1_to_T3_t1c,FIXED_P0,0.1616605934518264,0.0879383822638301,,,,,,,,,,,,,,,,,,,,,counterfactual,,,,,,,,,,,,
PatientID_0029_T1_to_T3_t1c,NAIVE,0.1616605934518264,0.0879383822638301,,,,,,,,,,,,,,,,,,,,,counterfactual,,,,,,,,,,,,
PatientID_0029_T1_to_T3_t1c,FULL_PCC,0.2109318063611279,0.1179003724523117,,,,,,,,,,,,,,,,,,,,,counterfactual,,,,,,,,,,,,
PatientID_0030_T1_to_T3_t1c,FIXED_P0,0.4143683214791059,0.261326969621695,,,,,,,,,,,,,,,,,,,,,counterfactual,,,,,,,,,,,,
PatientID_0030_T1_to_T3_t1c,NAIVE,0.4143683214791059,0.261326969621695,,,,,,,,,,,,,,,,,,,,,counterfactual,,,,,,,,,,,,
PatientID_0030_T1_to_T3_t1c,FULL_PCC,0.5266608042241142,0.3574606619699995,,,,,,,,,,,,,,,,,,,,,counterfactual,,,,,,,,,,,,
PatientID_0031_T2_to_T3_t1c,FIXED_P0,0.1879376553199701,0.1037147843709886,,,,,,,,,,,,,,,,,,,,,counterfactual,,,,,,,,,,,,
PatientID_0031_T2_to_T3_t1c,NAIVE,0.1879376553199701,0.1037147843709886,,,,,,,,,,,,,,,,,,,,,counterfactual,,,,,,,,,,,,
PatientID_0031_T2_to_T3_t1c,FULL_PCC,0.3009374294301746,0.177119686270578,,,,,,,,,,,,,,,,,,,,,counterfactual,,,,,,,,,,,,
PatientID_0032_T1_to_T2_t1c,FIXED_P0,0.1010770509109042,0.053228621704525,,,,,,,,,,,,,,,,,,,,,counterfactual,,,,,,,,,,,,
PatientID_0032_T1_to_T2_t1c,NAIVE,0.0961060484274622,0.0504786775237255,,,,,,,,,,,,,,,,,,,,,counterfactual,,,,,,,,,,,,
PatientID_0032_T1_to_T2_t1c,FULL_PCC,0.1690140848512783,0.0923076927184128,,,,,,,,,,,,,,,,,,,,,counterfactual,,,,,,,,,,,,
PatientID_0033_T1_to_T2_t1c,FIXED_P0,0.1119518820764478,0.0592950365296837,,,,,,,,,,,,,,,,,,,,,counterfactual,,,,,,,,,,,,
PatientID_0033_T1_to_T2_t1c,NAIVE,0.1118548700469608,0.0592406104372789,,,,,,,,,,,,,,,,,,,,,counterfactual,,,,,,,,,,,,
PatientID_0033_T1_to_T2_t1c,FULL_PCC,0.1955762514941998,0.1083870968221297,,,,,,,,,,,,,,,,,,,,,counterfactual,,,,,,,,,,,,
PatientID_0034_T1_to_T2_t1c,FIXED_P0,0.1591081835369764,0.0864299478273561,,,,,,,,,,,,,,,,,,,,,counterfactual,,,,,,,,,,,,
PatientID_0034_T1_to_T2_t1c,NAIVE,0.1342791995016114,0.0719717546072824,,,,,,,,,,,,,,,,,,,,,counterfactual,,,,,,,,,,,,
PatientID_0034_T1_to_T2_t1c,FULL_PCC,0.3422852800427811,0.2064802079770013,,,,,,,,,,,,,,,,,,,,,counterfactual,,,,,,,,,,,,
PatientID_0035_T1_to_T2_t1c,FIXED_P0,0.2585761712912991,0.1484854905425787,,,,,,,,,,,,,,,,,,,,,counterfactual,,,,,,,,,,,,
PatientID_0035_T1_to_T2_t1c,NAIVE,0.2526742900677473,0.1446062910819915,,,,,,,,,,,,,,,,,,,,,counterfactual,,,,,,,,,,,,
PatientID_0035_T1_to_T2_t1c,FULL_PCC,0.3932128367035756,0.2447199267114968,,,,,,,,,,,,,,,,,,,,,counterfactual,,,,,,,,,,,,
PatientID_0036_T1_to_T2_t1c,FIXED_P0,0.2783071349151406,0.161647376582119,,,,,,,,,,,,,,,,,,,,,counterfactual,,,,,,,,,,,,
PatientID_0036_T1_to_T2_t1c,NAIVE,0.2783071349151406,0.161647376582119,,,,,,,,,,,,,,,,,,,,,counterfactual,,,,,,,,,,,,
PatientID_0036_T1_to_T2_t1c,FULL_PCC,0.3912218640388039,0.2431795008268548,,,,,,,,,,,,,,,,,,,,,counterfactual,,,,,,,,,,,,
PatientID_0037_T1_to_T2_t1c,FIXED_P0,0.3255041981739309,0.1943893784804946,,,,,,,,,,,,,,,,,,,,,counterfactual,,,,,,,,,,,,
PatientID_0037_T1_to_T2_t1c,NAIVE,0.3255041981739309,0.1943893784804946,,,,,,,,,,,,,,,,,,,,,counterfactual,,,,,,,,,,,,
PatientID_0037_T1_to_T2_t1c,FULL_PCC,0.377639543650065,0.232771664387332,,,,,,,,,,,,,,,,,,,,,counterfactual,,,,,,,,,,,,
PatientID_0038_T1_to_T2_t1c,FIXED_P0,0.251089406475374,0.1435690351588717,,,,,,,,,,,,,,,,,,,,,counterfactual,,,,,,,,,,,,
PatientID_0038_T1_to_T2_t1c,NAIVE,0.251089406475374,0.1435690351588717,,,,,,,,,,,,,,,,,,,,,counterfactual,,,,,,,,,,,,
PatientID_0038_T1_to_T2_t1c,FULL_PCC,0.3394815927997843,0.204443137361617,,,,,,,,,,,,,,,,,,,,,counterfactual,,,,,,,,,,,,
PatientID_0039_T1_to_T2_t1c,FIXED_P0,0.0872872149425412,0.0456352965261057,,,,,,,,,,,,,,,,,,,,,counterfactual,,,,,,,,,,,,
PatientID_0039_T1_to_T2_t1c,NAIVE,0.0887359653950134,0.0464278948178078,,,,,,,,,,,,,,,,,,,,,counterfactual,,,,,,,,,,,,
PatientID_0039_T1_to_T2_t1c,FULL_PCC,0.2875769649968169,0.1679357023756481,,,,,,,,,,,,,,,,,,,,,counterfactual,,,,,,,,,,,,
PatientID_0041_T1_to_T2_t1c,FIXED_P0,0.2929716399942681,0.1716266975461119,,,,,,,,,,,,,,,,,,,,,counterfactual,,,,,,,,,,,,
PatientID_0041_T1_to_T2_t1c,NAIVE,0.2933415536810517,0.1718806445219362,,,,,,,,,,,,,,,,,,,,,counterfactual,,,,,,,,,,,,
PatientID_0041_T1_to_T2_t1c,FULL_PCC,0.451664611624435,0.2917098033533718,,,,,,,,,,,,,,,,,,,,,counterfactual,,,,,,,,,,,,
PatientID_0044_T1_to_T2_t1c,FIXED_P0,0.1633150520526157,0.088918381191467,,,,,,,,,,,,,,,,,,,,,counterfactual,,,,,,,,,,,,
PatientID_0044_T1_to_T2_t1c,NAIVE,0.1547836687523511,0.0838837519538032,,,,,,,,,,,,,,,,,,,,,counterfactual,,,,,,,,,,,,
PatientID_0044_T1_to_T2_t1c,FULL_PCC,0.3217550276289595,0.1917211331910961,,,,,,,,,,,,,,,,,,,,,counterfactual,,,,,,,,,,,,
PatientID_0045_T1_to_T2_t1c,FIXED_P0,0.2815845031363978,0.163862874641249,,,,,,,,,,,,,,,,,,,,,counterfactual,,,,,,,,,,,,
PatientID_0045_T1_to_T2_t1c,NAIVE,0.2815845031363978,0.163862874641249,,,,,,,,,,,,,,,,,,,,,counterfactual,,,,,,,,,,,,
PatientID_0045_T1_to_T2_t1c,FULL_PCC,0.3798844401701925,0.2344798418065855,,,,,,,,,,,,,,,,,,,,,counterfactual,,,,,,,,,,,,
PatientID_0051_T1_to_T3_t1c,FIXED_P0,0.2779184603925703,0.1613851922961038,,,,,,,,,,,,,,,,,,,,,counterfactual,,,,,,,,,,,,
PatientID_0051_T1_to_T3_t1c,NAIVE,0.2759559382351242,0.1600631586986353,,,,,,,,,,,,,,,,,,,,,counterfactual,,,,,,,,,,,,
PatientID_0051_T1_to_T3_t1c,FULL_PCC,0.4611927070314892,0.2997079031019991,,,,,,,,,,,,,,,,,,,,,counterfactual,,,,,,,,,,,,
PatientID_0052_T1_to_T2_t1c,FIXED_P0,0.1617208077444749,0.0879740185526799,,,,,,,,,,,,,,,,,,,,,counterfactual,,,,,,,,,,,,
PatientID_0052_T1_to_T2_t1c,NAIVE,0.1617208077444749,0.0879740185526799,,,,,,,,,,,,,,,,,,,,,counterfactual,,,,,,,,,,,,
PatientID_0052_T1_to_T2_t1c,FULL_PCC,0.2649253731504625,0.1526881720644481,,,,,,,,,,,,,,,,,,,,,counterfactual,,,,,,,,,,,,
PatientID_0053_T1_to_T3_t1c,FIXED_P0,0.4148298681699111,0.2616942243885162,,,,,,,,,,,,,,,,,,,,,counterfactual,,,,,,,,,,,,
PatientID_0053_T1_to_T3_t1c,NAIVE,0.4148298681699111,0.2616942243885162,,,,,,,,,,,,,,,,,,,,,counterfactual,,,,,,,,,,,,
PatientID_0053_T1_to_T3_t1c,FULL_PCC,0.507625102046499,0.3401458324885205,,,,,,,,,,,,,,,,,,,,,counterfactual,,,,,,,,,,,,
PatientID_0054_T1_to_T2_t1c,FIXED_P0,0.1172135706954106,0.0622553726414404,,,,,,,,,,,,,,,,,,,,,counterfactual,,,,,,,,,,,,
PatientID_0054_T1_to_T2_t1c,NAIVE,0.116240267024733,0.0617065250175888,,,,,,,,,,,,,,,,,,,,,counterfactual,,,,,,,,,,,,
PatientID_0054_T1_to_T2_t1c,FULL_PCC,0.2632091212970516,0.1515491154309864,,,,,,,,,,,,,,,,,,,,,counterfactual,,,,,,,,,,,,
PatientID_0055_T1_to_T4_t1c,FIXED_P0,0.3910578671678506,0.2430527855589997,,,,,,,,,,,,,,,,,,,,,counterfactual,,,,,,,,,,,,
PatientID_0055_T1_to_T4_t1c,NAIVE,0.3911113488236413,0.2430941063310476,,,,,,,,,,,,,,,,,,,,,counterfactual,,,,,,,,,,,,
PatientID_0055_T1_to_T4_t1c,FULL_PCC,0.5412343566279486,0.3710221440324453,,,,,,,,,,,,,,,,,,,,,counterfactual,,,,,,,,,,,,
PatientID_0059_T1_to_T2_t1c,FIXED_P0,0.0168831170959127,0.0085134252328064,,,,,,,,,,,,,,,,,,,,,counterfactual,,,,,,,,,,,,
PatientID_0059_T1_to_T2_t1c,NAIVE,0.0168831170959127,0.0085134252328064,,,,,,,,,,,,,,,,,,,,,counterfactual,,,,,,,,,,,,
PatientID_0059_T1_to_T2_t1c,FULL_PCC,0.1160173162086542,0.0615808825685705,,,,,,,,,,,,,,,,,,,,,counterfactual,,,,,,,,,,,,
PatientID_0060_T1_to_T2_t1c,FIXED_P0,0.7173520782034633,0.5592743464645886,,,,,,,,,,,,,,,,,,,,,counterfactual,,,,,,,,,,,,
PatientID_0060_T1_to_T2_t1c,NAIVE,0.7173520782034633,0.5592743464645886,,,,,,,,,,,,,,,,,,,,,counterfactual,,,,,,,,,,,,
PatientID_0060_T1_to_T2_t1c,FULL_PCC,0.8218662231511001,0.6976000852396239,,,,,,,,,,,,,,,,,,,,,counterfactual,,,,,,,,,,,,
PatientID_0062_T1_to_T2_t1c,FIXED_P0,0.7492576183463606,0.5990503155085631,,,,,,,,,,,,,,,,,,,,,counterfactual,,,,,,,,,,,,
PatientID_0062_T1_to_T2_t1c,NAIVE,0.7492099788818286,0.5989894116801795,,,,,,,,,,,,,,,,,,,,,counterfactual,,,,,,,,,,,,
PatientID_0062_T1_to_T2_t1c,FULL_PCC,0.8344052212866275,0.7158621817180167,,,,,,,,,,,,,,,,,,,,,counterfactual,,,,,,,,,,,,
PatientID_0003_T1_to_T2_t1c,FP_25,0.6746759842425816,0.5090649360334294,,0.3132049260310941,0.185680484519548,0.6746759842425816,0.5090649360334294,0.20417769489127732,1.9675824492146383,88431.2,24613.0,24613.0,8.984132549016977e-09,0.9934324860572815,0.00930561199784274,83080.5046875,,30766.0,24613.0,16963.1859375,787.3178100585938,66117.2984375,imperfect_guidance,,EIA_BLEND_075,1.0,6153.0,20260805.0,0.0,,,,,,
PatientID_0003_T1_to_T2_t1c,FP_25,0.43183683420485436,0.27537748867823214,,0.29567471927983446,0.17348491113241463,0.43183683420485436,0.27537748867823214,0.18136822299246505,1.9038630877336733,96202.2,24613.0,24613.0,8.385190319870617e-09,0.9999700784683228,0.01169292591512198,104394.4421875,,30766.0,24613.0,18933.834375,1034.930029296875,85460.559375,imperfect_guidance,,EIA_LINEAR,1.0,6153.0,20260805.0,0.0,,,,,,
PatientID_0003_T1_to_T2_t1c,FP_25,0.6047860886603668,0.4334719512369989,,0.3425148809156773,0.20664733622011955,0.6047860886603668,0.4334719512369989,0.21567865739871234,1.9977015028869975,81099.2,24613.0,24613.0,8.155316390912048e-06,0.9999552965164182,0.00933902934193606,83378.8546875,,30766.0,24613.0,17983.038671875,772.6063842773438,65396.07890625,imperfect_guidance,,PCC,1.0,6153.0,20260805.0,0.0,0.9955591225255632,,,,,
PatientID_0003_T1_to_T2_t1c,MIXED,0.5970042931324163,0.42567813356105294,,0.3098020658981841,0.1832935297179151,0.5970042931324163,0.42567813356105294,0.18898174219390051,1.9257746270053782,88073.8,24613.0,24613.0,8.984132549016977e-09,0.99445987145106,0.009002609116335667,80375.29479166666,,18463.0,24613.0,15189.463248697917,2134.264892578125,65185.60013020833,imperfect_guidance,,EIA_BLEND_075,0.5001422012757486,6153.0,20260805.0,0.0,,,,,,
PatientID_0003_T1_to_T2_t1c,MIXED,0.4210701661841086,0.2666810925891912,,0.2939833093437169,0.1723214975116464,0.4210701661841086,0.2666810925891912,0.1774975824789945,1.8924402462124013,95960.53333333334,24613.0,24613.0,8.385190319870617e-09,0.9999674399693806,0.011516492689649216,102819.24713541666,,18463.0,24613.0,18250.100846354166,2616.3251424153646,84569.14244791666,imperfect_guidance,,EIA_LINEAR,0.5001422012757486,6153.0,20260805.0,0.0,,,,,,
PatientID_0003_T1_to_T2_t1c,MIXED,0.5240834789300217,0.35511933680251134,,0.3337107854672922,0.20027273584420827,0.5240834789300217,0.35511933680251134,0.2075098774791725,1.97643046809693,80032.43333333333,24613.0,24613.0,8.035146220208843e-06,0.9999279578526815,0.009176646700749753,81929.1015625,,18463.0,24613.0,17001.0216796875,2012.8940185546876,64928.3125,imperfect_guidance,,PCC,0.5001422012757486,6153.0,20260805.0,0.0,0.8627117888399753,,,,,
PatientID_0003_T1_to_T2_t1c,PARTIAL_25,0.5961077479462864,0.4246107541985122,,0.309770068869678,0.1832709640100852,0.5961077479462864,0.4246107541985122,0.1898090302931195,1.928121264098608,87638.0,24613.0,24613.0,8.63644550840037e-13,0.9685344099998474,0.008636706508696,77108.515625,,6158.0,24613.0,14635.892578125,0.0,62472.375,imperfect_guidance,,EIA_BLEND_075,0.2501929874456588,0.0,,,,,,,,
PatientID_0003_T1_to_T2_t1c,PARTIAL_25,0.4183967822000894,0.2645396629864226,,0.2966626707076491,0.1741655429097067,0.4183967822000894,0.2645396629864226,0.1834548738819146,1.9099391708774336,94674.0,24613.0,24613.0,1.1515260316466436e-12,0.9999656081199646,0.0110964244231581,99068.875,,6158.0,24613.0,18174.66796875,0.0,80894.234375,imperfect_guidance,,EIA_LINEAR,0.2501929874456588,0.0,,,,,,,,
PatientID_0003_T1_to_T2_t1c,PARTIAL_25,0.5078210701761707,0.340321834090987,,0.33685338529628,0.2025398015580588,0.5078210701761707,0.340321834090987,0.2087890527065558,1.979803679574176,78037.0,24613.0,24613.0,7.97702250565635e-06,0.9998583793640136,0.008970046415925,80084.578125,,6158.0,24613.0,16720.783203125,0.0,63364.06640625,imperfect_guidance,,PCC,0.2501929874456588,0.0,,,0.8359416800482898,,,,,
PatientID_0003_T1_to_T2_t1c,PARTIAL_50,0.6443749238279695,0.4753341725266638,,0.3110905516425342,0.1841961106632093,0.6443749238279695,0.4753341725266638,0.1984895903636751,1.9522204836107493,87798.0,24613.0,24613.0,8.63644550840037e-13,0.9947172403335572,0.0088100032880902,78655.7109375,,12310.0,24613.0,15612.33984375,0.0,63043.10546875,imperfect_guidance,,EIA_BLEND_075,0.5001422012757486,0.0,,,,,,,,
PatientID_0003_T1_to_T2_t1c,PARTIAL_50,0.4240442042939901,0.269071128431538,,0.2970466113104654,0.1744302652616707,0.4240442042939901,0.269071128431538,0.1842392566455364,1.9122095716314689,94843.0,24613.0,24613.0,1.1515260316466436e-12,0.9999679923057556,0.011179931461811,99814.4296875,,12310.0,24613.0,18389.736328125,0.0,81424.703125,imperfect_guidance,,EIA_LINEAR,0.5001422012757486,0.0,,,,,,,,
PatientID_0003_T1_to_T2_t1c,PARTIAL_50,0.5532442205429399,0.38240332501945,,0.3400976857838111,0.2048901811141288,0.5532442205429399,0.38240332501945,0.2126702250031045,1.989938507525383,78575.0,24613.0,24613.0,8.096639248833526e-06,0.999913215637207,0.0090556535869836,80848.875,,12310.0,24613.0,17194.1484375,0.0,63654.96484375,imperfect_guidance,,PCC,0.5001422012757486,0.0,,,0.9107142857172715,,,,,
PatientID_0003_T1_to_T2_t1c,SHIFT_3,0.6437722612783806,0.4750849560970876,,0.3124656381854537,0.18516134297027023,0.6437722612783806,0.4750849560970876,0.20059327198069618,1.9579313566462995,88217.66666666667,24613.0,24613.0,1.3855044498842228e-12,0.993175228436788,0.0091294289256135,81507.54296875,,24613.0,24613.0,16349.86474609375,3493.520751953125,65157.447916666664,imperfect_guidance,,EIA_BLEND_075,0.6169910210051599,9427.0,,,,,,,,
PatientID_0003_T1_to_T2_t1c,SHIFT_3,0.42748412086917176,0.2718481965842206,,0.29760891486864416,0.17481831468112272,0.42748412086917176,0.2718481965842206,0.18335574201549207,1.9096420358840087,95165.16666666667,24613.0,24613.0,1.8473392303722247e-12,0.9999690651893616,0.011439513259877717,102131.97395833333,,24613.0,24613.0,18726.2939453125,4017.899658203125,83405.71354166667,imperfect_guidance,,EIA_LINEAR,0.6169910210051599,9427.0,,,,,,,,
PatientID_0003_T1_to_T2_t1c,SHIFT_3,0.5704844323547755,0.39911926605199016,,0.3437206338631314,0.20752768257013088,0.5704844323547755,0.39911926605199016,0.21509437492529979,1.9961946835256226,79649.0,24613.0,24613.0,8.07358249706643e-06,0.9999580383300781,0.0092075623882313,82205.1171875,,24613.0,24613.0,17681.5595703125,2959.636515299479,64523.802083333336,imperfect_guidance,,PCC,0.6169910210051599,9427.0,,,0.9390939896578241,,,,,
PatientID_0005_T3_to_T4_t1c,FP_25,0.5746004778451128,0.4031153867430663,,0.24811020449085786,0.14162432205642475,0.5746004778451128,0.4031153867430663,0.1370610921142769,1.8758056999665698,91970.6,18835.0,18835.0,3.5178809735039734e-13,0.9854623317718506,0.009970380179584,89015.5546875,,23544.0,18835.0,12200.569140625,342.8414245605469,76814.8625,imperfect_guidance,,EIA_BLEND_075,1.0,4709.0,20260805.0,0.0,,,,,,
PatientID_0005_T3_to_T4_t1c,FP_25,0.252200690224258,0.14429613808156255,,0.2327257546392035,0.1316862708323529,0.252200690224258,0.14429613808156255,0.12532540023243183,1.8310640882602165,102707.2,18835.0,18835.0,3.8462165310310105e-13,0.999713683128357,0.01271607987582678,113529.1609375,,23544.0,18835.0,14228.0873046875,450.6116455078125,99300.9578125,imperfect_guidance,,EIA_LINEAR,1.0,4709.0,20260805.0,0.0,,,,,,
PatientID_0005_T3_to_T4_t1c,FP_25,0.44611627291090744,0.2870976262602679,,0.2737197876990553,0.15856046539990276,0.44611627291090744,0.2870976262602679,0.15389193582947364,1.9346608636452465,82930.4,18835.0,18835.0,8.037716361286584e-06,0.9993756532669067,0.0097883211448788,87390.1328125,,23544.0,18835.0,13448.636328125,314.0744140625,73941.5015625,imperfect_guidance,,PCC,1.0,4709.0,20260805.0,0.0,0.9908726415099722,,,,,
PatientID_0005_T3_to_T4_t1c,MIXED,0.424657994882984,0.2697648391289066,,0.24247602421221884,0.13796457764259776,0.424657994882984,0.2697648391289066,0.12788733277283384,1.8411238628173021,91407.96666666666,18835.0,18835.0,3.5178809735039734e-13,0.9929308692614237,0.009768139167378296,87209.94713541666,,14139.0,18835.0,11153.047526041666,2322.5419881184894,76056.77942708334,imperfect_guidance,,EIA_BLEND_075,0.5006636580833554,4709.0,20260805.0,0.0,,,,,,
PatientID_0005_T3_to_T4_t1c,MIXED,0.2418316963301876,0.1375476235394377,,0.2301684590649081,0.13005107814140335,0.2418316963301876,0.1375476235394377,0.12306293260245763,1.8220291305309289,102395.33333333333,18835.0,18835.0,4.0338368496178887e-13,0.9997143884499867,0.012606796094526798,112553.47552083334,,14139.0,18835.0,13851.1068359375,2794.3233154296877,98702.22213541667,imperfect_guidance,,EIA_LINEAR,0.5006636580833554,4709.0,20260805.0,0.0,,,,,,
PatientID_0005_T3_to_T4_t1c,MIXED,0.3545668525080639,0.21550040528601117,,0.26195127873625457,0.15071586935202416,0.3545668525080639,0.21550040528601117,0.14542973985324614,1.9057743423761884,81491.03333333334,18835.0,18835.0,8.058145704126219e-06,0.9993764122327169,0.00958256764958297,85553.16458333333,,14139.0,18835.0,12441.94599609375,1891.5322550455728,73111.20677083333,imperfect_guidance,,PCC,0.5006636580833554,4709.0,20260805.0,0.0,0.7875314465534083,,,,,
PatientID_0005_T3_to_T4_t1c,PARTIAL_25,0.4602070613363364,0.2988759396145481,,0.2441406072157829,0.1390433700027075,0.4602070613363364,0.2988759396145481,0.1328557385420377,1.860160385385415,90946.0,18835.0,18835.0,3.5178809735039734e-13,0.9836119413375854,0.009359698742628,83563.390625,,4731.0,18835.0,11101.8759765625,0.0,72461.421875,imperfect_guidance,,EIA_BLEND_075,0.2511813113883727,0.0,,,,,,,,
PatientID_0005_T3_to_T4_t1c,PARTIAL_25,0.2444385452815386,0.1392366781848655,,0.2322234317544958,0.1313646961573841,0.2444385452815386,0.1392366781848655,0.1285688434929073,1.843774431883759,101506.0,18835.0,18835.0,3.283355575270375e-13,0.9997127652168274,0.0120966350659728,107998.7578125,,4731.0,18835.0,13885.275390625,0.0,94113.3125,imperfect_guidance,,EIA_LINEAR,0.2511813113883727,0.0,,,,,,,,
PatientID_0005_T3_to_T4_t1c,PARTIAL_25,0.3557207326956272,0.2163383920175544,,0.2652260920613569,0.1528879877984073,0.3557207326956272,0.2163383920175544,0.14708742360124,1.911541983948716,80107.0,18835.0,18835.0,8.024917406146415e-06,0.9993581175804138,0.0094337798655033,84224.7890625,,4731.0,18835.0,12388.4072265625,0.0,71836.359375,imperfect_guidance,,PCC,0.2511813113883727,0.0,,,0.790094339635018,,,,,
PatientID_0005_T3_to_T4_t1c,PARTIAL_50,0.4991770639899342,0.3326022357672066,,0.2450480887189508,0.1396323666486614,0.4991770639899342,0.3326022357672066,0.1353890569127551,1.8696342167190467,91274.0,18835.0,18835.0,3.5178809735039734e-13,0.9959104657173156,0.0095441034063696,85209.7578125,,9430.0,18835.0,11536.46875,0.0,73673.203125,imperfect_guidance,,EIA_BLEND_075,0.5006636580833554,0.0,,,,,,,,
PatientID_0005_T3_to_T4_t1c,PARTIAL_50,0.2497478099482413,0.1426924710567647,,0.232493694417625,0.1315376888277783,0.2497478099482413,0.1426924710567647,0.1280764990280056,1.8418625563459168,101693.0,18835.0,18835.0,3.283355575270375e-13,0.9997127652168274,0.0122298467904329,109188.0703125,,9430.0,18835.0,13984.42578125,0.0,95203.5390625,imperfect_guidance,,EIA_LINEAR,0.5006636580833554,0.0,,,,,,,,
PatientID_0005_T3_to_T4_t1c,PARTIAL_50,0.3838067427824845,0.2374757728314616,,0.2676526142419759,0.154502853440884,0.3838067427824845,0.2374757728314616,0.1491415337204878,1.918612260807655,80697.0,18835.0,18835.0,8.030827302718535e-06,0.9993581175804138,0.0095164673402905,84963.0234375,,9430.0,18835.0,12671.515625,0.0,72291.484375,imperfect_guidance,,PCC,0.5006636580833554,0.0,,,0.852476415103038,,,,,
PatientID_0005_T3_to_T4_t1c,SHIFT_3,0.5021414034288433,0.33566444312897475,,0.24509864489155198,0.13966529897713362,0.5021414034288433,0.33566444312897475,0.13316707234105254,1.8613286418572725,91668.83333333333,18835.0,18835.0,3.5178809735039734e-13,0.9831725756327311,0.009795383705447082,87453.18489583333,,18835.0,18835.0,11645.884602864584,3899.8284912109375,75807.21614583333,imperfect_guidance,,EIA_BLEND_075,0.3179010707017078,12847.333333333334,,,,,,,,
PatientID_0005_T3_to_T4_t1c,SHIFT_3,0.249075303090459,0.14225390782485514,,0.23271222898718513,0.1316776315418662,0.249075303090459,0.14225390782485514,0.12613474311554035,1.8342578468328383,101946.5,18835.0,18835.0,3.283355575270375e-13,0.9997133314609528,0.012458319930980566,111227.88020833333,,18835.0,18835.0,14029.591634114584,4609.6033935546875,97198.23046875,imperfect_guidance,,EIA_LINEAR,0.3179010707017078,12847.333333333334,,,,,,,,
PatientID_0005_T3_to_T4_t1c,SHIFT_3,0.4026634811237236,0.2521569534875682,,0.26983507970227166,0.15595955504667508,0.4026634811237236,0.2521569534875682,0.15081776011044887,1.924316706529497,81865.16666666667,18835.0,18835.0,8.045360118558165e-06,0.999360183874766,0.00967654647926485,86392.20572916667,,18835.0,18835.0,13029.330078125,3280.7960001627603,73362.87630208333,imperfect_guidance,,PCC,0.3179010707017078,12847.333333333334,,,0.8943592767357885,,,,,
PatientID_0006_T2_to_T4_t1c,FP_25,0.8670474801517776,0.7652990451045039,,0.3350164349195798,0.20121305818292828,0.8670474801517776,0.7652990451045039,0.2099694241572571,1.9816482381915517,115810.6,24684.0,24684.0,2.9077890095763337e-11,0.9993155002593994,0.011517566069960562,102828.8296875,,30855.0,24684.0,21590.91015625,536.7989501953125,81237.8640625,imperfect_guidance,,EIA_BLEND_075,1.0,6171.0,20260805.0,0.0,,,,,,
PatientID_0006_T2_to_T4_t1c,FP_25,0.4334953816351989,0.276727803345634,,0.32145263685889836,0.19150644543380485,0.4334953816351989,0.276727803345634,0.18287319441552122,1.9069960832420243,122591.2,24684.0,24684.0,3.8757493048269256e-11,0.9999829530715942,0.01434876602143044,128105.7828125,,30855.0,24684.0,23427.11171875,705.534765625,104678.7625,imperfect_guidance,,EIA_LINEAR,1.0,6171.0,20260805.0,0.0,,,,,,
PatientID_0006_T2_to_T4_t1c,FP_25,0.6308134824252387,0.46072139600051126,,0.3554753918186109,0.21615693896325067,0.6308134824252387,0.46072139600051126,0.2134126674610723,1.9906093411273638,107848.4,24684.0,24684.0,8.15549155959161e-06,0.9999774694442747,0.0121203893795609,108210.8359375,,30855.0,24684.0,23093.5625,548.109619140625,85117.2140625,imperfect_guidance,,PCC,1.0,6171.0,20260805.0,0.0,0.9846338687244013,,,,,
PatientID_0006_T2_to_T4_t1c,MIXED,0.7720331658880509,0.6290043769963718,,0.3330514150374228,0.19979716667497013,0.7720331658880509,0.6290043769963718,0.19741475043505965,1.9480221469520498,115422.2,24684.0,24684.0,2.856266386602746e-11,0.998701016108195,0.011172997144361287,99752.51822916667,,18516.0,24684.0,19692.618489583332,1548.367578125,80059.86848958333,imperfect_guidance,,EIA_BLEND_075,0.5001215362177929,6171.0,20260805.0,0.0,,,,,,
PatientID_0006_T2_to_T4_t1c,MIXED,0.4185153675913173,0.2646364958474518,,0.320930459353906,0.19113598685439206,0.4185153675913173,0.2646364958474518,0.18379345502647776,1.909662245720453,122154.63333333333,24684.0,24684.0,3.8081376593779304e-11,0.9999808371067047,0.014188008569180923,126670.53984375,,18516.0,24684.0,23280.9591796875,1917.081298828125,103389.69140625,imperfect_guidance,,EIA_LINEAR,0.5001215362177929,6171.0,20260805.0,0.0,,,,,,
PatientID_0006_T2_to_T4_t1c,MIXED,0.5122657051900232,0.3443827836466886,,0.3506722350234498,0.21261659500958577,0.5122657051900232,0.3443827836466886,0.20812759085546292,1.9768060121553286,106532.5,24684.0,24684.0,8.124417763610837e-06,0.9999602556228637,0.011912890647848394,106358.28802083334,,18516.0,24684.0,22136.1755859375,1597.990372721354,84222.05052083333,imperfect_guidance,,PCC,0.5001215362177929,6171.0,20260805.0,0.0,0.7995931874773536,,,,,
PatientID_0006_T2_to_T4_t1c,PARTIAL_25,0.7622346459293017,0.615815140915268,,0.3323123604559146,0.1992653495665969,0.7622346459293017,0.615815140915268,0.194518291876747,1.9400409165732464,115052.0,24684.0,24684.0,1.7926656686872988e-11,0.9980223774909972,0.0108281495049595,96673.71875,,6174.0,24684.0,18804.806640625,0.0,77868.84375,imperfect_guidance,,EIA_BLEND_075,0.2501215362177929,0.0,,,,,,,,
PatientID_0006_T2_to_T4_t1c,PARTIAL_25,0.4329120077898049,0.276252520570905,,0.3250229692155581,0.1940462246630974,0.4329120077898049,0.276252520570905,0.193887839254581,1.9382906968882685,120075.0,24684.0,24684.0,2.390220833758949e-11,0.9999786019325256,0.0134129375219345,119750.703125,,6174.0,24684.0,23218.205078125,0.0,96532.5546875,imperfect_guidance,,EIA_LINEAR,0.2501215362177929,0.0,,,,,,,,
PatientID_0006_T2_to_T4_t1c,PARTIAL_25,0.464592448560513,0.3025857519972932,,0.3552659337618647,0.2160020522834801,0.464592448560513,0.3025857519972932,0.2093534182030431,1.9800337680112703,103299.0,24684.0,24684.0,8.017565960471984e-06,0.9998923540115356,0.0115701872855424,103298.6328125,,6174.0,24684.0,21625.921875,0.0,81672.6484375,imperfect_guidance,,PCC,0.2501215362177929,0.0,,,0.7251802200668653,,,,,
PatientID_0006_T2_to_T4_t1c,PARTIAL_50,0.833616917844887,0.7147025112113263,,0.3338144713008316,0.2003465193742036,0.833616917844887,0.7147025112113263,0.2032340278446024,1.963801995285936,115262.0,24684.0,24684.0,1.7926656686872988e-11,0.998884379863739,0.010999864898622,98206.796875,,12345.0,24684.0,19958.962890625,0.0,78247.7265625,imperfect_guidance,,EIA_BLEND_075,0.5001215362177929,0.0,,,,,,,,
PatientID_0006_T2_to_T4_t1c,PARTIAL_50,0.4434856587375732,0.2849223081313625,,0.3249572461016373,0.193999374255323,0.4434856587375732,0.2849223081313625,0.1932393262601895,1.936486556155585,120332.0,24684.0,24684.0,2.390220833758949e-11,0.9999808669090272,0.0134985232725739,120514.8125,,12345.0,24684.0,23288.201171875,0.0,97226.6328125,imperfect_guidance,,EIA_LINEAR,0.5001215362177929,0.0,,,,,,,,
PatientID_0006_T2_to_T4_t1c,PARTIAL_50,0.5509236752643226,0.3801895496273256,,0.3580694495170669,0.2180783160516867,0.5509236752643226,0.3801895496273256,0.2137235958281099,1.991413256767224,104129.0,24684.0,24684.0,8.12655343906954e-06,0.9999438524246216,0.0116944024339318,104407.625,,12345.0,24684.0,22314.373046875,0.0,82093.203125,imperfect_guidance,,PCC,0.5001215362177929,0.0,,,0.8599342354919713,,,,,
PatientID_0006_T2_to_T4_t1c,SHIFT_3,0.7874196510603207,0.6502121463439897,,0.3345092758354948,0.20084733761042547,0.7874196510603207,0.6502121463439897,0.2083688636765536,1.9774407442690434,115744.5,24684.0,24684.0,1.7926656686872988e-11,0.9991443653901418,0.011344753050555734,101285.95572916667,,24684.0,24684.0,21104.839518229168,3666.877726236979,80181.078125,imperfect_guidance,,EIA_BLEND_075,0.696848160751904,7483.0,,,,,,,,
PatientID_0006_T2_to_T4_t1c,SHIFT_3,0.4482323232434999,0.2888558782385704,,0.32508455711614065,0.19409035732715704,0.4482323232434999,0.2888558782385704,0.19106315713047697,1.930388173611539,120802.5,24684.0,24684.0,2.390220833758949e-11,0.9999826848506927,0.013712215392539867,122422.65755208333,,24684.0,24684.0,23389.581380208332,4185.829752604167,99033.10677083333,imperfect_guidance,,EIA_LINEAR,0.696848160751904,7483.0,,,,,,,,
PatientID_0006_T2_to_T4_t1c,SHIFT_3,0.6047574677333882,0.4335909678101884,,0.3596037943441981,0.21921888633809572,0.6047574677333882,0.4335909678101884,0.2148929445760913,1.9944259755473084,105571.0,24684.0,24684.0,8.145008450810565e-06,0.9999802907307943,0.01190382257724795,106277.328125,,24684.0,24684.0,22838.359375,3601.1435546875,83438.9296875,imperfect_guidance,,PCC,0.696848160751904,7483.0,,,0.9439631550121002,,,,,
PatientID_0007_T2_to_T3_t1c,FP_25,0.7108250582499187,0.5513798363474525,,0.23897750302998944,0.13570383320292917,0.7108250582499187,0.5513798363474525,0.12702588519407212,2.201716825089519,52995.2,8157.0,8157.0,3.330054809680405e-08,0.9956856966018675,0.00558190271258346,49835.22734375,,10196.0,8157.0,6330.3638671875,114.48721466064453,43504.85234375,imperfect_guidance,,EIA_BLEND_075,1.0,2039.0,20260805.0,0.0,,,,,,
PatientID_0007_T2_to_T3_t1c,FP_25,0.3386784357399363,0.20386085733699968,,0.22941035143164412,0.12956720475819827,0.3386784357399363,0.20386085733699968,0.12182399722608384,2.1809771359581074,55911.6,8157.0,8157.0,3.10805106096268e-08,0.9999997615814207,0.00676921578124162,60435.55859375,,10196.0,8157.0,7362.501171875,150.30892944335938,53073.07578125,imperfect_guidance,,EIA_LINEAR,1.0,2039.0,20260805.0,0.0,,,,,,
PatientID_0007_T2_to_T3_t1c,FP_25,0.4397450043251352,0.28184176647029424,,0.264043221667955,0.15210241728203122,0.4397450043251352,0.28184176647029424,0.1419245436203469,2.257357462341046,47190.0,8157.0,8157.0,8.234878259827383e-06,0.9999876022338869,0.00564700374379748,50416.45,,10196.0,8157.0,7155.331640625,107.09034881591796,43261.1609375,imperfect_guidance,,PCC,1.0,2039.0,20260805.0,0.0,0.9980523094048344,,,,,
PatientID_0007_T2_to_T3_t1c,MIXED,0.5192840505382319,0.353833624588461,,0.23802802281569962,0.13509183571229713,0.5192840505382319,0.353833624588461,0.11891441254877529,2.169039842247303,52862.433333333334,8157.0,8157.0,3.330054809680405e-08,0.9829175114631653,0.005459037174781133,48738.28424479167,,6119.0,8157.0,5795.684440104166,1242.7979939778645,42942.60260416667,imperfect_guidance,,EIA_BLEND_075,0.5001838911364472,2039.0,20260805.0,0.0,,,,,,
PatientID_0007_T2_to_T3_t1c,MIXED,0.33310040460137913,0.19983243474841034,,0.22911337107864613,0.12937778072108114,0.33310040460137913,0.19983243474841034,0.12146512667391722,2.1795167944776153,55846.566666666666,8157.0,8157.0,3.10805106096268e-08,0.9999997615814208,0.006717170495539856,59970.897786458336,,6119.0,8157.0,7284.316552734375,1503.424580891927,52686.599348958334,imperfect_guidance,,EIA_LINEAR,0.5001838911364472,2039.0,20260805.0,0.0,,,,,,
PatientID_0007_T2_to_T3_t1c,MIXED,0.3866495035315281,0.23966700819753026,,0.26215183656449975,0.1508485423209494,0.3866495035315281,0.23966700819753026,0.13941128159697147,2.2483274224556355,46863.8,8157.0,8157.0,8.178646658052457e-06,0.9999840299288432,0.00559654301032419,49965.93567708333,,6119.0,8157.0,6965.809375,1215.4579477945963,43000.162369791666,imperfect_guidance,,PCC,0.5001838911364472,2039.0,20260805.0,0.0,0.8775459098667855,,,,,
PatientID_0007_T2_to_T3_t1c,PARTIAL_25,0.6145641780302462,0.4435890629640218,,0.2389451733265636,0.1356829836991014,0.6145641780302462,0.4435890629640218,0.1229853167585477,2.1856724505869614,52744.0,8157.0,8157.0,1.9659054939502599e-10,0.9956856966018676,0.0053196786902844,47494.08984375,,2043.0,8157.0,5841.07568359375,0.0,41652.9921875,imperfect_guidance,,EIA_BLEND_075,0.2504597278411181,0.0,,,,,,,,
PatientID_0007_T2_to_T3_t1c,PARTIAL_25,0.3339463038289845,0.200441501162587,,0.2307643913301232,0.1304316905068908,0.3339463038289845,0.200441501162587,0.1254616593939428,2.195557865500526,55423.0,8157.0,8157.0,2.6212074177855977e-10,0.9999997615814208,0.0065242848359048,58248.81640625,,2043.0,8157.0,7307.9931640625,0.0,50940.85546875,imperfect_guidance,,EIA_LINEAR,0.2504597278411181,0.0,,,,,,,,
PatientID_0007_T2_to_T3_t1c,PARTIAL_25,0.3832291283938195,0.2370336670278257,,0.2656304672240727,0.1531567882275445,0.3832291283938195,0.2370336670278257,0.1408813749726696,2.253626004022685,46144.0,8157.0,8157.0,8.147459084284492e-06,0.9999771118164062,0.0055328314192593,49397.1171875,,2043.0,8157.0,6959.1337890625,0.0,42438.01171875,imperfect_guidance,,PCC,0.2504597278411181,0.0,,,0.8697829716374816,,,,,
PatientID_0007_T2_to_T3_t1c,PARTIAL_50,0.6203261003052393,0.4496179136796145,,0.2389082976719495,0.1356592035328454,0.6203261003052393,0.4496179136796145,0.1239030712661522,2.1893557942470427,52812.0,8157.0,8157.0,4.2934414357098655e-10,0.9956856966018676,0.0053763696923851,48000.23046875,,4080.0,8157.0,5947.3759765625,0.0,42052.8515625,imperfect_guidance,,EIA_BLEND_075,0.5001838911364472,0.0,,,,,,,,
PatientID_0007_T2_to_T3_t1c,PARTIAL_50,0.3352948388295149,0.2014139480667638,,0.2306229271250629,0.130341310890849,0.3352948388295149,0.2014139480667638,0.1248408104742042,2.193095534885306,55462.0,8157.0,8157.0,5.724588580946486e-10,0.9999997615814208,0.0065588857978582,58557.73046875,,4080.0,8157.0,7310.39453125,0.0,51247.33203125,imperfect_guidance,,EIA_LINEAR,0.5001838911364472,0.0,,,,,,,,
PatientID_0007_T2_to_T3_t1c,PARTIAL_50,0.4057864411299628,0.2545370655756277,,0.2657319557492846,0.1532242704037327,0.4057864411299628,0.2545370655756277,0.1414080315956674,2.255512736048204,46334.0,8157.0,8157.0,8.194844667741563e-06,0.999986171722412,0.0055601322092115,49640.859375,,4080.0,8157.0,7019.6162109375,0.0,42621.27734375,imperfect_guidance,,PCC,0.5001838911364472,0.0,,,0.9209794101389845,,,,,
PatientID_0007_T2_to_T3_t1c,SHIFT_3,0.5680192881634576,0.4015240939227056,,0.23840489318143554,0.13533467253001005,0.5680192881634576,0.4015240939227056,0.12367109558663958,2.1884261765628694,52953.333333333336,8157.0,8157.0,1.152204530859476e-09,0.988709568977356,0.00550771939257775,49172.919270833336,,8157.0,8157.0,6081.268798828125,2281.0767211914062,43091.638020833336,imperfect_guidance,,EIA_BLEND_075,0.31183850271750235,5613.333333333333,,,,,,,,
PatientID_0007_T2_to_T3_t1c,SHIFT_3,0.3356626211023867,0.20168052088555546,,0.23020411597129106,0.13007383038725143,0.3356626211023867,0.20168052088555546,0.12309344370290148,2.186102508228459,55608.166666666664,8157.0,8157.0,1.5360030839831988e-09,0.9999997715155282,0.006664632509152033,59501.837890625,,8157.0,8157.0,7324.12841796875,2678.8661905924478,52177.719401041664,imperfect_guidance,,EIA_LINEAR,0.31183850271750235,5613.333333333333,,,,,,,,
PatientID_0007_T2_to_T3_t1c,SHIFT_3,0.41066977241976194,0.2584376757723676,,0.2643466103689028,0.15230384582465453,0.41066977241976194,0.2584376757723676,0.14113907476941948,2.254549705683838,46749.5,8157.0,8157.0,8.183290750215141e-06,0.999986489613851,0.005612546655659817,50108.81640625,,8157.0,8157.0,7072.303955078125,2175.268839518229,43036.548828125,imperfect_guidance,,PCC,0.31183850271750235,5613.333333333333,,,0.9320626970971904,,,,,
PatientID_0008_T4_to_T6_t1c,FP_25,0.4051211073350494,0.2540137160127633,,0.20123429079703326,0.11187354219381093,0.4051211073350494,0.2540137160127633,0.13124102004920568,2.4927212948995523,17540.0,4335.0,4335.0,1.09227236630427e-11,0.9641412377357483,0.00191480456851418,17095.375,,5419.0,4335.0,2243.614453125,46.88943099975586,14851.7798828125,imperfect_guidance,,EIA_BLEND_075,1.0,1084.0,20260805.0,0.0,,,,,,
PatientID_0008_T4_to_T6_t1c,FP_25,0.15298731266978233,0.08282959766161149,,0.19341766304652738,0.1070627501217231,0.15298731266978233,0.08282959766161149,0.11612447156454495,2.432084876679709,19437.4,4335.0,4335.0,1.45636315507236e-11,0.9999822974205015,0.00244859093800182,21861.019921875,,5419.0,4335.0,2538.596337890625,61.60236282348633,19322.408203125,imperfect_guidance,,EIA_LINEAR,1.0,1084.0,20260805.0,0.0,,,,,,
PatientID_0008_T4_to_T6_t1c,FP_25,0.2622376010078157,0.15090539401839237,,0.22203089516458419,0.12487896948165414,0.2622376010078157,0.15090539401839237,0.12915359375598512,2.4847166821117,16761.2,4335.0,4335.0,8.19914639578201e-06,0.999950337409973,0.00199717381037766,17830.76796875,,5419.0,4335.0,2302.906640625,47.76382904052734,15527.8548828125,imperfect_guidance,,PCC,1.0,1084.0,20260805.0,0.0,0.946544546233745,,,,,
PatientID_0008_T4_to_T6_t1c,MIXED,0.308550557557645,0.18261050332010512,,0.19299075301766228,0.1068019155644913,0.308550557557645,0.18261050332010512,0.1175695360639788,2.438089527979973,17373.3,4335.0,4335.0,1.09227236630427e-11,0.9380550642808279,0.0018618304980918233,16622.422786458334,,3254.0,4335.0,1954.2905354817708,225.06875305175782,14668.160091145834,imperfect_guidance,,EIA_BLEND_075,0.5005767012687428,1084.0,20260805.0,0.0,,,,,,
PatientID_0008_T4_to_T6_t1c,MIXED,0.14608996549641404,0.07880259989672886,,0.1893355497449021,0.10456713712836654,0.14608996549641404,0.07880259989672886,0.11159993934859853,2.4125696298511383,19303.466666666667,4335.0,4335.0,1.45636315507236e-11,0.9999823093414305,0.0024084873031824366,21502.974674479166,,3254.0,4335.0,2399.6778157552085,275.7133483886719,19103.282356770833,imperfect_guidance,,EIA_LINEAR,0.5005767012687428,1084.0,20260805.0,0.0,,,,,,
PatientID_0008_T4_to_T6_t1c,MIXED,0.1968858132414203,0.109248572025991,,0.19926650266982607,0.11066140819388924,0.1968858132414203,0.109248572025991,0.11748935983528296,2.437793158472956,16305.7,4335.0,4335.0,8.199123688730955e-06,0.9999515891075135,0.00195126363929977,17420.8818359375,,3254.0,4335.0,2046.811905924479,140.85406824747722,15374.062467447917,imperfect_guidance,,PCC,0.5005767012687428,1084.0,20260805.0,0.0,0.7106577852994763,,,,,
PatientID_0008_T4_to_T6_t1c,PARTIAL_25,0.2897347174983005,0.1694092259010778,,0.19330408685323,0.1069931500303142,0.2897347174983005,0.1694092259010778,0.121364428612572,2.4538345622415654,17320.0,4335.0,4335.0,1.09227236630427e-11,0.9380662441253662,0.0017900777747854,15981.814453125,,1089.0,4335.0,1939.623779296875,0.0,14042.173828125,imperfect_guidance,,EIA_BLEND_075,0.2512110726643599,0.0,,,,,,,,
PatientID_0008_T4_to_T6_t1c,PARTIAL_25,0.1649365629567547,0.0898805783670797,,0.1940607735154497,0.1074569790101598,0.1649365629567547,0.0898805783670797,0.1210345361759961,2.4524902610149506,18833.0,4335.0,4335.0,1.0194541391617127e-11,0.9999822378158568,0.0022171468008309,19794.6875,,1089.0,4335.0,2395.8408203125,0.0,17398.8125,imperfect_guidance,,EIA_LINEAR,0.2512110726643599,0.0,,,,,,,,
PatientID_0008_T4_to_T6_t1c,PARTIAL_25,0.2048442907491529,0.1141094835371229,,0.2009884679146828,0.1117216117709112,0.2048442907491529,0.1141094835371229,0.1182521798679938,2.441016729856322,15696.0,4335.0,4335.0,8.233064363594167e-06,0.99994957447052,0.0018930252408608,16900.9296875,,1089.0,4335.0,1998.57177734375,0.0,14902.34375,imperfect_guidance,,PCC,0.2512110726643599,0.0,,,0.7393838469028378,,,,,
PatientID_0008_T4_to_T6_t1c,PARTIAL_50,0.3381776240671075,0.2034980567457665,,0.1955039617101758,0.1083426938063748,0.3381776240671075,0.2034980567457665,0.1254641128906425,2.4702938695743764,17373.0,4335.0,4335.0,1.09227236630427e-11,0.9329040050506592,0.0018198010511696,16247.18359375,,2170.0,4335.0,2038.4384765625,0.0,14208.7275390625,imperfect_guidance,,EIA_BLEND_075,0.5005767012687428,0.0,,,,,,,,
PatientID_0008_T4_to_T6_t1c,PARTIAL_50,0.1665513265090483,0.0908404631239506,,0.1946955997935634,0.1078464107270285,0.1665513265090483,0.0908404631239506,0.1225806692954701,2.458767289487625,18891.0,4335.0,4335.0,1.0194541391617127e-11,0.9999822378158568,0.0022514963056892,20101.359375,,2170.0,4335.0,2464.0380859375,0.0,17637.30078125,imperfect_guidance,,EIA_LINEAR,0.5005767012687428,0.0,,,,,,,,
PatientID_0008_T4_to_T6_t1c,PARTIAL_50,0.2200692042422065,0.1236391914044013,,0.2085828837693123,0.116434571224777,0.2200692042422065,0.1236391914044013,0.1228728699808165,2.4599452998901747,15868.0,4335.0,4335.0,8.233134394686203e-06,0.99994957447052,0.001911946805194,17069.861328125,,2170.0,4335.0,2097.4228515625,0.0,14972.4296875,imperfect_guidance,,PCC,0.5005767012687428,0.0,,,0.794338051709268,,,,,
PatientID_0008_T4_to_T6_t1c,SHIFT_3,0.3817762399790338,0.23599679596356019,,0.19804064419866527,0.10990417710574207,0.3817762399790338,0.23599679596356019,0.12661210363404887,2.4747275740839103,17480.0,4335.0,4335.0,1.09227236630427e-11,0.9627128740151724,0.0018789664221306,16775.411783854168,,4335.0,4335.0,2123.970174153646,489.00457255045575,14651.467122395834,imperfect_guidance,,EIA_BLEND_075,0.5218762014609766,2072.6666666666665,,,,,,,,
PatientID_0008_T4_to_T6_t1c,SHIFT_3,0.16951172635491982,0.09260602324502597,,0.1944959554307192,0.10772445473538032,0.16951172635491982,0.09260602324502597,0.11949892781099863,2.4461129409634936,18976.5,4335.0,4335.0,1.0194541391617127e-11,0.9999822378158568,0.002309754063996117,20621.484049479168,,4335.0,4335.0,2464.2210286458335,573.7908630371094,18157.235677083332,imperfect_guidance,,EIA_LINEAR,0.5218762014609766,2072.6666666666665,,,,,,,,
PatientID_0008_T4_to_T6_t1c,SHIFT_3,0.25451749335780266,0.14590392872131902,,0.21739275625310336,0.1219597746919901,0.25451749335780266,0.14590392872131902,0.12746226293110755,2.4780871125688013,16172.833333333334,4335.0,4335.0,8.210522688993175e-06,0.9999525348345438,0.0019465741934254334,17379.014322916668,,4335.0,4335.0,2215.319132486979,326.59107716878253,15163.688151041666,imperfect_guidance,,PCC,0.5218762014609766,2072.6666666666665,,,0.9186788787460399,,,,,
PatientID_0010_T1_to_T4_t1c,FP_25,0.6353041384022777,0.46552800283656304,,0.5505912032122701,0.3798729563481399,0.6353041384022777,0.46552800283656304,0.43161150152482797,2.2974611637680167,51321.6,34047.0,34047.0,2.9285967216157205e-15,0.999372661113739,0.00607135919854042,54205.0953125,,42559.0,34047.0,23395.542578125,257.29588623046874,30809.6453125,imperfect_guidance,,EIA_BLEND_075,1.0,8512.0,20260805.0,0.0,,,,,,
PatientID_0010_T1_to_T4_t1c,FP_25,0.5710224102039678,0.39960208687213405,,0.5317695261024126,0.3621839660560447,0.5710224102039678,0.39960208687213405,0.39232910765767093,2.2269971577096883,55954.4,34047.0,34047.0,3.436220136421787e-15,0.9998733401298525,0.00721396757289762,64406.303125,,42559.0,34047.0,25268.465625,331.7,39137.8296875,imperfect_guidance,,EIA_LINEAR,1.0,8512.0,20260805.0,0.0,,,,,,
PatientID_0010_T1_to_T4_t1c,FP_25,0.6270978353507344,0.4567680473846229,,0.5787351120284426,0.407197227832859,0.6270978353507344,0.4567680473846229,0.4574879165138922,2.342986719521856,50253.4,34047.0,34047.0,8.551353312213905e-06,0.999845027923584,0.00593267325311894,52966.90703125,,42559.0,34047.0,24231.71953125,209.8992706298828,28735.0640625,imperfect_guidance,,PCC,1.0,8512.0,20260805.0,0.0,0.9885087272561576,,,,,
PatientID_0010_T1_to_T4_t1c,MIXED,0.5995339775467314,0.42810098036797267,,0.5422077001872676,0.3719383216741178,0.5995339775467314,0.42810098036797267,0.4136047258958549,2.2654076824265785,50482.3,34047.0,34047.0,2.92859672161572e-15,0.997504860162735,0.0055966286143908335,49966.700520833336,,25536.0,34047.0,20666.4634765625,900.5764465332031,29300.33046875,imperfect_guidance,,EIA_BLEND_075,0.5000146855816959,8512.0,20260805.0,0.0,,,,,,
PatientID_0010_T1_to_T4_t1c,MIXED,0.5671375843260719,0.3958079827550017,,0.526692429010995,0.35748989114470403,0.5671375843260719,0.3958079827550017,0.3918250865165124,2.226075273081554,55266.46666666667,34047.0,34047.0,3.006692601722543e-15,0.9998605589071909,0.006913511222228363,61723.82799479167,,25536.0,34047.0,24185.196484375,1105.6774800618489,37538.625651041664,imperfect_guidance,,EIA_LINEAR,0.5000146855816959,8512.0,20260805.0,0.0,,,,,,
PatientID_0010_T1_to_T4_t1c,MIXED,0.5863169540206238,0.41474818481342257,,0.5577311281645444,0.3867066747144102,0.5863169540206238,0.41474818481342257,0.44432004570698924,2.3198872079308734,47967.03333333333,34047.0,34047.0,8.42852071703722e-06,0.9997546017169953,0.0056327712877342635,50289.38203125,,25536.0,34047.0,22344.593229166665,785.7719278971355,27944.678385416668,imperfect_guidance,,PCC,0.5000146855816959,8512.0,20260805.0,0.0,0.9242248869563972,,,,,
PatientID_0010_T1_to_T4_t1c,PARTIAL_25,0.5843686668489975,0.4127972115147351,,0.5385577323939909,0.3685111237980847,0.5843686668489975,0.4127972115147351,0.4214808867905041,2.27947297207792,49918.0,34047.0,34047.0,2.92859672161572e-15,0.9958390593528748,0.0051222699694335,45731.625,,8513.0,34047.0,19275.005859375,0.0,26456.72265625,imperfect_guidance,,EIA_BLEND_075,0.2500367139542397,0.0,,,,,,,,
PatientID_0010_T1_to_T4_t1c,PARTIAL_25,0.585337915240912,0.4137651821984062,,0.533952382046818,0.3642121684966581,0.585337915240912,0.4137651821984062,0.4222826695114687,2.2809041782306427,53399.0,34047.0,34047.0,2.7333568978230244e-15,0.9998481869697572,0.006271556019783,55992.453125,,8513.0,34047.0,23644.642578125,0.0,32347.6953125,imperfect_guidance,,EIA_LINEAR,0.2500367139542397,0.0,,,,,,,,
PatientID_0010_T1_to_T4_t1c,PARTIAL_25,0.5856022557114342,0.4140294044477525,,0.5610278915848224,0.3898810048587063,0.5856022557114342,0.4140294044477525,0.4507905204648644,2.331253222648197,44794.0,34047.0,34047.0,8.354344572580885e-06,0.9992706179618835,0.0053072902373969,47383.48828125,,8513.0,34047.0,21360.02734375,0.0,26023.34375,imperfect_guidance,,PCC,0.2500367139542397,0.0,,,0.9230982915893537,,,,,
PatientID_0010_T1_to_T4_t1c,PARTIAL_50,0.607865597562078,0.4366428963366251,,0.5446467710077998,0.3742368245490266,0.607865597562078,0.4366428963366251,0.4386905921749418,2.3099691325144773,50360.0,34047.0,34047.0,2.92859672161572e-15,0.997025430202484,0.0053575574420392,47832.2734375,,17024.0,34047.0,20983.568359375,0.0,26848.791015625,imperfect_guidance,,EIA_BLEND_075,0.5000146855816959,0.0,,,,,,,,
PatientID_0010_T1_to_T4_t1c,PARTIAL_50,0.5799923635036862,0.4084431298858575,,0.5342190883275985,0.3644603938287605,0.5799923635036862,0.4084431298858575,0.420874171728254,2.278393873524541,54164.0,34047.0,34047.0,2.7333568978230244e-15,0.9998575448989868,0.0064656836912035,57725.625,,17024.0,34047.0,24295.224609375,0.0,33430.421875,imperfect_guidance,,EIA_LINEAR,0.5000146855816959,0.0,,,,,,,,
PatientID_0010_T1_to_T4_t1c,PARTIAL_50,0.6068963491701634,0.4356433556232075,,0.5725450305218511,0.4010949856713114,0.6068963491701634,0.4356433556232075,0.4590206529656621,2.3456680216558548,46565.0,34047.0,34047.0,8.42748431750806e-06,0.9995701909065248,0.0055122305639088,49213.1953125,,17024.0,34047.0,22589.873046875,0.0,26623.201171875,imperfect_guidance,,PCC,0.5000146855816959,0.0,,,0.9566646604019478,,,,,
PatientID_0010_T1_to_T4_t1c,SHIFT_3,0.6266533517447453,0.45630077130108976,,0.5485543937436118,0.37793733047863814,0.6266533517447453,0.45630077130108976,0.43761541081597116,2.3080709362715255,51160.666666666664,34047.0,34047.0,2.92859672161572e-15,0.9993011156717936,0.005832964321598333,52076.705078125,,34047.0,34047.0,22789.568684895832,2906.04833984375,29287.229817708332,imperfect_guidance,,EIA_BLEND_075,0.7372847338483077,8944.666666666666,,,,,,,,
PatientID_0010_T1_to_T4_t1c,SHIFT_3,0.5783133119964807,0.40678039416312856,,0.5354847609206891,0.36563996289750383,0.5783133119964807,0.40678039416312856,0.40886351696049156,2.2569001992986215,54977.666666666664,34047.0,34047.0,2.7333568978230244e-15,0.9998736083507538,0.006852666148915834,61180.603515625,,34047.0,34047.0,25014.514973958332,3327.5590006510415,36166.071614583336,imperfect_guidance,,EIA_LINEAR,0.7372847338483077,8944.666666666666,,,,,,,,
PatientID_0010_T1_to_T4_t1c,SHIFT_3,0.6221301925824773,0.4515230289203029,,0.5798620197309023,0.40831836990408726,0.6221301925824773,0.4515230289203029,0.4586846072818387,2.345078868596981,48911.5,34047.0,34047.0,8.49730728684032e-06,0.9998784859975179,0.005808981756369218,51862.589192708336,,34047.0,34047.0,23788.454752604168,2396.4489135742188,28074.0244140625,imperfect_guidance,,PCC,0.7372847338483077,8944.666666666666,,,0.9806781178145436,,,,,
PatientID_0011_T1_to_T2_t1c,FP_25,0.4578617365979122,0.2969005755290421,,0.4485885470222703,0.28914866289931124,0.4578617365979122,0.2969005755290421,0.3905699181650123,1.9618214534041207,76426.2,62041.0,62041.0,6.672414842867622e-10,0.988299489021301,0.00933692604303358,83360.0765625,,77551.0,62041.0,32557.93828125,479.59600219726565,50802.09609375,imperfect_guidance,,EIA_BLEND_075,1.0,15510.0,20260805.0,0.0,,,,,,
PatientID_0011_T1_to_T2_t1c,FP_25,0.44279750488029856,0.28435448431895316,,0.4426708491723903,0.2842500245525155,0.44279750488029856,0.28435448431895316,0.3671363702711723,1.9185632823631438,82323.6,62041.0,62041.0,6.227587334706184e-10,0.9999462962150574,0.0112338794395327,100296.075,,77551.0,62041.0,36822.33671875,617.1127807617188,63473.78515625,imperfect_guidance,,EIA_LINEAR,1.0,15510.0,20260805.0,0.0,,,,,,
PatientID_0011_T1_to_T2_t1c,FP_25,0.486568559505113,0.32150023460437865,,0.4828970573312062,0.31830210412583065,0.486568559505113,0.32150023460437865,0.42543171885356407,2.024533595329903,74263.0,62041.0,62041.0,8.401881859754213e-06,0.9999221563339231,0.00872506424784654,77897.371875,,77551.0,62041.0,33140.0125,372.46279296875,44757.43203125,imperfect_guidance,,PCC,1.0,15510.0,20260805.0,0.0,0.9949309515178318,,,,,
PatientID_0011_T1_to_T2_t1c,MIXED,0.4379662911130975,0.28038245774691295,,0.4373359400315924,0.2798657670504671,0.4379662911130975,0.28038245774691295,0.37189331494904754,1.9274291634626226,74971.4,62041.0,62041.0,3.281179448641219e-10,0.9766818722089131,0.008468761760741421,75609.10494791667,,46536.36666666667,62041.0,28118.5203125,2175.4371988932294,47490.527994791664,imperfect_guidance,,EIA_BLEND_075,0.5001047694266695,15510.0,20260805.0,0.0,,,,,,
PatientID_0011_T1_to_T2_t1c,MIXED,0.4384267393113283,0.2807598223166419,,0.4357522639269061,0.2785699490807461,0.4384267393113283,0.2807598223166419,0.3633580343544145,1.9114824259458927,81472.63333333333,62041.0,62041.0,3.126370978127987e-10,0.9999400774637858,0.010572669220467347,94392.79192708334,,46536.36666666667,62041.0,34298.279036458334,2654.396199544271,60094.520182291664,imperfect_guidance,,EIA_LINEAR,0.5001047694266695,15510.0,20260805.0,0.0,,,,,,
PatientID_0011_T1_to_T2_t1c,MIXED,0.45399977434717365,0.293661833203964,,0.4548715678904834,0.29439157438630564,0.45399977434717365,0.293661833203964,0.40530517909539154,1.9885321468449262,70767.6,62041.0,62041.0,8.318937367827554e-06,0.999838242928187,0.00825195992365473,73673.49817708334,,46536.36666666667,62041.0,29860.241861979168,1694.339619954427,43813.37708333333,imperfect_guidance,,PCC,0.5001047694266695,15510.0,20260805.0,0.0,0.9283345967514529,,,,,
PatientID_0011_T1_to_T2_t1c,PARTIAL_25,0.4324881932961067,0.2759074550202992,,0.4338759536281114,0.277038051129184,0.4324881932961067,0.2759074550202992,0.3882342068294182,1.957556447907309,74150.0,62041.0,62041.0,1.1580511126863674e-13,0.965820848941803,0.0076006823219358,67858.890625,,15521.0,62041.0,26345.142578125,0.0,41513.57421875,imperfect_guidance,,EIA_BLEND_075,0.2501732725133379,0.0,,,,,,,,
PatientID_0011_T1_to_T2_t1c,PARTIAL_25,0.4429973727096356,0.2845193482340781,,0.4352319255185706,0.2781446865011412,0.4429973727096356,0.2845193482340781,0.3865351216841327,1.9544455058662675,80591.0,62041.0,62041.0,1.5440681502484899e-13,0.9999382495880128,0.0096387332305312,86054.609375,,15521.0,62041.0,33263.12890625,0.0,52791.4765625,imperfect_guidance,,EIA_LINEAR,0.2501732725133379,0.0,,,,,,,,
PatientID_0011_T1_to_T2_t1c,PARTIAL_25,0.4472365048963811,0.2880261587243678,,0.4481050570253189,0.2887470308858992,0.4472365048963811,0.2880261587243678,0.4030018668443499,1.984378402475168,68174.0,62041.0,62041.0,8.215071829908993e-06,0.999670147895813,0.0079375645145773,70866.578125,,15521.0,62041.0,28559.36328125,0.0,42307.3828125,imperfect_guidance,,PCC,0.2501732725133379,0.0,,,0.9145051250796857,,,,,
PatientID_0011_T1_to_T2_t1c,PARTIAL_50,0.4431424380696383,0.2846390375789723,,0.4402526746307353,0.2822589707161373,0.4431424380696383,0.2846390375789723,0.4029438086748436,1.984276456223311,74894.0,62041.0,62041.0,1.1580511126863674e-13,0.9825377464294434,0.0080343475565314,71730.65625,,31027.0,62041.0,28903.423828125,0.0,42827.1171875,imperfect_guidance,,EIA_BLEND_075,0.5001047694266695,0.0,,,,,,,,
PatientID_0011_T1_to_T2_t1c,PARTIAL_50,0.4436098708963136,0.285024855019832,,0.4385590999654899,0.2808682031838813,0.4436098708963136,0.285024855019832,0.3906168235649557,1.9619065126731348,81064.0,62041.0,62041.0,1.5440681502484899e-13,0.9999395608901978,0.0099714128300547,89024.7734375,,31027.0,62041.0,34774.57421875,0.0,54250.22265625,imperfect_guidance,,EIA_LINEAR,0.5001047694266695,0.0,,,,,,,,
PatientID_0011_T1_to_T2_t1c,PARTIAL_50,0.464338099003366,0.302370006514869,,0.4639385956984895,0.302031282346254,0.464338099003366,0.302370006514869,0.4156999975995399,2.0071884692206514,70067.0,62041.0,62041.0,8.364349923795089e-06,0.999842405319214,0.0082022715359926,73229.8828125,,31027.0,62041.0,30441.662109375,0.0,42788.390625,imperfect_guidance,,PCC,0.5001047694266695,0.0,,,0.9494743086920424,,,,,
PatientID_0011_T1_to_T2_t1c,SHIFT_3,0.45162607523424053,0.2916785261994916,,0.44499277182471575,0.28616809019931777,0.45162607523424053,0.2916785261994916,0.3926835361861853,1.965670628042389,76038.33333333333,62041.0,62041.0,1.617440470656819e-13,0.9893624285856882,0.008902609193076618,79482.49479166667,,62041.0,62041.0,31211.467122395832,5701.889567057292,48270.88671875,imperfect_guidance,,EIA_BLEND_075,0.6257152528166857,23221.0,,,,,,,,
PatientID_0011_T1_to_T2_t1c,SHIFT_3,0.44466562434966667,0.2858981845299568,,0.44149892314047506,0.28328451630324913,0.44466562434966667,0.2858981845299568,0.37548853845601043,1.9340948450263464,81763.0,62041.0,62041.0,2.1565872640923653e-13,0.9999447067578634,0.010753100737929283,96003.68359375,,62041.0,62041.0,36047.77734375,6666.974853515625,59955.915364583336,imperfect_guidance,,EIA_LINEAR,0.6257152528166857,23221.0,,,,,,,,
PatientID_0011_T1_to_T2_t1c,SHIFT_3,0.47709310510138114,0.3132804285014237,,0.47574565521382756,0.3121195719692698,0.47709310510138114,0.3132804285014237,0.4196785974953481,2.014290029917856,72988.16666666667,62041.0,62041.0,8.369048525006898e-06,0.9999072949091593,0.008581308958431033,76613.92578125,,62041.0,62041.0,32152.850911458332,4038.117472330729,44461.203776041664,imperfect_guidance,,PCC,0.6257152528166857,23221.0,,,0.97555562879752,,,,,
PatientID_0012_T2_to_T3_t1c,FP_25,0.3542570602835058,0.21525661863394613,,0.3105333731978315,0.1838055684114405,0.3542570602835058,0.21525661863394613,0.29113427794604985,1.8023108967317227,88621.8,57434.0,57434.0,6.005246007134702e-08,0.9981539249420166,0.0101984372362494,91051.646875,,71792.0,57434.0,26508.25546875,688.7377685546875,64543.41484375,imperfect_guidance,,EIA_BLEND_075,1.0,14358.0,20260805.0,0.0,,,,,,
PatientID_0012_T2_to_T3_t1c,FP_25,0.3017028241172328,0.17765019484982317,,0.30243872189754356,0.1781607099312878,0.3017028241172328,0.17765019484982317,0.264550317595746,1.7447376688978486,96031.8,57434.0,57434.0,5.8668469193889905e-08,0.9999966621398926,0.01273046471178528,113657.5890625,,71792.0,57434.0,30068.151171875,898.8119140625,83589.3375,imperfect_guidance,,EIA_LINEAR,1.0,14358.0,20260805.0,0.0,,,,,,
PatientID_0012_T2_to_T3_t1c,FP_25,0.35975554550127314,0.2193304447624914,,0.3364713140998813,0.20226360920972164,0.35975554550127314,0.2193304447624914,0.2800873662395769,1.7787943023043087,85460.8,57434.0,57434.0,8.276446351374034e-06,0.9999887943267822,0.009659174829721399,86237.1109375,,71792.0,57434.0,24153.925,635.9944091796875,62083.34140625,imperfect_guidance,,PCC,1.0,14358.0,20260805.0,0.0,0.9970660618637004,,,,,
PatientID_0012_T2_to_T3_t1c,MIXED,0.3264460075971859,0.19506628271766377,,0.30293626692738956,0.17850641803831893,0.3264460075971859,0.19506628271766377,0.2659627293993986,1.747876881070294,87670.33333333333,57434.0,57434.0,3.911195995964789e-08,0.9958942333857218,0.009394503322740362,83874.12604166666,,43080.0,57434.0,22307.391471354167,1722.0830932617187,61566.746875,imperfect_guidance,,EIA_BLEND_075,0.5000870564474005,14358.0,20260805.0,0.0,,,,,,
PatientID_0012_T2_to_T3_t1c,MIXED,0.29775858667370875,0.1749216485392756,,0.29781446931805744,0.17496021088876915,0.29775858667370875,0.1749216485392756,0.2512168269296268,1.7144641322609517,95440.53333333334,57434.0,57434.0,3.8643987054776116e-08,0.9999962131182353,0.012056920801599775,107644.18828125,,43080.0,57434.0,27042.4740234375,2174.52568359375,80601.62630208333,imperfect_guidance,,EIA_LINEAR,0.5000870564474005,14358.0,20260805.0,0.0,,,,,,
PatientID_0012_T2_to_T3_t1c,MIXED,0.3302300611774945,0.19777789456673564,,0.3173389396715419,0.18859591819429924,0.3302300611774945,0.19777789456673564,0.26373554649943143,1.7429050678622324,83127.96666666666,57434.0,57434.0,8.29850347751441e-06,0.9999672691027324,0.009324315655976486,83247.48984375,,43080.0,57434.0,21956.0326171875,1526.3763224283855,61291.604296875,imperfect_guidance,,PCC,0.5000870564474005,14358.0,20260805.0,0.0,0.9152358892716167,,,,,
PatientID_0012_T2_to_T3_t1c,PARTIAL_25,0.3150050492799126,0.186947176994431,,0.3000076144113024,0.1764758577510405,0.3150050492799126,0.186947176994431,0.2610868517202154,1.736973377267022,87029.0,57434.0,57434.0,8.307814852726024e-11,0.993278980255127,0.0085910661146044,76701.0390625,,14367.0,57434.0,20025.6328125,0.0,56675.3828125,imperfect_guidance,,EIA_BLEND_075,0.2501479959605808,0.0,,,,,,,,
PatientID_0012_T2_to_T3_t1c,PARTIAL_25,0.2959919211678101,0.1737033555485582,,0.296490824939786,0.174047096009758,0.2959919211678101,0.1737033555485582,0.2504468989833129,1.7126951295459685,94881.0,57434.0,57434.0,1.1077086470301367e-10,0.9999961853027344,0.0112059898674488,100047.078125,,14367.0,57434.0,25056.48046875,0.0,74990.578125,imperfect_guidance,,EIA_LINEAR,0.2501479959605808,0.0,,,,,,,,
PatientID_0012_T2_to_T3_t1c,PARTIAL_25,0.3174600410965851,0.1886790500420274,,0.3100059172501406,0.1834360962682246,0.3174600410965851,0.1886790500420274,0.2581061868630822,1.730237257125712,81144.0,57434.0,57434.0,8.256424735009205e-06,0.9999699592590332,0.0090803317725658,81069.203125,,14367.0,57434.0,20924.462890625,0.0,60144.88671875,imperfect_guidance,,PCC,0.2501479959605808,0.0,,,0.8798436519837897,,,,,
PatientID_0012_T2_to_T3_t1c,PARTIAL_50,0.3325208064967396,0.1994152657491968,,0.3044312269758054,0.179545195585601,0.3325208064967396,0.1994152657491968,0.283929123142617,1.7870355990556828,87492.0,57434.0,57434.0,8.307814852726024e-11,0.9969252943992616,0.0089924382045865,80284.4921875,,28722.0,57434.0,22795.10546875,0.0,57489.37890625,imperfect_guidance,,EIA_BLEND_075,0.5000870564474005,0.0,,,,,,,,
PatientID_0012_T2_to_T3_t1c,PARTIAL_50,0.2983946791160428,0.1753606876171558,,0.2987954648215545,0.1756375901006003,0.2983946791160428,0.1753606876171558,0.2652023079018292,1.746191992284008,95239.0,57434.0,57434.0,1.1077086470301367e-10,0.9999962449073792,0.011580198071897,103388.0078125,,28722.0,57434.0,27418.73828125,0.0,75969.1484375,imperfect_guidance,,EIA_LINEAR,0.5000870564474005,0.0,,,,,,,,
PatientID_0012_T2_to_T3_t1c,PARTIAL_50,0.3373611449721649,0.2029070498135665,,0.3218472925809523,0.1917866539581602,0.3373611449721649,0.2029070498135665,0.2687208341153399,1.75399847154389,82533.0,57434.0,57434.0,8.256228284153622e-06,0.999964475631714,0.0092639038339257,82708.1328125,,28722.0,57434.0,22225.3984375,0.0,60482.91796875,imperfect_guidance,,PCC,0.5000870564474005,0.0,,,0.934999758723761,,,,,
PatientID_0012_T2_to_T3_t1c,SHIFT_3,0.3484956645945912,0.21102123571044787,,0.30879602585551474,0.18258990660947264,0.3484956645945912,0.21102123571044787,0.2910067488691164,1.802029403581755,88325.33333333333,57434.0,57434.0,9.463180933311222e-11,0.9977664351463318,0.009796390620370651,87462.17447916667,,57434.0,57434.0,25452.0830078125,4658.08740234375,62010.088541666664,imperfect_guidance,,EIA_BLEND_075,0.6911179208598855,17740.333333333332,,,,,,,,
PatientID_0012_T2_to_T3_t1c,SHIFT_3,0.30069587120897584,0.17695247518380408,,0.3017210355831645,0.17766300067266574,0.30069587120897584,0.17695247518380408,0.2670597501059014,1.7503077702211893,95736.0,57434.0,57434.0,1.2617574577748295e-10,0.9999965230623881,0.012305455282330466,109863.10416666667,,57434.0,57434.0,29340.190104166668,5490.6037190755205,80522.83203125,imperfect_guidance,,EIA_LINEAR,0.6911179208598855,17740.333333333332,,,,,,,,
PatientID_0012_T2_to_T3_t1c,SHIFT_3,0.3523696765038795,0.2138701117312345,,0.3323557992921466,0.19929919646422542,0.3523696765038795,0.2138701117312345,0.2765551421743798,1.7711486437235395,84565.33333333333,57434.0,57434.0,8.26932910058531e-06,0.9999873240788778,0.009556586233278068,85321.20182291667,,57434.0,57434.0,23596.090494791668,3415.6580607096353,61725.261067708336,imperfect_guidance,,PCC,0.6911179208598855,17740.333333333332,,,0.9765960526956377,,,,,
PatientID_0013_T1_to_T2_t1c,FP_25,0.2069336249098689,0.11540767796651226,,0.19751392733833303,0.10957861503113735,0.2069336249098689,0.11540767796651226,0.22123900890734155,2.0616866134657394,28779.6,21951.0,21951.0,8.587622835065645e-10,0.9752803921699524,0.00365993711166078,32675.918359375,,27439.0,21951.0,7229.18779296875,226.78237915039062,25446.740234375,imperfect_guidance,,EIA_BLEND_075,1.0,5488.0,20260805.0,0.0,,,,,,
PatientID_0013_T1_to_T2_t1c,FP_25,0.2014577923738905,0.1120117218730053,,0.19439046651960804,0.10765919430600994,0.2014577923738905,0.1120117218730053,0.2091363702470362,2.0305576794946925,31251.2,21951.0,21951.0,8.015114683068703e-10,0.9999600648880003,0.00447375345975156,39941.671875,,27439.0,21951.0,8353.255078125,294.9549072265625,31588.403515625,imperfect_guidance,,EIA_LINEAR,1.0,5488.0,20260805.0,0.0,,,,,,
PatientID_0013_T1_to_T2_t1c,FP_25,0.23109653320506815,0.13064394911104021,,0.22802025613876084,0.1286810745583465,0.23109653320506815,0.13064394911104021,0.19903337657970505,2.0035404153668077,26257.0,21951.0,21951.0,8.438223630946595e-06,0.9999634027481081,0.00325139472261066,29028.451953125,,27439.0,21951.0,5777.63056640625,205.4357177734375,23250.83125,imperfect_guidance,,PCC,1.0,5488.0,20260805.0,0.0,0.9779834200908054,,,,,
PatientID_0013_T1_to_T2_t1c,MIXED,0.1954018799630525,0.10828117399749863,,0.1911258171531148,0.10566056982262116,0.1954018799630525,0.10828117399749863,0.18894763210743756,1.9754869727438973,28535.733333333334,21951.0,21951.0,8.587622835065645e-10,0.9557820479075114,0.00337213813327248,30106.44921875,,16466.0,21951.0,5688.54228515625,703.8966115315756,24417.921158854166,imperfect_guidance,,EIA_BLEND_075,0.5001138900277892,5488.0,20260805.0,0.0,,,,,,
PatientID_0013_T1_to_T2_t1c,MIXED,0.20082911942050863,0.11162382095089902,,0.19143683120000002,0.10585030353081927,0.20082911942050863,0.11162382095089902,0.18590137111376384,1.9668060592448287,31044.7,21951.0,21951.0,8.015114683068703e-10,0.9999566793441772,0.004168661792452091,37217.81263020833,,16466.0,21951.0,6918.698616536459,872.1691324869792,30299.0939453125,imperfect_guidance,,EIA_LINEAR,0.5001138900277892,5488.0,20260805.0,0.0,,,,,,
PatientID_0013_T1_to_T2_t1c,MIXED,0.2113510394542841,0.11816536562932399,,0.20981891474241934,0.11720831562790031,0.2113510394542841,0.11816536562932399,0.18132196914723317,1.9535061307960182,25513.166666666668,21951.0,21951.0,8.365970127973318e-06,0.9999258438746135,0.003148129947173043,28106.504296875,,16466.0,21951.0,5096.5697265625,475.61797587076825,23009.9462890625,imperfect_guidance,,PCC,0.5001138900277892,5488.0,20260805.0,0.0,0.8944219523268662,,,,,
PatientID_0013_T1_to_T2_t1c,PARTIAL_25,0.1902419024374688,0.105120072519128,,0.1884308695900012,0.104015279596408,0.1902419024374688,0.105120072519128,0.1880569146394969,1.972992433994223,28338.0,21951.0,21951.0,5.062637592131991e-13,0.9097047448158264,0.0030559964943677,27283.9375,,5492.0,21951.0,5130.93310546875,0.0,22153.021484375,imperfect_guidance,,EIA_BLEND_075,0.2501936130472416,0.0,,,,,,,,
PatientID_0013_T1_to_T2_t1c,PARTIAL_25,0.2112887795724274,0.1181234719051007,,0.1932196219604019,0.1069413993676548,0.2112887795724274,0.1181234719051007,0.1970141982335576,1.998019649377004,30052.0,21951.0,21951.0,6.75018363687635e-13,0.999954879283905,0.0036688668187707,32755.642578125,,5492.0,21951.0,6453.32666015625,0.0,26302.2734375,imperfect_guidance,,EIA_LINEAR,0.2501936130472416,0.0,,,,,,,,
PatientID_0013_T1_to_T2_t1c,PARTIAL_25,0.2067331784609646,0.1152829997176282,,0.2055623259225809,0.1145552887745384,0.2067331784609646,0.1152829997176282,0.1778456890888413,1.9433186672293483,24001.0,21951.0,21951.0,8.310647899634205e-06,0.9998948574066162,0.0030130250379443,26900.287109375,,5492.0,21951.0,4784.10009765625,0.0,22116.20703125,imperfect_guidance,,PCC,0.2501936130472416,0.0,,,0.8748795064705149,,,,,
PatientID_0013_T1_to_T2_t1c,PARTIAL_50,0.1980319803380704,0.1098976109440046,,0.1928475140910148,0.1067134708401335,0.1980319803380704,0.1098976109440046,0.2093089526747317,2.031009875741564,28493.0,21951.0,21951.0,5.062637592131991e-13,0.9553487300872804,0.0032081648241728,28642.49609375,,10978.0,21951.0,5995.130859375,0.0,22647.373046875,imperfect_guidance,,EIA_BLEND_075,0.5001138900277892,0.0,,,,,,,,
PatientID_0013_T1_to_T2_t1c,PARTIAL_50,0.2127010159169809,0.1190069584503095,,0.1954858381269203,0.108331562186858,0.2127010159169809,0.1190069584503095,0.2112152857988508,2.0359961324557,30196.0,21951.0,21951.0,6.75018363687635e-13,0.9999570250511168,0.0038258587010204,34157.265625,,10978.0,21951.0,7214.53662109375,0.0,26942.734375,imperfect_guidance,,EIA_LINEAR,0.5001138900277892,0.0,,,,,,,,
PatientID_0013_T1_to_T2_t1c,PARTIAL_50,0.2200810897175509,0.123646694501711,,0.2177518361537454,0.1221781795542568,0.2200810897175509,0.123646694501711,0.1895594496224413,1.9772529586914351,24478.0,21951.0,21951.0,8.368395356228575e-06,0.9999287128448486,0.0030737917404621,27442.8125,,10978.0,21951.0,5202.04443359375,0.0,22240.787109375,imperfect_guidance,,PCC,0.5001138900277892,0.0,,,0.9313668787419157,,,,,
PatientID_0013_T1_to_T2_t1c,SHIFT_3,0.20345314566071124,0.11324800448422022,,0.19571413114192404,0.10847232311857073,0.20345314566071124,0.11324800448422022,0.21546526563785398,2.0469230414322066,28687.333333333332,21951.0,21951.0,8.896505754307782e-11,0.97768767674764,0.0035039744107052337,31283.4833984375,,21951.0,21951.0,6740.504069010417,1547.07275390625,24542.9951171875,imperfect_guidance,,EIA_BLEND_075,0.6269570103108438,8188.666666666667,,,,,,,,
PatientID_0013_T1_to_T2_t1c,SHIFT_3,0.21381713818928935,0.11970637083296308,,0.19682848981447468,0.10915710749322365,0.21381713818928935,0.11970637083296308,0.21324723205152574,2.0412251601475475,30360.333333333332,21951.0,21951.0,1.1862007788058607e-10,0.9999591807524363,0.0041493167324612,37045.099609375,,21951.0,21951.0,7899.787923177083,1833.052490234375,29145.284505208332,imperfect_guidance,,EIA_LINEAR,0.6269570103108438,8188.666666666667,,,,,,,,
PatientID_0013_T1_to_T2_t1c,SHIFT_3,0.2300198928090591,0.1299632287013993,,0.2274567905853115,0.1283306584511103,0.2300198928090591,0.1299632287013993,0.19809821758276416,2.0009082673663343,25095.0,21951.0,21951.0,8.42831498933568e-06,0.9999551773071289,0.00315417756792155,28160.497395833332,,21951.0,21951.0,5578.815348307292,723.4494476318359,22581.700846354168,imperfect_guidance,,PCC,0.6269570103108438,8188.666666666667,,,0.9734271576402453,,,,,
PatientID_0014_T1_to_T2_t1c,FP_25,0.6163333334399074,0.4454350775685329,,0.08892158996740444,0.04652953513995768,0.6163333334399074,0.4454350775685329,0.0443658612676191,2.3621497489859764,26742.0,1800.0,1800.0,3.309256080968881e-15,0.97993483543396,0.0029692056123167,26509.06796875,,2250.0,1800.0,1176.0976318359376,22.26789360046387,25332.976171875,imperfect_guidance,,EIA_BLEND_075,1.0,450.0,20260805.0,0.0,,,,,,
PatientID_0014_T1_to_T2_t1c,FP_25,0.2028888891103086,0.11290233852686493,,0.08442096254819972,0.04407073740437958,0.2028888891103086,0.11290233852686493,0.04287652207328666,2.346640528264087,28950.8,1800.0,1800.0,4.412341582463999e-15,0.9999895691871645,0.00350666325539346,31307.489453125,,2250.0,1800.0,1342.33291015625,29.333791732788086,29965.16328125,imperfect_guidance,,EIA_LINEAR,1.0,450.0,20260805.0,0.0,,,,,,
PatientID_0014_T1_to_T2_t1c,FP_25,0.3277777779645062,0.1960138696696892,,0.10966159382874541,0.05801164769751525,0.3277777779645062,0.1960138696696892,0.048949011421668,2.4069320214917718,21964.2,1800.0,1800.0,8.396092562179547e-06,0.9999889135360718,0.0029288241639732803,26148.5421875,,2250.0,1800.0,1279.9426513671874,22.09125633239746,24868.6109375,imperfect_guidance,,PCC,1.0,450.0,20260805.0,0.0,0.9470304976348071,,,,,
PatientID_0014_T1_to_T2_t1c,MIXED,0.5360000001288889,0.36621596090646064,,0.08738656849879635,0.04568961636482216,0.5360000001288889,0.36621596090646064,0.04060369771598855,2.3219358096952463,26716.966666666667,1800.0,1800.0,3.309256080968881e-15,0.9581337809562683,0.0029536601621657065,26370.2779296875,,1351.0,1800.0,1070.7307942708333,136.6494613647461,25299.548697916667,imperfect_guidance,,EIA_BLEND_075,0.5005555555555555,450.0,20260805.0,0.0,,,,,,
PatientID_0014_T1_to_T2_t1c,MIXED,0.19622222244549378,0.10878540403986262,,0.0832399973241647,0.04342750835752291,0.19622222244549378,0.10878540403986262,0.04158647068822915,2.332714838702012,28958.3,1800.0,1800.0,4.412341582463999e-15,0.9999889890352885,0.0035041756307084833,31285.280078125,,1351.0,1800.0,1300.889501953125,166.23210169474285,29984.392122395835,imperfect_guidance,,EIA_LINEAR,0.5005555555555555,450.0,20260805.0,0.0,,,,,,
PatientID_0014_T1_to_T2_t1c,MIXED,0.24098148169231992,0.13705045987014822,,0.10413397000325163,0.054927130892132095,0.24098148169231992,0.13705045987014822,0.046071737527039844,2.3792996900072056,21901.5,1800.0,1800.0,8.33574101003857e-06,0.9999819795290629,0.00291801160977527,26052.0076171875,,1351.0,1800.0,1200.2464396158855,107.40052579243978,24851.777799479165,imperfect_guidance,,PCC,0.5005555555555555,450.0,20260805.0,0.0,0.6962546818917164,,,,,
PatientID_0014_T1_to_T2_t1c,PARTIAL_25,0.4905555556970679,0.3249907989234484,,0.087356483301592,0.0456731652147566,0.4905555556970679,0.3249907989234484,0.0409466040846429,2.3257676586464804,26681.0,1800.0,1800.0,3.309256080968881e-15,0.9690682888031006,0.0029189037159085,26059.97265625,,451.0,1800.0,1067.0673828125,0.0,24992.90625,imperfect_guidance,,EIA_BLEND_075,0.2505555555555555,0.0,,,,,,,,
PatientID_0014_T1_to_T2_t1c,PARTIAL_25,0.2511111113191358,0.1435832277180485,,0.0880718842482998,0.0460644328389874,0.2511111113191358,0.1435832277180485,0.0462309019130704,2.380881852894444,27358.0,1800.0,1800.0,3.0886391500764467e-15,0.9999889135360718,0.0031598240602761,28210.91015625,,451.0,1800.0,1304.2158203125,0.0,26906.69140625,imperfect_guidance,,EIA_LINEAR,0.2505555555555555,0.0,,,,,,,,
PatientID_0014_T1_to_T2_t1c,PARTIAL_25,0.261111111316358,0.1501597446804601,,0.1121769863169698,0.0594213469944361,0.261111111316358,0.1501597446804601,0.0478686537116511,2.396746897496591,19987.0,1800.0,1800.0,8.256999535660725e-06,0.999981164932251,0.0027822803240269,24840.19921875,,451.0,1800.0,1189.06689453125,0.0,23651.12890625,imperfect_guidance,,PCC,0.2505555555555555,0.0,,,0.7544141253977414,,,,,
PatientID_0014_T1_to_T2_t1c,PARTIAL_50,0.5816666667828704,0.4101057581629042,,0.0883446775984722,0.0462137063081814,0.5816666667828704,0.4101057581629042,0.0424446559413628,2.3420515134578483,26702.0,1800.0,1800.0,3.309256080968881e-15,0.9748249053955078,0.0029344798531383,26199.03515625,,901.0,1800.0,1112.009033203125,0.0,25087.037109375,imperfect_guidance,,EIA_BLEND_075,0.5005555555555555,0.0,,,,,,,,
PatientID_0014_T1_to_T2_t1c,PARTIAL_50,0.2377777779895061,0.1349306434000849,,0.0870682948588753,0.0455156316648212,0.2377777779895061,0.1349306434000849,0.0456026165355199,2.37465336362406,27763.0,1800.0,1800.0,3.0886391500764467e-15,0.9999889135360718,0.0032299712765961,28837.18359375,,901.0,1800.0,1315.051025390625,0.0,27522.123046875,imperfect_guidance,,EIA_LINEAR,0.5005555555555555,0.0,,,,,,,,
PatientID_0014_T1_to_T2_t1c,PARTIAL_50,0.2844444446432099,0.1658031090784316,,0.1120983665808607,0.0593772284735261,0.2844444446432099,0.1658031090784316,0.0485434930372807,2.403134249631971,20484.0,1800.0,1800.0,8.38112555356929e-06,0.9999815225601196,0.0028174424078315,25154.125,,901.0,1800.0,1221.069091796875,0.0,23933.07421875,imperfect_guidance,,PCC,0.5005555555555555,0.0,,,0.8218298556807144,,,,,
PatientID_0014_T1_to_T2_t1c,SHIFT_3,0.5848148149301441,0.4132585986577257,,0.08811042459185392,0.046085539904671236,0.5848148149301441,0.4132585986577257,0.042659460452624594,2.3443081338886973,26721.0,1800.0,1800.0,3.309256080968881e-15,0.969579299290975,0.0029545793076976665,26378.4833984375,,1800.0,1800.0,1125.2918701171875,224.02873738606772,25253.201171875,imperfect_guidance,,EIA_BLEND_075,0.46925925925925926,955.3333333333334,,,,,,,,
PatientID_0014_T1_to_T2_t1c,SHIFT_3,0.2382407409523405,0.13523006673091656,,0.08737758730235352,0.04568482495769858,0.2382407409523405,0.13523006673091656,0.04561011379138332,2.3746455178374344,27754.5,1800.0,1800.0,3.0886391500764467e-15,0.9999893407026926,0.0032503670081495835,29019.276692708332,,1800.0,1800.0,1323.4558919270833,267.5067952473958,27695.824544270832,imperfect_guidance,,EIA_LINEAR,0.46925925925925926,955.3333333333334,,,,,,,,
PatientID_0014_T1_to_T2_t1c,SHIFT_3,0.3138888890794753,0.18628697415766926,,0.11425611959541514,0.060589957067660495,0.3138888890794753,0.18628697415766926,0.049568716836528394,2.412655959610178,20545.5,1800.0,1800.0,8.350763740357555e-06,0.9999863902727762,0.0028248238377272332,25220.02734375,,1800.0,1800.0,1250.103495279948,151.0174242655436,23969.934895833332,imperfect_guidance,,PCC,0.46925925925925926,955.3333333333334,,,0.9069020867520851,,,,,
PatientID_0018_T1_to_T2_t1c,FP_25,0.6666666667838725,0.500000000263713,,0.06900967998001596,0.03573797305585968,0.6666666667838725,0.500000000263713,0.03430123521803482,2.3482523933288606,36369.8,1422.0,1422.0,2.0796800725975118e-08,0.984039843082428,0.00366743849590416,32742.891015625,,1778.0,1422.0,1123.1216064453124,42.73554382324219,31619.760546875,imperfect_guidance,,EIA_BLEND_075,1.0,356.0,20260805.0,0.0,,,,,,
PatientID_0018_T1_to_T2_t1c,FP_25,0.040084388523177,0.0204520993826867,,0.06529197960104079,0.03374771750266216,0.040084388523177,0.0204520993826867,0.03147797270022472,2.309680941019553,38858.6,1422.0,1422.0,2.673745029824204e-08,0.9999507188796997,0.0046020368114113395,41086.98359375,,1778.0,1422.0,1293.334912109375,56.42686080932617,39793.71640625,imperfect_guidance,,EIA_LINEAR,1.0,356.0,20260805.0,0.0,,,,,,
PatientID_0018_T1_to_T2_t1c,FP_25,0.09170182873006262,0.0480542797952011,,0.0768733037398282,0.03997308345738064,0.09170182873006262,0.0480542797952011,0.03601314511794046,2.3701741226717394,31957.6,1422.0,1422.0,8.30977332952898e-06,0.9999057054519651,0.0038162892684339795,34071.83046875,,1778.0,1422.0,1227.0337646484375,45.35133514404297,32844.80078125,imperfect_guidance,,PCC,1.0,356.0,20260805.0,0.0,0.9954198473457258,,,,,
PatientID_0018_T1_to_T2_t1c,MIXED,0.3932489453610236,0.24713109413916481,,0.0679179809625059,0.0351527496257165,0.3932489453610236,0.24713109413916481,0.03144441423793589,2.3091881743922644,36339.2,1422.0,1422.0,1.155434191009904e-08,0.9807191550731659,0.0036488435852030463,32576.8751953125,,1068.0,1422.0,1024.3607584635417,293.32627258300784,31552.506770833334,imperfect_guidance,,EIA_BLEND_075,0.5007032348804501,356.0,20260805.0,0.0,,,,,,
PatientID_0018_T1_to_T2_t1c,MIXED,0.036568214122163004,0.018624729300147,,0.064853969142161,0.03351373784954238,0.036568214122163004,0.018624729300147,0.031113841760104125,2.304463464152518,38837.7,1422.0,1422.0,1.3992127131009131e-08,0.9999507546424866,0.0045961650864531,41034.56171875,,1068.0,1422.0,1276.742557779948,347.41533813476565,39757.888020833336,imperfect_guidance,,EIA_LINEAR,0.5007032348804501,356.0,20260805.0,0.0,,,,,,
PatientID_0018_T1_to_T2_t1c,MIXED,0.06994842976912267,0.036243454626462376,,0.0747681096975999,0.038835914587537226,0.06994842976912267,0.036243454626462376,0.03451282438992953,2.351015568793487,31857.833333333332,1422.0,1422.0,8.33288301388772e-06,0.9998860716819763,0.0038016947219147836,33941.530598958336,,1068.0,1422.0,1171.4159057617187,272.62730763753257,32770.11796875,imperfect_guidance,,PCC,0.5007032348804501,356.0,20260805.0,0.0,0.7592875327253658,,,,,
PatientID_0018_T1_to_T2_t1c,PARTIAL_25,0.5316455697849348,0.3620689658227639,,0.068495692536289,0.0354623555832497,0.5316455697849348,0.3620689658227639,0.0328328312970632,2.32859085436181,36303.0,1422.0,1422.0,1.2375633851036127e-10,0.9766077995300292,0.0036182056646794,32303.33984375,,356.0,1422.0,1060.610107421875,0.0,31242.736328125,imperfect_guidance,,EIA_BLEND_075,0.250351617440225,0.0,,,,,,,,
PatientID_0018_T1_to_T2_t1c,PARTIAL_25,0.036568214122163,0.0186246421853063,,0.0653611076695681,0.0337846550861693,0.036568214122163,0.0186246421853063,0.0317571096335676,2.313640204777947,38663.0,1422.0,1422.0,1.6500845134714834e-10,0.999950647354126,0.0045274789445102,40421.33203125,,356.0,1422.0,1283.6646728515625,0.0,39137.74609375,imperfect_guidance,,EIA_LINEAR,0.250351617440225,0.0,,,,,,,,
PatientID_0018_T1_to_T2_t1c,PARTIAL_25,0.0703234883718975,0.0364431490391971,,0.0757015576981725,0.0393398217569265,0.0703234883718975,0.0364431490391971,0.0346682166971295,2.353039288705239,31576.0,1422.0,1422.0,8.308627002406865e-06,0.9998760223388672,0.0037756278179585,33708.8046875,,356.0,1422.0,1168.6241455078125,0.0,32540.16796875,imperfect_guidance,,PCC,0.250351617440225,0.0,,,0.7633587795291651,,,,,
PatientID_0018_T1_to_T2_t1c,PARTIAL_50,0.5225035163422984,0.3536411235822745,,0.0683239690695345,0.0353703043373111,0.5225035163422984,0.3536411235822745,0.0329212482399354,2.3297987222322054,36310.0,1422.0,1422.0,1.2375633851036127e-10,0.997093677520752,0.0036247204989194,32361.50390625,,712.0,1422.0,1065.381103515625,0.0,31296.1171875,imperfect_guidance,,EIA_BLEND_075,0.5007032348804501,0.0,,,,,,,,
PatientID_0018_T1_to_T2_t1c,PARTIAL_50,0.0379746838825686,0.0193548390611631,,0.0653751215731574,0.0337921435448553,0.0379746838825686,0.0193548390611631,0.0316597821069458,2.312263244848401,38685.0,1422.0,1422.0,1.6500845134714834e-10,0.999950647354126,0.0045344927348196,40483.953125,,712.0,1422.0,1281.713134765625,0.0,39202.33984375,imperfect_guidance,,EIA_LINEAR,0.5007032348804501,0.0,,,,,,,,
PatientID_0018_T1_to_T2_t1c,PARTIAL_50,0.0745428976531143,0.0387143904168318,,0.0759455370930122,0.0394716150640203,0.0745428976531143,0.0387143904168318,0.0351464774778545,2.35920454711073,31628.0,1422.0,1422.0,8.308556061820127e-06,0.9999004602432252,0.0037838700227439,33782.390625,,712.0,1422.0,1187.33203125,0.0,32595.064453125,imperfect_guidance,,PCC,0.5007032348804501,0.0,,,0.8091603060719073,,,,,
PatientID_0018_T1_to_T2_t1c,SHIFT_3,0.44585091440019303,0.28734437369612037,,0.06838070714076092,0.035400722367587,0.44585091440019303,0.28734437369612037,0.0326665780674205,2.3263042242366967,36361.5,1422.0,1422.0,1.3184472263949587e-10,0.9673754672209421,0.0036492254196976164,32580.284830729168,,1422.0,1422.0,1064.2864176432292,470.8902842203776,31515.9931640625,imperfect_guidance,,EIA_BLEND_075,0.24847632442569148,1068.6666666666667,,,,,,,,
PatientID_0018_T1_to_T2_t1c,SHIFT_3,0.03832630132267,0.0195377156874088,,0.06531542435493753,0.0337602476800954,0.03832630132267,0.0195377156874088,0.03160579012176192,2.3114939843341538,38696.166666666664,1422.0,1422.0,1.7579296351932783e-10,0.999950647354126,0.0045529152266680665,40648.426432291664,,1422.0,1422.0,1284.7185465494792,546.1216888427734,39363.795572916664,imperfect_guidance,,EIA_LINEAR,0.24847632442569148,1068.6666666666667,,,,,,,,
PatientID_0018_T1_to_T2_t1c,SHIFT_3,0.08204406970861083,0.04278549566122075,,0.07641709059017522,0.039726482294306247,0.08204406970861083,0.04278549566122075,0.03539940294390933,2.3624300552001585,31725.166666666668,1422.0,1422.0,8.330686947980817e-06,0.9998902082443237,0.0037951798488696,33883.365885416664,,1422.0,1422.0,1199.4501953125,427.9749806722005,32683.912760416668,imperfect_guidance,,PCC,0.24847632442569148,1068.6666666666667,,,0.8905852421478935,,,,,
PatientID_0019_T4_to_T5_t1c,FP_25,0.1779545805971746,0.09766747894972878,,0.15577185837056035,0.0844645274549353,0.1779545805971746,0.09766747894972878,0.2185923771282733,2.284742476915532,10190.4,12946.0,12946.0,9.180359406002481e-09,0.948166024684906,0.00169140165671702,15100.833984375,,16182.0,12946.0,3300.927197265625,51.17454147338867,11799.9068359375,imperfect_guidance,,EIA_BLEND_075,1.0,3236.0,20260805.0,0.0,,,,,,
PatientID_0019_T4_to_T5_t1c,FP_25,0.1784952881516107,0.09799332654236922,,0.16543633352146883,0.09017748419525509,0.1784952881516107,0.09799332654236922,0.22036687775172997,2.289239522221029,11220.4,12946.0,12946.0,1.0719668708247813e-08,0.9991763710975647,0.0019666440319269602,17558.1984375,,16182.0,12946.0,3869.244775390625,65.29385223388672,13689.018359375,imperfect_guidance,,EIA_LINEAR,1.0,3236.0,20260805.0,0.0,,,,,,
PatientID_0019_T4_to_T5_t1c,FP_25,0.2279468562016087,0.12863432629743926,,0.19919891266043535,0.11061683605104133,0.2279468562016087,0.12863432629743926,0.21986419062023838,2.2879683937286766,9172.6,12946.0,12946.0,8.4895566033083e-06,0.9976051449775696,0.00128293670713898,11454.058984375,,16182.0,12946.0,2518.3365234375,33.5110668182373,8935.7201171875,imperfect_guidance,,PCC,1.0,3236.0,20260805.0,0.0,0.9833388870404299,,,,,
PatientID_0019_T4_to_T5_t1c,MIXED,0.16421545911874133,0.08945506729813085,,0.1444188369843057,0.0778304320178109,0.16421545911874133,0.08945506729813085,0.177058683905407,2.1706450524869156,10004.266666666666,12946.0,12946.0,7.366018846729124e-09,0.8985417584578196,0.00152304233439883,13597.721940104168,,9710.0,12946.0,2407.5947509765624,458.1922281901042,11190.1259765625,imperfect_guidance,,EIA_BLEND_075,0.500077243936351,3236.0,20260805.0,0.0,,,,,,
PatientID_0019_T4_to_T5_t1c,MIXED,0.16891961484233534,0.09225340937685853,,0.15800253235799083,0.08577841577035501,0.16891961484233534,0.09225340937685853,0.18618956597108136,2.197341149323791,11021.566666666668,12946.0,12946.0,9.338365858369004e-09,0.9991697410742442,0.0017837632990752167,15925.438704427082,,9710.0,12946.0,2965.1375325520835,554.8629109700521,12960.305891927082,imperfect_guidance,,EIA_LINEAR,0.500077243936351,3236.0,20260805.0,0.0,,,,,,
PatientID_0019_T4_to_T5_t1c,MIXED,0.18982182401810768,0.10487573383535542,,0.16599860736844527,0.09051859628958438,0.18982182401810768,0.10487573383535542,0.1866755343929745,2.1987034140389,8572.533333333333,12946.0,12946.0,8.447501325766401e-06,0.9976336379845937,0.00120792885233333,10784.388802083333,,9710.0,12946.0,2013.231339518229,124.36509679158529,8771.15771484375,imperfect_guidance,,PCC,0.500077243936351,3236.0,20260805.0,0.0,0.818871487312195,,,,,
PatientID_0019_T4_to_T5_t1c,PARTIAL_25,0.1629847057329297,0.0887225633214732,,0.143237928811744,0.0771439330190556,0.1629847057329297,0.0887225633214732,0.2063846216532341,2.253051755170503,9939.0,12946.0,12946.0,6.875518221167305e-14,0.8908329010009766,0.0013274399098008,11851.3837890625,,3239.0,12946.0,2445.943359375,0.0,9405.435546875,imperfect_guidance,,EIA_BLEND_075,0.2501931098408775,0.0,,,,,,,,
PatientID_0019_T4_to_T5_t1c,PARTIAL_25,0.1702456357496429,0.0930428909535189,,0.1585185810453233,0.0860820964318269,0.1702456357496429,0.0930428909535189,0.2218200667797991,2.292905363267539,10761.0,12946.0,12946.0,9.167357628223073e-14,0.9991648197174072,0.001529743662104,13657.5517578125,,3239.0,12946.0,3029.51904296875,0.0,10628.037109375,imperfect_guidance,,EIA_LINEAR,0.2501931098408775,0.0,,,,,,,,
PatientID_0019_T4_to_T5_t1c,PARTIAL_25,0.1818322262018449,0.1000084969368676,,0.1580347809960071,0.0857968323228707,0.1818322262018449,0.1000084969368676,0.1816310094245848,2.184224725489025,8100.0,12946.0,12946.0,8.398095815209672e-06,0.9975304007530212,0.001166233443655,10412.1318359375,,3239.0,12946.0,1891.166015625,0.0,8520.96484375,imperfect_guidance,,PCC,0.2501931098408775,0.0,,,0.7844051983031647,,,,,
PatientID_0019_T4_to_T5_t1c,PARTIAL_50,0.1679283176592025,0.091660342394314,,0.1473381546071561,0.0795278183191681,0.1679283176592025,0.091660342394314,0.2132487776133605,2.271033723667658,10008.0,12946.0,12946.0,6.875518221167305e-14,0.9063733816146852,0.0014004433760419,12503.158203125,,6474.0,12946.0,2666.283203125,0.0,9836.8720703125,imperfect_guidance,,EIA_BLEND_075,0.500077243936351,0.0,,,,,,,,
PatientID_0019_T4_to_T5_t1c,PARTIAL_50,0.1739533446943475,0.0952622673817571,,0.1606872158008806,0.0873626374044247,0.1739533446943475,0.0952622673817571,0.2252856808514956,2.301577103744124,10802.0,12946.0,12946.0,9.167357628223073e-14,0.9991652965545654,0.0016091469442471,14366.4638671875,,6474.0,12946.0,3236.55859375,0.0,11129.900390625,imperfect_guidance,,EIA_LINEAR,0.500077243936351,0.0,,,,,,,,
PatientID_0019_T4_to_T5_t1c,PARTIAL_50,0.200370770925368,0.1113400292251978,,0.1747627549011198,0.0957479666891924,0.200370770925368,0.1113400292251978,0.1974165665645793,2.228877420260224,8340.0,12946.0,12946.0,8.466190593026113e-06,0.9975304007530212,0.0011966957245022,10684.099609375,,6474.0,12946.0,2109.21826171875,0.0,8574.87890625,imperfect_guidance,,PCC,0.500077243936351,0.0,,,0.8643785405091003,,,,,
PatientID_0019_T4_to_T5_t1c,SHIFT_3,0.17184201043416847,0.09400299748924507,,0.15107099019614706,0.08170856008013976,0.17184201043416847,0.09400299748924507,0.20656814251470454,2.25345232928767,10133.666666666666,12946.0,12946.0,5.2659426067151156e-14,0.9438676635424296,0.0015841676310325333,14143.448567708334,,12946.0,12946.0,2921.585896809896,1057.9166259765625,11221.864908854166,imperfect_guidance,,EIA_BLEND_075,0.4551470209588547,7053.666666666667,,,,,,,,
PatientID_0019_T4_to_T5_t1c,SHIFT_3,0.17741644784061675,0.09734646202615062,,0.16412784012194603,0.08940103660945654,0.17741644784061675,0.09734646202615062,0.21453387972947413,2.2742696633623223,10907.333333333334,12946.0,12946.0,7.021256804247749e-14,0.9991753995418549,0.0018163537218545333,16216.406087239584,,12946.0,12946.0,3478.932820638021,1264.0831095377605,12737.473795572916,imperfect_guidance,,EIA_LINEAR,0.4551470209588547,7053.666666666667,,,,,,,,
PatientID_0019_T4_to_T5_t1c,SHIFT_3,0.2155492044177526,0.12081452706654006,,0.1894955070049876,0.10468428621209215,0.2155492044177526,0.12081452706654006,0.21000025722128965,2.2624068579208823,8681.333333333334,12946.0,12946.0,8.451200301351491e-06,0.9976967970530192,0.0012421568195955998,11089.97607421875,,12946.0,12946.0,2329.069051106771,282.04547754923504,8760.902506510416,imperfect_guidance,,PCC,0.4551470209588547,7053.666666666667,,,0.9298567144402103,,,,,
PatientID_0020_T1_to_T2_t1c,FP_25,0.3708656942751737,0.22764587926317176,,0.15665355757612784,0.08498324256671842,0.3708656942751737,0.22764587926317176,0.3068118003682457,2.2711310363876493,10865.4,21116.0,21116.0,2.8338648583314808e-08,0.9669096112251282,0.00197015828453,17589.573046875,,26395.0,21116.0,5396.68857421875,104.79197540283204,12192.9083984375,imperfect_guidance,,EIA_BLEND_075,1.0,5279.0,20260805.0,0.0,,,,,,
PatientID_0020_T1_to_T2_t1c,FP_25,0.35661110060246703,0.21699739664502316,,0.15714996832409636,0.08527550569910625,0.35661110060246703,0.21699739664502316,0.28962087274129716,2.2354512244160065,12635.2,21116.0,21116.0,3.7746201009269956e-08,0.9984597086906433,0.0024389185011386197,21774.6640625,,26395.0,21116.0,6306.39716796875,135.1252883911133,15468.270703125,imperfect_guidance,,EIA_LINEAR,1.0,5279.0,20260805.0,0.0,,,,,,
PatientID_0020_T1_to_T2_t1c,FP_25,0.21625307825307222,0.1212352927802253,,0.18081850765768975,0.09939553030441857,0.21625307825307222,0.1212352927802253,0.23398995467427622,2.110073354892368,10894.0,21116.0,21116.0,8.751027962716762e-06,0.998320996761322,0.00145871019922192,13023.3646484375,,26395.0,21116.0,3047.336279296875,82.63150177001953,9976.0208984375,imperfect_guidance,,PCC,1.0,5279.0,20260805.0,0.0,0.9935596170590123,,,,,
PatientID_0020_T1_to_T2_t1c,MIXED,0.31092536466871273,0.18410712387379302,,0.14664194412853254,0.0791235157237984,0.31092536466871273,0.18410712387379302,0.25112652140058034,2.150316107281924,10636.033333333333,21116.0,21116.0,2.0081420326611975e-08,0.933116215467453,0.0016889364381009768,15078.82470703125,,15839.0,21116.0,3786.6927978515623,379.1894989013672,11292.127571614583,imperfect_guidance,,EIA_BLEND_075,0.5000947149081265,5279.0,20260805.0,0.0,,,,,,
PatientID_0020_T1_to_T2_t1c,MIXED,0.29949958958531836,0.17614112812560306,,0.1507170487593558,0.08150079219447433,0.29949958958531836,0.17614112812560306,0.24222544316651992,2.12954514267194,12496.033333333333,21116.0,21116.0,2.631212590031851e-08,0.9984627743562062,0.00213385809523358,19051.085091145833,,15839.0,21116.0,4614.62353515625,467.10646464029946,14436.47451171875,imperfect_guidance,,EIA_LINEAR,0.5000947149081265,5279.0,20260805.0,0.0,,,,,,
PatientID_0020_T1_to_T2_t1c,MIXED,0.18493875104537774,0.10190405571125428,,0.15473179183471147,0.08386199730952773,0.18493875104537774,0.10190405571125428,0.2032494324330494,2.031625522269314,10341.466666666667,21116.0,21116.0,8.598961782505891e-06,0.9967725853125254,0.00138347049166133,12351.62451171875,,15839.0,21116.0,2511.1824544270835,177.51054611206055,9840.43642578125,imperfect_guidance,,PCC,0.5000947149081265,5279.0,20260805.0,0.0,0.849688134626158,,,,,
PatientID_0020_T1_to_T2_t1c,PARTIAL_25,0.2684694071019968,0.1550474523656415,,0.1434937893377321,0.0772923831564815,0.2684694071019968,0.1550474523656415,0.2582974362738326,2.167000076410687,10523.0,21116.0,21116.0,4.301488679137045e-11,0.9015514850616456,0.0013941252836957,12446.7509765625,,5281.0,21116.0,3214.9638671875,0.0,9231.7919921875,imperfect_guidance,,EIA_BLEND_075,0.2500947149081265,0.0,,,,,,,,
PatientID_0020_T1_to_T2_t1c,PARTIAL_25,0.2584769842948836,0.1484200794270838,,0.1490586866620205,0.0805312873051829,0.2584769842948836,0.1484200794270838,0.2506647894483518,2.1495276755467585,12401.0,21116.0,21116.0,5.735318123201161e-11,0.9984524250030518,0.0017873167525976,15957.1640625,,5281.0,21116.0,3999.899169921875,0.0,11957.27734375,imperfect_guidance,,EIA_LINEAR,0.2500947149081265,0.0,,,,,,,,
PatientID_0020_T1_to_T2_t1c,PARTIAL_25,0.1733756393452032,0.0949158694590517,,0.1469256702794373,0.0792875212572586,0.1733756393452032,0.0949158694590517,0.1942074974920797,2.00715333008736,10029.0,21116.0,21116.0,8.540936505596619e-06,0.9965268969535828,0.0013402551412582,11965.7978515625,,5281.0,21116.0,2323.84765625,0.0,9641.94140625,imperfect_guidance,,PCC,0.2500947149081265,0.0,,,0.7965622280465009,,,,,
PatientID_0020_T1_to_T2_t1c,PARTIAL_50,0.3218412578300378,0.1917823682359244,,0.1481784949215877,0.0800176985439563,0.3218412578300378,0.1917823682359244,0.2987516973508089,2.254548667670927,10616.0,21116.0,21116.0,4.301488679137045e-11,0.9357248544692992,0.0015338989906013,13694.650390625,,10560.0,21116.0,4091.300048828125,0.0,9603.3505859375,imperfect_guidance,,EIA_BLEND_075,0.5000947149081265,0.0,,,,,,,,
PatientID_0020_T1_to_T2_t1c,PARTIAL_50,0.3088653154170092,0.1826379165728749,,0.1516370244838193,0.0820385533143563,0.3088653154170092,0.1826379165728749,0.2852957539155283,2.2262797623434887,12451.0,21116.0,21116.0,5.735318123201161e-11,0.9984524250030518,0.0019421436591073,17339.458984375,,10560.0,21116.0,4946.8740234375,0.0,12392.591796875,imperfect_guidance,,EIA_LINEAR,0.5000947149081265,0.0,,,,,,,,
PatientID_0020_T1_to_T2_t1c,PARTIAL_50,0.1904716802616387,0.1052604030592708,,0.1581701014752067,0.0858766065373652,0.1904716802616387,0.1052604030592708,0.21071737979211,2.051578387479606,10230.0,21116.0,21116.0,8.582839654991403e-06,0.9965332746505736,0.0013731746003031,12259.703125,,10560.0,21116.0,2583.33251953125,0.0,9676.3623046875,imperfect_guidance,,PCC,0.5000947149081265,0.0,,,0.8751087902659801,,,,,
PatientID_0020_T1_to_T2_t1c,SHIFT_3,0.3598140430788703,0.21945072498196616,,0.1538908787970506,0.08336134999303414,0.3598140430788703,0.21945072498196616,0.3022348708866613,2.2614314635671247,10793.166666666666,21116.0,21116.0,4.301488679137045e-11,0.9669358233610789,0.0018208821614582834,16256.835774739584,,21116.0,21116.0,4913.382649739583,1177.8781127929688,11343.4541015625,imperfect_guidance,,EIA_BLEND_075,0.6714339837090358,6938.0,,,,,,,,
PatientID_0020_T1_to_T2_t1c,SHIFT_3,0.3479115362912504,0.2106435112494421,,0.15537404776137173,0.0842316451920301,0.3479115362912504,0.2106435112494421,0.287022975142548,2.229654940592769,12555.0,21116.0,21116.0,5.735318123201161e-11,0.9984524349371592,0.0022625648028527334,20200.178385416668,,21116.0,21116.0,5797.838541666667,1403.458984375,14402.3466796875,imperfect_guidance,,EIA_LINEAR,0.6714339837090358,6938.0,,,,,,,,
PatientID_0020_T1_to_T2_t1c,SHIFT_3,0.2077571509943228,0.11593365922448388,,0.17401372825174574,0.09531092826057702,0.2077571509943228,0.11593365922448388,0.2263222878600284,2.0911280064094124,10690.5,21116.0,21116.0,8.671095201862045e-06,0.9982271293799082,0.0014325753436423335,12790.032877604166,,21116.0,21116.0,2895.5443522135415,377.6974067687988,9894.480305989584,imperfect_guidance,,PCC,0.6714339837090358,6938.0,,,0.9545256745045119,,,,,
PatientID_0021_T2_to_T3_t1c,FP_25,0.10515647909028117,0.0554961284781846,,0.09715976778768418,0.05106039182795502,0.10515647909028117,0.0554961284781846,0.12857278462797192,1.923311529528179,27497.6,15689.0,15689.0,2.3468651588059998e-11,0.9680461168289185,0.00356352403759952,31815.142578125,,19611.0,15689.0,4090.561474609375,165.0781494140625,27724.58671875,imperfect_guidance,,EIA_BLEND_075,1.0,3922.0,20260805.0,0.0,,,,,,
PatientID_0021_T2_to_T3_t1c,FP_25,0.09786474602913298,0.05144994100395306,,0.09850929613216122,0.05180635170945428,0.09786474602913298,0.05144994100395306,0.12560402436257342,1.9116894507257203,30235.6,15689.0,15689.0,2.978207160053703e-11,0.9997513651847839,0.00428202692419284,38229.9359375,,19611.0,15689.0,4801.8337890625,215.53357543945313,33428.09375,imperfect_guidance,,EIA_LINEAR,1.0,3922.0,20260805.0,0.0,,,,,,
PatientID_0021_T2_to_T3_t1c,FP_25,0.13097074386095447,0.0700742086799229,,0.13140002565331557,0.07032004050360666,0.13097074386095447,0.0700742086799229,0.10681881207443741,1.8321015564168672,24463.2,15689.0,15689.0,8.49708176247077e-06,0.9991394996643066,0.00323116015642876,28847.798046875,,19611.0,15689.0,3081.487451171875,151.7109405517578,25766.321875,imperfect_guidance,,PCC,1.0,3922.0,20260805.0,0.0,0.972916666673079,,,,,
PatientID_0021_T2_to_T3_t1c,MIXED,0.09261053394864942,0.04855625444115647,,0.09114424841884265,0.04774834184640617,0.09261053394864942,0.04855625444115647,0.10005412013044027,1.8003875357655879,27310.733333333334,15689.0,15689.0,1.1294533237861291e-11,0.9396150986353556,0.0033681446996827397,30070.795833333334,,11766.0,15689.0,3008.7070149739584,471.8153483072917,27062.106575520833,imperfect_guidance,,EIA_BLEND_075,0.4999681305373191,3922.0,20260805.0,0.0,,,,,,
PatientID_0021_T2_to_T3_t1c,MIXED,0.09593558122157977,0.05038469340362053,,0.09422343939376288,0.04944108098466767,0.09593558122157977,0.05038469340362053,0.10123549148311353,1.8060627591373584,30083.5,15689.0,15689.0,1.4998564410759747e-11,0.9997306982676188,0.004072333282480596,36357.791666666664,,11766.0,15689.0,3680.7132568359375,582.4462666829427,32677.063802083332,imperfect_guidance,,EIA_LINEAR,0.4999681305373191,3922.0,20260805.0,0.0,,,,,,
PatientID_0021_T2_to_T3_t1c,MIXED,0.11035970003047695,0.05840533434011041,,0.11147166558315237,0.05902783622189931,0.11035970003047695,0.05840533434011041,0.08843034898855368,1.7410589179834175,23885.666666666668,15689.0,15689.0,8.391821756958961e-06,0.9983317375183105,0.0031438261503353234,28068.079817708334,,11766.0,15689.0,2482.285050455729,259.72205352783203,25585.8037109375,imperfect_guidance,,PCC,0.4999681305373191,3922.0,20260805.0,0.0,0.8198074495376088,,,,,
PatientID_0021_T2_to_T3_t1c,PARTIAL_25,0.088278411655036,0.0461774414347955,,0.0895773071034436,0.0468887369579249,0.088278411655036,0.0461774414347955,0.0952334255427223,1.7766458602892277,27179.0,15689.0,15689.0,2.5635692706008423e-14,0.9424983859062196,0.0031371158547699,28008.169921875,,3925.0,15689.0,2667.31396484375,0.0,25340.888671875,imperfect_guidance,,EIA_BLEND_075,0.2501752820447447,0.0,,,,,,,,
PatientID_0021_T2_to_T3_t1c,PARTIAL_25,0.1127541589931559,0.0597453477300906,,0.0956875435606263,0.0502478168739615,0.1127541589931559,0.0597453477300906,0.1026317640096384,1.812705314046108,28810.0,15689.0,15689.0,2.3926646186794683e-14,0.9997292160987854,0.0036272113211452,32383.7421875,,3925.0,15689.0,3323.6005859375,0.0,29060.111328125,imperfect_guidance,,EIA_LINEAR,0.2501752820447447,0.0,,,,,,,,
PatientID_0021_T2_to_T3_t1c,PARTIAL_25,0.1100133852026893,0.0582085525745916,,0.1096448311662749,0.0580022384147173,0.1100133852026893,0.0582085525745916,0.0854937463203357,1.7251403899411466,22124.0,15689.0,15689.0,8.359422281500883e-06,0.9982155561447144,0.0030001308768987,26785.16796875,,3925.0,15689.0,2289.96435546875,0.0,24495.248046875,imperfect_guidance,,PCC,0.2501752820447447,0.0,,,0.8172348485281168,,,,,
PatientID_0021_T2_to_T3_t1c,PARTIAL_50,0.0969469055039535,0.0509428275094301,,0.0921199702148817,0.0482839428050509,0.0969469055039535,0.0509428275094301,0.1129411595854632,1.8592929418745483,27255.0,15689.0,15689.0,2.5635692706008423e-14,0.9488318562507628,0.0032466333359479,28985.943359375,,7844.0,15689.0,3273.7060546875,0.0,25712.265625,imperfect_guidance,,EIA_BLEND_075,0.4999681305373191,0.0,,,,,,,,
PatientID_0021_T2_to_T3_t1c,PARTIAL_50,0.1026834087863253,0.0541203346304928,,0.0967698997449469,0.0508450868620854,0.1026834087863253,0.0541203346304928,0.1159663714107597,1.8722571751975368,29387.0,15689.0,15689.0,3.4180923608011227e-14,0.9997314810752868,0.0038329802919179,34220.84765625,,7844.0,15689.0,3968.467529296875,0.0,30252.376953125,imperfect_guidance,,EIA_LINEAR,0.4999681305373191,0.0,,,,,,,,
PatientID_0021_T2_to_T3_t1c,PARTIAL_50,0.1177257951712114,0.0625444448524416,,0.1182154021256499,0.0628209000559341,0.1177257951712114,0.0625444448524416,0.0937551129612886,1.769142269531721,23020.0,15689.0,15689.0,8.365794201381505e-06,0.9983075857162476,0.0030792667530477,27491.693359375,,7844.0,15689.0,2577.48681640625,0.0,24914.244140625,imperfect_guidance,,PCC,0.4999681305373191,0.0,,,0.8745265151812198,,,,,
PatientID_0021_T2_to_T3_t1c,SHIFT_3,0.10121741350305248,0.053308274409642566,,0.09532019908871929,0.05004582201403083,0.10121741350305248,0.053308274409642566,0.12014071841717633,1.889633587164375,27407.333333333332,15689.0,15689.0,2.5635692706008423e-14,0.967951625585556,0.0034515459944183,30815.402669270832,,15689.0,15689.0,3702.184611002604,1113.9035135904949,27113.2412109375,imperfect_guidance,,EIA_BLEND_075,0.6063696432744811,6175.666666666667,,,,,,,,
PatientID_0021_T2_to_T3_t1c,SHIFT_3,0.10338453696528187,0.05451049879163583,,0.09829521045499966,0.05168808740307573,0.10338453696528187,0.05451049879163583,0.12122602761917423,1.894068389248036,29514.166666666668,15689.0,15689.0,3.4180923608011227e-14,0.9997431635856628,0.0040629545692354,36274.05859375,,15689.0,15689.0,4397.246744791667,1326.6305745442708,31876.794270833332,imperfect_guidance,,EIA_LINEAR,0.6063696432744811,6175.666666666667,,,,,,,,
PatientID_0021_T2_to_T3_t1c,SHIFT_3,0.12797713899989446,0.06836709092081675,,0.12852360255397094,0.06867940802164031,0.12797713899989446,0.06836709092081675,0.10288688613073267,1.8137264903211794,23444.166666666668,15689.0,15689.0,8.465281856236592e-06,0.9990531901518503,0.0031452792075772665,28081.052734375,,15689.0,15689.0,2889.652384440104,491.7346903483073,25191.425130208332,imperfect_guidance,,PCC,0.6063696432744811,6175.666666666667,,,0.9506786616278383,,,,,
PatientID_0022_T1_to_T2_t1c,FP_25,0.5380304301841772,0.368017531231335,,0.4186468111665273,0.26473960035338595,0.5380304301841772,0.368017531231335,0.5026447168469776,1.9100604637701366,76595.8,109628.0,109628.0,1.827984164037844e-07,0.994929313659668,0.01089136190712448,97238.0796875,,137035.0,109628.0,48876.20703125,1013.855615234375,48361.88125,imperfect_guidance,,EIA_BLEND_075,1.0,27407.0,20260805.0,0.0,,,,,,
PatientID_0022_T1_to_T2_t1c,FP_25,0.5405571569328066,0.3703859727941766,,0.42013592760484675,0.2659316931543638,0.5405571569328066,0.3703859727941766,0.4820547950319874,1.8742775053051228,81238.8,109628.0,109628.0,1.8371763133018248e-07,0.9999529123306274,0.012671255506575042,113128.9703125,,137035.0,109628.0,54534.3625,1286.209619140625,58594.7921875,imperfect_guidance,,EIA_LINEAR,1.0,27407.0,20260805.0,0.0,,,,,,
PatientID_0022_T1_to_T2_t1c,FP_25,0.5083044477710608,0.3407561609652947,,0.46244092899756045,0.3007630328066802,0.5083044477710608,0.3407561609652947,0.5412724858658745,1.9773263943606438,76289.8,109628.0,109628.0,8.359289677173364e-06,0.9999566078186037,0.00920176357030864,82153.34375,,137035.0,109628.0,44467.34453125,703.52958984375,37686.05859375,imperfect_guidance,,PCC,1.0,27407.0,20260805.0,0.0,0.9949542021533474,,,,,
PatientID_0022_T1_to_T2_t1c,MIXED,0.5237332919835395,0.35476962080161095,,0.4013849989603423,0.2510839300414495,0.5237332919835395,0.35476962080161095,0.4749030744307067,1.861830783314057,74107.03333333334,109628.0,109628.0,5.451157217284398e-08,0.9811727742354075,0.009356529451906641,83535.09479166666,,82223.0,109628.0,39671.07330729167,1900.5900594075522,43864.03528645833,imperfect_guidance,,EIA_BLEND_075,0.5000182435144306,27407.0,20260805.0,0.0,,,,,,
PatientID_0022_T1_to_T2_t1c,MIXED,0.5246226633120281,0.3555863471824862,,0.409271177796479,0.2572858082051058,0.5246226633120281,0.3555863471824862,0.4722848960735758,1.8572675785217059,79603.3,109628.0,109628.0,5.3956934094786153e-08,0.999946904182434,0.011342287405083536,101263.94140625,,82223.0,109628.0,47826.116927083334,2380.076912434896,53438.030989583334,imperfect_guidance,,EIA_LINEAR,0.5000182435144306,27407.0,20260805.0,0.0,,,,,,
PatientID_0022_T1_to_T2_t1c,MIXED,0.4673541431045564,0.3049373457423167,,0.4205235779830026,0.2662486689074439,0.4673541431045564,0.3049373457423167,0.5087801516980945,1.9207196602687262,70169.96666666666,109628.0,109628.0,8.330239597853507e-06,0.9998840649922689,0.00836373729010418,74671.44635416666,,82223.0,109628.0,37992.30416666667,1310.2913899739583,36679.22122395833,imperfect_guidance,,PCC,0.5000182435144306,27407.0,20260805.0,0.0,0.9147981502319816,,,,,
PatientID_0022_T1_to_T2_t1c,PARTIAL_25,0.5013044112840638,0.3344938191995417,,0.3926066579624811,0.2442505189606942,0.5013044112840638,0.3344938191995417,0.4974234323893896,1.9009898906069087,72590.0,109628.0,109628.0,7.701839166429636e-12,0.9496166706085204,0.0078218067064881,69833.09375,,27413.0,109628.0,34736.6171875,0.0,35096.47265625,imperfect_guidance,,EIA_BLEND_075,0.2500547305432918,0.0,,,,,,,,
PatientID_0022_T1_to_T2_t1c,PARTIAL_25,0.5043145911651024,0.3371795888287592,,0.4057198590852823,0.2544846722210779,0.5043145911651024,0.3371795888287592,0.509488414279107,1.9219480860659288,77999.0,109628.0,109628.0,1.0269118888572848e-11,0.9999449253082277,0.0096709383651614,86342.140625,,27413.0,109628.0,43990.3203125,0.0,42352.109375,imperfect_guidance,,EIA_LINEAR,0.2500547305432918,0.0,,,,,,,,
PatientID_0022_T1_to_T2_t1c,PARTIAL_25,0.4442204546309144,0.2855291779329753,,0.4003382238710616,0.2502642932708773,0.4442204546309144,0.2855291779329753,0.497089752797215,1.900408728399683,65404.0,109628.0,109628.0,8.285987860290334e-06,0.9998254179954528,0.0077601252123713,69282.3984375,,27413.0,109628.0,34439.5703125,0.0,34842.9453125,imperfect_guidance,,PCC,0.2500547305432918,0.0,,,0.8695163104623572,,,,,
PatientID_0022_T1_to_T2_t1c,PARTIAL_50,0.5297186850096247,0.3602838991502861,,0.4040670286434484,0.2531854632366273,0.5297186850096247,0.3602838991502861,0.5286515935295362,1.955293703872168,73995.0,109628.0,109628.0,7.701839166429636e-12,0.9775421619415284,0.0085890907794237,76683.3984375,,54816.0,109628.0,40538.80078125,0.0,36144.5703125,imperfect_guidance,,EIA_BLEND_075,0.5000182435144306,0.0,,,,,,,,
PatientID_0022_T1_to_T2_t1c,PARTIAL_50,0.5327471084050938,0.3630915375664393,,0.4121304726161788,0.2595493304157898,0.5327471084050938,0.3630915375664393,0.5271584401747839,1.9526898703353848,78856.0,109628.0,109628.0,1.0269118888572848e-11,0.999946117401123,0.0103294439613819,92221.2734375,,54816.0,109628.0,48615.22265625,0.0,43606.22265625,imperfect_guidance,,EIA_LINEAR,0.5000182435144306,0.0,,,,,,,,
PatientID_0022_T1_to_T2_t1c,PARTIAL_50,0.4773689203511996,0.3135158126842106,,0.429809339352281,0.2737306685922115,0.4773689203511996,0.3135158126842106,0.5246233450892845,1.948274495828556,69014.0,109628.0,109628.0,8.305783921969123e-06,0.9998546838760376,0.0082672145217657,73809.6875,,54816.0,109628.0,38722.28515625,0.0,35087.4921875,imperfect_guidance,,PCC,0.5000182435144306,0.0,,,0.9344010570113164,,,,,
PatientID_0022_T1_to_T2_t1c,SHIFT_3,0.5367013901579126,0.36677663252962245,,0.415404759124965,0.26215315506505227,0.5367013901579126,0.36677663252962245,0.5204174628132715,1.9409560655602867,76094.33333333333,109628.0,109628.0,9.609050678991796e-12,0.9955124060312907,0.010123917832970565,90386.33854166667,,109628.0,109628.0,47038.62890625,5417.222412109375,43347.722005208336,imperfect_guidance,,EIA_BLEND_075,0.7663097019009742,25619.0,,,,,,,,
PatientID_0022_T1_to_T2_t1c,SHIFT_3,0.5428205689564884,0.3725155594064225,,0.4195163825904433,0.2654360358464824,0.5428205689564884,0.3725155594064225,0.5069648347244571,1.9175650751385331,80269.66666666667,109628.0,109628.0,1.2557772819295673e-11,0.9999521970748901,0.011743620348473335,104847.04166666667,,109628.0,109628.0,53154.365234375,6368.521647135417,51692.861328125,imperfect_guidance,,EIA_LINEAR,0.7663097019009742,25619.0,,,,,,,,
PatientID_0022_T1_to_T2_t1c,SHIFT_3,0.5009410612883222,0.33417381024475623,,0.4568198910870942,0.2960308590555938,0.5009410612883222,0.33417381024475623,0.5396080895558506,1.974417142214915,74145.5,109628.0,109628.0,8.306836207339074e-06,0.999961256980896,0.008969434692213849,80079.11458333333,,109628.0,109628.0,43211.978515625,2706.765340169271,36867.216145833336,imperfect_guidance,,PCC,0.7663097019009742,25619.0,,,0.9805411228360096,,,,,
PatientID_0024_T2_to_T3_t1c,FP_25,0.7914581593469896,0.6548868573482132,,0.34517002198962643,0.20858337509890013,0.7914581593469896,0.6548868573482132,0.5868555694433285,2.3230506412100502,20890.2,59870.0,59870.0,1.337318110472552e-07,0.9956024289131165,0.0040838033892213795,36460.19609375,,74838.0,59870.0,21396.869140625,291.9281005859375,15063.2900390625,imperfect_guidance,,EIA_BLEND_075,1.0,14968.0,20260805.0,0.0,,,,,,
PatientID_0024_T2_to_T3_t1c,FP_25,0.7902889594138107,0.6532873830620068,,0.3528268897077453,0.21420146284420255,0.7902889594138107,0.6532873830620068,0.5731607079077696,2.2986323553217134,22482.0,59870.0,59870.0,1.7576502955307663e-07,0.9997910857200625,0.004742382094263959,42339.9875,,74838.0,59870.0,24267.6171875,361.01007690429685,18072.384765625,imperfect_guidance,,EIA_LINEAR,1.0,14968.0,20260805.0,0.0,,,,,,
PatientID_0024_T2_to_T3_t1c,FP_25,0.5204242525511906,0.35173883778383996,,0.38965971386023524,0.2419735240793548,0.5204242525511906,0.35173883778383996,0.6692499062836843,2.476707008505543,22595.8,59870.0,59870.0,8.733177492104004e-06,0.9997793793678283,0.0028615931048989003,25548.303515625,,74838.0,59870.0,17098.199609375,113.54317169189453,8450.0958984375,imperfect_guidance,,PCC,1.0,14968.0,20260805.0,0.0,0.9956477279990468,,,,,
PatientID_0024_T2_to_T3_t1c,MIXED,0.6995852124071634,0.5380250596575514,,0.3269782495109906,0.1954425506612736,0.6995852124071634,0.5380250596575514,0.5747980888916349,2.301540226440091,19876.9,59870.0,59870.0,1.199829159285552e-07,0.9883742252985637,0.003245636122301173,28977.039192708333,,44905.0,59870.0,16655.946744791665,661.1654012044271,12321.10869140625,imperfect_guidance,,EIA_BLEND_075,0.5000334057123769,14968.0,20260805.0,0.0,,,,,,
PatientID_0024_T2_to_T3_t1c,MIXED,0.6997271866847636,0.5381941424961899,,0.3407063626019634,0.20533254896424818,0.6997271866847636,0.5381941424961899,0.5734752990001364,2.2991925180374495,21787.866666666665,59870.0,59870.0,1.587507289476283e-07,0.9997798283894856,0.0039078713394701,34889.475260416664,,44905.0,59870.0,20008.502604166668,814.0310485839843,14880.978385416667,imperfect_guidance,,EIA_LINEAR,0.5000334057123769,14968.0,20260805.0,0.0,,,,,,
PatientID_0024_T2_to_T3_t1c,MIXED,0.480016702860531,0.3158069693623379,,0.34469809745181956,0.20824276439056114,0.480016702860531,0.3158069693623379,0.6385222732991395,2.417724050048069,20052.9,59870.0,59870.0,8.58184836639945e-06,0.9996701578299204,0.002515130753939297,22455.087434895835,,44905.0,59870.0,14338.685481770834,286.75263163248695,8116.382796223958,imperfect_guidance,,PCC,0.5000334057123769,14968.0,20260805.0,0.0,0.9183421742200046,,,,,
PatientID_0024_T2_to_T3_t1c,PARTIAL_25,0.6704860531178346,0.5043091535025465,,0.3171819525778971,0.1884826188274122,0.6704860531178346,0.5043091535025465,0.6486883920806219,2.436960100108374,19277.0,59870.0,59870.0,9.22672528658186e-12,0.9626981019973756,0.002407656982541,21495.5625,,14973.0,59870.0,13943.921875,0.0,7551.662109375,imperfect_guidance,,EIA_BLEND_075,0.2500918657090362,0.0,,,,,,,,
PatientID_0024_T2_to_T3_t1c,PARTIAL_25,0.6714381159205659,0.5053871588299697,,0.3353560219172213,0.2014581053621387,0.6714381159205659,0.5053871588299697,0.6571379654731346,2.453155518744679,21375.0,59870.0,59870.0,1.2302300671229728e-11,0.9997771382331848,0.0029912458267062,26705.84375,,14973.0,59870.0,17549.423828125,0.0,9156.4248046875,imperfect_guidance,,EIA_LINEAR,0.2500918657090362,0.0,,,,,,,,
PatientID_0024_T2_to_T3_t1c,PARTIAL_25,0.4631534992528549,0.3013661410124728,,0.3230886850239158,0.1926689158506934,0.4631534992528549,0.3013661410124728,0.6259241740033741,2.3941813444953173,18610.0,59870.0,59870.0,8.471755791106261e-06,0.9995922446250916,0.0023138104006648,20657.69921875,,14973.0,59870.0,12930.1533203125,0.0,7727.52001953125,imperfect_guidance,,PCC,0.2500918657090362,0.0,,,0.8860803988003119,,,,,
PatientID_0024_T2_to_T3_t1c,PARTIAL_50,0.7440621346271583,0.5924354660727404,,0.3293456725186298,0.1971357372444661,0.7440621346271583,0.5924354660727404,0.6769158837126846,2.49183561849205,19876.0,59870.0,59870.0,2.2120774656464448e-10,0.9870198965072632,0.0028264974243938,25234.96875,,29937.0,59870.0,17081.951171875,0.0,8153.04638671875,imperfect_guidance,,EIA_BLEND_075,0.5000334057123769,0.0,,,,,,,,
PatientID_0024_T2_to_T3_t1c,PARTIAL_50,0.7439452146338404,0.592287234047975,,0.3415991468682463,0.2059810486909104,0.7439452146338404,0.592287234047975,0.6741229862723881,2.486304438696795,21711.0,59870.0,59870.0,2.9494365283433405e-10,0.9997774958610536,0.0033984030596911,30340.943359375,,29937.0,59870.0,20453.52734375,0.0,9887.4130859375,imperfect_guidance,,EIA_LINEAR,0.5000334057123769,0.0,,,,,,,,
PatientID_0024_T2_to_T3_t1c,PARTIAL_50,0.4894103891808133,0.3239863333371224,,0.349911701722757,0.2120563500134794,0.4894103891808133,0.3239863333371224,0.6512781783031552,2.441906232672159,19973.0,59870.0,59870.0,8.626249837107025e-06,0.9995984435081482,0.0025057478342205,22371.31640625,,29937.0,59870.0,14569.9501953125,0.0,7801.34912109375,imperfect_guidance,,PCC,0.5000334057123769,0.0,,,0.9363136703531616,,,,,
PatientID_0024_T2_to_T3_t1c,SHIFT_3,0.7354211903590939,0.5816151587744344,,0.3417039725179625,0.20605773460554466,0.7354211903590939,0.5816151587744344,0.6243470978642601,2.3912645487927184,20701.5,59870.0,59870.0,7.648649965700618e-10,0.9956863522529602,0.00366466577785705,32718.136067708332,,59870.0,59870.0,20427.473307291668,2568.1095377604165,12290.68408203125,imperfect_guidance,,EIA_BLEND_075,0.7482601191470408,15071.666666666666,,,,,,,,
PatientID_0024_T2_to_T3_t1c,SHIFT_3,0.7350008351450225,0.5810895628661047,,0.3503649209524664,0.2123894952706159,0.7350008351450225,0.5810895628661047,0.6141144409133342,2.372416569300725,22299.5,59870.0,59870.0,1.0145729395505396e-09,0.999789814154307,0.004264198864499667,38070.768229166664,,59870.0,59870.0,23379.9091796875,3055.2530517578125,14690.86181640625,imperfect_guidance,,EIA_LINEAR,0.7482601191470408,15071.666666666666,,,,,,,,
PatientID_0024_T2_to_T3_t1c,SHIFT_3,0.5127442792758248,0.34476181303578596,,0.3811715035034262,0.23546399748731162,0.5127442792758248,0.34476181303578596,0.6639322258308006,2.466323119466893,22064.0,59870.0,59870.0,8.699482198911332e-06,0.9998295307159424,0.002786776671806917,24880.342447916668,,59870.0,59870.0,16518.834798177082,785.7266642252604,8361.49462890625,imperfect_guidance,,PCC,0.7482601191470408,15071.666666666666,,,0.9809548156199118,,,,,
PatientID_0025_T1_to_T2_t1c,FP_25,0.4287555708017011,0.2728764310259387,,0.41299132756432116,0.2602325588966441,0.4287555708017011,0.2728764310259387,0.3327133571659145,2.182154546966246,35858.0,29170.0,29170.0,5.201603414661805e-08,0.9988857388496399,0.00481037003919478,42946.984375,,36462.0,29170.0,14289.0353515625,166.65176086425782,28657.843359375,imperfect_guidance,,EIA_BLEND_075,1.0,7292.0,20260805.0,0.0,,,,,,
PatientID_0025_T1_to_T2_t1c,FP_25,0.4219403496842314,0.26737921686773813,,0.40596749953432676,0.2546795628942384,0.4219403496842314,0.26737921686773813,0.31360484507499464,2.144203991192808,39280.8,29170.0,29170.0,4.854829782630078e-08,0.9999569058418274,0.00572108160704368,51077.81640625,,36462.0,29170.0,16018.2505859375,214.19602661132814,35059.5609375,imperfect_guidance,,EIA_LINEAR,1.0,7292.0,20260805.0,0.0,,,,,,
PatientID_0025_T1_to_T2_t1c,FP_25,0.4654508056313772,0.30331436430799164,,0.45849666071078177,0.29743475320469154,0.4654508056313772,0.30331436430799164,0.3724262078676582,2.257770923412472,32928.6,29170.0,29170.0,8.732966853131074e-06,0.9999372959136965,0.00431166924536224,38494.5828125,,36462.0,29170.0,14336.3912109375,118.80874328613281,24158.158203125,imperfect_guidance,,PCC,1.0,7292.0,20260805.0,0.0,0.9929208717276246,,,,,
PatientID_0025_T1_to_T2_t1c,MIXED,0.4124134384742473,0.2597744616495109,,0.40262690244789734,0.2520558901961335,0.4124134384742473,0.2597744616495109,0.3093763090126543,2.135638192942973,35179.26666666667,29170.0,29170.0,5.2016034146618046e-08,0.9845677455266316,0.004439665796235153,39637.335677083334,,21879.0,29170.0,12262.852604166666,1235.0125793457032,27374.373046875,imperfect_guidance,,EIA_BLEND_075,0.5000685635927322,7292.0,20260805.0,0.0,,,,,,
PatientID_0025_T1_to_T2_t1c,MIXED,0.41770311965345036,0.2639856445892685,,0.39994856309097027,0.24995990495098078,0.41770311965345036,0.2639856445892685,0.30396173370258234,2.1245756656110926,38873.4,29170.0,29170.0,4.8548297826300775e-08,0.9999502996603647,0.005437582048277006,48546.73229166667,,21879.0,29170.0,14756.256119791668,1485.7115234375,33790.47578125,imperfect_guidance,,EIA_LINEAR,0.5000685635927322,7292.0,20260805.0,0.0,,,,,,
PatientID_0025_T1_to_T2_t1c,MIXED,0.4342418009467333,0.27733811055627405,,0.4308240096946638,0.2745558070885288,0.4342418009467333,0.27733811055627405,0.3528000468045403,2.220880703661178,31225.366666666665,29170.0,29170.0,8.24969665700337e-06,0.9998343686262766,0.00408119261264796,36436.888020833336,,21879.0,29170.0,12854.885286458333,840.4008921305339,23581.963932291666,imperfect_guidance,,PCC,0.5000685635927322,7292.0,20260805.0,0.0,0.9263444005682434,,,,,
PatientID_0025_T1_to_T2_t1c,PARTIAL_25,0.4108330476617958,0.2585210113198179,,0.4020299812710489,0.251587937552493,0.4108330476617958,0.2585210113198179,0.3313819559794778,2.1795472715118134,34870.0,29170.0,29170.0,2.0943906331449824e-12,0.9773408770561218,0.0040258546359837,35942.828125,,7295.0,29170.0,11910.8046875,0.0,24031.93359375,imperfect_guidance,,EIA_BLEND_075,0.2500857044909153,0.0,,,,,,,,
PatientID_0025_T1_to_T2_t1c,PARTIAL_25,0.4220089132769625,0.2674342820059215,,0.4020163083854409,0.2515772285450238,0.4220089132769625,0.2674342820059215,0.3302703993594699,2.177363870868911,38280.0,29170.0,29170.0,2.792520771913165e-12,0.9999490976333618,0.0049383663572371,44089.734375,,7295.0,29170.0,14561.5341796875,0.0,29528.298828125,imperfect_guidance,,EIA_LINEAR,0.2500857044909153,0.0,,,,,,,,
PatientID_0025_T1_to_T2_t1c,PARTIAL_25,0.4298251628483061,0.2737435046663083,,0.4287600731457174,0.2728800775935162,0.4298251628483061,0.2737435046663083,0.3532870905749087,2.221811900704795,29898.0,29170.0,29170.0,7.966811608639546e-06,0.999761998653412,0.003944644704461,35217.7890625,,7295.0,29170.0,12441.990234375,0.0,22775.75390625,imperfect_guidance,,PCC,0.2500857044909153,0.0,,,0.9169226268861738,,,,,
PatientID_0025_T1_to_T2_t1c,PARTIAL_50,0.418375042862215,0.2645222819649618,,0.4062524277971029,0.2549038724163533,0.418375042862215,0.2645222819649618,0.3402758864761853,2.1968656209896205,35189.0,29170.0,29170.0,2.0943906331449824e-12,0.9860661625862122,0.0042058350518345,37549.6953125,,14587.0,29170.0,12777.255859375,0.0,24772.333984375,imperfect_guidance,,EIA_BLEND_075,0.5000685635927322,0.0,,,,,,,,
PatientID_0025_T1_to_T2_t1c,PARTIAL_50,0.4233116215388531,0.2684814750550426,,0.4040392093173258,0.2531636188602975,0.4233116215388531,0.2684814750550426,0.3323495609035454,2.1814401075787178,38467.0,29170.0,29170.0,2.792520771913165e-12,0.999952495098114,0.0050891074351966,45435.55078125,,14587.0,29170.0,15100.4853515625,0.0,30335.140625,imperfect_guidance,,EIA_LINEAR,0.5000685635927322,0.0,,,,,,,,
PatientID_0025_T1_to_T2_t1c,PARTIAL_50,0.4454233801946276,0.2865239156000061,,0.4420855864970611,0.2837675694359837,0.4454233801946276,0.2865239156000061,0.3635192162983604,2.241137814359219,30746.0,29170.0,29170.0,8.115772288874723e-06,0.9998564720153807,0.0040544369257986,36198.01171875,,14587.0,29170.0,13158.6728515625,0.0,23039.2890625,imperfect_guidance,,PCC,0.5000685635927322,0.0,,,0.9501974550259544,,,,,
PatientID_0025_T1_to_T2_t1c,SHIFT_3,0.4223574448733454,0.2677150128407994,,0.40896603336283777,0.2570445139668481,0.4223574448733454,0.2677150128407994,0.3297792873633332,2.17640088088069,35701.833333333336,29170.0,29170.0,1.1359239315949139e-10,0.9987256526947021,0.0045959233927229505,41032.404296875,,29170.0,29170.0,13531.637044270834,3091.569051106771,27500.664713541668,imperfect_guidance,,EIA_BLEND_075,0.5663238487030053,12650.333333333334,,,,,,,,
PatientID_0025_T1_to_T2_t1c,SHIFT_3,0.42432864816436416,0.26930040387889687,,0.4057247954148219,0.25448881588613725,0.42432864816436416,0.26930040387889687,0.31869293614228883,2.154418514365557,38807.166666666664,29170.0,29170.0,1.5129644549636182e-10,0.999955028295517,0.005453457978243583,48688.47265625,,29170.0,29170.0,15516.5634765625,3603.3214111328125,33171.893229166664,imperfect_guidance,,EIA_LINEAR,0.5663238487030053,12650.333333333334,,,,,,,,
PatientID_0025_T1_to_T2_t1c,SHIFT_3,0.45615929608976985,0.2954736597577901,,0.45138619653764045,0.29148250332947145,0.45615929608976985,0.2954736597577901,0.36575471269295806,2.2453155210406748,32103.833333333332,29170.0,29170.0,8.568041569863757e-06,0.9999164044857025,0.004232195361206867,37785.040364583336,,29170.0,29170.0,13819.286946614584,2111.6307067871094,23965.696614583332,imperfect_guidance,,PCC,0.5663238487030053,12650.333333333334,,,0.9730998001082432,,,,,
PatientID_0026_T1_to_T2_t1c,FP_25,0.3598672882348508,0.21941351850804985,,0.3343499305526911,0.2007323968068886,0.3598672882348508,0.21941351850804985,0.2902151627393531,1.8822167257567237,67730.2,47622.0,47622.0,4.397600773115018e-12,0.9936296939849854,0.008402293361723361,75015.675,,59528.0,47622.0,21770.686328125,448.4983154296875,53244.96015625,imperfect_guidance,,EIA_BLEND_075,1.0,11906.0,20260805.0,0.0,,,,,,
PatientID_0026_T1_to_T2_t1c,FP_25,0.3236655327440714,0.19307932830565405,,0.3224854620195038,0.19224004018040236,0.3236655327440714,0.19307932830565405,0.2633084507168345,1.8238022645984713,75738.6,47622.0,47622.0,5.863467697486691e-12,0.9998742580413819,0.0103366341441869,92285.46875,,59528.0,47622.0,24299.54375,584.2788452148437,67985.9421875,imperfect_guidance,,EIA_LINEAR,1.0,11906.0,20260805.0,0.0,,,,,,
PatientID_0026_T1_to_T2_t1c,FP_25,0.3757801016402526,0.23136036188594983,,0.36765989275161665,0.2252348629145157,0.3757801016402526,0.23136036188594983,0.2985410064927177,1.8996231411397289,64889.6,47622.0,47622.0,8.224595694628078e-06,0.9997400641441343,0.0078973533585667,70507.571875,,59528.0,47622.0,21049.40078125,394.3093627929687,49458.3546875,imperfect_guidance,,PCC,1.0,11906.0,20260805.0,0.0,0.9960149162354313,,,,,
PatientID_0026_T1_to_T2_t1c,MIXED,0.3381070373706329,0.20344872229049496,,0.32456243984513367,0.19371845150316858,0.3381070373706329,0.20344872229049496,0.2630930358861041,1.8233189261330942,66693.83333333333,47622.0,47622.0,3.693547652334576e-12,0.9880277434984843,0.007739355632414373,69096.9671875,,35721.0,47622.0,18178.930859375,1543.5931966145833,50917.97734375,imperfect_guidance,,EIA_BLEND_075,0.5000839947923229,11906.0,20260805.0,0.0,,,,,,
PatientID_0026_T1_to_T2_t1c,MIXED,0.3197121778521162,0.19027237976391423,,0.31625360425750143,0.18782744992711892,0.3197121778521162,0.19027237976391423,0.24944142770214575,1.7921938858124884,75109.36666666667,47622.0,47622.0,4.9247301838380624e-12,0.9998740096886952,0.009794252272695257,87443.084375,,35721.0,47622.0,21812.269856770832,1901.5178466796874,65630.81979166667,imperfect_guidance,,EIA_LINEAR,0.5000839947923229,11906.0,20260805.0,0.0,,,,,,
PatientID_0026_T1_to_T2_t1c,MIXED,0.3431516246061713,0.20711608601806278,,0.34117888859280315,0.20567723251934852,0.3431516246061713,0.20711608601806278,0.2767188952636678,1.8533481148717286,62313.666666666664,47622.0,47622.0,8.039920703595272e-06,0.9993798971176148,0.007537493544320223,67294.74270833333,,35721.0,47622.0,18621.909765625,1258.6113525390624,48673.009375,imperfect_guidance,,PCC,0.5000839947923229,11906.0,20260805.0,0.0,0.9095322906835811,,,,,
PatientID_0026_T1_to_T2_t1c,PARTIAL_25,0.3294695728935212,0.1972245267466472,,0.3206779302750068,0.19095677718012,0.3294695728935212,0.1972245267466472,0.2648607132107994,1.8272710335527949,65900.0,47622.0,47622.0,2.41906234627054e-12,0.9769741892814636,0.0070754173211753,63169.32421875,,11911.0,47622.0,16731.072265625,0.0,46438.23828125,imperfect_guidance,,EIA_BLEND_075,0.2501154928394439,0.0,,,,,,,,
PatientID_0026_T1_to_T2_t1c,PARTIAL_25,0.3194111965129624,0.1900591006311139,,0.3152606650688683,0.1871272656481472,0.3194111965129624,0.1900591006311139,0.2573766180565276,1.810423628486152,74201.0,47622.0,47622.0,3.225416461694053e-12,0.9998733997344972,0.0090871090069413,81129.7109375,,11911.0,47622.0,20880.890625,0.0,60248.82421875,imperfect_guidance,,EIA_LINEAR,0.2501154928394439,0.0,,,,,,,,
PatientID_0026_T1_to_T2_t1c,PARTIAL_25,0.3305615051937071,0.1980075973032375,,0.3319347232856326,0.1989938451011275,0.3305615051937071,0.1980075973032375,0.2694809782998189,1.8375195094125896,60104.0,47622.0,47622.0,8.000731213542167e-06,0.9990816116333008,0.0072572324424982,64792.5703125,,11911.0,47622.0,17460.365234375,0.0,47332.21484375,imperfect_guidance,,PCC,0.2501154928394439,0.0,,,0.8761618522881905,,,,,
PatientID_0026_T1_to_T2_t1c,PARTIAL_50,0.3438116836825017,0.2075921441441393,,0.3272854702411206,0.1956612825592812,0.3438116836825017,0.2075921441441393,0.2835732067401664,1.8681179251132043,66523.0,47622.0,47622.0,2.41906234627054e-12,0.989289164543152,0.0074045094661414,66107.4609375,,23815.0,47622.0,18746.3046875,0.0,47360.98828125,imperfect_guidance,,EIA_BLEND_075,0.5000839947923229,0.0,,,,,,,,
PatientID_0026_T1_to_T2_t1c,PARTIAL_50,0.3219310402826222,0.1918461326793907,,0.3186762853599755,0.1895389225713941,0.3219310402826222,0.1918461326793907,0.2662762938601836,1.8304234676903288,74640.0,47622.0,47622.0,3.225416461694053e-12,0.9998733997344972,0.0093521401286125,83495.90625,,23815.0,47622.0,22232.98046875,0.0,61262.87890625,imperfect_guidance,,EIA_LINEAR,0.5000839947923229,0.0,,,,,,,,
PatientID_0026_T1_to_T2_t1c,PARTIAL_50,0.352673134272472,0.2140881337019708,,0.3496841085153586,0.2118891966846328,0.352673134272472,0.2140881337019708,0.2852627196192088,1.8717201581824008,61751.0,47622.0,47622.0,8.049290954659227e-06,0.9993181228637696,0.0074809035286307,66789.5078125,,23815.0,47622.0,19052.556640625,0.0,47737.11328125,imperfect_guidance,,PCC,0.5000839947923229,0.0,,,0.9347692992727008,,,,,
PatientID_0026_T1_to_T2_t1c,SHIFT_3,0.3538000644027921,0.21492004717611268,,0.331789890085792,0.19889009727220153,0.3538000644027921,0.21492004717611268,0.2884536225405418,1.8784960054820259,67488.0,47622.0,47622.0,2.41906234627054e-12,0.9938640296459198,0.008068779172996634,72038.05989583333,,47622.0,47622.0,20779.639322916668,4129.015787760417,51258.1875,imperfect_guidance,,EIA_BLEND_075,0.6514566096901993,16598.333333333332,,,,,,,,
PatientID_0026_T1_to_T2_t1c,SHIFT_3,0.3234954432896193,0.19295836606048414,,0.3215013024631214,0.19154107016039149,0.3234954432896193,0.19295836606048414,0.26533170477577067,1.8283104845850804,75278.5,47622.0,47622.0,3.225416461694053e-12,0.9998745918273926,0.009952929181357184,88859.75,,47622.0,47622.0,23577.611328125,4794.947672526042,65282.111979166664,imperfect_guidance,,EIA_LINEAR,0.6514566096901993,16598.333333333332,,,,,,,,
PatientID_0026_T1_to_T2_t1c,SHIFT_3,0.36653227500560104,0.22439192500998692,,0.36105834629260264,0.22030069941612798,0.36653227500560104,0.22439192500998692,0.29269096475392137,1.8874187516931997,64074.666666666664,47622.0,47622.0,8.212372752799032e-06,0.9997062087059021,0.007802094953755467,69657.10416666667,,47622.0,47622.0,20387.944010416668,3019.6187744140625,49269.35546875,imperfect_guidance,,PCC,0.6514566096901993,16598.333333333332,,,0.9715033116276646,,,,,
PatientID_0029_T1_to_T3_t1c,FP_25,0.18346694431047023,0.10099840672496067,,0.18130893632429482,0.09969199294272299,0.18346694431047023,0.10099840672496067,0.24218318252373364,1.8689024379470702,46696.6,38420.0,38420.0,4.832095612528066e-08,0.9787154793739321,0.005778213497251219,51587.890625,,48025.0,38420.0,12493.71953125,657.8348876953125,39094.190625,imperfect_guidance,,EIA_BLEND_075,1.0,9605.0,20260805.0,0.0,,,,,,
PatientID_0029_T1_to_T3_t1c,FP_25,0.16824570537261524,0.09184949451135485,,0.17792655980975808,0.0976505973849034,0.16824570537261524,0.09184949451135485,0.2226819702080735,1.8214093215639124,51077.6,38420.0,38420.0,6.442794386884998e-08,0.9999696612358091,0.007243202347308341,64667.3109375,,48025.0,38420.0,14400.244140625,857.275830078125,50267.08046875,imperfect_guidance,,EIA_LINEAR,1.0,9605.0,20260805.0,0.0,,,,,,
PatientID_0029_T1_to_T3_t1c,FP_25,0.20919833421122855,0.11681826022199751,,0.20773637482279322,0.11590726513149545,0.20919833421122855,0.11681826022199751,0.1987027458738065,1.7587337276802089,42894.6,38420.0,38420.0,8.017289837880526e-06,0.9999005556106567,0.00493679940700526,44075.7453125,,48025.0,38420.0,8757.971484375,580.8346435546875,35317.71796875,imperfect_guidance,,PCC,1.0,9605.0,20260805.0,0.0,0.991781836130813,,,,,
PatientID_0029_T1_to_T3_t1c,MIXED,0.17115391290337728,0.09358739849637267,,0.17304143665945212,0.09471647874412671,0.17115391290337728,0.09358739849637267,0.2012473856160372,1.7655968753512394,46200.8,38420.0,38420.0,4.83214987430832e-08,0.9468985160191854,0.00524159069173033,46796.922265625,,28817.0,38420.0,9417.758268229167,1203.9171732584634,37379.186328125,imperfect_guidance,,EIA_BLEND_075,0.5000520562207184,9605.0,20260805.0,0.0,,,,,,
PatientID_0029_T1_to_T3_t1c,MIXED,0.16538955406257083,0.09014975890104439,,0.17237415212768914,0.09431623117118626,0.16538955406257083,0.09014975890104439,0.19219901507580903,1.7407240530378545,50751.5,38420.0,38420.0,6.442859496284351e-08,0.9999696413675943,0.00671792114153499,59977.6,,28817.0,38420.0,11527.832454427084,1526.9267985026042,48449.77942708333,imperfect_guidance,,EIA_LINEAR,0.5000520562207184,9605.0,20260805.0,0.0,,,,,,
PatientID_0029_T1_to_T3_t1c,MIXED,0.18578691654712232,0.10241246251037246,,0.18610779110763645,0.10260632791720069,0.18578691654712232,0.10241246251037246,0.17647915860248023,1.695262906611872,41665.6,38420.0,38420.0,8.04738938313676e-06,0.9998985250790914,0.0047531193587928506,42435.84921875,,28817.0,38420.0,7490.008951822917,966.8602864583333,34945.82994791667,imperfect_guidance,,PCC,0.5000520562207184,9605.0,20260805.0,0.0,0.8807913787503624,,,,,
PatientID_0029_T1_to_T3_t1c,PARTIAL_25,0.1659552316610365,0.0904859219020991,,0.1696674584421655,0.0926976134667493,0.1659552316610365,0.0904859219020991,0.1891646892966975,1.7322299065101032,45780.0,38420.0,38420.0,3.3719643743879136e-10,0.8809335827827454,0.0047052567824721,42008.53125,,9609.0,38420.0,7946.53076171875,0.0,34062.0234375,imperfect_guidance,,EIA_BLEND_075,0.2501041124414367,0.0,,,,,,,,
PatientID_0029_T1_to_T3_t1c,PARTIAL_25,0.1685320145865625,0.0920201805003621,,0.1716624342557176,0.0938899016692847,0.1685320145865625,0.0920201805003621,0.1866428368457257,1.725053219012309,49788.0,38420.0,38420.0,4.3134532057287345e-10,0.999969482421875,0.0060526691377162,54038.23046875,,9609.0,38420.0,10085.8486328125,0.0,43952.36328125,imperfect_guidance,,EIA_LINEAR,0.2501041124414367,0.0,,,,,,,,
PatientID_0029_T1_to_T3_t1c,PARTIAL_25,0.1785528370747195,0.0980280080151753,,0.1786147772530808,0.0980653488531255,0.1785528370747195,0.0980280080151753,0.169439321428482,1.6739650649558917,39849.0,38420.0,38420.0,7.969380931172054e-06,0.99989652633667,0.004567711148411,40780.5234375,,9609.0,38420.0,6909.82421875,0.0,33870.7421875,imperfect_guidance,,PCC,0.2501041124414367,0.0,,,0.8464955577587305,,,,,
PatientID_0029_T1_to_T3_t1c,PARTIAL_50,0.1733732431133085,0.0949144331054173,,0.1743753700512211,0.0955154565737995,0.1733732431133085,0.0949144331054173,0.2210101054364675,1.817202701765738,46030.0,38420.0,38420.0,1.7208012792480072e-09,0.935649275779724,0.0049721901305019,44391.71484375,,19212.0,38420.0,9811.017578125,0.0,34580.7265625,imperfect_guidance,,EIA_BLEND_075,0.5000520562207184,0.0,,,,,,,,
PatientID_0029_T1_to_T3_t1c,PARTIAL_50,0.167933368048309,0.0916633517205821,,0.1739012663464267,0.0952310316806938,0.167933368048309,0.0916633517205821,0.2102259592223451,1.7895064142423684,50182.0,38420.0,38420.0,2.294401779678878e-09,0.9999695420265198,0.0063629602082073,56808.5078125,,19212.0,38420.0,11942.623046875,0.0,44865.8984375,imperfect_guidance,,EIA_LINEAR,0.5000520562207184,0.0,,,,,,,,
PatientID_0029_T1_to_T3_t1c,PARTIAL_50,0.1913586673712733,0.1058024407220556,,0.1919397439726025,0.1061578248534821,0.1913586673712733,0.1058024407220556,0.183081167870368,1.714787065848546,40709.0,38420.0,38420.0,7.969418220454827e-06,0.999897599220276,0.0046708001755177,41700.90234375,,19212.0,38420.0,7634.64990234375,0.0,34066.2890625,imperfect_guidance,,PCC,0.5000520562207184,0.0,,,0.9072063178734447,,,,,
PatientID_0029_T1_to_T3_t1c,SHIFT_3,0.18100381746684446,0.0995092090667075,,0.17963768579796643,0.0986833739640825,0.18100381746684446,0.0995092090667075,0.2394622888910627,1.8623711504163885,46477.166666666664,38420.0,38420.0,5.099272504249797e-09,0.9814710517724355,0.0055092376812050335,49186.473958333336,,38420.0,38420.0,11778.3056640625,2606.6895345052085,37408.197265625,imperfect_guidance,,EIA_BLEND_075,0.7207010237723409,10730.666666666666,,,,,,,,
PatientID_0029_T1_to_T3_t1c,SHIFT_3,0.16911330905124347,0.09236692272773894,,0.17745164940823763,0.09736496855367233,0.16911330905124347,0.09236692272773894,0.22254301229741325,1.8209914546083743,50574.333333333336,38420.0,38420.0,6.796163705876286e-09,0.9999698102474213,0.0069084734035034165,61678.850911458336,,38420.0,38420.0,13726.384928385416,3058.6497802734375,47952.479817708336,imperfect_guidance,,EIA_LINEAR,0.7207010237723409,10730.666666666666,,,,,,,,
PatientID_0029_T1_to_T3_t1c,SHIFT_3,0.20537046678112045,0.11444101506333891,,0.20483478425651325,0.11410722065039025,0.20537046678112045,0.11444101506333891,0.19578408231395575,1.750693558941547,41976.833333333336,38420.0,38420.0,8.00758607510943e-06,0.9999155402183533,0.004844854197775267,43254.857421875,,38420.0,38420.0,8469.6025390625,1548.4903055826824,34785.294270833336,imperfect_guidance,,PCC,0.7207010237723409,10730.666666666666,,,0.9736344192184743,,,,,
PatientID_0030_T1_to_T3_t1c,FP_25,0.8501638820059545,0.7393783125249476,,0.22052027243182226,0.12392401499934672,0.8501638820059545,0.7393783125249476,0.5793611893904946,2.2107528461373387,13445.8,75054.0,75054.0,1.0807438854953946e-07,0.9847268462181094,0.00395718477666372,35329.74453125,,93818.0,75054.0,20468.6828125,283.9054931640625,14861.01484375,imperfect_guidance,,EIA_BLEND_075,1.0,18764.0,20260805.0,0.0,,,,,,
PatientID_0030_T1_to_T3_t1c,FP_25,0.848573027421266,0.736975121239804,,0.22998751684082747,0.1299355338290682,0.848573027421266,0.736975121239804,0.5668092925247997,2.1884679709044383,14827.4,75054.0,75054.0,1.4409918946967085e-07,0.9998087286949158,0.00468333661556238,41812.8296875,,93818.0,75054.0,23699.900390625,347.2594421386719,18113.00078125,imperfect_guidance,,EIA_LINEAR,1.0,18764.0,20260805.0,0.0,,,,,,
PatientID_0030_T1_to_T3_t1c,FP_25,0.5238148533087921,0.3548436016365141,,0.26600002220279784,0.15340255228678065,0.5238148533087921,0.3548436016365141,0.7102547896631705,2.4611073676294475,15949.0,75054.0,75054.0,9.067948303709272e-06,0.9998386144638062,0.0021353942342102,19064.799609375,,93818.0,75054.0,13540.86484375,69.12382888793945,5523.90439453125,imperfect_guidance,,PCC,1.0,18764.0,20260805.0,0.0,0.9945962355799102,,,,,
PatientID_0030_T1_to_T3_t1c,MIXED,0.7017138771215721,0.5408271743236014,,0.20313434179685308,0.11304987380693506,0.7017138771215721,0.5408271743236014,0.5680381810498417,2.190664284772822,12491.6,75054.0,75054.0,1.0807438854953945e-07,0.970958932240804,0.00290797847167895,25962.431966145832,,56294.0,75054.0,14747.65263671875,879.3218241373698,11214.831868489584,imperfect_guidance,,EIA_BLEND_075,0.5000399712207211,18764.0,20260805.0,0.0,,,,,,
PatientID_0030_T1_to_T3_t1c,MIXED,0.7010143807589578,0.5399934285259389,,0.21948975272628435,0.12327363460314374,0.7010143807589578,0.5399934285259389,0.5624096406427381,2.1807171500009543,14223.9,75054.0,75054.0,1.2248430891759202e-07,0.9997921228408814,0.0035386567702516366,31593.127669270834,,56294.0,75054.0,17768.334700520834,1067.2237182617187,13824.792740885418,imperfect_guidance,,EIA_LINEAR,0.5000399712207211,18764.0,20260805.0,0.0,,,,,,
PatientID_0030_T1_to_T3_t1c,MIXED,0.4776343255113364,0.31375240470182325,,0.22316686687876264,0.12560091093667566,0.4776343255113364,0.31375240470182325,0.6750128730757864,2.3891752678322447,13521.066666666668,75054.0,75054.0,8.67314538481878e-06,0.9996400435765584,0.00180341760472699,16100.912337239582,,56294.0,75054.0,10868.808756510416,222.4044952392578,5232.079866536458,imperfect_guidance,,PCC,0.5000399712207211,18764.0,20260805.0,0.0,0.9069107130822001,,,,,
PatientID_0030_T1_to_T3_t1c,PARTIAL_25,0.730447411199067,0.5753581361224185,,0.1941221075944516,0.1074945921986576,0.730447411199067,0.5753581361224185,0.7128313868258594,2.466553309877036,11984.0,75054.0,75054.0,1.0410720202580491e-10,0.930231511592865,0.0018600960029289,16606.9375,,18767.0,75054.0,11837.9462890625,0.0,4769.0185546875,imperfect_guidance,,EIA_BLEND_075,0.2500466330908412,0.0,,,,,,,,
PatientID_0030_T1_to_T3_t1c,PARTIAL_25,0.7295813680834493,0.5742842160506106,,0.2140286960912379,0.1198388213924342,0.7295813680834493,0.5742842160506106,0.7075495117634926,2.455411826977216,13878.0,75054.0,75054.0,1.3880960270107323e-10,0.9997846484184264,0.0023405610118061,20896.529296875,,18767.0,75054.0,14785.3291015625,0.0,6111.205078125,imperfect_guidance,,EIA_LINEAR,0.2500466330908412,0.0,,,,,,,,
PatientID_0030_T1_to_T3_t1c,PARTIAL_25,0.458150131908638,0.2971431534254753,,0.2017524769577716,0.1121939412582206,0.458150131908638,0.2971431534254753,0.6597969044837769,2.3593800061927355,12251.0,75054.0,75054.0,8.597937267040834e-06,0.9995371103286744,0.001625029137358,14508.259765625,,18767.0,75054.0,9572.5048828125,0.0,4935.73486328125,imperfect_guidance,,PCC,0.2500466330908412,0.0,,,0.8699149969658226,,,,,
PatientID_0030_T1_to_T3_t1c,PARTIAL_50,0.7986782849694973,0.6648329710342838,,0.2051762127201354,0.1143155189854044,0.7986782849694973,0.6648329710342838,0.7266372383954698,2.496283256366872,12539.0,75054.0,75054.0,3.320037578191658e-10,0.9655048847198486,0.0023819890338927,21266.3984375,,37530.0,75054.0,15452.95703125,0.0,5813.47412109375,imperfect_guidance,,EIA_BLEND_075,0.5000399712207211,0.0,,,,,,,,
PatientID_0030_T1_to_T3_t1c,PARTIAL_50,0.7975857382697951,0.6633202579653025,,0.2204773799076997,0.1238969246179501,0.7975857382697951,0.6633202579653025,0.7163142603904228,2.4739737005093483,14225.0,75054.0,75054.0,4.3130954363590485e-10,0.9997896552085876,0.0029028651770204,25916.779296875,,37530.0,75054.0,18564.55859375,0.0,7352.240234375,imperfect_guidance,,EIA_LINEAR,0.5000399712207211,0.0,,,,,,,,
PatientID_0030_T1_to_T3_t1c,PARTIAL_50,0.4893143603306331,0.3239021722892858,,0.2287125475114885,0.1291222083688263,0.4893143603306331,0.3239021722892858,0.6901715656743972,2.419544355578664,13625.0,75054.0,75054.0,8.637428436486516e-06,0.99962317943573,0.0018096078420057,16156.1787109375,,37530.0,75054.0,11150.53515625,0.0,5005.61767578125,imperfect_guidance,,PCC,0.5000399712207211,0.0,,,0.929088241247608,,,,,
PatientID_0030_T1_to_T3_t1c,SHIFT_3,0.7265790852826415,0.571442649011789,,0.21618934393384673,0.1211961426517784,0.7265790852826415,0.571442649011789,0.6232915795421212,2.2905390374870924,13221.5,75054.0,75054.0,4.448240109589108e-09,0.9876606166362762,0.0034317173995077163,30638.373046875,,75054.0,75054.0,19096.639973958332,3327.0224609375,11541.790364583334,imperfect_guidance,,EIA_BLEND_075,0.7081079400609339,21907.666666666668,,,,,,,,
PatientID_0030_T1_to_T3_t1c,SHIFT_3,0.7258285145824396,0.570507022160775,,0.22773632887078557,0.128500579559321,0.7258285145824396,0.570507022160775,0.6122421849256438,2.2701953869727034,14681.166666666666,75054.0,75054.0,5.90916658197808e-09,0.9998066127300262,0.004069451863566983,36332.06640625,,75054.0,75054.0,22243.807942708332,3973.9173177083335,14088.352701822916,imperfect_guidance,,EIA_LINEAR,0.7081079400609339,21907.666666666668,,,,,,,,
PatientID_0030_T1_to_T3_t1c,SHIFT_3,0.51173155328489,0.3438591142918299,,0.2560372051919019,0.1468195577589448,0.51173155328489,0.3438591142918299,0.7008275251453787,2.4414548181407034,15393.5,75054.0,75054.0,8.964838192090005e-06,0.9997986157735189,0.0020640414052952665,18427.76171875,,75054.0,75054.0,12915.3154296875,670.9497273763021,5512.415201822917,imperfect_guidance,,PCC,0.7081079400609339,21907.666666666668,,,0.9716530054648393,,,,,
PatientID_0031_T2_to_T3_t1c,FP_25,0.3114524508891051,0.18444991515271975,,0.19622243843171366,0.10878416649808062,0.3114524508891051,0.18444991515271975,0.14111388515382833,1.917355609200212,51733.6,17708.0,17708.0,1.1587694137560334e-09,0.9691884040832519,0.005820192862302021,51962.6828125,,22135.0,17708.0,7332.6560546875,214.6765563964844,44630.0390625,imperfect_guidance,,EIA_BLEND_075,1.0,4427.0,20260805.0,0.0,,,,,,
PatientID_0031_T2_to_T3_t1c,FP_25,0.21101197201233868,0.11795047945099804,,0.1898028625672973,0.1048520405184193,0.21101197201233868,0.11795047945099804,0.1337244180321375,1.8902760435415864,56916.8,17708.0,17708.0,1.545025885008044e-09,0.9999128699302673,0.00720581617206328,64333.5265625,,22135.0,17708.0,8602.9611328125,282.002783203125,55730.6015625,imperfect_guidance,,EIA_LINEAR,1.0,4427.0,20260805.0,0.0,,,,,,
PatientID_0031_T2_to_T3_t1c,FP_25,0.2984526767760771,0.1754007521569178,,0.22532650266930188,0.12696786581930058,0.2984526767760771,0.1754007521569178,0.14637982154313164,1.935938315826005,46691.0,17708.0,17708.0,8.166957741195802e-06,0.9998666048049929,0.0056088364683091205,50075.6921875,,22135.0,17708.0,7330.0705078125,204.30064697265627,42745.59765625,imperfect_guidance,,PCC,1.0,4427.0,20260805.0,0.0,0.9917432914250568,,,,,
PatientID_0031_T2_to_T3_t1c,MIXED,0.2614355093951481,0.15039079892807858,,0.19035820661362174,0.10519120686380383,0.2614355093951481,0.15039079892807858,0.12504647454408926,1.8567811550964466,51411.86666666667,17708.0,17708.0,1.4262007426898057e-09,0.9523237705230713,0.00560417291708286,50034.055859375,,13284.0,17708.0,6256.582291666667,1054.7563212076823,43777.48424479167,imperfect_guidance,,EIA_BLEND_075,0.5001694149536933,4427.0,20260805.0,0.0,,,,,,
PatientID_0031_T2_to_T3_t1c,MIXED,0.20622694076482678,0.11496854660375967,,0.18689694702439621,0.10308128321934931,0.20622694076482678,0.11496854660375967,0.12400947879153139,1.852664162856698,56715.933333333334,17708.0,17708.0,1.882998309129154e-09,0.99991295337677,0.007004020782187533,62531.897786458336,,13284.0,17708.0,7754.508951822917,1299.3023315429687,54777.40143229167,imperfect_guidance,,EIA_LINEAR,0.5001694149536933,4427.0,20260805.0,0.0,,,,,,
PatientID_0031_T2_to_T3_t1c,MIXED,0.2574599051485921,0.14775684885912677,,0.20927726758731469,0.11686826064486551,0.2574599051485921,0.14775684885912677,0.1343354333460339,1.892548468710602,45792.76666666667,17708.0,17708.0,8.173068029767213e-06,0.9997772574424744,0.005489574419334473,49010.92044270833,,13284.0,17708.0,6583.881770833334,867.6604085286458,42427.02239583333,imperfect_guidance,,PCC,0.5001694149536933,4427.0,20260805.0,0.0,0.8555263651852573,,,,,
PatientID_0031_T2_to_T3_t1c,PARTIAL_25,0.2603907838474025,0.1496834929670611,,0.1898348378974509,0.1048715564108772,0.2603907838474025,0.1496834929670611,0.1270564025493959,1.864731674905716,51194.0,17708.0,17708.0,1.4978403239940263e-10,0.9131901264190674,0.0053527113050222,47789.0078125,,4432.0,17708.0,6071.8994140625,0.0,41717.125,imperfect_guidance,,EIA_BLEND_075,0.2502823582561554,0.0,,,,,,,,
PatientID_0031_T2_to_T3_t1c,PARTIAL_25,0.2079850915064382,0.1160621435377663,,0.1881252541793666,0.1038290613771479,0.2079850915064382,0.1160621435377663,0.1286616644329979,1.8709841691945583,56062.0,17708.0,17708.0,1.9971203857327424e-10,0.9999120235443116,0.0066514504142105,59384.1484375,,4432.0,17708.0,7640.46337890625,0.0,51743.66796875,imperfect_guidance,,EIA_LINEAR,0.2502823582561554,0.0,,,,,,,,
PatientID_0031_T2_to_T3_t1c,PARTIAL_25,0.2509600180920782,0.1434844375841571,,0.2087587491297637,0.1165441835612736,0.2509600180920782,0.1434844375841571,0.1334113419614063,1.889101585216608,44584.0,17708.0,17708.0,8.150691428454593e-06,0.9997283816337584,0.0053741750307381,47980.63671875,,4432.0,17708.0,6401.1611328125,0.0,41579.4453125,imperfect_guidance,,PCC,0.2502823582561554,0.0,,,0.8339275661630768,,,,,
PatientID_0031_T2_to_T3_t1c,PARTIAL_50,0.2804946916851001,0.1631252258148666,,0.1920470343027102,0.1062234681761117,0.2804946916851001,0.1631252258148666,0.1340895419882925,1.8916432495408515,51348.0,17708.0,17708.0,1.4978403239940263e-10,0.949938178062439,0.0054654167033731,48795.23828125,,8857.0,17708.0,6542.93115234375,0.0,42252.32421875,imperfect_guidance,,EIA_BLEND_075,0.5001694149536933,0.0,,,,,,,,
PatientID_0031_T2_to_T3_t1c,PARTIAL_50,0.2105263158117651,0.1176470588513744,,0.1890780180338663,0.1044098088867973,0.2105263158117651,0.1176470588513744,0.1322270831045465,1.8846360170532064,56198.0,17708.0,17708.0,1.9971203857327424e-10,0.9999122619628906,0.0067537501454353,60297.48046875,,8857.0,17708.0,7972.9599609375,0.0,52324.51953125,imperfect_guidance,,EIA_LINEAR,0.5001694149536933,0.0,,,,,,,,
PatientID_0031_T2_to_T3_t1c,PARTIAL_50,0.2725321888617423,0.1577639751828125,,0.2153366524166865,0.120659536557564,0.2725321888617423,0.1577639751828125,0.1388033207256332,1.909019078464689,45161.0,17708.0,17708.0,8.150241228577215e-06,0.9997816681861876,0.0054437932558357,48602.1875,,8857.0,17708.0,6746.14501953125,0.0,41856.03515625,imperfect_guidance,,PCC,0.5001694149536933,0.0,,,0.9056108087909913,,,,,
PatientID_0031_T2_to_T3_t1c,SHIFT_3,0.2930408101999179,0.1716888538115802,,0.1937802931147359,0.10728522685355553,0.2930408101999179,0.1716888538115802,0.1356901056528481,1.8975548650382017,51599.0,17708.0,17708.0,1.8440154958554444e-10,0.9715845187505087,0.005693716229870867,50833.498046875,,17708.0,17708.0,6897.602701822917,1895.001953125,43935.911458333336,imperfect_guidance,,EIA_BLEND_075,0.4860891499134101,9100.333333333334,,,,,,,,
PatientID_0031_T2_to_T3_t1c,SHIFT_3,0.21158986524325377,0.11831205856680853,,0.18987847428260304,0.10489824818011763,0.21158986524325377,0.11831205856680853,0.13235584341835951,1.885099790664411,56411.333333333336,17708.0,17708.0,2.455050445345404e-10,0.999913662672043,0.007000855480631133,62503.638020833336,,17708.0,17708.0,8272.676839192709,2265.5622355143228,54230.948567708336,imperfect_guidance,,EIA_LINEAR,0.4860891499134101,9100.333333333334,,,,,,,,
PatientID_0031_T2_to_T3_t1c,SHIFT_3,0.2830641518160418,0.1648808206314605,,0.22086363678814971,0.12414257619152279,0.2830641518160418,0.1648808206314605,0.1426068685059655,1.9226529619863044,45869.833333333336,17708.0,17708.0,8.150091010368973e-06,0.9998734394709269,0.005533534024531584,49403.391927083336,,17708.0,17708.0,7045.243001302083,1324.6576843261719,42358.133463541664,imperfect_guidance,,PCC,0.4860891499134101,9100.333333333334,,,0.9406079940006935,,,,,
PatientID_0032_T1_to_T2_t1c,FP_25,0.6743993373345488,0.5087500003070312,,0.056733696229383644,0.02919501879490658,0.6743993373345488,0.5087500003070312,0.02729922978519736,2.3171587770576183,38875.0,1207.0,1207.0,2.744873883742116e-10,0.9893985986709597,0.003967758081853361,35424.14296875,,1509.0,1207.0,967.0518188476562,29.18895721435547,34457.04609375,imperfect_guidance,,EIA_BLEND_075,1.0,302.0,20260805.0,0.0,,,,,,
PatientID_0032_T1_to_T2_t1c,FP_25,0.10521955298043931,0.0555312640771616,,0.05404972856075204,0.0277754932398769,0.10521955298043931,0.0555312640771616,0.025965920586403502,2.2948170065955464,41272.4,1207.0,1207.0,3.5987508528734225e-10,0.9999267935752869,0.00483512943610544,43168.0359375,,1509.0,1207.0,1120.8977294921874,38.524559783935544,42047.121875,imperfect_guidance,,EIA_LINEAR,1.0,302.0,20260805.0,0.0,,,,,,
PatientID_0032_T1_to_T2_t1c,FP_25,0.16835128452015272,0.09191246605455952,,0.06448347468351874,0.033315899917916135,0.16835128452015272,0.09191246605455952,0.029822113782059116,2.356673940697462,33561.6,1207.0,1207.0,8.090206938504707e-06,0.9997859835624695,0.00403999090194698,36069.0390625,,1509.0,1207.0,1075.654931640625,31.24512176513672,34993.4,imperfect_guidance,,PCC,1.0,302.0,20260805.0,0.0,0.9960784313821608,,,,,
PatientID_0032_T1_to_T2_t1c,MIXED,0.4754763879554779,0.3131476360760444,,0.05624276136850185,0.02893508432081682,0.4754763879554779,0.3131476360760444,0.025412785712795042,2.285209844898867,38855.0,1207.0,1207.0,1.2426215045361715e-09,0.9753317733605703,0.003961293213069377,35366.42630208333,,907.0,1207.0,898.7594136555989,213.041948445638,34467.61861979167,imperfect_guidance,,EIA_BLEND_075,0.5012427506213754,302.0,20260805.0,0.0,,,,,,
PatientID_0032_T1_to_T2_t1c,MIXED,0.10452913596885008,0.055147423870922634,,0.053731251004002854,0.027607315071115728,0.10452913596885008,0.055147423870922634,0.025794781278006714,2.2918679419712973,41257.433333333334,1207.0,1207.0,1.6025746350326979e-09,0.9999272565046946,0.0048405876072744,43216.766276041664,,907.0,1207.0,1114.766455078125,252.51380157470703,42101.984375,imperfect_guidance,,EIA_LINEAR,0.5012427506213754,302.0,20260805.0,0.0,,,,,,
PatientID_0032_T1_to_T2_t1c,MIXED,0.13374758389930366,0.07166779989777705,,0.06307100926903214,0.032562381310490295,0.13374758389930366,0.07166779989777705,0.028742632027737865,2.340178346049178,33485.13333333333,1207.0,1207.0,8.090458595688688e-06,0.9997909863789877,0.004026620881631924,35949.671223958336,,907.0,1207.0,1033.287703450521,183.58669408162436,34916.39765625,imperfect_guidance,,PCC,0.5012427506213754,302.0,20260805.0,0.0,0.7913398697924677,,,,,
PatientID_0032_T1_to_T2_t1c,PARTIAL_25,0.6072908038080818,0.4360499705912849,,0.056744673966464,0.0292008328656093,0.6072908038080818,0.4360499705912849,0.026337056744081,2.3011464260538204,38832.0,1207.0,1207.0,2.8310117921800937e-14,0.989676594734192,0.0039266194216907,35056.859375,,305.0,1207.0,923.2944946289062,0.0,34133.50390625,imperfect_guidance,,EIA_BLEND_075,0.2526926263463132,0.0,,,,,,,,
PatientID_0032_T1_to_T2_t1c,PARTIAL_25,0.1027340517387182,0.0541484720287561,,0.0548364715397077,0.0281911884325553,0.1027340517387182,0.0541484720287561,0.0266801441256983,2.3069201583426504,40590.0,1207.0,1207.0,3.774682389573458e-14,0.999926507472992,0.0047015398740768,41975.34765625,,305.0,1207.0,1119.9083251953125,0.0,40855.41015625,imperfect_guidance,,EIA_LINEAR,0.2526926263463132,0.0,,,,,,,,
PatientID_0032_T1_to_T2_t1c,PARTIAL_25,0.1300745653976493,0.0695613650555776,,0.0651427218090387,0.0336679726054827,0.1300745653976493,0.0695613650555776,0.0291777205129343,2.346898614566366,32565.0,1207.0,1207.0,8.086932211881503e-06,0.9997840523719788,0.0039720050990581,35462.0625,,305.0,1207.0,1034.7021484375,0.0,34427.3671875,imperfect_guidance,,PCC,0.2526926263463132,0.0,,,0.7696078437019417,,,,,
PatientID_0032_T1_to_T2_t1c,PARTIAL_50,0.6031483017385467,0.4317912221638249,,0.0566405274697407,0.0291456770065501,0.6031483017385467,0.4317912221638249,0.026673535316877,2.3068098736669107,38835.0,1207.0,1207.0,2.8310117921800937e-14,0.983811855316162,0.0039382604882121,35160.7890625,,605.0,1207.0,937.862548828125,0.0,34222.8671875,imperfect_guidance,,EIA_BLEND_075,0.5012427506213754,0.0,,,,,,,,
PatientID_0032_T1_to_T2_t1c,PARTIAL_50,0.1068765538082533,0.0564551426448774,,0.0546858194733457,0.0281115616407885,0.1068765538082533,0.0564551426448774,0.026592067474943,2.3054446711978787,40632.0,1207.0,1207.0,3.774682389573458e-14,0.9999269247055054,0.0047180564142763,42122.80859375,,605.0,1207.0,1120.132568359375,0.0,41002.65625,imperfect_guidance,,EIA_LINEAR,0.5012427506213754,0.0,,,,,,,,
PatientID_0032_T1_to_T2_t1c,PARTIAL_50,0.1433305720201613,0.0771976800190996,,0.0651577301305764,0.033675990634363,0.1433305720201613,0.0771976800190996,0.0294260267025752,2.3506899164509263,32680.0,1207.0,1207.0,8.089329639915377e-06,0.9997840523719788,0.0039800056256353,35533.48828125,,605.0,1207.0,1045.609375,0.0,34487.890625,imperfect_guidance,,PCC,0.5012427506213754,0.0,,,0.8480392160587275,,,,,
PatientID_0032_T1_to_T2_t1c,SHIFT_3,0.4947528309190475,0.32931107792989667,,0.05630476671041723,0.028967911682227,0.4947528309190475,0.32931107792989667,0.026058507984023385,2.296399979814627,38866.5,1207.0,1207.0,1.8049918791606182e-12,0.9741805295149487,0.003952619930108367,35288.990885416664,,1207.0,1207.0,919.5784505208334,375.81846618652344,34369.358072916664,imperfect_guidance,,EIA_BLEND_075,0.24468378900856114,911.6666666666666,,,,,,,,
PatientID_0032_T1_to_T2_t1c,SHIFT_3,0.1035625521526252,0.0546091341626076,,0.0545513220942291,0.02804049380566433,0.1035625521526252,0.0546091341626076,0.02642253881376783,2.3025832407385294,40674.333333333336,1207.0,1207.0,2.2885419868485155e-12,0.9999269048372904,0.004728840896859733,42219.091145833336,,1207.0,1207.0,1115.503885904948,439.85619099934894,41103.569010416664,imperfect_guidance,,EIA_LINEAR,0.24468378900856114,911.6666666666666,,,,,,,,
PatientID_0032_T1_to_T2_t1c,SHIFT_3,0.1478873242966498,0.07985371608263667,,0.06539002114819313,0.03380019600345295,0.1478873242966498,0.07985371608263667,0.029594177384180836,2.353235919711083,32733.833333333332,1207.0,1207.0,8.089482131860374e-06,0.9997893969217936,0.003991033881902667,35631.950520833336,,1207.0,1207.0,1054.4935913085938,348.7953389485677,34577.477864583336,imperfect_guidance,,PCC,0.24468378900856114,911.6666666666666,,,0.8750000003063726,,,,,
PatientID_0033_T1_to_T2_t1c,FP_25,0.208013193674427,0.11607964630147309,,0.10991020854369442,0.05815078687673568,0.208013193674427,0.11607964630147309,0.10165775775956945,1.9907752955040074,34528.6,10308.0,10308.0,5.782387528796562e-08,0.9464240789413452,0.00386356138624244,34493.87578125,,12885.0,10308.0,3506.570068359375,89.26401214599609,30987.321875,imperfect_guidance,,EIA_BLEND_075,1.0,2577.0,20260805.0,0.0,,,,,,
PatientID_0033_T1_to_T2_t1c,FP_25,0.1544431509917324,0.0836837679203278,,0.10899580427112518,0.05763911287955088,0.1544431509917324,0.0836837679203278,0.10233263784303266,1.9939758564681587,36262.6,10308.0,10308.0,7.68052943911357e-08,0.9999702572822573,0.00445098411291832,39738.3859375,,12885.0,10308.0,4066.533837890625,116.34097137451172,35671.84140625,imperfect_guidance,,EIA_LINEAR,1.0,2577.0,20260805.0,0.0,,,,,,
PatientID_0033_T1_to_T2_t1c,FP_25,0.1961971284829163,0.10876860937112773,,0.1320976361355749,0.07071977573068058,0.1961971284829163,0.10876860937112773,0.08542517849658668,1.9074432336141327,29874.4,10308.0,10308.0,8.259437163360416e-06,0.9999808073043825,0.0036760383751242797,32819.6703125,,12885.0,10308.0,2803.626171875,84.39207611083984,30016.058203125,imperfect_guidance,,PCC,1.0,2577.0,20260805.0,0.0,1.0031746031738158,,,,,
PatientID_0033_T1_to_T2_t1c,MIXED,0.16680571728268626,0.09100134336432818,,0.10637860526271443,0.0561774337794407,0.16680571728268626,0.09100134336432818,0.08242119616423353,1.8904674004441506,34402.666666666664,10308.0,10308.0,1.534763155175423e-08,0.9006129503250122,0.00372913293540473,33293.69908854167,,7733.0,10308.0,2744.1065022786456,308.1620198567708,30549.602213541668,imperfect_guidance,,EIA_BLEND_075,0.5001940240589833,2577.0,20260805.0,0.0,,,,,,
PatientID_0033_T1_to_T2_t1c,MIXED,0.15052063126614337,0.08138547584734408,,0.10684658828002834,0.056438480823355563,0.15052063126614337,0.08138547584734408,0.08802830899825384,1.921698415413416,36187.23333333333,10308.0,10308.0,1.933910881342834e-08,0.9999678790569305,0.004325208983694467,38615.465625,,7733.0,10308.0,3399.276017252604,381.9481201171875,35216.191145833334,imperfect_guidance,,EIA_LINEAR,0.5001940240589833,2577.0,20260805.0,0.0,,,,,,
PatientID_0033_T1_to_T2_t1c,MIXED,0.160215366746206,0.0870855796619123,,0.12078171140088804,0.06427396056762605,0.160215366746206,0.0870855796619123,0.07593200745297349,1.8517343391562693,29537.866666666665,10308.0,10308.0,8.257461468019756e-06,0.9999538977940877,0.0036239627205455803,32354.739127604167,,7733.0,10308.0,2456.8299641927083,198.4751225789388,29897.908268229166,imperfect_guidance,,PCC,0.5001940240589833,2577.0,20260805.0,0.0,0.8191964286162705,,,,,
PatientID_0033_T1_to_T2_t1c,PARTIAL_25,0.1506596818417413,0.0814667156753151,,0.1051971045224177,0.0555187585973525,0.1506596818417413,0.0814667156753151,0.0786658040413692,1.86844577339726,34313.0,10308.0,10308.0,3.255837960347563e-11,0.8573351502418518,0.0035855178721249,32011.50390625,,2580.0,10308.0,2518.210693359375,0.0,29493.279296875,imperfect_guidance,,EIA_BLEND_075,0.2502910360884749,0.0,,,,,,,,
PatientID_0033_T1_to_T2_t1c,PARTIAL_25,0.1543461389622455,0.0836268068812811,,0.1077383684278996,0.0569362960443263,0.1543461389622455,0.0836268068812811,0.0882302613406167,1.9228092000900352,35451.0,10308.0,10308.0,4.080005430728839e-11,0.999966561794281,0.0040533770807087,36188.55078125,,2580.0,10308.0,3192.92529296875,0.0,32995.6328125,imperfect_guidance,,EIA_LINEAR,0.2502910360884749,0.0,,,,,,,,
PatientID_0033_T1_to_T2_t1c,PARTIAL_25,0.1501746216943066,0.0811831340947565,,0.1196492771093901,0.06363136178642,0.1501746216943066,0.0811831340947565,0.0735734650831958,1.8369869671512773,28355.0,10308.0,10308.0,8.23648770165164e-06,0.9999419450759888,0.0035446607507765,31646.73046875,,2580.0,10308.0,2328.359619140625,0.0,29318.373046875,imperfect_guidance,,PCC,0.2502910360884749,0.0,,,0.767857142914718,,,,,
PatientID_0033_T1_to_T2_t1c,PARTIAL_50,0.1767559177737312,0.0969458338247873,,0.1067830759098548,0.056402979802379,0.1767559177737312,0.0969458338247873,0.0889683354089535,1.9267791093882445,34362.0,10308.0,10308.0,6.414689612821434e-11,0.8936734199523926,0.0036521314177662,32606.228515625,,5156.0,10308.0,2900.921875,0.0,29705.283203125,imperfect_guidance,,EIA_BLEND_075,0.5001940240589833,0.0,,,,,,,,
PatientID_0033_T1_to_T2_t1c,PARTIAL_50,0.1540551028737846,0.0834559596865957,,0.1087776687578502,0.0575171237043076,0.1540551028737846,0.0834559596865957,0.0965512935158373,1.96593134002526,35547.0,10308.0,10308.0,8.545969487627758e-11,0.9999677538871764,0.0041329059749841,36898.5859375,,5156.0,10308.0,3562.606201171875,0.0,33335.9921875,imperfect_guidance,,EIA_LINEAR,0.5001940240589833,0.0,,,,,,,,
PatientID_0033_T1_to_T2_t1c,PARTIAL_50,0.163368257704532,0.0889499260992525,,0.1252413935390158,0.0668040104637603,0.163368257704532,0.0889499260992525,0.078513034741741,1.8675294474604536,28529.0,10308.0,10308.0,8.236504072556272e-06,0.9999606609344482,0.0035742230247706,31910.6640625,,5156.0,10308.0,2505.403076171875,0.0,29405.25390625,imperfect_guidance,,PCC,0.5001940240589833,0.0,,,0.8353174603583043,,,,,
PatientID_0033_T1_to_T2_t1c,SHIFT_3,0.19759733544184463,0.10963542317965584,,0.10882534170869229,0.05754401660359704,0.19759733544184463,0.10963542317965584,0.09652333761315746,1.965776311101445,34476.166666666664,10308.0,10308.0,1.5784036924704203e-10,0.9527954161167145,0.0037904618463168,33841.243489583336,,10308.0,10308.0,3266.469767252604,816.7632344563802,30574.783528645832,imperfect_guidance,,EIA_BLEND_075,0.6404410813607554,3706.3333333333335,,,,,,,,
PatientID_0033_T1_to_T2_t1c,SHIFT_3,0.1568684517289062,0.08511457206770257,,0.10964232657776478,0.0580008588846381,0.1568684517289062,0.08511457206770257,0.10060829765101142,1.985696814407193,35677.666666666664,10308.0,10308.0,2.1000695858234644e-10,0.9999700387318929,0.004281556932255567,38225.739583333336,,10308.0,10308.0,3845.590128580729,965.5157674153646,34380.177734375,imperfect_guidance,,EIA_LINEAR,0.6404410813607554,3706.3333333333335,,,,,,,,
PatientID_0033_T1_to_T2_t1c,SHIFT_3,0.1842581813873888,0.10148734435848666,,0.13207357872288253,0.07070753300664133,0.1842581813873888,0.10148734435848666,0.08343199616264707,1.8961889830662189,28889.166666666668,10308.0,10308.0,8.236496190268857e-06,0.9999725619951884,0.0036216861335560332,32334.4140625,,10308.0,10308.0,2697.898966471354,457.7449722290039,29636.5087890625,imperfect_guidance,,PCC,0.6404410813607554,3706.3333333333335,,,0.9421296296439824,,,,,
PatientID_0034_T1_to_T2_t1c,FP_25,0.7215606790319786,0.5644074515330147,,0.09565166915711337,0.050228032145817704,0.7215606790319786,0.5644074515330147,0.05346668544278912,2.1062416984611576,61498.8,3947.0,3947.0,2.2170343783045613e-08,0.9872376918792722,0.00595421744510526,53159.25234375,,4934.0,3947.0,2842.2490234375,213.369677734375,50316.99296875,imperfect_guidance,,EIA_BLEND_075,1.0,987.0,20260805.0,0.0,,,,,,
PatientID_0034_T1_to_T2_t1c,FP_25,0.17142133276267782,0.09374567535061662,,0.09156306001419416,0.047978038103352584,0.17142133276267782,0.09374567535061662,0.04853149350894158,2.0619232091681803,64836.2,3947.0,3947.0,2.069231896939528e-08,0.9999951124191284,0.007506558392196839,67018.553125,,4934.0,3947.0,3252.51044921875,282.63970336914065,63766.10703125,imperfect_guidance,,EIA_LINEAR,1.0,987.0,20260805.0,0.0,,,,,,
PatientID_0034_T1_to_T2_t1c,FP_25,0.3409171523510365,0.20548532749825724,,0.10653095191516007,0.056262315249129204,0.3409171523510365,0.20548532749825724,0.05652398806276067,2.131796472896567,55153.2,3947.0,3947.0,7.816776997060514e-06,0.999982476234436,0.006169624254107419,55082.40546875,,4934.0,3947.0,3113.477099609375,224.6587890625,51968.89609375,imperfect_guidance,,PCC,1.0,987.0,20260805.0,0.0,0.9960029607712795,,,,,
PatientID_0034_T1_to_T2_t1c,MIXED,0.6076851617759034,0.43663603225388475,,0.09509085302716734,0.049918843052035596,0.6076851617759034,0.43663603225388475,0.0494174272758535,2.0701828158941185,61471.833333333336,3947.0,3947.0,2.2170343783045613e-08,0.9788232306639354,0.00590549923169111,52724.29700520833,,2965.0,3947.0,2605.4991129557293,460.94199930826824,50118.799088541666,imperfect_guidance,,EIA_BLEND_075,0.5011401064099316,987.0,20260805.0,0.0,,,,,,
PatientID_0034_T1_to_T2_t1c,MIXED,0.16499451070454418,0.08991743576299473,,0.09131967614533122,0.047844406491388845,0.16499451070454418,0.08991743576299473,0.04780550402555634,2.055030123259011,64800.5,3947.0,3947.0,2.069231896939528e-08,0.9999951163927714,0.0074798357362548,66779.9734375,,2965.0,3947.0,3192.4686360677083,585.2491882324218,63587.580859375,imperfect_guidance,,EIA_LINEAR,0.5011401064099316,987.0,20260805.0,0.0,,,,,,
PatientID_0034_T1_to_T2_t1c,MIXED,0.2541086057865752,0.1457005170302258,,0.10524524074385332,0.05554558689346487,0.2541086057865752,0.1457005170302258,0.05514321492564846,2.1204193606601853,55061.13333333333,3947.0,3947.0,7.787680806359276e-06,0.9999816020329794,0.006151255810012367,54918.41158854167,,2965.0,3947.0,3028.382332356771,461.44464518229165,51889.995703125,imperfect_guidance,,PCC,0.5011401064099316,987.0,20260805.0,0.0,0.742388354400794,,,,,
PatientID_0034_T1_to_T2_t1c,PARTIAL_25,0.6425133012867351,0.4733109370150595,,0.0950676213344491,0.0499060346780296,0.6425133012867351,0.4733109370150595,0.0489499284195232,2.065843179698546,61417.0,3947.0,3947.0,2.119520357835025e-11,0.980419397354126,0.0058489497750997,52219.421875,,992.0,3947.0,2556.136962890625,0.0,49663.25390625,imperfect_guidance,,EIA_BLEND_075,0.2513301241449202,0.0,,,,,,,,
PatientID_0034_T1_to_T2_t1c,PARTIAL_25,0.1634152521961724,0.088977790165681,,0.0916449925612723,0.0480230314684385,0.1634152521961724,0.088977790165681,0.0480687802845817,2.057551908943466,64491.0,3947.0,3947.0,2.826027085955917e-11,0.9999951124191284,0.0073958910070359,66030.515625,,992.0,3947.0,3174.00634765625,0.0,62856.51171875,imperfect_guidance,,EIA_LINEAR,0.2513301241449202,0.0,,,,,,,,
PatientID_0034_T1_to_T2_t1c,PARTIAL_25,0.2333417786631186,0.1320808835318971,,0.1057148229976628,0.0558072376309754,0.2333417786631186,0.1320808835318971,0.0550847150929377,2.1199326449963887,54550.0,3947.0,3947.0,7.752772944513708e-06,0.9999819993972778,0.0061052688397467,54507.83984375,,992.0,3947.0,3002.548828125,0.0,51505.2734375,imperfect_guidance,,PCC,0.2513301241449202,0.0,,,0.6817172466018813,,,,,
PatientID_0034_T1_to_T2_t1c,PARTIAL_50,0.6749429947206812,0.5093690249504074,,0.0953196696375754,0.0500449698212442,0.6749429947206812,0.5093690249504074,0.0508780882275399,2.083503065562416,61433.0,3947.0,3947.0,2.119520357835025e-11,0.981776237487793,0.0058739082887768,52442.25390625,,1978.0,3947.0,2668.16162109375,0.0,49774.08984375,imperfect_guidance,,EIA_BLEND_075,0.5011401064099316,0.0,,,,,,,,
PatientID_0034_T1_to_T2_t1c,PARTIAL_50,0.1659488219956994,0.0904821109144243,,0.091701844859238,0.0480542543239941,0.1659488219956994,0.0904821109144243,0.048516324799642,2.061781008540456,64514.0,3947.0,3947.0,2.826027085955917e-11,0.9999951124191284,0.0074148038402199,66199.3671875,,1978.0,3947.0,3211.75,0.0,62987.609375,imperfect_guidance,,EIA_LINEAR,0.5011401064099316,0.0,,,,,,,,
PatientID_0034_T1_to_T2_t1c,PARTIAL_50,0.2703318977362133,0.1562911968424943,,0.1063851593880225,0.0561809915736418,0.2703318977362133,0.1562911968424943,0.0558883604532748,2.1265925359373323,54595.0,3947.0,3947.0,7.803755579516292e-06,0.999982476234436,0.0061160186305642,54603.81640625,,1978.0,3947.0,3051.7177734375,0.0,51552.06640625,imperfect_guidance,,PCC,0.5011401064099316,0.0,,,0.7897853442672891,,,,,
PatientID_0034_T1_to_T2_t1c,SHIFT_3,0.6290853813492417,0.4591360754883595,,0.09540987885436207,0.05009470815912543,0.6290853813492417,0.4591360754883595,0.05196061493249568,2.093140580750602,61465.5,3947.0,3947.0,2.0915099802528328e-11,0.9877103467782339,0.0059254864075530995,52902.742838541664,,3947.0,3947.0,2748.8590494791665,622.5204772949219,50153.888020833336,imperfect_guidance,,EIA_BLEND_075,0.527827041634997,1863.6666666666667,,,,,,,,
PatientID_0034_T1_to_T2_t1c,SHIFT_3,0.16991808134829176,0.09285179283742744,,0.09180822004397864,0.0481126830316638,0.16991808134829176,0.09285179283742744,0.048499219894594166,2.0615961560184073,64536.333333333336,3947.0,3947.0,2.788679935121033e-11,0.9999951124191284,0.007452104783927334,66532.390625,,3947.0,3947.0,3226.769816080729,742.2907002766927,63305.649088541664,imperfect_guidance,,EIA_LINEAR,0.527827041634997,1863.6666666666667,,,,,,,,
PatientID_0034_T1_to_T2_t1c,SHIFT_3,0.30850434938242066,0.18257863991887177,,0.10681426762699586,0.05642042654188873,0.30850434938242066,0.18257863991887177,0.05630552406129812,2.130011508353649,54687.5,3947.0,3947.0,7.794591510901228e-06,0.9999838868776957,0.0061316344266136,54743.232421875,,3947.0,3947.0,3082.3526204427085,559.7290852864584,51660.846354166664,imperfect_guidance,,PCC,0.527827041634997,1863.6666666666667,,,0.9013076733649246,,,,,
PatientID_0035_T1_to_T2_t1c,FP_25,0.6285503504927055,0.4583109199950751,,0.04858336965023214,0.02489646183527616,0.6285503504927055,0.4583109199950751,0.025177342120494838,1.9295768789481087,88307.8,2711.0,2711.0,6.535515835112693e-12,0.9829559922218323,0.00865881629288192,77305.9140625,,3389.0,2711.0,1946.3574462890624,75.50093994140624,75359.4984375,imperfect_guidance,,EIA_BLEND_075,1.0,678.0,20260805.0,0.0,,,,,,
PatientID_0035_T1_to_T2_t1c,FP_25,0.2740686095031227,0.1587946144135938,,0.04523077925819158,0.02313867991134284,0.2740686095031227,0.1587946144135938,0.02303827317567724,1.8900652304700352,96336.6,2711.0,2711.0,8.714021344780052e-12,0.9999333024024966,0.01112210061401124,99298.1140625,,3389.0,2711.0,2287.65703125,99.99324493408203,97010.3484375,imperfect_guidance,,EIA_LINEAR,1.0,678.0,20260805.0,0.0,,,,,,
PatientID_0035_T1_to_T2_t1c,FP_25,0.3947620805247579,0.24592123869856802,,0.054042845127916364,0.02777185769352932,0.3947620805247579,0.24592123869856802,0.02737021094724258,1.9668227036845494,80223.2,2711.0,2711.0,8.043365596677177e-06,0.9999227523803713,0.00915056765079494,81696.26875,,3389.0,2711.0,2236.044091796875,77.96322784423828,79460.25625,imperfect_guidance,,PCC,1.0,678.0,20260805.0,0.0,1.0039399624746996,,,,,
PatientID_0035_T1_to_T2_t1c,MIXED,0.45885896972970747,0.29919346255266,,0.04785650627140186,0.02451485362614928,0.45885896972970747,0.29919346255266,0.023276626481988645,1.8946269984833062,88263.73333333334,2711.0,2711.0,8.694687670939931e-12,0.9929814497629802,0.00861640966807797,76927.30677083334,,2036.0,2711.0,1790.6081868489584,361.7840647379557,75136.6640625,imperfect_guidance,,EIA_BLEND_075,0.5009221689413501,678.0,20260805.0,0.0,,,,,,
PatientID_0035_T1_to_T2_t1c,MIXED,0.26702323879250767,0.15408488175958343,,0.04476836936156317,0.02289670989067672,0.26702323879250767,0.15408488175958343,0.02267093402254574,1.8829200829901809,96272.56666666667,2711.0,2711.0,1.1589985207093497e-11,0.9999307334423065,0.011094091894725914,99048.053125,,2036.0,2711.0,2245.5133463541665,444.2078160603841,96802.47786458333,imperfect_guidance,,EIA_LINEAR,0.5009221689413501,678.0,20260805.0,0.0,,,,,,
PatientID_0035_T1_to_T2_t1c,MIXED,0.3313414485433404,0.19862224878458093,,0.05266042992306067,0.027042250662647052,0.3313414485433404,0.19862224878458093,0.026455206653177278,1.951645184204481,80092.46666666666,2711.0,2711.0,8.043401339818957e-06,0.9998901863892873,0.009131918940693083,81529.77265625,,2036.0,2711.0,2156.8874674479166,349.38313954671224,79372.90989583333,imperfect_guidance,,PCC,0.5009221689413501,678.0,20260805.0,0.0,0.8426516573596068,,,,,
PatientID_0035_T1_to_T2_t1c,PARTIAL_25,0.5311693103041001,0.3616273231136044,,0.0479736046296621,0.0245763093952878,0.5311693103041001,0.3616273231136044,0.0235873136536605,1.900537282148122,88214.0,2711.0,2711.0,1.596211877952225e-12,0.9938904643058776,0.0085758110508322,76564.84375,,682.0,2711.0,1805.958984375,0.0,74758.890625,imperfect_guidance,,EIA_BLEND_075,0.2515676872002951,0.0,,,,,,,,
PatientID_0035_T1_to_T2_t1c,PARTIAL_25,0.2674289931266269,0.1543538430584726,,0.0455006818023365,0.0232799681170053,0.2674289931266269,0.1543538430584726,0.0236725639768566,1.902142601798838,94826.0,2711.0,2711.0,2.1282825762164448e-12,0.9999305605888368,0.0106506161391735,95088.703125,,682.0,2711.0,2250.993408203125,0.0,92837.6171875,imperfect_guidance,,EIA_LINEAR,0.2515676872002951,0.0,,,,,,,,
PatientID_0035_T1_to_T2_t1c,PARTIAL_25,0.3139063077620977,0.186173703962771,,0.0535639283625254,0.0275189764282765,0.3139063077620977,0.186173703962771,0.026774888446848,1.9570063662958463,78239.0,2711.0,2711.0,8.048308700381313e-06,0.9998689889907836,0.0089750522747635,80129.265625,,682.0,2711.0,2145.4521484375,0.0,77983.859375,imperfect_guidance,,PCC,0.2515676872002951,0.0,,,0.7983114447475088,,,,,
PatientID_0035_T1_to_T2_t1c,PARTIAL_50,0.5285872372687961,0.3592379043972831,,0.0480520765859048,0.0246174992786608,0.5285872372687961,0.3592379043972831,0.024006330438263,1.90837100632344,88232.0,2711.0,2711.0,1.596211877952225e-12,0.9952647089958192,0.0085907652974128,76698.3515625,,1358.0,2711.0,1841.2459716796875,0.0,74857.109375,imperfect_guidance,,EIA_BLEND_075,0.5009221689413501,0.0,,,,,,,,
PatientID_0035_T1_to_T2_t1c,PARTIAL_50,0.2685355958560428,0.1550916064859199,,0.0455481451983326,0.023304818226367,0.2685355958560428,0.1550916064859199,0.0236510218764941,1.901737383401348,94900.0,2711.0,2711.0,2.1282825762164448e-12,0.9999335408210754,0.0107015930116176,95543.8203125,,1358.0,2711.0,2259.708984375,0.0,93284.0703125,imperfect_guidance,,EIA_LINEAR,0.5009221689413501,0.0,,,,,,,,
PatientID_0035_T1_to_T2_t1c,PARTIAL_50,0.3426779787269129,0.206766080746324,,0.0541260310570712,0.0278157948217278,0.3426779787269129,0.206766080746324,0.0271589110295552,1.963362403694913,78396.0,2711.0,2711.0,8.042845365707763e-06,0.9999191761016846,0.0089974431321024,80329.171875,,1358.0,2711.0,2181.65283203125,0.0,78147.578125,imperfect_guidance,,PCC,0.5009221689413501,0.0,,,0.8714821764205055,,,,,
PatientID_0035_T1_to_T2_t1c,SHIFT_3,0.5057789254569447,0.3422075920249248,,0.048206400728807115,0.02469851688036988,0.5057789254569447,0.3422075920249248,0.024210859626214633,1.9121258744493055,88279.66666666667,2711.0,2711.0,1.4915505896356818e-12,0.9823172589143118,0.008634926751255934,77092.625,,2711.0,2711.0,1866.4787190755208,602.087168375651,75226.12630208333,imperfect_guidance,,EIA_BLEND_075,0.35497356449034795,1748.6666666666667,,,,,,,,
PatientID_0035_T1_to_T2_t1c,SHIFT_3,0.2710561909619348,0.15677660043400246,,0.045593326975425896,0.0233284761897989,0.2710561909619348,0.15677660043400246,0.023567597337324598,1.9001577306886872,94993.5,2711.0,2711.0,1.988734169206842e-12,0.9999308089415232,0.01077278237789865,96179.40104166667,,2711.0,2711.0,2266.654825846354,722.4260406494141,93912.67447916667,imperfect_guidance,,EIA_LINEAR,0.35497356449034795,1748.6666666666667,,,,,,,,
PatientID_0035_T1_to_T2_t1c,SHIFT_3,0.35946145345638847,0.21914964518761695,,0.054524416854373765,0.02802628006729115,0.35946145345638847,0.21914964518761695,0.027286805408764648,1.9654563686833073,78494.16666666667,2711.0,2711.0,8.042912971480595e-06,0.9998963375886282,0.009020155916611317,80531.953125,,2711.0,2711.0,2197.454549153646,572.3726196289062,78334.55338541667,imperfect_guidance,,PCC,0.35497356449034795,1748.6666666666667,,,0.9141651032297538,,,,,
PatientID_0036_T1_to_T2_t1c,FP_25,0.562833423675842,0.39162713483484657,,0.23165609261458417,0.1310017195550476,0.562833423675842,0.39162713483484657,0.4198378665530445,1.9611055473988785,32503.0,70106.0,70106.0,6.670847652046062e-10,0.9870596051216125,0.005734649579972,51198.9515625,,87632.0,70106.0,21495.25859375,551.6009765625,29703.739453125,imperfect_guidance,,EIA_BLEND_075,1.0,17526.0,20260805.0,0.0,,,,,,
PatientID_0036_T1_to_T2_t1c,FP_25,0.5629646535277796,0.39175421803809984,,0.23692889572870776,0.13438419772540472,0.5629646535277796,0.39175421803809984,0.4072160823506333,1.9385024993800883,35351.8,70106.0,70106.0,8.881041679842381e-10,0.9999362826347353,0.00683115338906642,60988.5375,,87632.0,70106.0,24835.512109375,702.2458374023438,36153.04609375,imperfect_guidance,,EIA_LINEAR,1.0,17526.0,20260805.0,0.0,,,,,,
PatientID_0036_T1_to_T2_t1c,FP_25,0.38913930334501223,0.24157228988506851,,0.2778596726914321,0.1613455471378586,0.38913930334501223,0.24157228988506851,0.41901235378621166,1.9596339520069084,32603.4,70106.0,70106.0,8.18233093013987e-06,0.999923825263977,0.00423388732597226,37800.1453125,,87632.0,70106.0,15838.727734375,400.83253784179686,21961.394140625,imperfect_guidance,,PCC,1.0,17526.0,20260805.0,0.0,0.9946767783571905,,,,,
PatientID_0036_T1_to_T2_t1c,MIXED,0.49997717742062026,0.33333961547780366,,0.21782058815372699,0.12222438588384857,0.49997717742062026,0.33333961547780366,0.3747164261592316,1.8791923625204214,31575.066666666666,70106.0,70106.0,4.4894837847309077e-10,0.9581128100554148,0.0047535164747386635,42439.394791666666,,52583.0,70106.0,15902.738346354166,1141.2381795247395,26536.7029296875,imperfect_guidance,,EIA_BLEND_075,0.5000570564573645,17526.0,20260805.0,0.0,,,,,,
PatientID_0036_T1_to_T2_t1c,MIXED,0.5001673656118341,0.3335097191544713,,0.22821971869556024,0.1288092678673382,0.5001673656118341,0.3335097191544713,0.37364270246950987,1.8771948653469412,34643.8,70106.0,70106.0,5.98597837964121e-10,0.9999303201834361,0.0057919629849493065,51710.64557291667,,52583.0,70106.0,19321.738997395834,1416.0729207356771,32388.916796875,imperfect_guidance,,EIA_LINEAR,0.5000570564573645,17526.0,20260805.0,0.0,,,,,,
PatientID_0036_T1_to_T2_t1c,MIXED,0.3363720651632073,0.20220189378893527,,0.2398646376862522,0.13629537646206322,0.3363720651632073,0.20220189378893527,0.3761017866659651,1.8817230423281512,29992.033333333333,70106.0,70106.0,8.195220622534786e-06,0.9998118539651235,0.0038706247772400033,34556.93802083333,,52583.0,70106.0,12999.898665364582,624.9882049560547,21556.995377604166,imperfect_guidance,,PCC,0.5000570564573645,17526.0,20260805.0,0.0,0.8597987384719473,,,,,
PatientID_0036_T1_to_T2_t1c,PARTIAL_25,0.4576498445250217,0.2967224030843378,,0.2108418834362889,0.1178441868793372,0.4576498445250217,0.2967224030843378,0.3908084924133709,1.9087826185461287,30965.0,70106.0,70106.0,2.3491676133654763e-14,0.8939560055732727,0.0037727174349129,33682.8203125,,17534.0,70106.0,13163.5322265625,0.0,20519.333984375,imperfect_guidance,,EIA_BLEND_075,0.2501069808575585,0.0,,,,,,,,
PatientID_0036_T1_to_T2_t1c,PARTIAL_25,0.4613870424823739,0.299872063492668,,0.225379206871167,0.1270013333283433,0.4613870424823739,0.299872063492668,0.4005720923790159,1.9265166267580065,33861.0,70106.0,70106.0,3.1322234844873016e-14,0.9999268651008606,0.0046409484930336,41434.38671875,,17534.0,70106.0,16597.458984375,0.0,24836.9765625,imperfect_guidance,,EIA_LINEAR,0.2501069808575585,0.0,,,,,,,,
PatientID_0036_T1_to_T2_t1c,PARTIAL_25,0.3145379853413792,0.1866182581462021,,0.223768529374726,0.125979374357588,0.3145379853413792,0.1866182581462021,0.3610685082273528,1.853709147364336,28049.0,70106.0,70106.0,8.115060154523235e-06,0.9997276663780212,0.003632269334048,32428.900390625,,17534.0,70106.0,11709.0546875,0.0,20719.828125,imperfect_guidance,,PCC,0.2501069808575585,0.0,,,0.8039887701935323,,,,,
PatientID_0036_T1_to_T2_t1c,PARTIAL_50,0.5186146692186216,0.3500876230154824,,0.219393832017055,0.1232130023868294,0.5186146692186216,0.3500876230154824,0.4365500010930253,1.9907512023264924,31483.0,70106.0,70106.0,2.3491676133654763e-14,0.948269784450531,0.004262650385499,38056.94140625,,35057.0,70106.0,16613.7578125,0.0,21443.228515625,imperfect_guidance,,EIA_BLEND_075,0.5000570564573645,0.0,,,,,,,,
PatientID_0036_T1_to_T2_t1c,PARTIAL_50,0.5211108892283034,0.3523664387257558,,0.2297206618298882,0.1297652053464546,0.5211108892283034,0.3523664387257558,0.4362106716321673,1.990153122192707,34212.0,70106.0,70106.0,3.1322234844873016e-14,0.9999300837516784,0.0051603023894131,46071.1796875,,35057.0,70106.0,20096.740234375,0.0,25974.447265625,imperfect_guidance,,EIA_LINEAR,0.5000570564573645,0.0,,,,,,,,
PatientID_0036_T1_to_T2_t1c,PARTIAL_50,0.3469032607811962,0.2098505505193641,,0.244623412670099,0.1393566568247605,0.3469032607811962,0.2098505505193641,0.3888972843055632,1.9052948819875464,29353.0,70106.0,70106.0,8.114465344988275e-06,0.9998239874839784,0.0038203264120966,34107.875,,35057.0,70106.0,13264.4599609375,0.0,20843.380859375,imperfect_guidance,,PCC,0.5000570564573645,0.0,,,0.8867174681903467,,,,,
PatientID_0036_T1_to_T2_t1c,SHIFT_3,0.5434199640576881,0.3731179911065947,,0.22880102534382016,0.12918195199233393,0.5434199640576881,0.3731179911065947,0.43109472744986327,1.9811000587046248,32224.666666666668,70106.0,70106.0,3.733903946103385e-12,0.9871253669261932,0.005243887736772433,46817.430338541664,,70106.0,70106.0,20182.747395833332,3316.5266927083335,26634.712239583332,imperfect_guidance,,EIA_BLEND_075,0.7228197301229566,19432.0,,,,,,,,
PatientID_0036_T1_to_T2_t1c,SHIFT_3,0.5459209387721503,0.3754823574828046,,0.23608691707481064,0.1338441752018459,0.5459209387721503,0.3754823574828046,0.4235243695401298,1.9676611504198218,34765.0,70106.0,70106.0,4.953499337148413e-12,0.9999355375766754,0.006224214254567967,55569.78515625,,70106.0,70106.0,23535.722330729168,3943.578328450521,32034.082682291668,imperfect_guidance,,EIA_LINEAR,0.7228197301229566,19432.0,,,,,,,,
PatientID_0036_T1_to_T2_t1c,SHIFT_3,0.3768911838308402,0.23221157255045718,,0.27109398090330256,0.15682184652878278,0.3768911838308402,0.23221157255045718,0.41434158223364603,1.9512641249780425,31418.833333333332,70106.0,70106.0,8.128630876550838e-06,0.9999027748902639,0.004103129186357034,36632.737630208336,,70106.0,70106.0,15181.657552083334,990.6600443522135,21451.028645833332,imperfect_guidance,,PCC,0.7228197301229566,19432.0,,,0.9633694291519906,,,,,
PatientID_0037_T1_to_T2_t1c,FP_25,0.3537114006059623,0.21485382383075446,,0.35062950369023493,0.21258383400270375,0.3537114006059623,0.21485382383075446,0.3136105511587066,2.0543488911640644,44897.2,35849.0,35849.0,8.44782732656313e-08,0.9856040000915527,0.0055210052989423,49291.53515625,,44811.0,35849.0,15458.3455078125,261.3999847412109,33833.17578125,imperfect_guidance,,EIA_BLEND_075,1.0,8962.0,20260805.0,0.0,,,,,,
PatientID_0037_T1_to_T2_t1c,FP_25,0.33288515719639483,0.19967740055508756,,0.34789719217303433,0.21057841621433523,0.33288515719639483,0.19967740055508756,0.29377949973296635,2.013610271586159,48290.8,35849.0,35849.0,1.0138172967799622e-07,0.9999988079071043,0.0067872712388634005,60596.7578125,,44811.0,35849.0,17802.084765625,337.36640625,42794.65234375,imperfect_guidance,,EIA_LINEAR,1.0,8962.0,20260805.0,0.0,,,,,,
PatientID_0037_T1_to_T2_t1c,FP_25,0.375017434246771,0.23078243569918566,,0.3776818894101934,0.23280384285825786,0.375017434246771,0.23078243569918566,0.33949845426679714,2.1054927743771006,43731.2,35849.0,35849.0,8.39013828226598e-06,0.9999899864196775,0.0050905906595289,45448.79375,,44811.0,35849.0,15429.794921875,205.88660583496093,30018.976953125,imperfect_guidance,,PCC,1.0,8962.0,20260805.0,0.0,0.9930565814746249,,,,,
PatientID_0037_T1_to_T2_t1c,MIXED,0.33686481260281276,0.2025484039761472,,0.34162193521353756,0.2059977279877954,0.33686481260281276,0.2025484039761472,0.29027768961030614,2.006238722645329,44184.3,35849.0,35849.0,8.448299032200644e-08,0.9658621390660603,0.005076684352631313,45324.63763020833,,26892.0,35849.0,13156.731087239583,1848.520682779948,32167.838932291666,imperfect_guidance,,EIA_BLEND_075,0.5001534212948757,8962.0,20260805.0,0.0,,,,,,
PatientID_0037_T1_to_T2_t1c,MIXED,0.330206328405299,0.197752781017808,,0.3421854089724565,0.20640754105755296,0.330206328405299,0.197752781017808,0.28303409981509486,1.9908612329413549,47877.73333333333,35849.0,35849.0,1.013817296779962e-07,0.9999986787637075,0.006435505642245167,57456.19440104167,,26892.0,35849.0,16261.949283854166,2251.591678873698,41194.26653645833,imperfect_guidance,,EIA_LINEAR,0.5001534212948757,8962.0,20260805.0,0.0,,,,,,
PatientID_0037_T1_to_T2_t1c,MIXED,0.35005439483179374,0.21216172511330186,,0.3537693004258004,0.21489711103526316,0.35005439483179374,0.21216172511330186,0.3205066787772329,2.0681784318885046,41949.433333333334,35849.0,35849.0,8.259784863184905e-06,0.9999846418698629,0.00484298472292716,43238.16783854167,,26892.0,35849.0,13858.150130208332,1243.4716491699219,29379.997005208334,imperfect_guidance,,PCC,0.5001534212948757,8962.0,20260805.0,0.0,0.9269537597899633,,,,,
PatientID_0037_T1_to_T2_t1c,PARTIAL_25,0.3356300036355877,0.2016558844366698,,0.3408520674510632,0.2054380207902152,0.3356300036355877,0.2016558844366698,0.3129213326060751,2.0529587766394912,43863.0,35849.0,35849.0,5.03871278034751e-10,0.9542929530143738,0.0045222048647701,40374.24609375,,8970.0,35849.0,12633.962890625,0.0,27740.177734375,imperfect_guidance,,EIA_BLEND_075,0.2502161845518703,0.0,,,,,,,,
PatientID_0037_T1_to_T2_t1c,PARTIAL_25,0.3330078942322937,0.1997657295983975,,0.3424596750093847,0.2066071454526082,0.3330078942322937,0.1997657295983975,0.3060975299351907,2.039090333170144,47536.0,35849.0,35849.0,6.717446598969443e-10,0.9999986290931702,0.0058100777678191,51872.375,,8970.0,35849.0,15878.005859375,0.0,35994.3515625,imperfect_guidance,,EIA_LINEAR,0.2502161845518703,0.0,,,,,,,,
PatientID_0037_T1_to_T2_t1c,PARTIAL_25,0.3486010767476276,0.2110944072023936,,0.3514698801536709,0.2132019766776677,0.3486010767476276,0.2110944072023936,0.3210192955925754,2.0692025954340862,40994.0,35849.0,35849.0,8.124600753944833e-06,0.999974250793457,0.004717017058283,42113.52734375,,8970.0,35849.0,13519.2548828125,0.0,28594.2421875,imperfect_guidance,,PCC,0.2502161845518703,0.0,,,0.923105333139197,,,,,
PatientID_0037_T1_to_T2_t1c,PARTIAL_50,0.3419900136776202,0.2062653521449869,,0.3443163920983936,0.2079602591129571,0.3419900136776202,0.2062653521449869,0.3225660028052506,2.0722814747344165,44153.0,35849.0,35849.0,1.0816938456059684e-09,0.9659587740898132,0.0047843311913311,42714.5078125,,17930.0,35849.0,13778.248046875,0.0,28936.166015625,imperfect_guidance,,EIA_BLEND_075,0.5001534212948757,0.0,,,,,,,,
PatientID_0037_T1_to_T2_t1c,PARTIAL_50,0.3339005272206491,0.2004085186311209,,0.3442950690224906,0.2079447023381785,0.3339005272206491,0.2004085186311209,0.3104310491258817,2.0479165424186854,47684.0,35849.0,35849.0,1.4360402866842035e-09,0.9999986886978148,0.0060531343333423,54042.3828125,,17930.0,35849.0,16776.43359375,0.0,37265.921875,imperfect_guidance,,EIA_LINEAR,0.5001534212948757,0.0,,,,,,,,
PatientID_0037_T1_to_T2_t1c,PARTIAL_50,0.3586431978666261,0.21850410429431,,0.3602580645243838,0.2197041233991233,0.3586431978666261,0.21850410429431,0.3289520083883145,2.0849079768615963,41651.0,35849.0,35849.0,8.272921149909962e-06,0.999980330467224,0.0048127924092113,42968.609375,,17930.0,35849.0,14134.6103515625,0.0,28833.962890625,imperfect_guidance,,PCC,0.5001534212948757,0.0,,,0.949697148768293,,,,,
PatientID_0037_T1_to_T2_t1c,SHIFT_3,0.3480478302600531,0.21068963203673494,,0.3474803777141547,0.2102733164696229,0.3480478302600531,0.21068963203673494,0.30991116600097024,2.0468361840140363,44716.666666666664,35849.0,35849.0,2.7860522037551996e-09,0.9855058987935384,0.005256695284818549,46931.774088541664,,35849.0,35849.0,14544.680826822916,4166.376953125,32387.004231770832,imperfect_guidance,,EIA_BLEND_075,0.505379043580946,17731.666666666668,,,,,,,,
PatientID_0037_T1_to_T2_t1c,SHIFT_3,0.3347978093391522,0.2010553770611462,,0.34665518267445794,0.2096691787077125,0.3347978093391522,0.2010553770611462,0.29576232863840146,2.0177380238688305,48005.666666666664,35849.0,35849.0,3.6387324634882625e-09,0.9999987880388894,0.006481472169980366,57866.583984375,,35849.0,35849.0,17114.454752604168,4895.5890706380205,40752.143229166664,imperfect_guidance,,EIA_LINEAR,0.505379043580946,17731.666666666668,,,,,,,,
PatientID_0037_T1_to_T2_t1c,SHIFT_3,0.36798794946347196,0.22548326461413917,,0.3706693235916479,0.2274992361468082,0.36798794946347196,0.22548326461413917,0.3330532512495132,2.0929448031895115,43095.5,35849.0,35849.0,8.374162613714967e-06,0.9999903837839762,0.005013670927534466,44762.054036458336,,35849.0,35849.0,14908.14599609375,2881.4215087890625,29853.8916015625,imperfect_guidance,,PCC,0.505379043580946,17731.666666666668,,,0.9744423105342576,,,,,
PatientID_0038_T1_to_T2_t1c,FP_25,0.28767843727859355,0.16800491558789682,,0.25148439840175946,0.1438273689114421,0.28767843727859355,0.16800491558789682,0.3051767752961495,2.166924168549552,20874.0,26620.0,26620.0,1.5721818957814546e-09,0.9582378625869751,0.00315176923759278,28138.995703125,,33275.0,26620.0,8587.36796875,214.89495849609375,19551.64140625,imperfect_guidance,,EIA_BLEND_075,1.0,6655.0,20260805.0,0.0,,,,,,
PatientID_0038_T1_to_T2_t1c,FP_25,0.280398196857994,0.16305995821791855,,0.2584164446670989,0.14838015897889942,0.280398196857994,0.16305995821791855,0.28847409786369127,2.1321630721421085,23353.6,26620.0,26620.0,2.0033509073869028e-09,0.9997804045677186,0.00387793262489136,34622.1828125,,33275.0,26620.0,9987.6029296875,277.10601806640625,24634.6234375,imperfect_guidance,,EIA_LINEAR,1.0,6655.0,20260805.0,0.0,,,,,,
PatientID_0038_T1_to_T2_t1c,FP_25,0.3359729526796399,0.2019035420841692,,0.3056884205604994,0.18042042835516212,0.3359729526796399,0.2019035420841692,0.32720595652013496,2.211187159356719,20964.4,26620.0,26620.0,8.351689393748529e-06,0.9996139407157898,0.00269951247610144,24101.247265625,,33275.0,26620.0,7886.07158203125,180.7191131591797,16215.1322265625,imperfect_guidance,,PCC,1.0,6655.0,20260805.0,0.0,0.9896647117411939,,,,,
PatientID_0038_T1_to_T2_t1c,MIXED,0.2683909341484775,0.1549965618094643,,0.23571385074242637,0.13360400362996777,0.2683909341484775,0.1549965618094643,0.26997161751153603,2.092197397048527,20393.7,26620.0,26620.0,4.0091923103150826e-10,0.9474196155865987,0.0028021018020808297,25017.165169270833,,19967.0,26620.0,6753.924544270833,707.7896870930989,18263.262825520833,imperfect_guidance,,EIA_BLEND_075,0.5000751314800902,6655.0,20260805.0,0.0,,,,,,
PatientID_0038_T1_to_T2_t1c,MIXED,0.2672639619471463,0.15424436542728828,,0.2479063857486246,0.14149194424979397,0.2672639619471463,0.15424436542728828,0.26406161878107226,2.0790894054770437,22987.733333333334,26620.0,26620.0,5.208190477270131e-10,0.999780390659968,0.0035211137263103866,31436.503190104166,,19967.0,26620.0,8301.177294921876,866.7139973958333,23135.323111979167,imperfect_guidance,,EIA_LINEAR,0.5000751314800902,6655.0,20260805.0,0.0,,,,,,
PatientID_0038_T1_to_T2_t1c,MIXED,0.2945554720893835,0.1727191941229475,,0.2620584987350045,0.1507931547693371,0.2945554720893835,0.1727191941229475,0.2886301187505772,2.132465286647121,19605.066666666666,26620.0,26620.0,8.35154093389671e-06,0.9993356724580129,0.0025226692591482866,22522.391276041668,,19967.0,26620.0,6501.12841796875,306.0835479736328,16021.228190104166,imperfect_guidance,,PCC,0.5000751314800902,6655.0,20260805.0,0.0,0.8676625723949138,,,,,
PatientID_0038_T1_to_T2_t1c,PARTIAL_25,0.2626972201490853,0.1512098082221288,,0.2301690785278804,0.1300514505391422,0.2626972201490853,0.1512098082221288,0.2884004082782014,2.13200533685176,20163.0,26620.0,26620.0,2.445912569704056e-11,0.9249076247215272,0.00241483701393,21559.6640625,,6660.0,26620.0,6217.81591796875,0.0,15341.9052734375,imperfect_guidance,,EIA_BLEND_075,0.2501878287002254,0.0,,,,,,,,
PatientID_0038_T1_to_T2_t1c,PARTIAL_25,0.2664162284134783,0.1536794660840409,,0.2470067513972503,0.140905706061135,0.2664162284134783,0.1536794660840409,0.2904396167083796,2.13631357160945,22407.0,26620.0,26620.0,3.2612166439571766e-11,0.9997785091400146,0.0030201172921806,26963.607421875,,6660.0,26620.0,7831.2998046875,0.0,19132.31640625,imperfect_guidance,,EIA_LINEAR,0.2501878287002254,0.0,,,,,,,,
PatientID_0038_T1_to_T2_t1c,PARTIAL_25,0.2833208114334463,0.1650400455344864,,0.2510701532758651,0.143556446111965,0.2833208114334463,0.1650400455344864,0.281190331012935,2.1166341117261083,18467.0,26620.0,26620.0,8.292502570839133e-06,0.9992464780807496,0.0024066923651844,21486.94921875,,6660.0,26620.0,6041.92236328125,0.0,15444.9970703125,imperfect_guidance,,PCC,0.2501878287002254,0.0,,,0.834568994144375,,,,,
PatientID_0038_T1_to_T2_t1c,PARTIAL_50,0.2728775357011105,0.1579954759187838,,0.2393522060860462,0.1359455348944751,0.2728775357011105,0.1579954759187838,0.3091768614911069,2.1750854004435234,20432.0,26620.0,26620.0,2.445912569704056e-11,0.9407469034194946,0.0025988910347223,23202.8984375,,13312.0,26620.0,7173.79931640625,0.0,16029.158203125,imperfect_guidance,,EIA_BLEND_075,0.5000751314800902,0.0,,,,,,,,
PatientID_0038_T1_to_T2_t1c,PARTIAL_50,0.2733658903216873,0.1583229989522371,,0.2514953062741734,0.1438345045306284,0.2733658903216873,0.1583229989522371,0.3019286316711464,2.1602515911559106,22701.0,26620.0,26620.0,3.2612166439571766e-11,0.9997785687446594,0.0032337429001927,28870.857421875,,13312.0,26620.0,8716.9384765625,0.0,20153.931640625,imperfect_guidance,,EIA_LINEAR,0.5000751314800902,0.0,,,,,,,,
PatientID_0038_T1_to_T2_t1c,PARTIAL_50,0.3073253193218008,0.1815619521254008,,0.2726144061494497,0.1578190805447805,0.3073253193218008,0.1815619521254008,0.3011652612411215,2.1586780773736263,19291.0,26620.0,26620.0,8.292312486446463e-06,0.9992483258247375,0.0025046991650015,22361.955078125,,13312.0,26620.0,6734.64404296875,0.0,15627.2802734375,imperfect_guidance,,PCC,0.5000751314800902,0.0,,,0.9052783003261439,,,,,
PatientID_0038_T1_to_T2_t1c,SHIFT_3,0.28168670174151605,0.16393394181895563,,0.24653581888067178,0.14060101972540381,0.28168670174151605,0.16393394181895563,0.30100090912878824,2.158297248397268,20704.5,26620.0,26620.0,2.445912569704056e-11,0.9661971926689148,0.002959897625260017,26425.9658203125,,26620.0,26620.0,7954.23974609375,1672.316914876302,18471.75,imperfect_guidance,,EIA_BLEND_075,0.5736288504883545,11350.0,,,,,,,,
PatientID_0038_T1_to_T2_t1c,SHIFT_3,0.27849987479441835,0.16177834822690648,,0.2554803805585307,0.1464481354610643,0.27849987479441835,0.16177834822690648,0.2880411429319536,2.1312061344791235,23061.166666666668,26620.0,26620.0,3.2612166439571766e-11,0.9997801184654236,0.003653005813248417,32614.035807291668,,26620.0,26620.0,9394.13720703125,1997.2875569661458,23219.902669270832,imperfect_guidance,,EIA_LINEAR,0.5736288504883545,11350.0,,,,,,,,
PatientID_0038_T1_to_T2_t1c,SHIFT_3,0.325864012033699,0.19465939874914792,,0.29317761354402627,0.17177803104493103,0.325864012033699,0.19465939874914792,0.3173830684318045,2.1916190588924116,20308.333333333332,26620.0,26620.0,8.299011976002172e-06,0.9996251066525778,0.002626173159417933,23446.4736328125,,26620.0,26620.0,7442.258544921875,454.7098439534505,16004.175944010416,imperfect_guidance,,PCC,0.5736288504883545,11350.0,,,0.9598871306871813,,,,,
PatientID_0039_T1_to_T2_t1c,FP_25,0.744730170274406,0.5932829574626286,,0.08196886416740015,0.042735940341458056,0.744730170274406,0.5932829574626286,0.043096155722819156,2.1631226189623107,56822.6,2761.0,2761.0,5.314813122936357e-09,0.9946940541267397,0.005676992144435599,50684.18671875,,3451.0,2761.0,2184.293603515625,78.92211456298828,48499.921875,imperfect_guidance,,EIA_BLEND_075,1.0,690.0,20260805.0,0.0,,,,,,
PatientID_0039_T1_to_T2_t1c,FP_25,0.11771097444445648,0.0625360786872164,,0.08011868533164576,0.04173106158209836,0.11771097444445648,0.0625360786872164,0.04173110245119176,2.148524940622565,58847.6,2761.0,2761.0,7.086417408430634e-09,0.9999880790710447,0.00658004321157928,58746.62578125,,3451.0,2761.0,2451.56142578125,104.25486602783204,56295.10078125,imperfect_guidance,,EIA_LINEAR,1.0,690.0,20260805.0,0.0,,,,,,
PatientID_0039_T1_to_T2_t1c,FP_25,0.2875769649968169,0.1679357023756481,,0.09733954882145432,0.05115970587609512,0.2875769649968169,0.1679357023756481,0.04721224808609884,2.204611736605626,47598.8,2761.0,2761.0,8.13843525975244e-06,0.9999631166458129,0.00564634865149852,50410.60078125,,3451.0,2761.0,2379.99775390625,82.17864227294922,48030.5390625,imperfect_guidance,,PCC,1.0,690.0,20260805.0,0.0,1.0,,,,,
PatientID_0039_T1_to_T2_t1c,MIXED,0.634311239955153,0.46648356822193887,,0.08146133128102374,0.04246010411272545,0.634311239955153,0.46648356822193887,0.039601588312581204,2.1247487062104233,56766.6,2761.0,2761.0,4.5031342770414835e-09,0.9659559587637584,0.005651107911641363,50453.09166666667,,2072.0,2761.0,1998.022566731771,362.87208150227866,48455.08489583333,imperfect_guidance,,EIA_BLEND_075,0.5005432814197754,690.0,20260805.0,0.0,,,,,,
PatientID_0039_T1_to_T2_t1c,MIXED,0.10511891842838601,0.05547998730474813,,0.07985100246737716,0.041585843317129514,0.10511891842838601,0.05547998730474813,0.04140041952038687,2.1449162616208377,58820.36666666667,2761.0,2761.0,5.955979086776549e-09,0.9999880989392598,0.00657651593598221,58715.13424479167,,2072.0,2761.0,2430.823347981771,436.35506947835285,56284.356640625,imperfect_guidance,,EIA_LINEAR,0.5005432814197754,690.0,20260805.0,0.0,,,,,,
PatientID_0039_T1_to_T2_t1c,MIXED,0.17837739964172805,0.09804357286219333,,0.09558518052629864,0.05019140888952134,0.17837739964172805,0.09804357286219333,0.0452826384067506,2.1856017066710822,47447.6,2761.0,2761.0,8.138177903068329e-06,0.9999632676442464,0.005620272799084533,50177.795572916664,,2072.0,2761.0,2272.187955729167,308.0692850748698,47905.544270833336,imperfect_guidance,,PCC,0.5005432814197754,690.0,20260805.0,0.0,0.6202770783247624,,,,,
PatientID_0039_T1_to_T2_t1c,PARTIAL_25,0.6979355306595553,0.5360222532584084,,0.0813210466287529,0.0423838738117023,0.6979355306595553,0.5360222532584084,0.0398427469017361,2.127559482219504,56707.0,2761.0,2761.0,8.916913041279173e-11,0.9946940541267396,0.0055847642943263,49860.77734375,,693.0,2761.0,1986.59033203125,0.0,47874.1953125,imperfect_guidance,,EIA_BLEND_075,0.250996015936255,0.0,,,,,,,,
PatientID_0039_T1_to_T2_t1c,PARTIAL_25,0.1064831584377973,0.0562356543503757,,0.0805089609411758,0.0419428688744286,0.1064831584377973,0.0562356543503757,0.0424336856623605,2.156094589112595,58226.0,2761.0,2761.0,1.1889217388372228e-10,0.9999880790710448,0.0063989977352321,57130.25,,693.0,2761.0,2424.2470703125,0.0,54706.01171875,imperfect_guidance,,EIA_LINEAR,0.250996015936255,0.0,,,,,,,,
PatientID_0039_T1_to_T2_t1c,PARTIAL_25,0.1695038031203361,0.0925999210343094,,0.0968081233242281,0.0508661919640585,0.1695038031203361,0.0925999210343094,0.0455231928604503,2.188020688304773,46677.0,2761.0,2761.0,8.129762136377394e-06,0.9999630451202391,0.0055604195222258,49643.42578125,,693.0,2761.0,2259.92724609375,0.0,47383.421875,imperfect_guidance,,PCC,0.250996015936255,0.0,,,0.58942065517039,,,,,
PatientID_0039_T1_to_T2_t1c,PARTIAL_50,0.7077145962137423,0.5476457400370949,,0.0819975132055987,0.0427515155930414,0.7077145962137423,0.5476457400370949,0.0413027505899137,2.143849918424661,56753.0,2761.0,2761.0,8.916913041279173e-11,0.9615558385849,0.0056146346032619,50127.45703125,,1382.0,2761.0,2070.40185546875,0.0,48057.078125,imperfect_guidance,,EIA_BLEND_075,0.5005432814197754,0.0,,,,,,,,
PatientID_0039_T1_to_T2_t1c,PARTIAL_50,0.1097428469558596,0.0580570992416062,,0.0808007995039106,0.0421013094934167,0.1097428469558596,0.0580570992416062,0.0426495881265461,2.158396465546077,58278.0,2761.0,2761.0,1.1889217388372228e-10,0.9999880790710448,0.0064271045848727,57381.19140625,,1382.0,2761.0,2447.2841796875,0.0,54933.93359375,imperfect_guidance,,EIA_LINEAR,0.5005432814197754,0.0,,,,,,,,
PatientID_0039_T1_to_T2_t1c,PARTIAL_50,0.1966678741041891,0.1090580439628322,,0.0976929132451064,0.0513549646870667,0.1966678741041891,0.1090580439628322,0.0462425908027151,2.195157595867843,46782.0,2761.0,2761.0,8.129762136377394e-06,0.9999630451202391,0.0055738454684615,49763.29296875,,1382.0,2761.0,2301.18359375,0.0,47462.03125,imperfect_guidance,,PCC,0.5005432814197754,0.0,,,0.6838790933980611,,,,,
PatientID_0039_T1_to_T2_t1c,SHIFT_3,0.6434262948852904,0.47823690383494366,,0.08167593808105979,0.04257673196049742,0.6434262948852904,0.47823690383494366,0.04138931898589582,2.144678131427065,56787.333333333336,2761.0,2761.0,8.97873419133018e-11,0.9916110336780548,0.0056499199320872,50442.485677083336,,2761.0,2761.0,2087.7801310221353,616.1622670491537,48354.70703125,imperfect_guidance,,EIA_BLEND_075,0.39864783291078104,1660.3333333333333,,,,,,,,
PatientID_0039_T1_to_T2_t1c,SHIFT_3,0.1148738381416985,0.06094675987606447,,0.08056782942685657,0.0419748396752134,0.1148738381416985,0.06094675987606447,0.04223880851004205,2.153995511193838,58318.166666666664,2761.0,2761.0,1.197164566553906e-10,0.9999880790710448,0.0064580847198764,57657.780598958336,,2761.0,2761.0,2435.319051106771,709.0882008870443,55222.507161458336,imperfect_guidance,,EIA_LINEAR,0.39864783291078104,1660.3333333333333,,,,,,,,
PatientID_0039_T1_to_T2_t1c,SHIFT_3,0.24212241955050298,0.13818250598377227,,0.0979632342521189,0.05150453836949851,0.24212241955050298,0.13818250598377227,0.04677968375264155,2.2003967467140413,46870.166666666664,2761.0,2761.0,8.129762136377394e-06,0.9999630451202391,0.005594040111949017,49943.58984375,,2761.0,2761.0,2336.3546142578125,519.0193303426107,47607.169270833336,imperfect_guidance,,PCC,0.39864783291078104,1660.3333333333333,,,0.8419395466990305,,,,,
PatientID_0041_T1_to_T2_t1c,FP_25,0.48424167697384457,0.3194715620408107,,0.27053744401064417,0.15642862222420872,0.48424167697384457,0.3194715620408107,0.18663343354089418,2.4020393510948685,23249.8,8110.0,8110.0,2.1000751360134018e-08,0.9948796629905698,0.00265176100656386,23674.922265625,,10138.0,8110.0,4418.53203125,83.12294464111328,19256.40859375,imperfect_guidance,,EIA_BLEND_075,1.0,2028.0,20260805.0,0.0,,,,,,
PatientID_0041_T1_to_T2_t1c,FP_25,0.3540320592260152,0.21509049890316714,,0.2643500034054539,0.15230606091578197,0.3540320592260152,0.21509049890316714,0.1768085971530699,2.373339538327416,24430.2,8110.0,8110.0,2.6320942225765974e-08,0.9991021633148194,0.0030822311993688,27518.16015625,,10138.0,8110.0,4865.44658203125,108.74375915527344,22652.709375,imperfect_guidance,,EIA_LINEAR,1.0,2028.0,20260805.0,0.0,,,,,,
PatientID_0041_T1_to_T2_t1c,FP_25,0.4442416769763106,0.2855467250481937,,0.30573994555424366,0.18045633810798706,0.4442416769763106,0.2855467250481937,0.19038286265489954,2.4126845925982936,19894.2,8110.0,8110.0,8.217089634854346e-06,0.9988024473190308,0.00249635414220388,22287.449609375,,10138.0,8110.0,4243.1478515625,74.05372009277343,18044.303515625,imperfect_guidance,,PCC,1.0,2028.0,20260805.0,0.0,0.9835653835676268,,,,,
PatientID_0041_T1_to_T2_t1c,MIXED,0.42694204689106396,0.27145640427824985,,0.2660680386483282,0.15344783111631216,0.42694204689106396,0.27145640427824985,0.16908314319410878,2.3498719268822392,23103.8,8110.0,8110.0,2.1000751360134018e-08,0.990606431166331,0.002543178852647483,22705.50078125,,6083.0,8110.0,3839.117439778646,406.8029327392578,18866.4009765625,imperfect_guidance,,EIA_BLEND_075,0.5,2028.0,20260805.0,0.0,,,,,,
PatientID_0041_T1_to_T2_t1c,MIXED,0.34324702018023545,0.2071832058328768,,0.26241131936988976,0.15102042960599552,0.34324702018023545,0.2071832058328768,0.1688152095483442,2.349048793178126,24302.0,8110.0,8110.0,2.0440731596238493e-08,0.9990993201732635,0.0029959863517432933,26748.165950520834,,6083.0,8110.0,4515.527555338542,493.21863606770836,22232.6302734375,imperfect_guidance,,EIA_LINEAR,0.5,2028.0,20260805.0,0.0,,,,,,
PatientID_0041_T1_to_T2_t1c,MIXED,0.38198109333855434,0.23613286078679754,,0.2923355169856201,0.17119090352741764,0.38198109333855434,0.23613286078679754,0.17810050423016593,2.3771741290993043,19450.033333333333,8110.0,8110.0,8.21291038543374e-06,0.9983559171358745,0.0024240940343588,21642.311458333334,,6083.0,8110.0,3854.5490559895834,357.36073913574216,17787.769401041667,imperfect_guidance,,PCC,0.5,2028.0,20260805.0,0.0,0.845718445739505,,,,,
PatientID_0041_T1_to_T2_t1c,PARTIAL_25,0.4002466091615138,0.2501926931362577,,0.265312027802292,0.1529451014140584,0.4002466091615138,0.2501926931362577,0.1681927275561568,2.3471205429914,22993.0,8110.0,8110.0,6.717602862860159e-11,0.9847997426986694,0.002429949119687,21694.5859375,,2027.0,8110.0,3648.87158203125,0.0,18045.732421875,imperfect_guidance,,EIA_BLEND_075,0.2499383477188656,0.0,,,,,,,,
PatientID_0041_T1_to_T2_t1c,PARTIAL_25,0.3528976572532122,0.2142536308418735,,0.2631856704043961,0.1515335669138652,0.3528976572532122,0.2142536308418735,0.1732062858197764,2.362503706348735,24103.0,8110.0,8110.0,8.956804048443344e-11,0.9990895986557008,0.0028481201734393,25428.017578125,,2027.0,8110.0,4404.29248046875,0.0,21023.705078125,imperfect_guidance,,EIA_LINEAR,0.2499383477188656,0.0,,,,,,,,
PatientID_0041_T1_to_T2_t1c,PARTIAL_25,0.3789149198903258,0.2337415380517424,,0.2915574587732453,0.1706568712545092,0.3789149198903258,0.2337415380517424,0.1764969455633613,2.372408111100265,18979.0,8110.0,8110.0,8.19342221802799e-06,0.9968848824501038,0.0023635884281247,21102.1171875,,2027.0,8110.0,3724.459228515625,0.0,17377.669921875,imperfect_guidance,,PCC,0.2499383477188656,0.0,,,0.8389298389518248,,,,,
PatientID_0041_T1_to_T2_t1c,PARTIAL_50,0.4477188656320765,0.2884264040600185,,0.2672441450347371,0.1542306980502044,0.4477188656320765,0.2884264040600185,0.1783568036938097,2.3779423807068167,23060.0,8110.0,8110.0,1.9729223810216467e-10,0.990393042564392,0.002483015647158,22168.36328125,,4055.0,8110.0,3953.87841796875,0.0,18214.5078125,imperfect_guidance,,EIA_BLEND_075,0.5,0.0,,,,,,,,
PatientID_0041_T1_to_T2_t1c,PARTIAL_50,0.3588162762417499,0.2186326071210644,,0.2638630443101394,0.1519828510485179,0.3588162762417499,0.2186326071210644,0.1778567146848428,2.376460121705661,24134.0,8110.0,8110.0,2.5066226871928166e-10,0.9990915060043336,0.0028841730672866,25749.896484375,,4055.0,8110.0,4579.7919921875,0.0,21170.078125,imperfect_guidance,,EIA_LINEAR,0.5,0.0,,,,,,,,
PatientID_0041_T1_to_T2_t1c,PARTIAL_50,0.4139334155725072,0.2609811086635325,,0.2976413191263108,0.1748405447692277,0.4139334155725072,0.2609811086635325,0.1834202129266335,2.3927848073158784,19151.0,8110.0,8110.0,8.192922905436717e-06,0.998082160949707,0.0023958689998835,21390.318359375,,4055.0,8110.0,3923.416748046875,0.0,17466.91015625,imperfect_guidance,,PCC,0.5,0.0,,,0.9164619164733193,,,,,
PatientID_0041_T1_to_T2_t1c,SHIFT_3,0.47190711059564894,0.3088477924012471,,0.2693205481067182,0.15561557894653238,0.47190711059564894,0.3088477924012471,0.1828272493332094,2.3910528418205717,23220.666666666668,8110.0,8110.0,1.2337251812747732e-08,0.9948608676592509,0.0025939416373148166,23158.711588541668,,8110.0,8110.0,4234.043538411458,1014.4485982259115,18924.692057291668,imperfect_guidance,,EIA_BLEND_075,0.6360871352240033,2951.3333333333335,,,,,,,,
PatientID_0041_T1_to_T2_t1c,SHIFT_3,0.36027538022850747,0.2197197961771121,,0.26542858211397957,0.1530225948722407,0.36027538022850747,0.2197197961771121,0.17896329900695387,2.3797305541377827,24216.333333333332,8110.0,8110.0,1.2023744009696339e-08,0.9991122186183929,0.00297293055336915,26542.323567708332,,8110.0,8110.0,4750.134521484375,1165.0314331054688,21792.171875,imperfect_guidance,,EIA_LINEAR,0.6360871352240033,2951.3333333333335,,,,,,,,
PatientID_0041_T1_to_T2_t1c,SHIFT_3,0.42986025486457907,0.27382376658473356,,0.3040854135469462,0.179304913243719,0.42986025486457907,0.27382376658473356,0.18826241281180867,2.406678104670489,19549.833333333332,8110.0,8110.0,8.207198334275745e-06,0.9989060759544373,0.0024587304020920833,21951.545247395832,,8110.0,8110.0,4132.694580078125,859.3766581217448,17818.862955729168,imperfect_guidance,,PCC,0.6360871352240033,2951.3333333333335,,,0.9517244517310413,,,,,
PatientID_0044_T1_to_T2_t1c,FP_25,0.6904326631046823,0.5272222284811412,,0.0402535809721168,0.02054019877167154,0.6904326631046823,0.5272222284811412,0.02035859818538708,2.053246022435352,70004.8,1641.0,1641.0,1.757512711753062e-11,0.998521089553833,0.00688441162928934,61464.02734375,,2051.0,1641.0,1251.321435546875,69.32646102905274,60212.684375,imperfect_guidance,,EIA_BLEND_075,1.0,410.0,20260805.0,0.0,,,,,,
PatientID_0044_T1_to_T2_t1c,FP_25,0.1779402805673552,0.0976588631780405,,0.038027726283151764,0.01938239752086668,0.1779402805673552,0.0976588631780405,0.01831349859588638,2.006363922950919,75260.8,1641.0,1641.0,2.343350340161532e-11,0.9999631881713867,0.00891275629401202,79573.0875,,2051.0,1641.0,1457.261279296875,91.86011962890625,78115.7921875,imperfect_guidance,,EIA_LINEAR,1.0,410.0,20260805.0,0.0,,,,,,
PatientID_0044_T1_to_T2_t1c,FP_25,0.3217550276289595,0.1917211331910961,,0.04431834732474428,0.02266133016852436,0.3217550276289595,0.1917211331910961,0.02169065582371834,2.081361805201688,63839.8,1641.0,1641.0,8.058898674789817e-06,0.999956488609314,0.007367786578834,65779.5984375,,2051.0,1641.0,1426.802490234375,74.0650390625,64352.76953125,imperfect_guidance,,PCC,1.0,410.0,20260805.0,0.0,1.0,,,,,
PatientID_0044_T1_to_T2_t1c,MIXED,0.5407678246371823,0.37166844456113707,,0.040212607581323764,0.02051886320460804,0.5407678246371823,0.37166844456113707,0.01924289215521801,2.02822937944974,70019.76666666666,1641.0,1641.0,1.8128611054453923e-11,0.9963840087254842,0.0068778455723076505,61405.405598958336,,1236.0,1641.0,1181.6175984700521,239.78892669677734,60223.75299479167,imperfect_guidance,,EIA_BLEND_075,0.5033516148689823,410.0,20260805.0,0.0,,,,,,
PatientID_0044_T1_to_T2_t1c,MIXED,0.17030266123188012,0.09307820044999104,,0.03798742165850246,0.019361458066668977,0.17030266123188012,0.09307820044999104,0.018269558506402727,2.0052997878639935,75209.06666666667,1641.0,1641.0,2.410280950521093e-11,0.9999638378620148,0.008910804303983796,79555.66015625,,1236.0,1641.0,1453.4432576497395,294.1601028442383,78102.20703125,imperfect_guidance,,EIA_LINEAR,0.5033516148689823,410.0,20260805.0,0.0,,,,,,
PatientID_0044_T1_to_T2_t1c,MIXED,0.22746292934365334,0.12838951413463215,,0.04382986263910095,0.022405961755712352,0.22746292934365334,0.12838951413463215,0.021384323233991132,2.0750473004213075,63748.2,1641.0,1641.0,8.058166895352769e-06,0.999929666519165,0.007358394827072774,65695.74921875,,1236.0,1641.0,1404.8595092773437,213.66669336954752,64290.871744791664,imperfect_guidance,,PCC,0.5033516148689823,410.0,20260805.0,0.0,0.7069444447219589,,,,,
PatientID_0044_T1_to_T2_t1c,PARTIAL_25,0.5953686777588761,0.4238611716165461,,0.0401340595023022,0.0204779616231245,0.5953686777588761,0.4238611716165461,0.0194305576694439,2.032572191519569,69969.0,1641.0,1641.0,2.546442440590213e-12,0.998437225818634,0.0068388814106583,61057.53515625,,420.0,1641.0,1186.3819580078125,0.0,59871.1328125,imperfect_guidance,,EIA_BLEND_075,0.2559414990859232,0.0,,,,,,,,
PatientID_0044_T1_to_T2_t1c,PARTIAL_25,0.1724558198743279,0.0943647885647333,,0.0385733925677007,0.0196659882324918,0.1724558198743279,0.0943647885647333,0.0188438486678596,2.0189965312725184,74007.0,1641.0,1641.0,3.395256515173473e-12,0.9999631643295288,0.0086203794926404,76962.75,,420.0,1641.0,1450.2744140625,0.0,75512.5078125,imperfect_guidance,,EIA_LINEAR,0.2559414990859232,0.0,,,,,,,,
PatientID_0044_T1_to_T2_t1c,PARTIAL_25,0.2157221208970987,0.1209016396445008,,0.044375741692518,0.0226913434517239,0.2157221208970987,0.1209016396445008,0.0215592258914802,2.078663935804979,62403.0,1641.0,1641.0,8.057671038841363e-06,0.9999159574508668,0.007261392660439,64829.71484375,,420.0,1641.0,1397.678466796875,0.0,63432.01171875,imperfect_guidance,,PCC,0.2559414990859232,0.0,,,0.6704545457666149,,,,,
PatientID_0044_T1_to_T2_t1c,PARTIAL_50,0.6154783669666428,0.4445422537656064,,0.0403166138645552,0.0205730242770153,0.6154783669666428,0.4445422537656064,0.0199639183395062,2.044568840148535,69992.0,1641.0,1641.0,2.546442440590213e-12,0.998521089553833,0.0068540070205926,61192.57421875,,826.0,1641.0,1221.6435546875,0.0,59970.93359375,imperfect_guidance,,EIA_BLEND_075,0.5033516148689823,0.0,,,,,,,,
PatientID_0044_T1_to_T2_t1c,PARTIAL_50,0.1742839734386703,0.0954606144541186,,0.0386490020864827,0.019705296064063,0.1742839734386703,0.0954606144541186,0.018902597569314,2.020374787528026,74066.0,1641.0,1641.0,3.395256515173473e-12,0.9999631643295288,0.0086398823186755,77136.8671875,,826.0,1641.0,1458.087158203125,0.0,75678.75,imperfect_guidance,,EIA_LINEAR,0.5033516148689823,0.0,,,,,,,,
PatientID_0044_T1_to_T2_t1c,PARTIAL_50,0.2486288850552623,0.1419624220104515,,0.0449869061129039,0.0230110510608842,0.2486288850552623,0.1419624220104515,0.0217931562961027,2.0834543614116985,62511.0,1641.0,1641.0,8.057671038841363e-06,0.9999260902404784,0.007269618101418,64903.1484375,,826.0,1641.0,1414.4444580078125,0.0,63488.73828125,imperfect_guidance,,PCC,0.5033516148689823,0.0,,,0.7727272729424927,,,,,
PatientID_0044_T1_to_T2_t1c,SHIFT_3,0.5674385538592002,0.3983032585740402,,0.04016230196939537,0.020492668800815652,0.5674385538592002,0.3983032585740402,0.019638880731818784,2.0372461673620217,69993.33333333333,1641.0,1641.0,5.038037839919888e-12,0.9968656400839487,0.00686873301553225,61324.049479166664,,1641.0,1641.0,1204.335693359375,359.32500712076825,60119.692057291664,imperfect_guidance,,EIA_BLEND_075,0.3398334348974202,1083.3333333333333,,,,,,,,
PatientID_0044_T1_to_T2_t1c,SHIFT_3,0.17296364030886743,0.09467024004975509,,0.0385210640246125,0.0196387866350506,0.17296364030886743,0.09467024004975509,0.018819462632615917,2.018414927931787,74092.66666666667,1641.0,1641.0,6.717383738373088e-12,0.99996417760849,0.008648062435289166,77209.90104166667,,1641.0,1641.0,1452.9911092122395,432.09247334798175,75756.94661458333,imperfect_guidance,,EIA_LINEAR,0.3398334348974202,1083.3333333333333,,,,,,,,
PatientID_0044_T1_to_T2_t1c,SHIFT_3,0.2790981111276361,0.16245138241429619,,0.0447592841520387,0.022891961289100884,0.2790981111276361,0.16245138241429619,0.02177151110146802,2.0830110160454725,62599.0,1641.0,1641.0,8.057671038841363e-06,0.9999417066574097,0.007277367558951133,64972.337239583336,,1641.0,1641.0,1414.547831217448,333.04588572184247,63557.794270833336,imperfect_guidance,,PCC,0.3398334348974202,1083.3333333333333,,,0.8674242425497873,,,,,
PatientID_0045_T1_to_T2_t1c,FP_25,0.5092633060529163,0.3416185601985739,,0.2703039377672431,0.156272505808035,0.5092633060529163,0.3416185601985739,0.4197647202307374,2.075141909204192,28848.0,53998.0,53998.0,7.502497512135162e-10,0.9904553890228271,0.0048243572004138795,43071.8609375,,67498.0,53998.0,18080.04765625,344.83349609375,24991.825390625,imperfect_guidance,,EIA_BLEND_075,1.0,13500.0,20260805.0,0.0,,,,,,
PatientID_0045_T1_to_T2_t1c,FP_25,0.5166450609326583,0.3482949707427708,,0.27473511277014595,0.15924227930113144,0.5166450609326583,0.3482949707427708,0.41255054001641633,2.0622470497813605,30905.6,53998.0,53998.0,7.002330937311283e-10,0.9998484492301941,0.0055826896801590194,49842.25390625,,67498.0,53998.0,20562.44765625,433.8657958984375,29279.81640625,imperfect_guidance,,EIA_LINEAR,1.0,13500.0,20260805.0,0.0,,,,,,
PatientID_0045_T1_to_T2_t1c,FP_25,0.3799066632154903,0.2344967753638283,,0.32181716611836597,0.19176526165161978,0.3799066632154903,0.2344967753638283,0.42870190796629243,2.0910320727794978,27967.8,53998.0,53998.0,8.564416202716529e-06,0.9998028635978699,0.00366260888986284,32699.772265625,,67498.0,53998.0,14018.453125,198.98803100585937,18681.334765625,imperfect_guidance,,PCC,1.0,13500.0,20260805.0,0.0,1.000058499488128,,,,,
PatientID_0045_T1_to_T2_t1c,MIXED,0.4571731051817613,0.29634287693946704,,0.2552239708277484,0.1462801673984922,0.4571731051817613,0.29634287693946704,0.37723620418582754,1.9980268183336969,27976.166666666668,53998.0,53998.0,7.502497512135162e-10,0.9798428535461425,0.004069029213860593,36328.292578125,,40500.0,53998.0,13704.347200520833,767.8962015787761,22623.963606770834,imperfect_guidance,,EIA_BLEND_075,0.500018519204415,13500.0,20260805.0,0.0,,,,,,
PatientID_0045_T1_to_T2_t1c,MIXED,0.4637381631468103,0.3018775333942215,,0.2655155137733204,0.1530812087235721,0.4637381631468103,0.3018775333942215,0.3826198265152694,2.007951969007294,30295.133333333335,53998.0,53998.0,7.002330937311283e-10,0.9998353163401286,0.00479516301614538,42811.21536458333,,40500.0,53998.0,16380.641796875,948.2129048665364,26430.584309895832,imperfect_guidance,,EIA_LINEAR,0.500018519204415,13500.0,20260805.0,0.0,,,,,,
PatientID_0045_T1_to_T2_t1c,MIXED,0.33613899280834963,0.20202703348048817,,0.28279886769091456,0.16469543487437105,0.33613899280834963,0.20202703348048817,0.39221547223602177,2.025497094048663,25666.7,53998.0,53998.0,8.577127421934469e-06,0.999646915992101,0.00336964482751981,30084.1890625,,40500.0,53998.0,11800.156705729167,409.9625712076823,18284.046940104166,imperfect_guidance,,PCC,0.500018519204415,13500.0,20260805.0,0.0,0.8848453826057092,,,,,
PatientID_0045_T1_to_T2_t1c,PARTIAL_25,0.4114411644930235,0.2590027862383683,,0.2477934768023791,0.1414179627414681,0.4114411644930235,0.2590027862383683,0.3867675462799074,2.015564086892592,27465.0,53998.0,53998.0,2.4033670886769443e-11,0.9617653489112854,0.0033140734303742,29588.046875,,13500.0,53998.0,11443.6962890625,0.0,18144.373046875,imperfect_guidance,,EIA_BLEND_075,0.2500092596022075,0.0,,,,,,,,
PatientID_0045_T1_to_T2_t1c,PARTIAL_25,0.422219341462441,0.2676033193743019,,0.2629405550842344,0.1513710747574169,0.422219341462441,0.2676033193743019,0.4114195386026001,2.060218978329893,29306.0,53998.0,53998.0,3.204489451569259e-11,0.9998249411582948,0.0038695379626005,34547.234375,,13500.0,53998.0,14213.4072265625,0.0,20333.830078125,imperfect_guidance,,EIA_LINEAR,0.2500092596022075,0.0,,,,,,,,
PatientID_0045_T1_to_T2_t1c,PARTIAL_25,0.3154746472154943,0.1872780642342622,,0.2662916564622651,0.1535965708798524,0.3154746472154943,0.1872780642342622,0.380990550238061,2.0049563632500096,23511.0,53998.0,53998.0,8.504676770826336e-06,0.9992812275886536,0.0031513227149844,28135.009765625,,13500.0,53998.0,10719.1728515625,0.0,17415.845703125,imperfect_guidance,,PCC,0.2500092596022075,0.0,,,0.8304489835755265,,,,,
PatientID_0045_T1_to_T2_t1c,PARTIAL_50,0.4659246638813852,0.3037169380916292,,0.2572558400754601,0.1476153792401763,0.4659246638813852,0.3037169380916292,0.4308996522193661,2.0949258241761384,27936.0,53998.0,53998.0,4.425767044513584e-11,0.979692816734314,0.0036907643079757,32951.14453125,,27000.0,53998.0,14198.63671875,0.0,18752.564453125,imperfect_guidance,,EIA_BLEND_075,0.500018519204415,0.0,,,,,,,,
PatientID_0045_T1_to_T2_t1c,PARTIAL_50,0.4788325493585056,0.3147796445177164,,0.2687523918954655,0.1552362531202648,0.4788325493585056,0.3147796445177164,0.445327046632263,2.1203815698378063,29618.0,53998.0,53998.0,5.901022726018113e-11,0.9998310804367064,0.0042512826621532,37955.453125,,27000.0,53998.0,16902.58984375,0.0,21052.890625,imperfect_guidance,,EIA_LINEAR,0.500018519204415,0.0,,,,,,,,
PatientID_0045_T1_to_T2_t1c,PARTIAL_50,0.3432904922465342,0.2072122424886572,,0.2909728308591374,0.1702564102687438,0.3432904922465342,0.2072122424886572,0.4079351120348061,2.0539612519574617,24731.0,53998.0,53998.0,8.504669494868722e-06,0.999482274055481,0.0033109954092651,29560.56640625,,27000.0,53998.0,12058.79296875,0.0,17501.78125,imperfect_guidance,,PCC,0.500018519204415,0.0,,,0.9036708428824728,,,,,
PatientID_0045_T1_to_T2_t1c,SHIFT_3,0.5020401990243277,0.3351623881548804,,0.2672184056806827,0.1542144691712861,0.5020401990243277,0.3351623881548804,0.43097570394755347,2.095058591475148,28653.0,53998.0,53998.0,2.0398137924130622e-10,0.9910557170708975,0.0044463209342211,39696.751953125,,53998.0,53998.0,17108.335611979168,2545.046875,22588.454752604168,imperfect_guidance,,EIA_BLEND_075,0.740836080348655,13994.333333333334,,,,,,,,
PatientID_0045_T1_to_T2_t1c,SHIFT_3,0.5158246601770823,0.34756228668825134,,0.275262233302576,0.15959717349158276,0.5158246601770823,0.34756228668825134,0.43521588892852314,2.1025593239849223,30087.666666666668,53998.0,53998.0,2.2154836992749336e-10,0.9998479982217153,0.00505062922214465,45092.017578125,,53998.0,53998.0,19624.910807291668,3017.689412434896,25467.117838541668,imperfect_guidance,,EIA_LINEAR,0.740836080348655,13994.333333333334,,,,,,,,
PatientID_0045_T1_to_T2_t1c,SHIFT_3,0.3683438892856988,0.22575218225798108,,0.3167459557220605,0.1881820356058337,0.3683438892856988,0.22575218225798108,0.42751210516439647,2.0889152245125064,26539.5,53998.0,53998.0,8.52896406892493e-06,0.9998506605625153,0.0035451027021432334,31650.6767578125,,53998.0,53998.0,13531.59375,938.1163838704427,18119.091796875,imperfect_guidance,,PCC,0.740836080348655,13994.333333333334,,,0.969620890817946,,,,,
PatientID_0051_T1_to_T3_t1c,FP_25,0.7755254494879866,0.6333536699727305,,0.18623571260739402,0.10267911542471919,0.7755254494879866,0.6333536699727305,0.10998608720175729,1.843378355035659,128999.0,15796.0,15796.0,5.1210015394875796e-11,0.9947076082229616,0.01248732376843688,111486.828125,,19745.0,15796.0,12262.0,613.7878784179687,99224.8765625,imperfect_guidance,,EIA_BLEND_075,1.0,3949.0,20260805.0,0.0,,,,,,
PatientID_0051_T1_to_T3_t1c,FP_25,0.2963788301058376,0.1739699160452789,,0.1778378402749722,0.0975971536692835,0.2963788301058376,0.1739699160452789,0.09766264471505037,1.7857984335610595,136342.6,15796.0,15796.0,6.828002052650106e-11,0.9999984502792358,0.01575898975133892,140696.25625,,19745.0,15796.0,13740.768359375,810.865185546875,126955.134375,imperfect_guidance,,EIA_LINEAR,1.0,3949.0,20260805.0,0.0,,,,,,
PatientID_0051_T1_to_T3_t1c,FP_25,0.45653329958671396,0.295784372868985,,0.2018626840359259,0.11226210738209105,0.45653329958671396,0.295784372868985,0.11361384452982086,1.8592459389696157,117968.2,15796.0,15796.0,7.927100341476034e-06,0.999987006187439,0.01310886014252898,117035.9015625,,19745.0,15796.0,13296.8986328125,651.4787719726562,103738.9984375,imperfect_guidance,,PCC,1.0,3949.0,20260805.0,0.0,0.9898970487309612,,,,,
PatientID_0051_T1_to_T3_t1c,MIXED,0.6893791677316183,0.5260356657637969,,0.185401399533782,0.10217213563808385,0.6893791677316183,0.5260356657637969,0.10231044113904561,1.8082302966108685,128867.43333333333,15796.0,15796.0,6.115192958492759e-11,0.9918717761834462,0.012273483319828856,109577.65911458334,,11850.0,15796.0,11210.938639322916,1537.9274983723958,98366.74791666666,imperfect_guidance,,EIA_BLEND_075,0.5001899214991137,3949.0,20260805.0,0.0,,,,,,
PatientID_0051_T1_to_T3_t1c,MIXED,0.28676036129547267,0.1673794769209329,,0.1774679233234636,0.0973743789277836,0.28676036129547267,0.1673794769209329,0.09676142137679188,1.7813366378584852,136257.43333333332,15796.0,15796.0,8.153590534224857e-11,0.9999984602133433,0.015654480767746726,139763.20416666666,,11850.0,15796.0,13523.668391927084,1919.9123942057292,126239.26770833334,imperfect_guidance,,EIA_LINEAR,0.5001899214991137,3949.0,20260805.0,0.0,,,,,,
PatientID_0051_T1_to_T3_t1c,MIXED,0.37323584031696094,0.2294571433285195,,0.19960747298793768,0.11086891258069259,0.37323584031696094,0.2294571433285195,0.11103336636084518,1.848004494006858,117552.2,15796.0,15796.0,7.849038411222864e-06,0.9999876022338867,0.013022590739031574,116265.69010416667,,11850.0,15796.0,12909.380338541667,1546.9357828776042,103356.33177083333,imperfect_guidance,,PCC,0.5001899214991137,3949.0,20260805.0,0.0,0.8092839167369514,,,,,
PatientID_0051_T1_to_T3_t1c,PARTIAL_25,0.6711825778782229,0.5050976655786042,,0.1853210755186129,0.1021233415039474,0.6711825778782229,0.5050976655786042,0.1008900291659467,1.8014730614361747,128656.0,15796.0,15796.0,2.025000306327129e-11,0.9879963397979736,0.0120541648939251,107619.5859375,,3955.0,15796.0,10857.7431640625,0.0,96761.84375,imperfect_guidance,,EIA_BLEND_075,0.2503798429982274,0.0,,,,,,,,
PatientID_0051_T1_to_T3_t1c,PARTIAL_25,0.2887439858417085,0.1687321963978864,,0.1792636625429424,0.098456684178285,0.2887439858417085,0.1687321963978864,0.0996313036416027,1.7954113101554623,134597.0,15796.0,15796.0,2.7000004662602883e-11,0.9999984502792358,0.0151188960298895,134981.5,,3955.0,15796.0,13448.3828125,0.0,121533.625,imperfect_guidance,,EIA_LINEAR,0.2503798429982274,0.0,,,,,,,,
PatientID_0051_T1_to_T3_t1c,PARTIAL_25,0.3512281590481378,0.2130241130696888,,0.2023391544530192,0.1125569124793621,0.3512281590481378,0.2130241130696888,0.1117952884918789,1.85134793142277,114935.0,15796.0,15796.0,7.797923899488524e-06,0.999987006187439,0.0127802714705467,114102.265625,,3955.0,15796.0,12756.095703125,0.0,101346.1953125,imperfect_guidance,,PCC,0.2503798429982274,0.0,,,0.761564859316296,,,,,
PatientID_0051_T1_to_T3_t1c,PARTIAL_50,0.7481007850168365,0.597572692814282,,0.1857301979398121,0.1023718731001954,0.7481007850168365,0.597572692814282,0.1052739759152584,1.822068682052523,128747.0,15796.0,15796.0,2.025000306327129e-11,0.9919189810752868,0.0121588539332151,108554.25,,7901.0,15796.0,11427.9375,0.0,97126.28125,imperfect_guidance,,EIA_BLEND_075,0.5001899214991137,0.0,,,,,,,,
PatientID_0051_T1_to_T3_t1c,PARTIAL_50,0.2934920233194007,0.1719839739140828,,0.1793921029253259,0.0985341781827712,0.2934920233194007,0.1719839739140828,0.1000547982268435,1.797457467460958,134690.0,15796.0,15796.0,2.7000004662602883e-11,0.9999984502792358,0.0151750482618808,135482.828125,,7901.0,15796.0,13555.70703125,0.0,121927.703125,imperfect_guidance,,EIA_LINEAR,0.5001899214991137,0.0,,,,,,,,
PatientID_0051_T1_to_T3_t1c,PARTIAL_50,0.4024436566408444,0.2519120269763459,,0.2038283647081877,0.1134793361113506,0.4024436566408444,0.2519120269763459,0.1135761708610413,1.859082908107765,115226.0,15796.0,15796.0,7.826031833246816e-06,0.999987006187439,0.0128340208902955,114582.140625,,7901.0,15796.0,13013.80078125,0.0,101568.4609375,imperfect_guidance,,PCC,0.5001899214991137,0.0,,,0.8726149622599442,,,,,
PatientID_0051_T1_to_T3_t1c,SHIFT_3,0.7011057651820787,0.5399510669405724,,0.18601413396977665,0.10254442783641887,0.7011057651820787,0.5399510669405724,0.10792360963543984,1.834150530806937,128918.83333333333,15796.0,15796.0,3.069237688076616e-11,0.9956534703572592,0.012375759736945184,110490.77994791667,,15796.0,15796.0,11924.563802083334,2603.8341064453125,98566.22916666667,imperfect_guidance,,EIA_BLEND_075,0.5914999577952225,6452.666666666667,,,,,,,,
PatientID_0051_T1_to_T3_t1c,SHIFT_3,0.29587659325264165,0.17362455086611436,,0.17950331339999248,0.09860130498481363,0.29587659325264165,0.17362455086611436,0.10001601646338638,1.7972665378797537,134818.0,15796.0,15796.0,4.0923167632378465e-11,0.9999984602133433,0.015323809813708032,136810.97395833334,,15796.0,15796.0,13683.110514322916,3040.8558349609375,123128.27994791667,imperfect_guidance,,EIA_LINEAR,0.5914999577952225,6452.666666666667,,,,,,,,
PatientID_0051_T1_to_T3_t1c,SHIFT_3,0.42838904365783353,0.2725983134075098,,0.20437328410264288,0.11381729959216726,0.42838904365783353,0.2725983134075098,0.11416319661426161,1.8616083840543942,115692.66666666667,15796.0,15796.0,7.93564398312204e-06,0.999988853931427,0.012924838500718216,115392.95703125,,15796.0,15796.0,13173.613606770834,2427.963907877604,102219.43880208333,imperfect_guidance,,PCC,0.5914999577952225,6452.666666666667,,,0.9288721116498143,,,,,
PatientID_0052_T1_to_T2_t1c,FP_25,0.2024934152940629,0.11265239150014991,,0.21416961643202637,0.11992718836822709,0.2024934152940629,0.11265239150014991,0.21715295844349583,2.0351770920363905,30745.8,22780.0,22780.0,2.026289726286823e-12,0.9656892061233521,0.00406218739226458,36267.20859375,,28475.0,22780.0,7875.531640625,158.68841552734375,28391.763671875,imperfect_guidance,,EIA_BLEND_075,1.0,5695.0,20260805.0,0.0,,,,,,
PatientID_0052_T1_to_T2_t1c,FP_25,0.184196663758029,0.1014408664756445,,0.2133786282802274,0.11943136452736125,0.184196663758029,0.1014408664756445,0.20294643954179384,1.99798372022769,34798.4,22780.0,22780.0,2.701719707329242e-12,0.9988617897033694,0.00501977307721968,44816.534375,,28475.0,22780.0,9095.3560546875,205.58274841308594,35721.18359375,imperfect_guidance,,EIA_LINEAR,1.0,5695.0,20260805.0,0.0,,,,,,
PatientID_0052_T1_to_T2_t1c,FP_25,0.25687445128935743,0.14736428642058014,,0.2741744031764472,0.15886564957434815,0.25687445128935743,0.14736428642058014,0.23062311529713883,2.0688553712691693,29436.4,22780.0,22780.0,8.40038283058675e-06,0.9976853847503662,0.00374484113417562,33433.94140625,,28475.0,22780.0,7710.6396484375,129.82733764648438,25723.169140625,imperfect_guidance,,PCC,1.0,5695.0,20260805.0,0.0,0.9696106048078204,,,,,
PatientID_0052_T1_to_T2_t1c,MIXED,0.18110477028428945,0.0995754296150226,,0.1962921105426454,0.10883149408870393,0.18110477028428945,0.0995754296150226,0.18680194084493895,1.9532594059733936,30116.2,22780.0,22780.0,1.915988684802044e-12,0.9349386672178904,0.0037726761074736268,33682.45221354167,,17086.0,22780.0,6291.947444661459,613.0180491129557,27390.595703125,imperfect_guidance,,EIA_BLEND_075,0.5000438981562775,5695.0,20260805.0,0.0,,,,,,
PatientID_0052_T1_to_T2_t1c,MIXED,0.1800512145336541,0.09893227820149514,,0.20371576345867334,0.11341097023520862,0.1800512145336541,0.09893227820149514,0.18187652102270135,1.9390309347136134,34414.13333333333,22780.0,22780.0,2.5546516471975274e-12,0.9988617897033693,0.004735524486750316,42278.762369791664,,17086.0,22780.0,7689.6361328125,756.1896443684896,34589.10859375,imperfect_guidance,,EIA_LINEAR,0.5000438981562775,5695.0,20260805.0,0.0,,,,,,
PatientID_0052_T1_to_T2_t1c,MIXED,0.21260608722828636,0.11897122084844909,,0.22678582507709139,0.12791678945600565,0.21260608722828636,0.11897122084844909,0.19491309706925264,1.9759630562856274,27801.5,22780.0,22780.0,8.394934108461408e-06,0.996378481388092,0.0035437368554994035,31638.482552083333,,17086.0,22780.0,6167.853352864583,310.9055236816406,25470.622916666667,imperfect_guidance,,PCC,0.5000438981562775,5695.0,20260805.0,0.0,0.8025131179395876,,,,,
PatientID_0052_T1_to_T2_t1c,PARTIAL_25,0.1753292361901815,0.0960881489896528,,0.191230970994332,0.1057243727334568,0.1753292361901815,0.0960881489896528,0.186520062442483,1.952468455582212,29837.0,22780.0,22780.0,3.023956139745071e-13,0.9174323081970216,0.00343673909083,30683.20703125,,5696.0,22780.0,5723.03369140625,0.0,24960.15234375,imperfect_guidance,,EIA_BLEND_075,0.2500438981562774,0.0,,,,,,,,
PatientID_0052_T1_to_T2_t1c,PARTIAL_25,0.2054433713958419,0.1144814090236183,,0.2036204722033074,0.1133504747010809,0.2054433713958419,0.1144814090236183,0.1919537331563376,1.9678516648723263,33511.0,22780.0,22780.0,4.031941610010276e-13,0.9987061023712158,0.0041765356436371,37288.109375,,5696.0,22780.0,7157.591796875,0.0,30130.40234375,imperfect_guidance,,EIA_LINEAR,0.2500438981562774,0.0,,,,,,,,
PatientID_0052_T1_to_T2_t1c,PARTIAL_25,0.2057945566460536,0.1146995498357139,,0.215982282560579,0.1210650995599046,0.2057945566460536,0.1146995498357139,0.1873529722198558,1.9548479860800096,26437.0,22780.0,22780.0,8.366328074771445e-06,0.9944158792495728,0.0034115901216864,30458.67578125,,5696.0,22780.0,5706.5234375,0.0,24752.154296875,imperfect_guidance,,PCC,0.2500438981562774,0.0,,,0.776801988419486,,,,,
PatientID_0052_T1_to_T2_t1c,PARTIAL_50,0.1860403863216409,0.102560379480602,,0.199788303799195,0.1109804498202267,0.1860403863216409,0.102560379480602,0.2067478851860917,2.0081195568924324,30126.0,22780.0,22780.0,3.023956139745071e-13,0.9311879277229308,0.003599346615374,32134.966796875,,11391.0,22780.0,6643.83642578125,0.0,25491.11328125,imperfect_guidance,,EIA_BLEND_075,0.5000438981562775,0.0,,,,,,,,
PatientID_0052_T1_to_T2_t1c,PARTIAL_50,0.208428446022642,0.1163383318848295,,0.2084955752352478,0.1163801620407749,0.208428446022642,0.1163383318848295,0.2069292395917981,2.008601050910786,33720.0,22780.0,22780.0,4.031941610010276e-13,0.9987061023712158,0.0043483455665409,38822.02734375,,11391.0,22780.0,8033.41259765625,0.0,30788.513671875,imperfect_guidance,,EIA_LINEAR,0.5000438981562775,0.0,,,,,,,,
PatientID_0052_T1_to_T2_t1c,PARTIAL_50,0.228665496066096,0.129092215827883,,0.2391147751072692,0.1357923683749053,0.228665496066096,0.129092215827883,0.2059254078525608,2.005938175120347,27196.0,22780.0,22780.0,8.366328074771445e-06,0.994721293449402,0.0035032320301979,31276.85546875,,11391.0,22780.0,6440.69921875,0.0,24836.146484375,imperfect_guidance,,PCC,0.5000438981562775,0.0,,,0.8631317315772056,,,,,
PatientID_0052_T1_to_T2_t1c,SHIFT_3,0.19588820604632962,0.10858561089956907,,0.20826022469568006,0.11623797373718824,0.19588820604632962,0.10858561089956907,0.21052749760257705,2.0180346553505277,30505.333333333332,22780.0,22780.0,3.1239350751042827e-13,0.964284727970759,0.0039002748283867503,34821.653645833336,,22780.0,22780.0,7330.915608723958,1544.456807454427,27490.8203125,imperfect_guidance,,EIA_BLEND_075,0.6122183201638864,8833.666666666666,,,,,,,,
PatientID_0052_T1_to_T2_t1c,SHIFT_3,0.21038923033632448,0.11756199243449926,,0.21274579808679872,0.11903611525225843,0.21038923033632448,0.11756199243449926,0.20554940470209937,2.0048789043321897,34034.5,22780.0,22780.0,4.1652468420975286e-13,0.9987061023712158,0.004686853848397683,41844.231119791664,,22780.0,22780.0,8600.830729166666,1842.0159505208333,33243.384114583336,imperfect_guidance,,EIA_LINEAR,0.6122183201638864,8833.666666666666,,,,,,,,
PatientID_0052_T1_to_T2_t1c,SHIFT_3,0.24980245831321765,0.14275112949847527,,0.26271002329016413,0.15123474661118316,0.24980245831321765,0.14275112949847527,0.22248511829049844,2.048608621588939,28298.333333333332,22780.0,22780.0,8.366328074771445e-06,0.9978075424830118,0.0036341200272241836,32445.423177083332,,22780.0,22780.0,7219.867919921875,632.1857604980469,25225.541015625,imperfect_guidance,,PCC,0.6122183201638864,8833.666666666666,,,0.9429163214628903,,,,,
PatientID_0053_T1_to_T3_t1c,FP_25,0.8124190158589425,0.6840956790481204,,0.30370248856830295,0.17903845677690572,0.8124190158589425,0.6840956790481204,0.6051712575209939,2.069334614940214,33532.4,115146.0,115146.0,4.958538468713414e-09,0.9964659810066225,0.0071930352598428395,64219.41953125,,143932.0,115146.0,38863.746875,697.4972290039062,25355.740234375,imperfect_guidance,,EIA_BLEND_075,1.0,28786.0,20260805.0,0.0,,,,,,
PatientID_0053_T1_to_T3_t1c,FP_25,0.812465912841903,0.6841621834703968,,0.31128877422286766,0.18433511278041043,0.812465912841903,0.6841621834703968,0.5897878985084908,2.04155338585703,36301.8,115146.0,115146.0,4.6279691190420635e-09,0.9999186396598816,0.008320695348083901,74287.1671875,,143932.0,115146.0,43813.671875,856.6183959960938,30473.52890625,imperfect_guidance,,EIA_LINEAR,1.0,28786.0,20260805.0,0.0,,,,,,
PatientID_0053_T1_to_T3_t1c,FP_25,0.5053966268932252,0.33814765785993034,,0.3472918125715847,0.21013498673475778,0.5053966268932252,0.33814765785993034,0.6810648254830293,2.2133520696675633,36379.6,115146.0,115146.0,9.001847683975938e-06,0.9999058246612549,0.00463668620213862,41396.33515625,,143932.0,115146.0,28193.5875,214.4591827392578,13202.7115234375,imperfect_guidance,,PCC,1.0,28786.0,20260805.0,0.0,0.9956099981181197,,,,,
PatientID_0053_T1_to_T3_t1c,MIXED,0.7120062066143042,0.5529816617095852,,0.2817696675903155,0.16398919336982046,0.7120062066143042,0.5529816617095852,0.584317545959454,2.0317643256749793,31259.2,115146.0,115146.0,4.958538468713414e-09,0.9822830537954966,0.0055809151536474165,49826.41015625,,86360.0,115146.0,29114.445703125,1310.9247884114584,20712.03515625,imperfect_guidance,,EIA_BLEND_075,0.5000086846264742,28786.0,20260805.0,0.0,,,,,,
PatientID_0053_T1_to_T3_t1c,MIXED,0.7119234131752503,0.5528794881015483,,0.29688425818591285,0.1743187257017084,0.7119234131752503,0.5528794881015483,0.5801479700440425,2.0243200215732915,34707.066666666666,115146.0,115146.0,4.6279691190420635e-09,0.9999114235242208,0.006682060208792433,59657.433333333334,,86360.0,115146.0,34609.74010416667,1600.043839518229,25047.729622395833,imperfect_guidance,,EIA_LINEAR,0.5000086846264742,28786.0,20260805.0,0.0,,,,,,
PatientID_0053_T1_to_T3_t1c,MIXED,0.4631415767831138,0.3013667021716599,,0.29379547779893284,0.17219860222361175,0.4631415767831138,0.3013667021716599,0.6493247170525392,2.1514450884947247,30642.2,115146.0,115146.0,8.668764621688752e-06,0.9997831642627716,0.003912308462895403,34929.08971354167,,86360.0,115146.0,22681.643619791666,482.3104939778646,12247.38095703125,imperfect_guidance,,PCC,0.5000086846264742,28786.0,20260805.0,0.0,0.9123693349992954,,,,,
PatientID_0053_T1_to_T3_t1c,PARTIAL_25,0.6820818786597794,0.5175449579282284,,0.270629881136137,0.1564904344014807,0.6820818786597794,0.5175449579282284,0.6644872193154435,2.180640316848487,30056.0,115146.0,115146.0,1.9472285925619531e-13,0.9516176581382751,0.0039687962271273,35433.4140625,,28788.0,115146.0,23545.05078125,0.0,11888.412109375,imperfect_guidance,,EIA_BLEND_075,0.2500130269397113,0.0,,,,,,,,
PatientID_0053_T1_to_T3_t1c,PARTIAL_25,0.6839838118576244,0.5197381445779842,,0.2914954157493122,0.1706143597400616,0.6839838118576244,0.5197381445779842,0.6789800376193577,2.20918937319446,33515.0,115146.0,115146.0,2.596304790082604e-13,0.999906599521637,0.0048489239998161,43291.1953125,,28788.0,115146.0,29393.857421875,0.0,13897.3564453125,imperfect_guidance,,EIA_LINEAR,0.2500130269397113,0.0,,,,,,,,
PatientID_0053_T1_to_T3_t1c,PARTIAL_25,0.4385041599385193,0.2808231368226873,,0.2678113517780242,0.154608651926487,0.4385041599385193,0.2808231368226873,0.6390382554206616,2.1319306908044124,27193.0,115146.0,115146.0,8.407158929912839e-06,0.9996799230575562,0.0034977779723703,31228.162109375,,28788.0,115146.0,19955.990234375,0.0,11272.1552734375,imperfect_guidance,,PCC,0.2500130269397113,0.0,,,0.8638346649341857,,,,,
PatientID_0053_T1_to_T3_t1c,PARTIAL_50,0.768398381186631,0.623901730438293,,0.2828648766932597,0.1647307034022154,0.768398381186631,0.623901730438293,0.6994225736357629,2.250645817135519,31150.0,115146.0,115146.0,9.716112463198368e-12,0.9810996651649476,0.0047748535871505,42629.89453125,,57574.0,115146.0,29816.310546875,0.0,12813.6494140625,imperfect_guidance,,EIA_BLEND_075,0.5000086846264742,0.0,,,,,,,,
PatientID_0053_T1_to_T3_t1c,PARTIAL_50,0.7689802511604008,0.6246693051731276,,0.298220497730143,0.1752403865118189,0.7689802511604008,0.6246693051731276,0.7002977720088894,2.252456193429798,34334.0,115146.0,115146.0,1.2954816906718404e-11,0.9999094605445862,0.0056475512683391,50421.3359375,,57574.0,115146.0,35309.94921875,0.0,15111.4482421875,imperfect_guidance,,EIA_LINEAR,0.5000086846264742,0.0,,,,,,,,
PatientID_0053_T1_to_T3_t1c,PARTIAL_50,0.4724089416937088,0.309250921002699,,0.2976759564169662,0.1748644493066694,0.4724089416937088,0.309250921002699,0.666866412274515,2.1852872702073736,30032.0,115146.0,115146.0,8.705187610758003e-06,0.9997512698173524,0.003862086450681,34480.70703125,,57574.0,115146.0,22994.025390625,0.0,11486.6162109375,imperfect_guidance,,PCC,0.5000086846264742,0.0,,,0.9306256522563291,,,,,
PatientID_0053_T1_to_T3_t1c,SHIFT_3,0.7538443946536549,0.605202588612678,,0.30049893085265234,0.17681695739133585,0.7538443946536549,0.605202588612678,0.6533985819036792,2.15926980807686,33256.333333333336,115146.0,115146.0,2.72991299863611e-09,0.9960005184014639,0.006386973817522267,57022.90234375,,115146.0,115146.0,37258.68359375,4342.9750569661455,19764.297526041668,imperfect_guidance,,EIA_BLEND_075,0.7986729890747398,23182.0,,,,,,,,
PatientID_0053_T1_to_T3_t1c,SHIFT_3,0.7548474690114224,0.6064971501097374,,0.30995879502228674,0.1834038741024553,0.7548474690114224,0.6064971501097374,0.6463668330087571,2.1458399748062003,35790.666666666664,115146.0,115146.0,2.61907928894925e-09,0.9999179641405741,0.007324288443972617,65391.247395833336,,115146.0,115146.0,42266.159505208336,5117.431315104167,23125.12109375,imperfect_guidance,,EIA_LINEAR,0.7986729890747398,23182.0,,,,,,,,
PatientID_0053_T1_to_T3_t1c,SHIFT_3,0.4987045432197729,0.33218827784635124,,0.34020846889418216,0.20497914665628233,0.4987045432197729,0.33218827784635124,0.6792600522699379,2.209790652625808,35275.166666666664,115146.0,115146.0,8.890879144018982e-06,0.9998698433240255,0.004511237610131467,40276.329427083336,,115146.0,115146.0,27357.187825520832,1587.5555216471355,12919.069498697916,imperfect_guidance,,PCC,0.7986729890747398,23182.0,,,0.9824268760729863,,,,,
PatientID_0054_T1_to_T2_t1c,FP_25,0.6667130144836824,0.5000521431327508,,0.10090862846310163,0.05313521507844569,0.6667130144836824,0.5000521431327508,0.05683424669745207,1.873575833343287,99320.2,7192.0,7192.0,5.168781028186409e-11,0.981613278388977,0.009590641595423142,85625.25,,8990.0,7192.0,4866.44658203125,237.51882934570312,80758.8578125,imperfect_guidance,,EIA_BLEND_075,1.0,1798.0,20260805.0,0.0,,,,,,
PatientID_0054_T1_to_T2_t1c,FP_25,0.1258342603499837,0.0671414794074381,,0.09607632381995522,0.05046227701504732,0.1258342603499837,0.0671414794074381,0.0514940650827566,1.828271481223282,105972.2,7192.0,7192.0,4.824195556918376e-11,0.9999942779541016,0.01228229552507396,109656.334375,,8990.0,7192.0,5646.65029296875,314.29636840820314,104009.6296875,imperfect_guidance,,EIA_LINEAR,1.0,1798.0,20260805.0,0.0,,,,,,
PatientID_0054_T1_to_T2_t1c,FP_25,0.2590934372039006,0.14882674123272116,,0.11060208338109087,0.05853826933581242,0.2590934372039006,0.14882674123272116,0.059428610433406616,1.8941576176197414,90726.6,7192.0,7192.0,8.088129470706918e-06,0.9999750852584841,0.01003895942121738,89627.828125,,8990.0,7192.0,5326.4572265625,246.50609130859374,84301.4203125,imperfect_guidance,,PCC,1.0,1798.0,20260805.0,0.0,0.9843634442724873,,,,,
PatientID_0054_T1_to_T2_t1c,MIXED,0.5301353355906933,0.36119489756240825,,0.09956442674768805,0.052390329642523346,0.5301353355906933,0.36119489756240825,0.05246636964602796,1.836821370682336,99178.6,7192.0,7192.0,5.168781028186409e-11,0.9771376848220825,0.009513752348720978,84938.77994791667,,5398.0,7192.0,4456.429427083333,789.1861877441406,80482.37578125,imperfect_guidance,,EIA_BLEND_075,0.5005561735261401,1798.0,20260805.0,0.0,,,,,,
PatientID_0054_T1_to_T2_t1c,MIXED,0.12184835007958968,0.06487755230845739,,0.09535131681999905,0.05006242365492405,0.12184835007958968,0.06487755230845739,0.05034195632472933,1.8179006157397688,105883.93333333333,7192.0,7192.0,5.168780970362293e-11,0.9999936719735464,0.01223662461464599,109248.58463541667,,5398.0,7192.0,5499.734700520833,982.6417358398437,103748.82135416666,imperfect_guidance,,EIA_LINEAR,0.5005561735261401,1798.0,20260805.0,0.0,,,,,,
PatientID_0054_T1_to_T2_t1c,MIXED,0.2007137560807809,0.11159198822727955,,0.10711288899185467,0.05658711147188311,0.2007137560807809,0.11159198822727955,0.05690317268164557,1.8741278624622792,90340.03333333334,7192.0,7192.0,8.092854538214548e-06,0.999967900911967,0.009985617206742316,89151.59140625,,5398.0,7192.0,5073.013981119791,742.7460662841797,84078.61692708333,imperfect_guidance,,PCC,0.5005561735261401,1798.0,20260805.0,0.0,0.762563831723218,,,,,
PatientID_0054_T1_to_T2_t1c,PARTIAL_25,0.5661846496408381,0.3948797518042203,,0.0995445306115001,0.0523793018167627,0.5661846496408381,0.3948797518042203,0.0528423769933738,1.840113796599896,99072.0,7192.0,7192.0,5.168781028186409e-11,0.995967984199524,0.0094001740217208,83924.7578125,,1806.0,7192.0,4434.78369140625,0.0,79490.03125,imperfect_guidance,,EIA_BLEND_075,0.2511123470522803,0.0,,,,,,,,
PatientID_0054_T1_to_T2_t1c,PARTIAL_25,0.1275027809282881,0.0680923740203391,,0.0964582438127018,0.0506730380395764,0.1275027809282881,0.0680923740203391,0.0523168907706021,1.83553338947468,104504.0,7192.0,7192.0,4.824195556918376e-11,0.9999938011169434,0.0117514189332723,104916.671875,,1806.0,7192.0,5488.9140625,0.0,99427.6484375,imperfect_guidance,,EIA_LINEAR,0.2511123470522803,0.0,,,,,,,,
PatientID_0054_T1_to_T2_t1c,PARTIAL_25,0.1928531702452132,0.1067169347459631,,0.108701797745671,0.0574747005131039,0.1928531702452132,0.1067169347459631,0.0573956126447021,1.8781032614248607,88317.0,7192.0,7192.0,8.080247425823472e-06,0.9999675750732422,0.0098070539534091,87557.375,,1806.0,7192.0,5025.4091796875,0.0,82531.96875,imperfect_guidance,,PCC,0.2511123470522803,0.0,,,0.7326994189823827,,,,,
PatientID_0054_T1_to_T2_t1c,PARTIAL_50,0.6012235817852319,0.4298210736153259,,0.0999012461876332,0.0525768705421765,0.6012235817852319,0.4298210736153259,0.0544096215583667,1.8535262588101724,99133.0,7192.0,7192.0,5.168781028186409e-11,0.9795161485671996,0.0094468370079994,84341.359375,,3600.0,7192.0,4588.9814453125,0.0,79752.453125,imperfect_guidance,,EIA_BLEND_075,0.5005561735261401,0.0,,,,,,,,
PatientID_0054_T1_to_T2_t1c,PARTIAL_50,0.1286151279804911,0.0687272457783841,,0.0966639224049051,0.0507865760289356,0.1286151279804911,0.0687272457783841,0.0527050569316648,1.8389209096429089,104556.0,7192.0,7192.0,4.824195556918376e-11,0.9999937415122986,0.0117883943021297,105246.78125,,3600.0,7192.0,5547.03759765625,0.0,99699.8125,imperfect_guidance,,EIA_LINEAR,0.5005561735261401,0.0,,,,,,,,
PatientID_0054_T1_to_T2_t1c,PARTIAL_50,0.2169076752491026,0.121646912108418,,0.1098813816260659,0.0581346485705961,0.2169076752491026,0.121646912108418,0.0584252083051608,1.8862991575804149,88493.0,7192.0,7192.0,8.080593943304848e-06,0.9999675750732422,0.0098317433148622,87777.8046875,,3600.0,7192.0,5128.4365234375,0.0,82649.4296875,imperfect_guidance,,PCC,0.5005561735261401,0.0,,,0.824088748065481,,,,,
PatientID_0054_T1_to_T2_t1c,SHIFT_3,0.5957777160088216,0.42470823935044244,,0.10035025266153134,0.05282568278275293,0.5957777160088216,0.42470823935044244,0.05497929516950725,1.8582794959659459,99261.66666666667,7192.0,7192.0,5.168781028186409e-11,0.9792245626449585,0.009535087117304367,85129.25651041667,,7192.0,7192.0,4680.346516927083,1220.077372233073,80448.95182291667,imperfect_guidance,,EIA_BLEND_075,0.4398869113830181,4028.3333333333335,,,,,,,,
PatientID_0054_T1_to_T2_t1c,SHIFT_3,0.13046903973416277,0.06978807178156432,,0.09697244415201194,0.0509569750351072,0.13046903973416277,0.06978807178156432,0.0527118551872203,1.8389330238522235,104579.5,7192.0,7192.0,4.824195556918376e-11,0.9999940196673075,0.011864993255585368,105930.65885416667,,7192.0,7192.0,5583.27392578125,1458.7936503092449,100347.34244791667,imperfect_guidance,,EIA_LINEAR,0.4398869113830181,4028.3333333333335,,,,,,,,
PatientID_0054_T1_to_T2_t1c,SHIFT_3,0.23753244350869948,0.1349003676151259,,0.11154722166904878,0.0590683592705337,0.23753244350869948,0.1349003676151259,0.05937893663232733,1.893754773440298,88816.16666666667,7192.0,7192.0,8.08484825635484e-06,0.9999703963597616,0.0098762897153695,88175.51302083333,,7192.0,7192.0,5235.767496744792,1070.7222239176433,82939.80729166667,imperfect_guidance,,PCC,0.4398869113830181,4028.3333333333335,,,0.9024476140423188,,,,,
PatientID_0055_T1_to_T4_t1c,FP_25,0.614835811327018,0.4438721538187969,,0.2319134862701761,0.1311663680102871,0.614835811327018,0.4438721538187969,0.15255626495990637,1.9333666336354653,86496.4,18698.0,18698.0,5.098235028588859e-11,0.9989640712738035,0.00891286358237262,79574.0453125,,23372.0,18698.0,12139.519140625,358.3627502441406,67434.6046875,imperfect_guidance,,EIA_BLEND_075,1.0,4674.0,20260805.0,0.0,,,,,,
PatientID_0055_T1_to_T4_t1c,FP_25,0.4097336613699397,0.25765100626559145,,0.225922896581372,0.12734671803770564,0.4097336613699397,0.25765100626559145,0.14204847435874665,1.8970218111922186,90339.2,18698.0,18698.0,6.797646473488683e-11,0.9999984502792358,0.0105595519766211,94275.68125,,23372.0,18698.0,13391.714453125,468.34760131835935,80883.971875,imperfect_guidance,,EIA_LINEAR,1.0,4674.0,20260805.0,0.0,,,,,,
PatientID_0055_T1_to_T4_t1c,FP_25,0.5255856241436094,0.3564707722023525,,0.26278413186265154,0.15126740505408948,0.5255856241436094,0.3564707722023525,0.15824687398994194,1.9521976474754035,76064.2,18698.0,18698.0,7.960086077218875e-06,0.9999905824661257,0.008780571445822661,78392.9421875,,23372.0,18698.0,12405.437890625,363.6187438964844,65987.609375,imperfect_guidance,,PCC,1.0,4674.0,20260805.0,0.0,0.9710869565231678,,,,,
PatientID_0055_T1_to_T4_t1c,MIXED,0.5591685385364076,0.3882515762917891,,0.2285467726686909,0.12901662788760043,0.5591685385364076,0.3882515762917891,0.13878654855374142,1.8852715791684054,86228.96666666666,18698.0,18698.0,5.0982350285888594e-11,0.997774048646291,0.008665147951493623,77362.44270833333,,14030.0,18698.0,10736.86640625,714.6381632486979,66625.67864583334,imperfect_guidance,,EIA_BLEND_075,0.5003743715905444,4674.0,20260805.0,0.0,,,,,,
PatientID_0055_T1_to_T4_t1c,MIXED,0.40220522695647826,0.2517259758014296,,0.2256786147454933,0.12719172705407442,0.40220522695647826,0.2517259758014296,0.14075572311825132,1.8923533384625453,89450.5,18698.0,18698.0,5.0072282662775674e-11,0.9999983509381614,0.01021092776209111,91163.16302083334,,14030.0,18698.0,12830.926595052084,893.3811747233073,78332.24947916667,imperfect_guidance,,EIA_LINEAR,0.5003743715905444,4674.0,20260805.0,0.0,,,,,,
PatientID_0055_T1_to_T4_t1c,MIXED,0.45636431705379277,0.2957774934556177,,0.2560634074098838,0.14683135446029735,0.45636431705379277,0.2957774934556177,0.1528156364267746,1.9342321734508197,74996.56666666667,18698.0,18698.0,7.886399513760504e-06,0.9999890128771464,0.00865414512033259,77264.20755208333,,14030.0,18698.0,11807.2234375,596.9632680257162,65457.049088541666,imperfect_guidance,,PCC,0.5003743715905444,4674.0,20260805.0,0.0,0.8431916996124904,,,,,
PatientID_0055_T1_to_T4_t1c,PARTIAL_25,0.526740827908687,0.3575343957832964,,0.2276289289640094,0.1284318688632591,0.526740827908687,0.3575343957832964,0.135432431278638,1.8729727442967807,86069.0,18698.0,18698.0,4.826037486305168e-11,0.9976572394371032,0.0084041999652981,75032.6953125,,4684.0,18698.0,10161.8603515625,0.0,64870.67578125,imperfect_guidance,,EIA_BLEND_075,0.2505080757300246,0.0,,,,,,,,
PatientID_0055_T1_to_T4_t1c,PARTIAL_25,0.433575783521404,0.2767933354065761,,0.2306138895545806,0.1303355373942501,0.433575783521404,0.2767933354065761,0.1530933183883066,1.9351684669661648,86777.0,18698.0,18698.0,4.7583523926642e-11,0.9999983310699464,0.0091973049566149,82113.5390625,,4684.0,18698.0,12571.0341796875,0.0,69542.53125,imperfect_guidance,,EIA_LINEAR,0.2505080757300246,0.0,,,,,,,,
PatientID_0055_T1_to_T4_t1c,PARTIAL_25,0.4580169002177234,0.2970310766059575,,0.2611906472913472,0.1502123547322015,0.4580169002177234,0.2970310766059575,0.1551999968491819,1.942185744697748,71757.0,18698.0,18698.0,7.782729881000705e-06,0.9999864101409912,0.0083317579701542,74385.9375,,4684.0,18698.0,11544.697265625,0.0,62841.23828125,imperfect_guidance,,PCC,0.2505080757300246,0.0,,,0.8462450592961341,,,,,
PatientID_0055_T1_to_T4_t1c,PARTIAL_50,0.5790993689277169,0.4075579644908326,,0.2294125498195377,0.1295686071899209,0.5790993689277169,0.4075579644908326,0.1440506427046548,1.9041160613960173,86196.0,18698.0,18698.0,4.826037486305168e-11,0.9975249767303468,0.0085280919447541,76138.8046875,,9356.0,18698.0,10967.84375,0.0,65170.80859375,imperfect_guidance,,EIA_BLEND_075,0.5003743715905444,0.0,,,,,,,,
PatientID_0055_T1_to_T4_t1c,PARTIAL_50,0.4343780083582635,0.2774475644162927,,0.2311408609237774,0.130672282391411,0.4343780083582635,0.2774475644162927,0.1553938676921242,1.9428274887999868,87073.0,18698.0,18698.0,4.7583523926642e-11,0.9999983310699464,0.0093427943065762,83412.46875,,9356.0,18698.0,12961.7861328125,0.0,70450.7109375,imperfect_guidance,,EIA_LINEAR,0.5003743715905444,0.0,,,,,,,,
PatientID_0055_T1_to_T4_t1c,PARTIAL_50,0.4938496095974476,0.3278886442962897,,0.2653771420497143,0.1529883806400401,0.4938496095974476,0.3278886442962897,0.1588866623383047,1.9542806467416267,72395.0,18698.0,18698.0,7.869934961490799e-06,0.9999879598617554,0.0084088798612356,75074.4765625,,9356.0,18698.0,11928.3330078125,0.0,63146.17578125,imperfect_guidance,,PCC,0.5003743715905444,0.0,,,0.9124505928897011,,,,,
PatientID_0055_T1_to_T4_t1c,SHIFT_3,0.6063660997716415,0.43511079657742435,,0.2310248583403888,0.13059821538788785,0.6063660997716415,0.43511079657742435,0.15011371540258403,1.9250889051797557,86390.16666666667,18698.0,18698.0,4.826037486305168e-11,0.998871366182963,0.0087810531258583,78397.2421875,,18698.0,18698.0,11768.501302083334,1514.4309895833333,66628.83463541667,imperfect_guidance,,EIA_BLEND_075,0.6866153242771063,5859.666666666667,,,,,,,,
PatientID_0055_T1_to_T4_t1c,SHIFT_3,0.4306342924529192,0.27440413349642345,,0.23116326569341816,0.13068671588800948,0.4306342924529192,0.27440413349642345,0.15312876279207546,1.9352207936756758,87580.66666666667,18698.0,18698.0,4.7583523926642e-11,0.9999984204769135,0.009671975237627783,86351.39583333333,,18698.0,18698.0,13221.729329427084,1767.2548421223958,73129.69270833333,imperfect_guidance,,EIA_LINEAR,0.6866153242771063,5859.666666666667,,,,,,,,
PatientID_0055_T1_to_T4_t1c,SHIFT_3,0.5211787357064611,0.3525366632646041,,0.26903968037622644,0.1554285212823386,0.5211787357064611,0.3525366632646041,0.16125005482374144,1.9619094376757964,72975.66666666667,18698.0,18698.0,7.88687445189377e-06,0.9999909003575643,0.008507387246936499,75953.95182291667,,18698.0,18698.0,12247.609049479166,986.4941202799479,63706.341145833336,imperfect_guidance,,PCC,0.6866153242771063,5859.666666666667,,,0.9629446640334512,,,,,
PatientID_0059_T1_to_T2_t1c,FP_25,0.2787878789439853,0.1619718311966871,,0.055186445308434015,0.02837621386104346,0.2787878789439853,0.1619718311966871,0.03446549727047032,2.139645414218468,29147.0,2310.0,2310.0,7.26656845806417e-10,0.9277094006538391,0.0030984926968812597,27663.34296875,,2888.0,2310.0,953.4308715820313,20.96712646484375,26709.89453125,imperfect_guidance,,EIA_BLEND_075,1.0,578.0,20260805.0,0.0,,,,,,
PatientID_0059_T1_to_T2_t1c,FP_25,0.025454545665485977,0.012891488765596601,,0.055400528116138416,0.02848942896072822,0.025454545665485977,0.012891488765596601,0.03274574673412698,2.116642175891497,31516.4,2310.0,2310.0,9.68875757401122e-10,0.9999679327011108,0.0038515803869813,34386.909375,,2888.0,2310.0,1126.021826171875,27.465121459960937,33260.896875,imperfect_guidance,,EIA_LINEAR,1.0,578.0,20260805.0,0.0,,,,,,
PatientID_0059_T1_to_T2_t1c,FP_25,0.0923809525774067,0.04842832272992008,,0.06788108737448081,0.03513297997250186,0.0923809525774067,0.04842832272992008,0.03563115470123796,2.154614986609442,25768.6,2310.0,2310.0,8.2312448284938e-06,0.9999206066131592,0.0031569769140332403,28185.48984375,,2888.0,2310.0,1004.2810302734375,20.02096939086914,27181.209765625,imperfect_guidance,,PCC,1.0,578.0,20260805.0,0.0,0.7962686570965138,,,,,
PatientID_0059_T1_to_T2_t1c,MIXED,0.20767676784826616,0.1159783584275387,,0.05235408022839526,0.02688072285418868,0.20767676784826616,0.1159783584275387,0.03004807058628788,2.077999225143413,29101.766666666666,2310.0,2310.0,7.011244584909092e-10,0.9462922791639964,0.0030694582421953,27404.122981770834,,1734.0,2310.0,823.4410217285156,197.61810557047525,26580.662109375,imperfect_guidance,,EIA_BLEND_075,0.5004329004329005,578.0,20260805.0,0.0,,,,,,
PatientID_0059_T1_to_T2_t1c,MIXED,0.028629148839402006,0.014524547628022529,,0.05389840649480505,0.027695609658798512,0.028629148839402006,0.014524547628022529,0.030547988532623496,2.0854353341679195,31298.033333333333,2310.0,2310.0,7.738206927084452e-10,0.9999679327011108,0.0037583216636751637,33554.295703125,,1734.0,2310.0,1024.8752298990885,238.60852864583333,32529.442317708334,imperfect_guidance,,EIA_LINEAR,0.5004329004329005,578.0,20260805.0,0.0,,,,,,
PatientID_0059_T1_to_T2_t1c,MIXED,0.07086580106691212,0.03673835375386816,,0.06147240916574066,0.03171092965529157,0.07086580106691212,0.03673835375386816,0.03235433896594782,2.1112306517393673,25406.466666666667,2310.0,2310.0,8.229092964029406e-06,0.9999206066131592,0.0031222221441566437,27875.199283854166,,1734.0,2310.0,901.8922078450521,127.45058886210124,26973.307552083334,imperfect_guidance,,PCC,0.5004329004329005,578.0,20260805.0,0.0,0.6108208962484685,,,,,
PatientID_0059_T1_to_T2_t1c,PARTIAL_25,0.2086580088292947,0.1164813921903138,,0.0525846134536113,0.0270022584025463,0.2086580088292947,0.1164813921903138,0.0312650320803924,2.095882605682795,29068.0,2310.0,2310.0,1.4336859477381836e-10,0.953334391117096,0.0030165934003889,26932.146484375,,579.0,2310.0,842.034423828125,0.0,26090.08984375,imperfect_guidance,,EIA_BLEND_075,0.2506493506493506,0.0,,,,,,,,
PatientID_0059_T1_to_T2_t1c,PARTIAL_25,0.0640692642718464,0.0330948123807927,,0.0562911868246507,0.0289607097899568,0.0640692642718464,0.0330948123807927,0.0349146796272713,2.14547127123923,30164.0,2310.0,2310.0,1.9115811711323255e-10,0.9999679327011108,0.0033575075212866,29975.828125,,579.0,2310.0,1046.596435546875,0.0,28929.203125,imperfect_guidance,,EIA_LINEAR,0.2506493506493506,0.0,,,,,,,,
PatientID_0059_T1_to_T2_t1c,PARTIAL_25,0.0848484850465695,0.0443037976843797,,0.063471746449442,0.0327760498043244,0.0848484850465695,0.0443037976843797,0.0328985060508629,2.11873216440133,24253.0,2310.0,2310.0,8.223874829127453e-06,0.9999443292617798,0.0030321006197482,27070.59375,,579.0,2310.0,890.5820922851562,0.0,26180.029296875,imperfect_guidance,,PCC,0.2506493506493506,0.0,,,0.7313432840833144,,,,,
PatientID_0059_T1_to_T2_t1c,PARTIAL_50,0.2493506495131275,0.142433234633424,,0.0532985226995256,0.0273788885209061,0.2493506495131275,0.142433234633424,0.0323836162372484,2.1116509430736548,29098.0,2310.0,2310.0,1.4336859477381836e-10,0.951583981513977,0.0030361427925527,27106.68359375,,1156.0,2310.0,877.8124389648438,0.0,26228.84375,imperfect_guidance,,EIA_BLEND_075,0.5004329004329005,0.0,,,,,,,,
PatientID_0059_T1_to_T2_t1c,PARTIAL_50,0.0588744590781656,0.0303300626604973,,0.056833558892335,0.0292479108942375,0.0588744590781656,0.0303300626604973,0.0351680003469117,2.148724835484421,30206.0,2310.0,2310.0,1.9115811711323255e-10,0.9999679327011108,0.0033900146372616,30266.05078125,,1156.0,2310.0,1064.396484375,0.0,29201.630859375,imperfect_guidance,,EIA_LINEAR,0.5004329004329005,0.0,,,,,,,,
PatientID_0059_T1_to_T2_t1c,PARTIAL_50,0.096969697165158,0.050955414228627,,0.065911817671494,0.0340790137233327,0.096969697165158,0.050955414228627,0.0341259231690529,2.135191969837724,24362.0,2310.0,2310.0,8.223874829127453e-06,0.9999364614486694,0.0030424369033426,27162.876953125,,1156.0,2310.0,926.958251953125,0.0,26235.9375,imperfect_guidance,,PCC,0.5004329004329005,0.0,,,0.8358208958286922,,,,,
PatientID_0059_T1_to_T2_t1c,SHIFT_3,0.24300144316529548,0.13833477618755685,,0.053579241221729,0.027527114797461352,0.24300144316529548,0.13833477618755685,0.031969913965500765,2.1057102015811613,29113.833333333332,2310.0,2310.0,2.7202142390455225e-10,0.9173045555750529,0.0030726783831293,27432.873372395832,,2310.0,2310.0,877.026601155599,318.35756429036456,26555.825520833332,imperfect_guidance,,EIA_BLEND_075,0.27633477633477627,1671.6666666666667,,,,,,,,
PatientID_0059_T1_to_T2_t1c,SHIFT_3,0.051010101215510036,0.0261825133296345,,0.056074096430538865,0.028845889106091482,0.051010101215510036,0.0261825133296345,0.03430681192875795,2.1374500899746116,30438.5,2310.0,2310.0,3.626952442085476e-10,0.9999679327011108,0.0034924766126398833,31180.8310546875,,2310.0,2310.0,1069.5408732096355,380.9720001220703,30111.2724609375,imperfect_guidance,,EIA_LINEAR,0.27633477633477627,1671.6666666666667,,,,,,,,
PatientID_0059_T1_to_T2_t1c,SHIFT_3,0.09646464666021681,0.050686334922345117,,0.06697053930035983,0.034645813833095084,0.09646464666021681,0.050686334922345117,0.03489866212260242,2.145196526233996,24641.333333333332,2310.0,2310.0,8.223952439342005e-06,0.9999227523803711,0.0030664460500701833,27377.230143229168,,2310.0,2310.0,955.4484354654948,200.46868260701498,26421.787760416668,imperfect_guidance,,PCC,0.27633477633477627,1671.6666666666667,,,0.8314676620059681,,,,,
PatientID_0060_T1_to_T2_t1c,FP_25,0.9016396529278268,0.820896035204463,,0.6543834217154805,0.48630749126602896,0.9016396529278268,0.820896035204463,0.4658436983192563,2.0838496947073057,125902.0,63733.0,63733.0,1.0430719044052242e-07,0.9998583793640134,0.013467888534069019,120241.309375,,79666.0,63733.0,56013.65625,524.5476440429687,64227.659375,imperfect_guidance,,EIA_BLEND_075,1.0,15933.0,20260805.0,0.0,,,,,,
PatientID_0060_T1_to_T2_t1c,FP_25,0.735907614581646,0.5821628413168419,,0.6367193613198369,0.46704936857347823,0.735907614581646,0.5821628413168419,0.4351407224446294,2.029966710478633,131872.8,63733.0,63733.0,9.735337158645055e-08,0.9999974370002749,0.01582268066704268,141264.89375,,79666.0,63733.0,61470.1078125,668.44599609375,79794.925,imperfect_guidance,,EIA_LINEAR,1.0,15933.0,20260805.0,0.0,,,,,,
PatientID_0060_T1_to_T2_t1c,FP_25,0.8194216496962372,0.6940849439441031,,0.677157414336019,0.5118956881972627,0.8194216496962372,0.6940849439441031,0.507952616743735,2.1570936063015385,119488.8,63733.0,63733.0,8.290295954793692e-06,0.9999887943267822,0.0133905569091439,119550.8921875,,79666.0,63733.0,60726.18828125,377.9066162109375,58824.76953125,imperfect_guidance,,PCC,1.0,15933.0,20260805.0,0.0,0.9970255822833426,,,,,
PatientID_0060_T1_to_T2_t1c,MIXED,0.816826970853795,0.6904975518465742,,0.6540918573636334,0.4859856253348739,0.816826970853795,0.6904975518465742,0.455795056153679,2.066284284272002,124998.03333333334,63733.0,63733.0,1.043071904405224e-07,0.9997593065102895,0.01258870332191383,112391.94348958334,,47802.0,63733.0,51227.6921875,3524.5547444661456,61164.273697916666,imperfect_guidance,,EIA_BLEND_075,0.5000392261465803,15933.0,20260805.0,0.0,,,,,,
PatientID_0060_T1_to_T2_t1c,MIXED,0.7292135419139545,0.5738286673077775,,0.636950348876695,0.4672980813268003,0.7292135419139545,0.5738286673077775,0.44265929645320923,2.0432255440100224,131400.1,63733.0,63733.0,9.735337158645053e-08,0.9999971687793732,0.01549388694887355,138329.4234375,,47802.0,63733.0,61232.608072916664,4215.330078125,77096.98255208334,imperfect_guidance,,EIA_LINEAR,0.5000392261465803,15933.0,20260805.0,0.0,,,,,,
PatientID_0060_T1_to_T2_t1c,MIXED,0.7613313877183354,0.614650992168155,,0.6760080808846088,0.5105842154717362,0.7613313877183354,0.614650992168155,0.5063403882514367,2.154292560144219,117063.23333333334,63733.0,63733.0,8.134195559250656e-06,0.9999888857205709,0.012983219791203694,115914.18567708334,,47802.0,63733.0,58691.81158854167,3177.8074584960937,57222.410546875,imperfect_guidance,,PCC,0.5000392261465803,15933.0,20260805.0,0.0,0.9263446608127179,,,,,
PatientID_0060_T1_to_T2_t1c,PARTIAL_25,0.8011705082155149,0.6682939598237251,,0.6557230454796046,0.4877886534298855,0.8011705082155149,0.6682939598237251,0.4731355764544749,2.0965643202184543,124139.0,63733.0,63733.0,1.4188111796542555e-10,0.9998080134391784,0.0116991614922881,104450.1171875,,15938.0,63733.0,49419.06640625,0.0,55031.0703125,imperfect_guidance,,EIA_BLEND_075,0.2500745296785025,0.0,,,,,,,,
PatientID_0060_T1_to_T2_t1c,PARTIAL_25,0.7423312883455797,0.5902439024441365,,0.6421457602947361,0.4729121444116462,0.7423312883455797,0.5902439024441365,0.4743783439359582,2.0987293498196467,129653.0,63733.0,63733.0,1.8917481470204223e-10,0.9999969601631165,0.0144363129511475,128887.3984375,,15938.0,63733.0,61141.390625,0.0,67746.03125,imperfect_guidance,,EIA_LINEAR,0.2500745296785025,0.0,,,,,,,,
PatientID_0060_T1_to_T2_t1c,PARTIAL_25,0.7554014403860213,0.6069438491262583,,0.6869925828716513,0.5232206413402113,0.7554014403860213,0.6069438491262583,0.515910616889482,2.170926461352599,113020.0,63733.0,63733.0,8.046758921409491e-06,0.999974250793457,0.0125543940812349,112085.6328125,,15938.0,63733.0,57826.16796875,0.0,54259.48828125,imperfect_guidance,,PCC,0.2500745296785025,0.0,,,0.9191294387178395,,,,,
PatientID_0060_T1_to_T2_t1c,PARTIAL_50,0.8634145576085904,0.7596565338667598,,0.655679036601893,0.4877399478672269,0.8634145576085904,0.7596565338667598,0.4803625507260731,2.109146098208185,124600.0,63733.0,63733.0,1.4188111796542555e-10,0.9999027252197266,0.0121355820447206,108346.4765625,,31869.0,63733.0,52045.58984375,0.0,56300.9375,imperfect_guidance,,EIA_BLEND_075,0.5000392261465803,0.0,,,,,,,,
PatientID_0060_T1_to_T2_t1c,PARTIAL_50,0.7422528360524199,0.5901447105839553,,0.6417311047580514,0.472462490313056,0.7422528360524199,0.5901447105839553,0.469391310678448,2.090038373815245,129993.0,63733.0,63733.0,1.8917481470204223e-10,0.9999971985816956,0.014615804888308,130489.90625,,31869.0,63733.0,61250.828125,0.0,69239.1171875,imperfect_guidance,,EIA_LINEAR,0.5000392261465803,0.0,,,,,,,,
PatientID_0060_T1_to_T2_t1c,PARTIAL_50,0.784836740779621,0.6458693799596381,,0.6873208465875316,0.5236015554931533,0.784836740779621,0.6458693799596381,0.5168227804233095,2.172513085066565,114536.0,63733.0,63733.0,8.125096428557299e-06,0.999980926513672,0.0128043433651328,114317.1796875,,31869.0,63733.0,59081.72265625,0.0,55235.44140625,imperfect_guidance,,PCC,0.5000392261465803,0.0,,,0.9549446353574366,,,,,
PatientID_0060_T1_to_T2_t1c,SHIFT_3,0.8408673685544312,0.7255867423867238,,0.653522711353184,0.48535771588454074,0.8408673685544312,0.7255867423867238,0.46984241500190654,2.0908237309079385,125896.83333333333,63733.0,63733.0,1.70567879265171e-10,0.999766339858373,0.013020165109386016,116244.03385416667,,63733.0,63733.0,54616.377604166664,8800.333414713541,61627.689453125,imperfect_guidance,,EIA_BLEND_075,0.6462586101391744,22545.0,,,,,,,,
PatientID_0060_T1_to_T2_t1c,SHIFT_3,0.7409348375273334,0.5884915116023389,,0.6402749724918568,0.47088569414161124,0.7409348375273334,0.5884915116023389,0.45256671212331434,2.060626602519957,130700.66666666667,63733.0,63733.0,2.274238297683695e-10,0.9999973674615225,0.015197676140814966,135684.85416666666,,63733.0,63733.0,61405.158203125,10065.501139322916,74279.90104166667,imperfect_guidance,,EIA_LINEAR,0.6462586101391744,22545.0,,,,,,,,
PatientID_0060_T1_to_T2_t1c,SHIFT_3,0.7951845982474136,0.660057232525468,,0.6809586907045325,0.5162540208245662,0.7951845982474136,0.660057232525468,0.5088072529908642,2.158578957161919,117696.66666666667,63733.0,63733.0,8.247729662495354e-06,0.99999072154363,0.01323961047455665,118203.2421875,,63733.0,63733.0,60142.585286458336,7764.911946614583,58060.697916666664,imperfect_guidance,,PCC,0.6462586101391744,22545.0,,,0.9675353188242887,,,,,
PatientID_0062_T1_to_T2_t1c,FP_25,0.8822320677124939,0.7892801738682337,,0.6883363890313748,0.5247811889179385,0.8822320677124939,0.7892801738682337,0.49347603138063134,2.137192084123807,111796.2,62973.0,62973.0,1.7530910056962054e-10,0.9997018575668337,0.0123662211000919,110405.621875,,78716.0,62973.0,54482.528125,398.0710754394531,55922.96015625,imperfect_guidance,,EIA_BLEND_075,1.0,15743.0,20260805.0,0.0,,,,,,
PatientID_0062_T1_to_T2_t1c,FP_25,0.7798516824688371,0.6391449887555123,,0.677801321680753,0.5126319765339834,0.7798516824688371,0.6391449887555123,0.4756275249831404,2.106152206142222,115796.2,62973.0,62973.0,2.3374546742616076e-10,0.9999929070472715,0.0140797901898622,125704.3671875,,78716.0,62973.0,59788.45703125,502.6418151855469,65915.9078125,imperfect_guidance,,EIA_LINEAR,1.0,15743.0,20260805.0,0.0,,,,,,
PatientID_0062_T1_to_T2_t1c,FP_25,0.8333920886742462,0.7143720544627796,,0.7222603269942851,0.565264069339384,0.8333920886742462,0.7143720544627796,0.5494197569878019,2.234654809380266,104110.8,62973.0,62973.0,8.273542880488094e-06,0.9999899864196775,0.01204448807984584,107533.1890625,,78716.0,62973.0,59080.85859375,236.87653503417968,48452.57578125,imperfect_guidance,,PCC,1.0,15743.0,20260805.0,0.0,0.9987858026453632,,,,,
PatientID_0062_T1_to_T2_t1c,MIXED,0.8129489357887802,0.684927412211372,,0.6867277768375911,0.522913942581244,0.8129489357887802,0.684927412211372,0.4848737183383337,2.122240921792005,110778.46666666666,62973.0,62973.0,1.7530910056962054e-10,0.9995319545269012,0.011497654952108817,102651.06276041667,,47231.0,62973.0,49772.802473958334,3296.9665690104166,52878.109375,imperfect_guidance,,EIA_BLEND_075,0.5000238197322662,15743.0,20260805.0,0.0,,,,,,
PatientID_0062_T1_to_T2_t1c,MIXED,0.774723029448271,0.6322842834761564,,0.6764365130302789,0.5110722822445274,0.774723029448271,0.6322842834761564,0.4844022673054508,2.121419978387251,115265.16666666667,62973.0,62973.0,1.9634619115767764e-10,0.9999924798806509,0.013741294201463417,122682.275,,47231.0,62973.0,59427.37447916667,3925.4786458333333,63254.925130208336,imperfect_guidance,,EIA_LINEAR,0.5000238197322662,15743.0,20260805.0,0.0,,,,,,
PatientID_0062_T1_to_T2_t1c,MIXED,0.7895314923343639,0.6522676851727824,,0.7176562582231499,0.5596472870357414,0.7895314923343639,0.6522676851727824,0.5473839098322612,2.231085612111217,101394.6,62973.0,62973.0,8.08309305284638e-06,0.9999836564064026,0.011634478376557376,103872.62239583333,,47231.0,62973.0,56857.795572916664,2922.482043457031,47015.058984375,imperfect_guidance,,PCC,0.5000238197322662,15743.0,20260805.0,0.0,0.946220699718214,,,,,
PatientID_0062_T1_to_T2_t1c,PARTIAL_25,0.8058056627458926,0.6747692880551746,,0.6877284293332886,0.5240747759144354,0.8058056627458926,0.6747692880551746,0.5061587497064698,2.1592259179052924,109947.0,62973.0,62973.0,3.760590471836578e-13,0.9996997117996216,0.0106185311451554,94802.2421875,,15746.0,62973.0,47984.984375,0.0,46817.078125,imperfect_guidance,,EIA_BLEND_075,0.2500436695091547,0.0,,,,,,,,
PatientID_0062_T1_to_T2_t1c,PARTIAL_25,0.7743000968687033,0.6317207783842702,,0.6778918687671536,0.5127355718913645,0.7743000968687033,0.6317207783842702,0.5113810778642098,2.168299470909642,114663.0,62973.0,62973.0,5.014120629115437e-13,0.9999920725822448,0.0129902753978967,115977.1796875,,15746.0,62973.0,59308.53515625,0.0,56668.6328125,imperfect_guidance,,EIA_LINEAR,0.2500436695091547,0.0,,,,,,,,
PatientID_0062_T1_to_T2_t1c,PARTIAL_25,0.7833515951297909,0.6438602902834414,,0.7212596675551581,0.56403919486833,0.7833515951297909,0.6438602902834414,0.5530885384207741,2.2410948314958152,99038.0,62973.0,62973.0,7.972322237037588e-06,0.9999748468399048,0.0113229164853692,101091.0,,15746.0,62973.0,55912.2734375,0.0,45179.0546875,imperfect_guidance,,PCC,0.2500436695091547,0.0,,,0.9388143496056827,,,,,
PatientID_0062_T1_to_T2_t1c,PARTIAL_50,0.8453305384859755,0.7320974241231679,,0.6885347968472505,0.5250118685533997,0.8453305384859755,0.7320974241231679,0.5127058609619,2.170603666928827,110491.0,62973.0,62973.0,3.760590471836578e-13,0.9997069835662842,0.0110498899593949,98653.4140625,,31488.0,62973.0,50580.18359375,0.0,48073.04296875,imperfect_guidance,,EIA_BLEND_075,0.5000238197322662,0.0,,,,,,,,
PatientID_0062_T1_to_T2_t1c,PARTIAL_50,0.7768567481319227,0.6351314508323904,,0.6780192720708027,0.5128813588195175,0.7768567481319227,0.6351314508323904,0.5073766057313055,2.1613401895668902,114901.0,62973.0,62973.0,5.014120629115437e-13,0.9999924302101136,0.0131256515160202,117185.8203125,,31488.0,62973.0,59457.34375,0.0,57728.5078125,imperfect_guidance,,EIA_LINEAR,0.5000238197322662,0.0,,,,,,,,
PatientID_0062_T1_to_T2_t1c,PARTIAL_50,0.8079494386498345,0.6777811821482439,,0.7238583274238445,0.5672241123238563,0.8079494386498345,0.6777811821482439,0.5547916404344478,2.24408912546596,100559.0,62973.0,62973.0,8.066081136348657e-06,0.9999837875366212,0.0115641523152589,103244.75,,31488.0,62973.0,57279.32421875,0.0,45965.66796875,imperfect_guidance,,PCC,0.5000238197322662,0.0,,,0.9682938433726492,,,,,
PatientID_0062_T1_to_T2_t1c,SHIFT_3,0.832848998778581,0.7136801272805767,,0.6870103486494558,0.5232422591238433,0.832848998778581,0.7136801272805767,0.49878180556373275,2.146410397520364,111765.33333333333,62973.0,62973.0,3.262668175632704e-12,0.9996516108512878,0.011923847720026933,106456.11067708333,,62973.0,62973.0,53098.37109375,8422.010986328125,53357.527994791664,imperfect_guidance,,EIA_BLEND_075,0.6455200376881097,22322.666666666668,,,,,,,,
PatientID_0062_T1_to_T2_t1c,SHIFT_3,0.777788364327216,0.6363783757653985,,0.6774154971723506,0.5121911194832128,0.777788364327216,0.6363783757653985,0.4885870664120276,2.128695019615795,115632.33333333333,62973.0,62973.0,4.350224246223629e-12,0.9999928871790568,0.0136838954252501,122169.81901041667,,62973.0,62973.0,59690.094401041664,9632.212320963541,62479.740234375,imperfect_guidance,,EIA_LINEAR,0.6455200376881097,22322.666666666668,,,,,,,,
PatientID_0062_T1_to_T2_t1c,SHIFT_3,0.8115673913173511,0.6829213899215683,,0.7190265591505954,0.5613181794465142,0.8115673913173511,0.6829213899215683,0.5462896663597782,2.2291681443301266,103768.33333333333,62973.0,62973.0,8.253920592930323e-06,0.9999894301096598,0.011981454988320617,106970.4296875,,62973.0,62973.0,58436.522135416664,7310.614583333333,48534.16796875,imperfect_guidance,,PCC,0.6455200376881097,22322.666666666668,,,0.9726298093700071,,,,,
PatientID_0003_T1_to_T2_t1c,CLEAN,0.432332507223168,0.2757807438311317,,,,,,,,,,,,,,,,,,,,,imperfect_guidance,,EIA_LINEAR,,,,,,,,,,
PatientID_0003_T1_to_T2_t1c,CLEAN,0.6749278836453312,0.509351812120275,,,,,,,,,,,,,,,,,,,,,imperfect_guidance,,EIA_BLEND_075,,,,,,,,,,
PatientID_0003_T1_to_T2_t1c,CLEAN,0.6074838500059423,0.4362490517757995,,,,,,,,,,,,,,,,,,,,,imperfect_guidance,,PCC,,,,,1.0,,,,,
PatientID_0005_T3_to_T4_t1c,CLEAN,0.2554818157882803,0.1464483535471895,,,,,,,,,,,,,,,,,,,,,imperfect_guidance,,EIA_LINEAR,,,,,,,,,,
PatientID_0005_T3_to_T4_t1c,CLEAN,0.5748340854904477,0.4033453787056832,,,,,,,,,,,,,,,,,,,,,imperfect_guidance,,EIA_BLEND_075,,,,,,,,,,
PatientID_0005_T3_to_T4_t1c,CLEAN,0.4502256437629353,0.290510448808136,,,,,,,,,,,,,,,,,,,,,imperfect_guidance,,PCC,,,,,1.0,,,,,
PatientID_0006_T2_to_T4_t1c,CLEAN,0.453735213104567,0.293439530515263,,,,,,,,,,,,,,,,,,,,,imperfect_guidance,,EIA_LINEAR,,,,,,,,,,
PatientID_0006_T2_to_T4_t1c,CLEAN,0.8671609139550486,0.7654758073251985,,,,,,,,,,,,,,,,,,,,,imperfect_guidance,,EIA_BLEND_075,,,,,,,,,,
PatientID_0006_T2_to_T4_t1c,CLEAN,0.6406579160662644,0.4712999940552155,,,,,,,,,,,,,,,,,,,,,imperfect_guidance,,PCC,,,,,1.0,,,,,
PatientID_0007_T2_to_T3_t1c,CLEAN,0.3388500674672766,0.2039852399111449,,,,,,,,,,,,,,,,,,,,,imperfect_guidance,,EIA_LINEAR,,,,,,,,,,
PatientID_0007_T2_to_T3_t1c,CLEAN,0.7111683217045992,0.5517930182106161,,,,,,,,,,,,,,,,,,,,,imperfect_guidance,,EIA_BLEND_075,,,,,,,,,,
PatientID_0007_T2_to_T3_t1c,CLEAN,0.4406031629618362,0.2825471698677242,,,,,,,,,,,,,,,,,,,,,imperfect_guidance,,PCC,,,,,1.0,,,,,
PatientID_0008_T4_to_T6_t1c,CLEAN,0.1720876586883405,0.0941443716438485,,,,,,,,,,,,,,,,,,,,,imperfect_guidance,,EIA_LINEAR,,,,,,,,,,
PatientID_0008_T4_to_T6_t1c,CLEAN,0.4059976932634374,0.2547033286172643,,,,,,,,,,,,,,,,,,,,,imperfect_guidance,,EIA_BLEND_075,,,,,,,,,,
PatientID_0008_T4_to_T6_t1c,CLEAN,0.2770472895874224,0.1607979650340343,,,,,,,,,,,,,,,,,,,,,imperfect_guidance,,PCC,,,,,1.0,,,,,
PatientID_0010_T1_to_T4_t1c,CLEAN,0.5795811672162073,0.4080354004382036,,,,,,,,,,,,,,,,,,,,,imperfect_guidance,,EIA_LINEAR,,,,,,,,,,
PatientID_0010_T1_to_T4_t1c,CLEAN,0.6361206567445573,0.4664053751514685,,,,,,,,,,,,,,,,,,,,,imperfect_guidance,,EIA_BLEND_075,,,,,,,,,,
PatientID_0010_T1_to_T4_t1c,CLEAN,0.6343877581044676,0.4645445746969665,,,,,,,,,,,,,,,,,,,,,imperfect_guidance,,PCC,,,,,1.0,,,,,
PatientID_0011_T1_to_T2_t1c,CLEAN,0.4458825615363559,0.2869040334447889,,,,,,,,,,,,,,,,,,,,,imperfect_guidance,,EIA_LINEAR,,,,,,,,,,
PatientID_0011_T1_to_T2_t1c,CLEAN,0.4585516029765917,0.2974809950613545,,,,,,,,,,,,,,,,,,,,,imperfect_guidance,,EIA_BLEND_075,,,,,,,,,,
PatientID_0011_T1_to_T2_t1c,CLEAN,0.4890475653238258,0.3236684055074763,,,,,,,,,,,,,,,,,,,,,imperfect_guidance,,PCC,,,,,1.0,,,,,
PatientID_0012_T2_to_T3_t1c,CLEAN,0.3018072918541125,0.1777226403184764,,,,,,,,,,,,,,,,,,,,,imperfect_guidance,,EIA_LINEAR,,,,,,,,,,
PatientID_0012_T2_to_T3_t1c,CLEAN,0.3549987812153515,0.2158045703360979,,,,,,,,,,,,,,,,,,,,,imperfect_guidance,,EIA_BLEND_075,,,,,,,,,,
PatientID_0012_T2_to_T3_t1c,CLEAN,0.360814151901654,0.2201179032426563,,,,,,,,,,,,,,,,,,,,,imperfect_guidance,,PCC,,,,,1.0,,,,,
PatientID_0013_T1_to_T2_t1c,CLEAN,0.2145232563615661,0.1201490062225359,,,,,,,,,,,,,,,,,,,,,imperfect_guidance,,EIA_LINEAR,,,,,,,,,,
PatientID_0013_T1_to_T2_t1c,CLEAN,0.2071431825609962,0.1155380510960351,,,,,,,,,,,,,,,,,,,,,imperfect_guidance,,EIA_BLEND_075,,,,,,,,,,
PatientID_0013_T1_to_T2_t1c,CLEAN,0.2362990296743588,0.133979077899161,,,,,,,,,,,,,,,,,,,,,imperfect_guidance,,PCC,,,,,1.0,,,,,
PatientID_0014_T1_to_T2_t1c,CLEAN,0.242222222432716,0.1378002531170037,,,,,,,,,,,,,,,,,,,,,imperfect_guidance,,EIA_LINEAR,,,,,,,,,,
PatientID_0014_T1_to_T2_t1c,CLEAN,0.6177777778839506,0.4469453378428677,,,,,,,,,,,,,,,,,,,,,imperfect_guidance,,EIA_BLEND_075,,,,,,,,,,
PatientID_0014_T1_to_T2_t1c,CLEAN,0.3461111112927469,0.2092710785323241,,,,,,,,,,,,,,,,,,,,,imperfect_guidance,,PCC,,,,,1.0,,,,,
PatientID_0018_T1_to_T2_t1c,CLEAN,0.040084388523177,0.0204520993826867,,,,,,,,,,,,,,,,,,,,,imperfect_guidance,,EIA_LINEAR,,,,,,,,,,
PatientID_0018_T1_to_T2_t1c,CLEAN,0.6666666667838725,0.500000000263713,,,,,,,,,,,,,,,,,,,,,imperfect_guidance,,EIA_BLEND_075,,,,,,,,,,
PatientID_0018_T1_to_T2_t1c,CLEAN,0.0921237696581843,0.0482860305756409,,,,,,,,,,,,,,,,,,,,,imperfect_guidance,,PCC,,,,,1.0,,,,,
PatientID_0019_T4_to_T5_t1c,CLEAN,0.1822184458835849,0.1002422131007418,,,,,,,,,,,,,,,,,,,,,imperfect_guidance,,EIA_LINEAR,,,,,,,,,,
PatientID_0019_T4_to_T5_t1c,CLEAN,0.1781245172571402,0.0977698635165873,,,,,,,,,,,,,,,,,,,,,imperfect_guidance,,EIA_BLEND_075,,,,,,,,,,
PatientID_0019_T4_to_T5_t1c,CLEAN,0.2318090530190094,0.1310995588165174,,,,,,,,,,,,,,,,,,,,,imperfect_guidance,,PCC,,,,,1.0,,,,,
PatientID_0020_T1_to_T2_t1c,CLEAN,0.3596798636256942,0.2192741865860417,,,,,,,,,,,,,,,,,,,,,imperfect_guidance,,EIA_LINEAR,,,,,,,,,,
PatientID_0020_T1_to_T2_t1c,CLEAN,0.3734135253037172,0.2295688124369066,,,,,,,,,,,,,,,,,,,,,imperfect_guidance,,EIA_BLEND_075,,,,,,,,,,
PatientID_0020_T1_to_T2_t1c,CLEAN,0.2176548588933118,0.122117121927885,,,,,,,,,,,,,,,,,,,,,imperfect_guidance,,PCC,,,,,1.0,,,,,
PatientID_0021_T2_to_T3_t1c,CLEAN,0.1035757537413609,0.0546163412410642,,,,,,,,,,,,,,,,,,,,,imperfect_guidance,,EIA_LINEAR,,,,,,,,,,
PatientID_0021_T2_to_T3_t1c,CLEAN,0.1056791382782306,0.0557873486185805,,,,,,,,,,,,,,,,,,,,,imperfect_guidance,,EIA_BLEND_075,,,,,,,,,,
PatientID_0021_T2_to_T3_t1c,CLEAN,0.1346166103915285,0.0721656530078532,,,,,,,,,,,,,,,,,,,,,imperfect_guidance,,PCC,,,,,1.0,,,,,
PatientID_0022_T1_to_T2_t1c,CLEAN,0.5463750136847046,0.3758706811118621,,,,,,,,,,,,,,,,,,,,,imperfect_guidance,,EIA_LINEAR,,,,,,,,,,
PatientID_0022_T1_to_T2_t1c,CLEAN,0.5404732367664261,0.370307177904626,,,,,,,,,,,,,,,,,,,,,imperfect_guidance,,EIA_BLEND_075,,,,,,,,,,
PatientID_0022_T1_to_T2_t1c,CLEAN,0.5108822563600955,0.3430771398333645,,,,,,,,,,,,,,,,,,,,,imperfect_guidance,,PCC,,,,,1.0,,,,,
PatientID_0024_T2_to_T3_t1c,CLEAN,0.7926340404226437,0.6564985820065505,,,,,,,,,,,,,,,,,,,,,imperfect_guidance,,EIA_LINEAR,,,,,,,,,,
PatientID_0024_T2_to_T3_t1c,CLEAN,0.7927843661283381,0.6567048536214414,,,,,,,,,,,,,,,,,,,,,imperfect_guidance,,EIA_BLEND_075,,,,,,,,,,
PatientID_0024_T2_to_T3_t1c,CLEAN,0.5226991815640329,0.3538204102010965,,,,,,,,,,,,,,,,,,,,,imperfect_guidance,,PCC,,,,,1.0,,,,,
PatientID_0025_T1_to_T2_t1c,CLEAN,0.4262941378226552,0.2708855244685571,,,,,,,,,,,,,,,,,,,,,imperfect_guidance,,EIA_LINEAR,,,,,,,,,,
PatientID_0025_T1_to_T2_t1c,CLEAN,0.429002399735533,0.2730764195157099,,,,,,,,,,,,,,,,,,,,,imperfect_guidance,,EIA_BLEND_075,,,,,,,,,,
PatientID_0025_T1_to_T2_t1c,CLEAN,0.4687692835195617,0.3061388976110209,,,,,,,,,,,,,,,,,,,,,imperfect_guidance,,PCC,,,,,1.0,,,,,
PatientID_0026_T1_to_T2_t1c,CLEAN,0.3248498593158115,0.1939228320105056,,,,,,,,,,,,,,,,,,,,,imperfect_guidance,,EIA_LINEAR,,,,,,,,,,
PatientID_0026_T1_to_T2_t1c,CLEAN,0.3603586577699345,0.2197789531752138,,,,,,,,,,,,,,,,,,,,,imperfect_guidance,,EIA_BLEND_075,,,,,,,,,,
PatientID_0026_T1_to_T2_t1c,CLEAN,0.3772836084228163,0.2325012617048734,,,,,,,,,,,,,,,,,,,,,imperfect_guidance,,PCC,,,,,1.0,,,,,
PatientID_0029_T1_to_T3_t1c,CLEAN,0.1697553357734285,0.0927500782290061,,,,,,,,,,,,,,,,,,,,,imperfect_guidance,,EIA_LINEAR,,,,,,,,,,
PatientID_0029_T1_to_T3_t1c,CLEAN,0.183992712139719,0.1013171661707397,,,,,,,,,,,,,,,,,,,,,imperfect_guidance,,EIA_BLEND_075,,,,,,,,,,
PatientID_0029_T1_to_T3_t1c,CLEAN,0.2109318063611279,0.1179003724523117,,,,,,,,,,,,,,,,,,,,,imperfect_guidance,,PCC,,,,,1.0,,,,,
PatientID_0030_T1_to_T3_t1c,CLEAN,0.8499613611543024,0.7390720037103741,,,,,,,,,,,,,,,,,,,,,imperfect_guidance,,EIA_LINEAR,,,,,,,,,,
PatientID_0030_T1_to_T3_t1c,CLEAN,0.8510139366332838,0.7406651514478796,,,,,,,,,,,,,,,,,,,,,imperfect_guidance,,EIA_BLEND_075,,,,,,,,,,
PatientID_0030_T1_to_T3_t1c,CLEAN,0.5266608042241142,0.3574606619699995,,,,,,,,,,,,,,,,,,,,,imperfect_guidance,,PCC,,,,,1.0,,,,,
PatientID_0031_T2_to_T3_t1c,CLEAN,0.2138016715830754,0.1196964907012426,,,,,,,,,,,,,,,,,,,,,imperfect_guidance,,EIA_LINEAR,,,,,,,,,,
PatientID_0031_T2_to_T3_t1c,CLEAN,0.3124011746297605,0.185115781047212,,,,,,,,,,,,,,,,,,,,,imperfect_guidance,,EIA_BLEND_075,,,,,,,,,,
PatientID_0031_T2_to_T3_t1c,CLEAN,0.3009374294301746,0.177119686270578,,,,,,,,,,,,,,,,,,,,,imperfect_guidance,,PCC,,,,,1.0,,,,,
PatientID_0032_T1_to_T2_t1c,CLEAN,0.1052195529804393,0.0555312640771616,,,,,,,,,,,,,,,,,,,,,imperfect_guidance,,EIA_LINEAR,,,,,,,,,,
PatientID_0032_T1_to_T2_t1c,CLEAN,0.6743993373345488,0.5087500003070312,,,,,,,,,,,,,,,,,,,,,imperfect_guidance,,EIA_BLEND_075,,,,,,,,,,
PatientID_0032_T1_to_T2_t1c,CLEAN,0.1690140848512783,0.0923076927184128,,,,,,,,,,,,,,,,,,,,,imperfect_guidance,,PCC,,,,,1.0,,,,,
PatientID_0033_T1_to_T2_t1c,CLEAN,0.1563833915814715,0.0848242475749934,,,,,,,,,,,,,,,,,,,,,imperfect_guidance,,EIA_LINEAR,,,,,,,,,,
PatientID_0033_T1_to_T2_t1c,CLEAN,0.2083818393864774,0.116309291795738,,,,,,,,,,,,,,,,,,,,,imperfect_guidance,,EIA_BLEND_075,,,,,,,,,,
PatientID_0033_T1_to_T2_t1c,CLEAN,0.1955762514941998,0.1083870968221297,,,,,,,,,,,,,,,,,,,,,imperfect_guidance,,PCC,,,,,1.0,,,,,
PatientID_0034_T1_to_T2_t1c,CLEAN,0.1717760325346116,0.0939578715224559,,,,,,,,,,,,,,,,,,,,,imperfect_guidance,,EIA_LINEAR,,,,,,,,,,
PatientID_0034_T1_to_T2_t1c,CLEAN,0.7215606790319786,0.5644074515330147,,,,,,,,,,,,,,,,,,,,,imperfect_guidance,,EIA_BLEND_075,,,,,,,,,,
PatientID_0034_T1_to_T2_t1c,CLEAN,0.3422852800427811,0.2064802079770013,,,,,,,,,,,,,,,,,,,,,imperfect_guidance,,PCC,,,,,1.0,,,,,
PatientID_0035_T1_to_T2_t1c,CLEAN,0.2748063446560667,0.1592901434339768,,,,,,,,,,,,,,,,,,,,,imperfect_guidance,,EIA_LINEAR,,,,,,,,,,
PatientID_0035_T1_to_T2_t1c,CLEAN,0.6285503504927055,0.4583109199950751,,,,,,,,,,,,,,,,,,,,,imperfect_guidance,,EIA_BLEND_075,,,,,,,,,,
PatientID_0035_T1_to_T2_t1c,CLEAN,0.3932128367035756,0.2447199267114968,,,,,,,,,,,,,,,,,,,,,imperfect_guidance,,PCC,,,,,1.0,,,,,
PatientID_0036_T1_to_T2_t1c,CLEAN,0.5681682024393905,0.3968121139729347,,,,,,,,,,,,,,,,,,,,,imperfect_guidance,,EIA_LINEAR,,,,,,,,,,
PatientID_0036_T1_to_T2_t1c,CLEAN,0.5652297948851365,0.3939514445410499,,,,,,,,,,,,,,,,,,,,,imperfect_guidance,,EIA_BLEND_075,,,,,,,,,,
PatientID_0036_T1_to_T2_t1c,CLEAN,0.3912218640388039,0.2431795008268548,,,,,,,,,,,,,,,,,,,,,imperfect_guidance,,PCC,,,,,1.0,,,,,
PatientID_0037_T1_to_T2_t1c,CLEAN,0.3361600044724238,0.202038660801012,,,,,,,,,,,,,,,,,,,,,imperfect_guidance,,EIA_LINEAR,,,,,,,,,,
PatientID_0037_T1_to_T2_t1c,CLEAN,0.3543752963910517,0.2153439332946512,,,,,,,,,,,,,,,,,,,,,imperfect_guidance,,EIA_BLEND_075,,,,,,,,,,
PatientID_0037_T1_to_T2_t1c,CLEAN,0.377639543650065,0.232771664387332,,,,,,,,,,,,,,,,,,,,,imperfect_guidance,,PCC,,,,,1.0,,,,,
PatientID_0038_T1_to_T2_t1c,CLEAN,0.2833208114334463,0.1650400455344864,,,,,,,,,,,,,,,,,,,,,imperfect_guidance,,EIA_LINEAR,,,,,,,,,,
PatientID_0038_T1_to_T2_t1c,CLEAN,0.2885424492996141,0.1685945696971269,,,,,,,,,,,,,,,,,,,,,imperfect_guidance,,EIA_BLEND_075,,,,,,,,,,
PatientID_0038_T1_to_T2_t1c,CLEAN,0.3394815927997843,0.204443137361617,,,,,,,,,,,,,,,,,,,,,imperfect_guidance,,PCC,,,,,1.0,,,,,
PatientID_0039_T1_to_T2_t1c,CLEAN,0.1195219125100467,0.0635593222142605,,,,,,,,,,,,,,,,,,,,,imperfect_guidance,,EIA_LINEAR,,,,,,,,,,
PatientID_0039_T1_to_T2_t1c,CLEAN,0.7450199203649004,0.5936507937680662,,,,,,,,,,,,,,,,,,,,,imperfect_guidance,,EIA_BLEND_075,,,,,,,,,,
PatientID_0039_T1_to_T2_t1c,CLEAN,0.2875769649968169,0.1679357023756481,,,,,,,,,,,,,,,,,,,,,imperfect_guidance,,PCC,,,,,1.0,,,,,
PatientID_0041_T1_to_T2_t1c,CLEAN,0.3642416769812428,0.2226745063151911,,,,,,,,,,,,,,,,,,,,,imperfect_guidance,,EIA_LINEAR,,,,,,,,,,
PatientID_0041_T1_to_T2_t1c,CLEAN,0.4849568434349595,0.3200944087800036,,,,,,,,,,,,,,,,,,,,,imperfect_guidance,,EIA_BLEND_075,,,,,,,,,,
PatientID_0041_T1_to_T2_t1c,CLEAN,0.451664611624435,0.2917098033533718,,,,,,,,,,,,,,,,,,,,,imperfect_guidance,,PCC,,,,,1.0,,,,,
PatientID_0044_T1_to_T2_t1c,CLEAN,0.1779402805673552,0.0976588631780405,,,,,,,,,,,,,,,,,,,,,imperfect_guidance,,EIA_LINEAR,,,,,,,,,,
PatientID_0044_T1_to_T2_t1c,CLEAN,0.6910420476261298,0.5279329611136253,,,,,,,,,,,,,,,,,,,,,imperfect_guidance,,EIA_BLEND_075,,,,,,,,,,
PatientID_0044_T1_to_T2_t1c,CLEAN,0.3217550276289595,0.1917211331910961,,,,,,,,,,,,,,,,,,,,,imperfect_guidance,,PCC,,,,,1.0,,,,,
PatientID_0045_T1_to_T2_t1c,CLEAN,0.5266491351575369,0.3574499107650086,,,,,,,,,,,,,,,,,,,,,imperfect_guidance,,EIA_LINEAR,,,,,,,,,,
PatientID_0045_T1_to_T2_t1c,CLEAN,0.5109633690181955,0.3431503016063286,,,,,,,,,,,,,,,,,,,,,imperfect_guidance,,EIA_BLEND_075,,,,,,,,,,
PatientID_0045_T1_to_T2_t1c,CLEAN,0.3798844401701925,0.2344798418065855,,,,,,,,,,,,,,,,,,,,,imperfect_guidance,,PCC,,,,,1.0,,,,,
PatientID_0051_T1_to_T3_t1c,CLEAN,0.2996961256235852,0.1762603321477303,,,,,,,,,,,,,,,,,,,,,imperfect_guidance,,EIA_LINEAR,,,,,,,,,,
PatientID_0051_T1_to_T3_t1c,CLEAN,0.7756394023874513,0.6335056877128488,,,,,,,,,,,,,,,,,,,,,imperfect_guidance,,EIA_BLEND_075,,,,,,,,,,
PatientID_0051_T1_to_T3_t1c,CLEAN,0.4611927070314892,0.2997079031019991,,,,,,,,,,,,,,,,,,,,,imperfect_guidance,,PCC,,,,,1.0,,,,,
PatientID_0052_T1_to_T2_t1c,CLEAN,0.2138279192446482,0.1197129445520973,,,,,,,,,,,,,,,,,,,,,imperfect_guidance,,EIA_LINEAR,,,,,,,,,,
PatientID_0052_T1_to_T2_t1c,CLEAN,0.2030728709569123,0.1130111887645231,,,,,,,,,,,,,,,,,,,,,imperfect_guidance,,EIA_BLEND_075,,,,,,,,,,
PatientID_0052_T1_to_T2_t1c,CLEAN,0.2649253731504625,0.1526881720644481,,,,,,,,,,,,,,,,,,,,,imperfect_guidance,,PCC,,,,,1.0,,,,,
PatientID_0053_T1_to_T3_t1c,CLEAN,0.8152953641471901,0.688184497194656,,,,,,,,,,,,,,,,,,,,,imperfect_guidance,,EIA_LINEAR,,,,,,,,,,
PatientID_0053_T1_to_T3_t1c,CLEAN,0.8135844927317771,0.6857500494126698,,,,,,,,,,,,,,,,,,,,,imperfect_guidance,,EIA_BLEND_075,,,,,,,,,,
PatientID_0053_T1_to_T3_t1c,CLEAN,0.507625102046499,0.3401458324885205,,,,,,,,,,,,,,,,,,,,,imperfect_guidance,,PCC,,,,,1.0,,,,,
PatientID_0054_T1_to_T2_t1c,CLEAN,0.1316740823740493,0.0704770410753533,,,,,,,,,,,,,,,,,,,,,imperfect_guidance,,EIA_LINEAR,,,,,,,,,,
PatientID_0054_T1_to_T2_t1c,CLEAN,0.6669911012467331,0.5003650777615141,,,,,,,,,,,,,,,,,,,,,imperfect_guidance,,EIA_BLEND_075,,,,,,,,,,
PatientID_0054_T1_to_T2_t1c,CLEAN,0.2632091212970516,0.1515491154309864,,,,,,,,,,,,,,,,,,,,,imperfect_guidance,,PCC,,,,,1.0,,,,,
PatientID_0055_T1_to_T4_t1c,CLEAN,0.4323991870940101,0.2758350107715248,,,,,,,,,,,,,,,,,,,,,imperfect_guidance,,EIA_LINEAR,,,,,,,,,,
PatientID_0055_T1_to_T4_t1c,CLEAN,0.6158412664558819,0.4449209845274556,,,,,,,,,,,,,,,,,,,,,imperfect_guidance,,EIA_BLEND_075,,,,,,,,,,
PatientID_0055_T1_to_T4_t1c,CLEAN,0.5412343566279486,0.3710221440324453,,,,,,,,,,,,,,,,,,,,,imperfect_guidance,,PCC,,,,,1.0,,,,,
PatientID_0059_T1_to_T2_t1c,CLEAN,0.0515151517204512,0.0264385694231418,,,,,,,,,,,,,,,,,,,,,imperfect_guidance,,EIA_LINEAR,,,,,,,,,,
PatientID_0059_T1_to_T2_t1c,CLEAN,0.2787878789439853,0.1619718311966871,,,,,,,,,,,,,,,,,,,,,imperfect_guidance,,EIA_BLEND_075,,,,,,,,,,
PatientID_0059_T1_to_T2_t1c,CLEAN,0.1160173162086542,0.0615808825685705,,,,,,,,,,,,,,,,,,,,,imperfect_guidance,,PCC,,,,,1.0,,,,,
PatientID_0060_T1_to_T2_t1c,CLEAN,0.7433354776980267,0.5915146520883556,,,,,,,,,,,,,,,,,,,,,imperfect_guidance,,EIA_LINEAR,,,,,,,,,,
PatientID_0060_T1_to_T2_t1c,CLEAN,0.901762038505156,0.8210989513412422,,,,,,,,,,,,,,,,,,,,,imperfect_guidance,,EIA_BLEND_075,,,,,,,,,,
PatientID_0060_T1_to_T2_t1c,CLEAN,0.8218662231511001,0.6976000852396239,,,,,,,,,,,,,,,,,,,,,imperfect_guidance,,PCC,,,,,1.0,,,,,
PatientID_0062_T1_to_T2_t1c,CLEAN,0.780223270292187,0.6396443310424064,,,,,,,,,,,,,,,,,,,,,imperfect_guidance,,EIA_LINEAR,,,,,,,,,,
PatientID_0062_T1_to_T2_t1c,CLEAN,0.8823464024273708,0.7894632150295607,,,,,,,,,,,,,,,,,,,,,imperfect_guidance,,EIA_BLEND_075,,,,,,,,,,
PatientID_0062_T1_to_T2_t1c,CLEAN,0.8344052212866275,0.7158621817180167,,,,,,,,,,,,,,,,,,,,,imperfect_guidance,,PCC,,,,,1.0,,,,,
PatientID_0003_T1_to_T2_t1c,ORIGINAL,0.6074838500059423,0.4362490517757995,,0.3471424599546788,0.2100256383576373,0.6074838500059423,0.4362490517757995,0.2185251707210572,2.004974755561799,79690.0,24613.0,24613.0,8.119062840705737e-06,0.9999552965164183,0.0092173228040337,82292.2578125,topk,24613.0,24613.0,17982.9296875,0.0,64309.59765625,target_construction,,,,,,,,same_definition,False,13.0,1.0,
PatientID_0003_T1_to_T2_t1c,ORIGINAL,0.6074838500059423,0.4362490517757995,,0.3471424599546788,0.2100256383576373,0.6074838500059423,0.4362490517757995,0.2185251707210572,2.004974755561799,79690.0,24613.0,24613.0,8.119062840705737e-06,0.9999552965164183,0.0092173228040337,82292.2578125,topk,24613.0,24613.0,17982.9296875,0.0,64309.59765625,target_construction,,,,,,,,original_clean,False,13.0,1.0,
PatientID_0003_T1_to_T2_t1c,BOUNDARY_TOLERANT,0.3462034335568228,0.2093385852942172,,0.1917334557144197,0.1060316336271715,0.3462034335568228,0.2093385852942172,0.1093486647642178,1.870732539046936,78966.0,14737.0,14737.0,8.1066291386378e-06,0.9998825788497924,0.0091116242110729,81348.578125,topk,14737.0,14737.0,8895.3583984375,0.0,72453.2734375,target_construction,,,,,,,,same_definition,False,3.0,1.0,
PatientID_0003_T1_to_T2_t1c,BOUNDARY_TOLERANT,0.5544224596848327,0.3835300730920874,,0.3408992170291188,0.2054722778361637,0.5544224596848327,0.3835300730920874,0.2132793116966095,1.9915164802960603,78966.0,24613.0,24613.0,8.1066291386378e-06,0.9998825788497924,0.0091116242110729,81348.578125,topk,14737.0,24613.0,17349.96875,0.0,63998.87109375,target_construction,,,,,,,,original_clean,False,3.0,1.0,
PatientID_0003_T1_to_T2_t1c,ERODED_CURRENT,0.4561876220140196,0.2954942119448709,,0.3151782723403865,0.1870692116400845,0.4561876220140196,0.2954942119448709,0.2205681276647481,1.839988267211749,80052.0,36371.0,36371.0,8.119054655253422e-06,0.9999825954437256,0.0092656230553984,82723.484375,topk,36371.0,36371.0,18246.1640625,0.0,64477.58984375,target_construction,,,,,,,,same_definition,False,8.0,1.0,
PatientID_0003_T1_to_T2_t1c,ERODED_CURRENT,0.6241417137361528,0.4536380817548536,,0.350585200407485,0.2125512639401683,0.6241417137361528,0.4536380817548536,0.2205616112262292,2.010136388340763,80052.0,24613.0,24613.0,8.119054655253422e-06,0.9999825954437256,0.0092656230553984,82723.484375,topk,36371.0,24613.0,18245.625,0.5389896035194397,64478.13671875,target_construction,,,,,,,,original_clean,False,8.0,1.0,
PatientID_0003_T1_to_T2_t1c,LARGE_CHANGE_ONLY,0.6053480302183027,0.434049528732684,,0.3452737464548753,0.2086591336317703,0.6053480302183027,0.434049528732684,0.2171412951203447,2.003540195902229,79689.0,24495.0,24495.0,8.119062840705737e-06,0.9999552965164183,0.0092162061482667,82282.2890625,topk,24495.0,24495.0,17866.8828125,0.0,64415.67578125,target_construction,,,,,,,,same_definition,False,2.0,1.0,
PatientID_0003_T1_to_T2_t1c,LARGE_CHANGE_ONLY,0.6069556738388868,0.4357044944312508,,0.3471457881982402,0.210028074906494,0.6069556738388868,0.4357044944312508,0.2185317304671067,2.004991319120556,79689.0,24613.0,24613.0,8.119062840705737e-06,0.9999552965164183,0.0092162061482667,82282.2890625,topk,24495.0,24613.0,17981.291015625,0.0,64301.28515625,target_construction,,,,,,,,original_clean,False,2.0,1.0,
PatientID_0005_T3_to_T4_t1c,ORIGINAL,0.4502256437629353,0.290510448808136,,0.276091072196853,0.1601540938459044,0.4502256437629353,0.290510448808136,0.1551969864253002,1.9389990413313307,82052.0,18835.0,18835.0,8.030620847421233e-06,0.9993584752082824,0.0097058396786451,86653.734375,topk,18835.0,18835.0,13448.3984375,0.0,73205.2734375,target_construction,,,,,,,,same_definition,False,59.0,1.0,
PatientID_0005_T3_to_T4_t1c,ORIGINAL,0.4502256437629353,0.290510448808136,,0.276091072196853,0.1601540938459044,0.4502256437629353,0.290510448808136,0.1551969864253002,1.9389990413313307,82052.0,18835.0,18835.0,8.030620847421233e-06,0.9993584752082824,0.0097058396786451,86653.734375,topk,18835.0,18835.0,13448.3984375,0.0,73205.2734375,target_construction,,,,,,,,original_clean,False,59.0,1.0,
PatientID_0005_T3_to_T4_t1c,BOUNDARY_TOLERANT,0.0355014896927133,0.0180715279896282,,0.0482859556758214,0.024740281921856,0.0355014896927133,0.0180715279896282,0.0228524912212383,1.7144415025218869,80013.0,4028.0,4028.0,8.024933777051046e-06,0.9993581175804138,0.0094236321747303,84134.1875,topk,4028.0,4028.0,1922.67578125,0.0,82211.546875,target_construction,,,,,,,,same_definition,False,77.0,1.0,
PatientID_0005_T3_to_T4_t1c,BOUNDARY_TOLERANT,0.3469073533489007,0.2098535457602179,,0.2651343476927694,0.1528270199762919,0.3469073533489007,0.2098535457602179,0.1466168581514326,1.909910907601789,80013.0,18835.0,18835.0,8.024933777051046e-06,0.9993581175804138,0.0094236321747303,84134.1875,topk,4028.0,18835.0,12335.490234375,0.0,71798.65625,target_construction,,,,,,,,original_clean,False,77.0,1.0,
PatientID_0005_T3_to_T4_t1c,ERODED_CURRENT,0.2585629614301907,0.1484767784951876,,0.2202212814998961,0.1237352032684838,0.2585629614301907,0.1484767784951876,0.159810449486401,1.5456262139986707,83964.0,48085.0,48085.0,8.24345897854073e-06,0.9996633529663086,0.0099693788215518,89006.6171875,topk,48085.0,48085.0,14224.1875,0.0,74782.4921875,target_construction,,,,,,,,same_definition,False,12.0,1.0,
PatientID_0005_T3_to_T4_t1c,ERODED_CURRENT,0.4994425272232694,0.3328379860831179,,0.2828821292105674,0.1647424058830856,0.4994425272232694,0.3328379860831179,0.1598030544954913,1.9540745696309887,83964.0,18835.0,18835.0,8.24345897854073e-06,0.9996633529663086,0.0099693788215518,89006.6171875,topk,48085.0,18835.0,14223.529296875,0.6591106653213501,74783.1328125,target_construction,,,,,,,,original_clean,False,12.0,1.0,
PatientID_0005_T3_to_T4_t1c,LARGE_CHANGE_ONLY,0.4388064640825435,0.2810711510181208,,0.2668941979595775,0.1539976368747075,0.4388064640825435,0.2810711510181208,0.1488610571061336,1.9342297411636344,81489.0,18131.0,18131.0,8.030912795220502e-06,0.9993581175804138,0.0096706412732601,86339.484375,topk,18131.0,18131.0,12852.5869140625,0.0,73486.8828125,target_construction,,,,,,,,same_definition,False,5.0,1.0,
PatientID_0005_T3_to_T4_t1c,LARGE_CHANGE_ONLY,0.4490045128895937,0.2894944032009894,,0.2773812846449764,0.1610230297516373,0.4490045128895937,0.2894944032009894,0.1555604923116723,1.9402018686944469,81489.0,18835.0,18835.0,8.030912795220502e-06,0.9993581175804138,0.0096706412732601,86339.484375,topk,18131.0,18835.0,13431.0126953125,0.0,72908.4296875,target_construction,,,,,,,,original_clean,False,5.0,1.0,
PatientID_0006_T2_to_T4_t1c,ORIGINAL,0.6406579160662644,0.4712999940552155,,0.3619406138411866,0.2209569548610253,0.6406579160662644,0.4712999940552155,0.217243127688085,2.0004550540046746,105481.0,24684.0,24684.0,8.133329174597748e-06,0.9999774694442748,0.0119066266342997,106302.359375,topk,24684.0,24684.0,23093.45703125,0.0,83208.8828125,target_construction,,,,,,,,same_definition,False,12.0,1.0,
PatientID_0006_T2_to_T4_t1c,ORIGINAL,0.6406579160662644,0.4712999940552155,,0.3619406138411866,0.2209569548610253,0.6406579160662644,0.4712999940552155,0.217243127688085,2.0004550540046746,105481.0,24684.0,24684.0,8.133329174597748e-06,0.9999774694442748,0.0119066266342997,106302.359375,topk,24684.0,24684.0,23093.45703125,0.0,83208.8828125,target_construction,,,,,,,,original_clean,False,12.0,1.0,
PatientID_0006_T2_to_T4_t1c,BOUNDARY_TOLERANT,0.4306680437182511,0.2744276263629792,,0.2811514099205071,0.1635696195406736,0.4306680437182511,0.2744276263629792,0.15977097269231,1.9642110192724245,104270.0,18397.0,18397.0,8.126398824970238e-06,0.9999383687973022,0.0117543069645762,104942.453125,topk,18397.0,18397.0,16766.7578125,0.0,88175.7109375,target_construction,,,,,,,,same_definition,False,6.0,1.0,
PatientID_0006_T2_to_T4_t1c,BOUNDARY_TOLERANT,0.630327337554077,0.4602029045680084,,0.3646106363558741,0.2229503532721044,0.630327337554077,0.4602029045680084,0.2185138447157661,2.003693553056994,104270.0,24684.0,24684.0,8.126398824970238e-06,0.9999383687973022,0.0117543069645762,104942.453125,topk,18397.0,24684.0,22931.37890625,0.0,82011.0546875,target_construction,,,,,,,,original_clean,False,6.0,1.0,
PatientID_0006_T2_to_T4_t1c,ERODED_CURRENT,0.5596779523603859,0.3885783414110508,,0.338283105945194,0.2035744519184944,0.5596779523603859,0.3885783414110508,0.2164992559033946,1.8682742077148715,106046.0,33287.0,33287.0,8.137333679769654e-06,0.9999903440475464,0.011966953985393,106840.96875,topk,33287.0,33287.0,23130.990234375,0.0,83709.90625,target_construction,,,,,,,,same_definition,False,16.0,1.0,
PatientID_0006_T2_to_T4_t1c,ERODED_CURRENT,0.641630205808588,0.4723531166277258,,0.3605446339833202,0.2199173222173706,0.641630205808588,0.4723531166277258,0.216492272685639,1.9985351958209088,106046.0,24684.0,24684.0,8.137333679769654e-06,0.9999903440475464,0.011966953985393,106840.96875,topk,33287.0,24684.0,23130.244140625,0.745640754699707,83710.671875,target_construction,,,,,,,,original_clean,False,16.0,1.0,
PatientID_0006_T2_to_T4_t1c,LARGE_CHANGE_ONLY,0.6400211322054695,0.4706110862252918,,0.3618583791247381,0.2208956628166253,0.6400211322054695,0.4706110862252918,0.2170310914260198,2.001273721640998,105162.0,24607.0,24607.0,8.133329174597748e-06,0.9999774694442748,0.0118789663538336,106055.4140625,topk,24607.0,24607.0,23017.322265625,0.0,83038.1171875,target_construction,,,,,,,,same_definition,False,4.0,1.0,
PatientID_0006_T2_to_T4_t1c,LARGE_CHANGE_ONLY,0.6412250850826198,0.4719141323949936,,0.3628298137843073,0.2216200959711956,0.6412250850826198,0.4719141323949936,0.2177467771307144,2.001740068409774,105162.0,24684.0,24684.0,8.133329174597748e-06,0.9999774694442748,0.0118789663538336,106055.4140625,topk,24607.0,24684.0,23093.224609375,0.0,82962.2109375,target_construction,,,,,,,,original_clean,False,4.0,1.0,
PatientID_0007_T2_to_T3_t1c,ORIGINAL,0.4406031629618362,0.2825471698677242,,0.2659557043937841,0.1533730741960167,0.4406031629618362,0.2825471698677242,0.1427181384848732,2.2601810308384582,46792.0,8157.0,8157.0,8.22406309453072e-06,0.9999876022338868,0.005615571513772,50135.82421875,topk,8157.0,8157.0,7155.29150390625,0.0,42980.56640625,target_construction,,,,,,,,same_definition,False,13.0,1.0,
PatientID_0007_T2_to_T3_t1c,ORIGINAL,0.4406031629618362,0.2825471698677242,,0.2659557043937841,0.1533730741960167,0.4406031629618362,0.2825471698677242,0.1427181384848732,2.2601810308384582,46792.0,8157.0,8157.0,8.22406309453072e-06,0.9999876022338868,0.005615571513772,50135.82421875,topk,8157.0,8157.0,7155.29150390625,0.0,42980.56640625,target_construction,,,,,,,,original_clean,False,13.0,1.0,
PatientID_0007_T2_to_T3_t1c,BOUNDARY_TOLERANT,0.1174107144827208,0.0623666115574183,,0.0674472295706743,0.0349005888080275,0.1174107144827208,0.0623666115574183,0.0317084595026865,2.1155654527689896,46272.0,2240.0,2240.0,8.152394912031014e-06,0.9999732971191406,0.0055452743545174,49508.2109375,topk,2240.0,2240.0,1569.8291015625,0.0,47938.375,target_construction,,,,,,,,same_definition,False,29.0,1.0,
PatientID_0007_T2_to_T3_t1c,BOUNDARY_TOLERANT,0.3774672061188263,0.2326407254074317,,0.2653364934269353,0.1529613624988781,0.3774672061188263,0.2326407254074317,0.1408808884447702,2.2536245042718392,46272.0,8157.0,8157.0,8.152394912031014e-06,0.9999732971191406,0.0055452743545174,49508.2109375,topk,2240.0,8157.0,6974.7607421875,0.0,42533.453125,target_construction,,,,,,,,original_clean,False,29.0,1.0,
PatientID_0007_T2_to_T3_t1c,ERODED_CURRENT,0.3598704398408947,0.2194158611641404,,0.2298687039074916,0.1298596914411794,0.3598704398408947,0.2194158611641404,0.1453438867563456,1.9350382564005333,47065.0,17598.0,17598.0,8.233213520725258e-06,0.9999912977218628,0.0056636040098965,50564.65625,topk,17598.0,17598.0,7349.263671875,0.0,43215.4140625,target_construction,,,,,,,,same_definition,False,6.0,1.0,
PatientID_0007_T2_to_T3_t1c,ERODED_CURRENT,0.4885374525261409,0.323221672534413,,0.2660171670843863,0.1534139566147959,0.4885374525261409,0.323221672534413,0.1432023777261378,2.261897532555785,47065.0,8157.0,8157.0,8.233213520725258e-06,0.9999912977218628,0.0056636040098965,50564.65625,topk,17598.0,8157.0,7240.97900390625,108.2844467163086,43323.70703125,target_construction,,,,,,,,original_clean,False,6.0,1.0,
PatientID_0007_T2_to_T3_t1c,LARGE_CHANGE_ONLY,0.4398765432444521,0.2819498299215043,,0.264183944917389,0.1521958183064868,0.4398765432444521,0.2819498299215043,0.1416622529297332,2.259469620169153,46786.0,8100.0,8100.0,8.22406309453072e-06,0.9999876022338868,0.0056148148141801,50129.06640625,topk,8100.0,8100.0,7101.396484375,0.0,43027.70703125,target_construction,,,,,,,,same_definition,False,5.0,1.0,
PatientID_0007_T2_to_T3_t1c,LARGE_CHANGE_ONLY,0.4412161334166228,0.2830515140162759,,0.2659847478429284,0.1533923923261106,0.4412161334166228,0.2830515140162759,0.142723264111728,2.260199246375153,46786.0,8157.0,8157.0,8.22406309453072e-06,0.9999876022338868,0.0056148148141801,50129.06640625,topk,8100.0,8157.0,7154.583984375,0.0,42974.515625,target_construction,,,,,,,,original_clean,False,5.0,1.0,
PatientID_0008_T4_to_T6_t1c,ORIGINAL,0.2770472895874224,0.1607979650340343,,0.2271580989705549,0.1281321808114601,0.2770472895874224,0.1607979650340343,0.1319642974460693,2.4954705807649638,16285.0,4335.0,4335.0,8.199411240639165e-06,0.99994957447052,0.0019546053372323,17450.716796875,topk,4335.0,4335.0,2302.87158203125,0.0,15147.841796875,target_construction,,,,,,,,same_definition,False,11.0,1.0,
PatientID_0008_T4_to_T6_t1c,ORIGINAL,0.2770472895874224,0.1607979650340343,,0.2271580989705549,0.1281321808114601,0.2770472895874224,0.1607979650340343,0.1319642974460693,2.4954705807649638,16285.0,4335.0,4335.0,8.199411240639165e-06,0.99994957447052,0.0019546053372323,17450.716796875,topk,4335.0,4335.0,2302.87158203125,0.0,15147.841796875,target_construction,,,,,,,,original_clean,False,11.0,1.0,
PatientID_0008_T4_to_T6_t1c,BOUNDARY_TOLERANT,0.0095969292203462,0.0048216010113737,,0.0872711081935063,0.0456264913550819,0.0095969292203462,0.0048216010113737,0.0448092893214992,2.303030585896145,15883.0,2084.0,2084.0,8.224847078963649e-06,0.99994957447052,0.001914155203849,17089.578125,topk,2084.0,2084.0,765.7718505859375,0.0,16323.8095703125,target_construction,,,,,,,,same_definition,False,5.0,1.0,
PatientID_0008_T4_to_T6_t1c,BOUNDARY_TOLERANT,0.2226066898243821,0.1252433485885472,,0.2113957859723318,0.1181903656258951,0.2226066898243821,0.1252433485885472,0.1236859510044232,2.4632123119808025,15883.0,4335.0,4335.0,8.224847078963649e-06,0.99994957447052,0.001914155203849,17089.578125,topk,2084.0,4335.0,2113.74072265625,0.0,14975.8330078125,target_construction,,,,,,,,original_clean,False,5.0,1.0,
PatientID_0008_T4_to_T6_t1c,ERODED_CURRENT,0.2111895161787305,0.1180614258158593,,0.2003924454582457,0.1113534142423627,0.2111895161787305,0.1180614258158593,0.1366394522321664,2.2501476890566443,16526.0,7936.0,7936.0,8.198402611014899e-06,0.9999656677246094,0.0019819794688373,17695.11328125,topk,7936.0,7936.0,2417.8505859375,0.0,15277.2626953125,target_construction,,,,,,,,same_definition,False,12.0,1.0,
PatientID_0008_T4_to_T6_t1c,ERODED_CURRENT,0.3042675894689425,0.1794313699932755,,0.2348880686815163,0.1330726196766567,0.3042675894689425,0.1794313699932755,0.1365132918714207,2.512471290995959,16526.0,4335.0,4335.0,8.198402611014899e-06,0.9999656677246094,0.0019819794688373,17695.11328125,topk,7936.0,4335.0,2415.6181640625,2.2324252128601074,15279.4814453125,target_construction,,,,,,,,original_clean,False,12.0,1.0,
PatientID_0008_T4_to_T6_t1c,LARGE_CHANGE_ONLY,0.2775958840882137,0.1611676851104999,,0.228283224011934,0.1288485987989139,0.2775958840882137,0.1611676851104999,0.1318308639842546,2.5009183493970526,16146.0,4276.0,4276.0,8.199411240639165e-06,0.99994957447052,0.0019445155048742,17360.634765625,topk,4276.0,4276.0,2288.66748046875,0.0,15071.9755859375,target_construction,,,,,,,,same_definition,False,1.0,1.0,
PatientID_0008_T4_to_T6_t1c,LARGE_CHANGE_ONLY,0.2770472895874224,0.1607979650340343,,0.2286997705566769,0.1291140636678364,0.2770472895874224,0.1607979650340343,0.1325846065400655,2.497817903146115,16146.0,4335.0,4335.0,8.199411240639165e-06,0.99994957447052,0.0019445155048742,17360.634765625,topk,4276.0,4335.0,2301.7529296875,0.0,15058.87109375,target_construction,,,,,,,,original_clean,False,1.0,1.0,
PatientID_0010_T1_to_T4_t1c,ORIGINAL,0.6343877581044676,0.4645445746969665,,0.5867369028769576,0.4151646668468187,0.6343877581044676,0.4645445746969665,0.4652236607215956,2.3565059799587047,49101.0,34047.0,34047.0,8.517981768818572e-06,0.999845027923584,0.0058339452371001,52085.46484375,topk,34047.0,34047.0,24231.390625,0.0,27853.9609375,target_construction,,,,,,,,same_definition,False,7.0,1.0,
PatientID_0010_T1_to_T4_t1c,ORIGINAL,0.6343877581044676,0.4645445746969665,,0.5867369028769576,0.4151646668468187,0.6343877581044676,0.4645445746969665,0.4652236607215956,2.3565059799587047,49101.0,34047.0,34047.0,8.517981768818572e-06,0.999845027923584,0.0058339452371001,52085.46484375,topk,34047.0,34047.0,24231.390625,0.0,27853.9609375,target_construction,,,,,,,,original_clean,False,7.0,1.0,
PatientID_0010_T1_to_T4_t1c,BOUNDARY_TOLERANT,0.54157830115821,0.3713454768260792,,0.4750778608066102,0.311542372299156,0.54157830115821,0.3713454768260792,0.3484875847815493,2.248327310540768,47936.0,26877.0,26877.0,8.517071364622097e-06,0.9995786547660828,0.0057078693062067,50959.85546875,topk,26877.0,26877.0,17758.876953125,0.0,33200.9921875,target_construction,,,,,,,,same_definition,False,10.0,1.0,
PatientID_0010_T1_to_T4_t1c,BOUNDARY_TOLERANT,0.6225805504211447,0.4519905324551252,,0.5833648439361409,0.4117961081554711,0.6225805504211447,0.4519905324551252,0.4639809920844412,2.354336454011804,47936.0,34047.0,34047.0,8.517071364622097e-06,0.9995786547660828,0.0057078693062067,50959.85546875,topk,26877.0,34047.0,23644.404296875,0.0,27315.33203125,target_construction,,,,,,,,original_clean,False,10.0,1.0,
PatientID_0010_T1_to_T4_t1c,ERODED_CURRENT,0.541494684903942,0.3712668574509293,,0.5293650111753592,0.3599567637142321,0.541494684903942,0.3712668574509293,0.4646457526520434,2.249960841463849,49737.0,43367.0,43367.0,8.517803507857025e-06,0.9999336004257202,0.0059061287902295,52729.91796875,topk,43367.0,43367.0,24500.732421875,0.0,28229.095703125,target_construction,,,,,,,,same_definition,False,8.0,1.0,
PatientID_0010_T1_to_T4_t1c,ERODED_CURRENT,0.6386759479596048,0.4691579106459868,,0.5882507400030048,0.4166821663580818,0.6386759479596048,0.4691579106459868,0.4646408263097504,2.355488592528001,49737.0,34047.0,34047.0,8.517803507857025e-06,0.9999336004257202,0.0059061287902295,52729.91796875,topk,43367.0,34047.0,24500.47265625,0.2590551972389221,28229.326171875,target_construction,,,,,,,,original_clean,False,8.0,1.0,
PatientID_0010_T1_to_T4_t1c,LARGE_CHANGE_ONLY,0.6343215473896088,0.4644735707626008,,0.5858089386870762,0.4142360637962683,0.6343215473896088,0.4644735707626008,0.4645687090399635,2.356388152867844,49043.0,33967.0,33967.0,8.517981768818572e-06,0.999845027923584,0.0058240783400833,51997.37109375,topk,33967.0,33967.0,24156.3515625,0.0,27840.90625,target_construction,,,,,,,,same_definition,False,3.0,1.0,
PatientID_0010_T1_to_T4_t1c,LARGE_CHANGE_ONLY,0.6355038623133389,0.4657425145948782,,0.5871464676906109,0.415574901623327,0.6355038623133389,0.4657425145948782,0.4659804390650764,2.3578268854709754,49043.0,34047.0,34047.0,8.517981768818572e-06,0.999845027923584,0.0058240783400833,51997.37109375,topk,33967.0,34047.0,24229.7578125,0.0,27767.5,target_construction,,,,,,,,original_clean,False,3.0,1.0,
PatientID_0011_T1_to_T2_t1c,ORIGINAL,0.4890475653238258,0.3236684055074763,,0.4856131031467786,0.320666471798493,0.4890475653238258,0.3236684055074763,0.4288909227793543,2.0306729283413936,73499.0,62041.0,62041.0,8.377905942325015e-06,0.9999221563339232,0.0086544668301939,77267.078125,topk,62041.0,62041.0,33139.1484375,0.0,44128.0234375,target_construction,,,,,,,,same_definition,False,35.0,1.0,
PatientID_0011_T1_to_T2_t1c,ORIGINAL,0.4890475653238258,0.3236684055074763,,0.4856131031467786,0.320666471798493,0.4890475653238258,0.3236684055074763,0.4288909227793543,2.0306729283413936,73499.0,62041.0,62041.0,8.377905942325015e-06,0.9999221563339232,0.0086544668301939,77267.078125,topk,62041.0,62041.0,33139.1484375,0.0,44128.0234375,target_construction,,,,,,,,original_clean,False,35.0,1.0,
PatientID_0011_T1_to_T2_t1c,BOUNDARY_TOLERANT,0.2675418994515707,0.1544290735681785,,0.2637317308752896,0.1518957269294526,0.2675418994515707,0.1544290735681785,0.192226775029613,1.7716491018561142,70869.0,35800.0,35800.0,8.357492333743721e-06,0.9997994303703308,0.0083080129697918,74173.9375,topk,35800.0,35800.0,14258.216796875,0.0,59915.84375,target_construction,,,,,,,,same_definition,False,33.0,1.0,
PatientID_0011_T1_to_T2_t1c,BOUNDARY_TOLERANT,0.4643864541233669,0.3024110170009508,,0.4648258219888283,0.3027837678954834,0.4643864541233669,0.3024110170009508,0.4143146851614269,2.004710280307075,70869.0,62041.0,62041.0,8.357492333743721e-06,0.9997994303703308,0.0083080129697918,74173.9375,topk,35800.0,62041.0,30731.3515625,0.0,43442.76171875,target_construction,,,,,,,,original_clean,False,33.0,1.0,
PatientID_0011_T1_to_T2_t1c,ERODED_CURRENT,0.4043257178265636,0.2533886284609591,,0.3934863916255625,0.2449318758202486,0.4043257178265636,0.2533886284609591,0.4362925352799345,1.8411019028851088,75263.0,98527.0,98527.0,8.483243618684355e-06,0.999971866607666,0.0088738342747092,79225.59375,topk,98527.0,98527.0,34565.53515625,0.0,44660.140625,target_construction,,,,,,,,same_definition,False,9.0,1.0,
PatientID_0011_T1_to_T2_t1c,ERODED_CURRENT,0.5029577215107514,0.3359676134355179,,0.4980335605699904,0.331587675663286,0.5029577215107514,0.3359676134355179,0.4360721894242116,2.043379560875284,75263.0,62041.0,62041.0,8.483243618684355e-06,0.999971866607666,0.0088738342747092,79225.59375,topk,98527.0,62041.0,34548.078125,17.458087921142578,44677.66015625,target_construction,,,,,,,,original_clean,False,9.0,1.0,
PatientID_0011_T1_to_T2_t1c,LARGE_CHANGE_ONLY,0.4897251955411905,0.3242623091511809,,0.4857292969395078,0.3207678098525097,0.4897251955411905,0.3242623091511809,0.4280957043723762,2.0312973941453363,73384.0,61753.0,61753.0,8.377905942325015e-06,0.9999221563339232,0.0086452681571245,77184.953125,topk,61753.0,61753.0,33042.546875,0.0,44142.5078125,target_construction,,,,,,,,same_definition,False,5.0,1.0,
PatientID_0011_T1_to_T2_t1c,LARGE_CHANGE_ONLY,0.4894988797771675,0.3240638972253149,,0.4858334871738169,0.3208586922662994,0.4894988797771675,0.3240638972253149,0.4292027753141906,2.031225478174828,73384.0,62041.0,62041.0,8.377905942325015e-06,0.9999221563339232,0.0086452681571245,77184.953125,topk,61753.0,62041.0,33127.99609375,0.0,44057.08203125,target_construction,,,,,,,,original_clean,False,5.0,1.0,
PatientID_0012_T2_to_T3_t1c,ORIGINAL,0.360814151901654,0.2201179032426563,,0.3380012372803976,0.2033703302720343,0.360814151901654,0.2201179032426563,0.2820080585627852,1.782922491182242,84814.0,57434.0,57434.0,8.25499137135921e-06,0.9999887943267822,0.0095932362601161,85648.4140625,topk,57434.0,57434.0,24153.54296875,0.0,61495.02734375,target_construction,,,,,,,,same_definition,False,42.0,1.0,
PatientID_0012_T2_to_T3_t1c,ORIGINAL,0.360814151901654,0.2201179032426563,,0.3380012372803976,0.2033703302720343,0.360814151901654,0.2201179032426563,0.2820080585627852,1.782922491182242,84814.0,57434.0,57434.0,8.25499137135921e-06,0.9999887943267822,0.0095932362601161,85648.4140625,topk,57434.0,57434.0,24153.54296875,0.0,61495.02734375,target_construction,,,,,,,,original_clean,False,42.0,1.0,
PatientID_0012_T2_to_T3_t1c,BOUNDARY_TOLERANT,0.2150101889679625,0.1204545749501128,,0.195751644377397,0.1084948442793119,0.2150101889679625,0.1204545749501128,0.1493718099826091,1.5578538325855196,82700.0,43184.0,43184.0,8.255055035988335e-06,0.9999706745147704,0.0093449093401432,83431.3515625,topk,43184.0,43184.0,12462.2919921875,0.0,70969.078125,target_construction,,,,,,,,same_definition,False,43.0,1.0,
PatientID_0012_T2_to_T3_t1c,BOUNDARY_TOLERANT,0.3487829508710103,0.2112278037959084,,0.3303837755339148,0.1978800701013131,0.3487829508710103,0.2112278037959084,0.2763224218862988,1.7706513386360496,82700.0,57434.0,57434.0,8.255055035988335e-06,0.9999706745147704,0.0093449093401432,83431.3515625,topk,43184.0,57434.0,23053.953125,0.0,60377.578125,target_construction,,,,,,,,original_clean,False,43.0,1.0,
PatientID_0012_T2_to_T3_t1c,ERODED_CURRENT,0.2973884371882461,0.1746660504890982,,0.2975404846752033,0.1747709604850202,0.2973884371882461,0.1746660504890982,0.2853694491678099,1.6447133157439038,85860.0,80067.0,80067.0,8.258999514509924e-06,0.9999910593032836,0.0097323171794414,86890.125,topk,80067.0,80067.0,24795.787109375,0.0,62094.37109375,target_construction,,,,,,,,same_definition,False,19.0,1.0,
PatientID_0012_T2_to_T3_t1c,ERODED_CURRENT,0.3688755789308696,0.2261480327146501,,0.344382877166215,0.2080087674995109,0.3688755789308696,0.2261480327146501,0.2851153117586394,1.789565006129082,85860.0,57434.0,57434.0,8.258999514509924e-06,0.9999910593032836,0.0097323171794414,86890.125,topk,80067.0,57434.0,24773.705078125,22.084667205810547,62116.58984375,target_construction,,,,,,,,original_clean,False,19.0,1.0,
PatientID_0012_T2_to_T3_t1c,LARGE_CHANGE_ONLY,0.3583710566080783,0.2183021066103235,,0.3352272727319706,0.201365187720091,0.3583710566080783,0.2183021066103235,0.2790968583704858,1.7800204897714655,84510.0,56994.0,56994.0,8.25499137135921e-06,0.9999887943267822,0.0095651391893625,85397.5625,topk,56994.0,56994.0,23834.19140625,0.0,61563.46484375,target_construction,,,,,,,,same_definition,False,8.0,1.0,
PatientID_0012_T2_to_T3_t1c,LARGE_CHANGE_ONLY,0.3614931921913719,0.2206235521728622,,0.338696950914877,0.2038742727324828,0.3614931921913719,0.2206235521728622,0.2827331365941759,1.7844765407716978,84510.0,57434.0,57434.0,8.25499137135921e-06,0.9999887943267822,0.0095651391893625,85397.5625,topk,56994.0,57434.0,24144.720703125,0.0,61252.9921875,target_construction,,,,,,,,original_clean,False,8.0,1.0,
PatientID_0013_T1_to_T2_t1c,ORIGINAL,0.2362990296743588,0.133979077899161,,0.2331303960621724,0.1319454449615342,0.2362990296743588,0.133979077899161,0.2041516059121772,2.0173511780513547,25190.0,21951.0,21951.0,8.43653833726421e-06,0.999963402748108,0.0031698129605501,28300.08984375,topk,21951.0,21951.0,5777.5087890625,0.0,22522.599609375,target_construction,,,,,,,,same_definition,False,13.0,1.0,
PatientID_0013_T1_to_T2_t1c,ORIGINAL,0.2362990296743588,0.133979077899161,,0.2331303960621724,0.1319454449615342,0.2362990296743588,0.133979077899161,0.2041516059121772,2.0173511780513547,25190.0,21951.0,21951.0,8.43653833726421e-06,0.999963402748108,0.0031698129605501,28300.08984375,topk,21951.0,21951.0,5777.5087890625,0.0,22522.599609375,target_construction,,,,,,,,original_clean,False,13.0,1.0,
PatientID_0013_T1_to_T2_t1c,BOUNDARY_TOLERANT,0.094094434647772,0.049369935421077,,0.0959043500611573,0.0503674014949801,0.094094434647772,0.049369935421077,0.0732571064558146,1.6806693477972137,24612.0,14698.0,14698.0,8.354161764145829e-06,0.9999077320098876,0.003091090125963,27597.251953125,topk,14698.0,14698.0,2021.69482421875,0.0,25575.55859375,target_construction,,,,,,,,same_definition,False,11.0,1.0,
PatientID_0013_T1_to_T2_t1c,BOUNDARY_TOLERANT,0.2196710856175192,0.1233879222332807,,0.2167386122196435,0.1215405737620362,0.2196710856175192,0.1233879222332807,0.1893257388837211,1.9765920971854083,24612.0,21951.0,21951.0,8.354161764145829e-06,0.9999077320098876,0.003091090125963,27597.251953125,topk,14698.0,21951.0,5224.8701171875,0.0,22372.39453125,target_construction,,,,,,,,original_clean,False,11.0,1.0,
PatientID_0013_T1_to_T2_t1c,ERODED_CURRENT,0.2082595680431284,0.116233112979372,,0.2048613561136516,0.1141200746956054,0.2082595680431284,0.116233112979372,0.2128973495936744,1.8890779404064253,25625.0,31067.0,31067.0,8.551563951186836e-06,0.9999881982803344,0.0032269512303173,28810.220703125,topk,31067.0,31067.0,6133.61962890625,0.0,22676.615234375,target_construction,,,,,,,,same_definition,False,5.0,1.0,
PatientID_0013_T1_to_T2_t1c,ERODED_CURRENT,0.2468680242529527,0.1408154250151803,,0.2440726416839568,0.1389992818017955,0.2468680242529527,0.1408154250151803,0.2124816951014842,2.0392895864831515,25625.0,21951.0,21951.0,8.551563951186836e-06,0.9999881982803344,0.0032269512303173,28810.220703125,topk,31067.0,21951.0,6121.64453125,11.976076126098633,22688.595703125,target_construction,,,,,,,,original_clean,False,5.0,1.0,
PatientID_0013_T1_to_T2_t1c,LARGE_CHANGE_ONLY,0.2342883337328836,0.1326877645023835,,0.2312438827347707,0.1307381387948528,0.2342883337328836,0.1326877645023835,0.2019596206165653,2.014174025688081,25183.0,21815.0,21815.0,8.409251677221619e-06,0.999963402748108,0.0031687458977103,28290.5625,topk,21815.0,21815.0,5713.55126953125,0.0,22577.03515625,target_construction,,,,,,,,same_definition,False,1.0,1.0,
PatientID_0013_T1_to_T2_t1c,LARGE_CHANGE_ONLY,0.2362990296743588,0.133979077899161,,0.2331650188986047,0.1319676265248452,0.2362990296743588,0.133979077899161,0.204166197207919,2.017390040712619,25183.0,21951.0,21951.0,8.409251677221619e-06,0.999963402748108,0.0031687458977103,28290.5625,topk,21815.0,21951.0,5775.9765625,0.0,22514.611328125,target_construction,,,,,,,,original_clean,False,1.0,1.0,
PatientID_0014_T1_to_T2_t1c,ORIGINAL,0.3461111112927469,0.2092710785323241,,0.1163704564117008,0.0617799061655786,0.3461111112927469,0.2092710785323241,0.0506577343868107,2.4226154985357864,20594.0,1800.0,1800.0,8.396053999604192e-06,0.9999889135360718,0.0028300052508711,25266.287109375,topk,1800.0,1800.0,1279.932861328125,0.0,23986.3515625,target_construction,,,,,,,,same_definition,False,3.0,1.0,
PatientID_0014_T1_to_T2_t1c,ORIGINAL,0.3461111112927469,0.2092710785323241,,0.1163704564117008,0.0617799061655786,0.3461111112927469,0.2092710785323241,0.0506577343868107,2.4226154985357864,20594.0,1800.0,1800.0,8.396053999604192e-06,0.9999889135360718,0.0028300052508711,25266.287109375,topk,1800.0,1800.0,1279.932861328125,0.0,23986.3515625,target_construction,,,,,,,,original_clean,False,3.0,1.0,
PatientID_0014_T1_to_T2_t1c,BOUNDARY_TOLERANT,0.0014285721418367,0.0007147969973446,,0.0271704100834364,0.0137723046487171,0.0014285721418367,0.0007147969973446,0.0111927461305302,2.1594451371919443,19469.0,700.0,700.0,8.232435902755242e-06,0.999981164932251,0.0027489205822348,24542.36328125,topk,700.0,700.0,274.6964416503906,0.0,24267.6875,target_construction,,,,,,,,same_definition,False,3.0,1.0,
PatientID_0014_T1_to_T2_t1c,BOUNDARY_TOLERANT,0.2605555557609568,0.1497923988662432,,0.1168837275322354,0.0620693099439693,0.2605555557609568,0.1497923988662432,0.0493676431616367,2.4108221163351646,19469.0,1800.0,1800.0,8.232435902755242e-06,0.999981164932251,0.0027489205822348,24542.36328125,topk,700.0,1800.0,1211.5986328125,0.0,23330.7734375,target_construction,,,,,,,,original_clean,False,3.0,1.0,
PatientID_0014_T1_to_T2_t1c,ERODED_CURRENT,0.2723532639505824,0.1576440706211074,,0.1088790188212021,0.0575737987908824,0.2723532639505824,0.1576440706211074,0.0518152710560517,2.126322948409227,20895.0,3646.0,3646.0,8.44732676341664e-06,0.9999912977218628,0.0028576210606843,25512.83984375,topk,3646.0,3646.0,1321.9547119140625,0.0,24190.908203125,target_construction,,,,,,,,same_definition,False,3.0,1.0,
PatientID_0014_T1_to_T2_t1c,ERODED_CURRENT,0.3972222223896605,0.247833622444425,,0.1175589337247165,0.0624502598631875,0.3972222223896605,0.247833622444425,0.0514614692326134,2.4298196617770755,20895.0,1800.0,1800.0,8.44732676341664e-06,0.9999912977218628,0.0028576210606843,25512.83984375,topk,3646.0,1800.0,1312.92822265625,9.026514053344728,24199.9140625,target_construction,,,,,,,,original_clean,False,3.0,1.0,
PatientID_0014_T1_to_T2_t1c,LARGE_CHANGE_ONLY,0.3491885844014581,0.2115254239960931,,0.1167473641740917,0.0619924071766066,0.3491885844014581,0.2115254239960931,0.0505486107059646,2.424777362894982,20312.0,1787.0,1787.0,8.396053999604192e-06,0.9999889135360718,0.002808695891872,25076.037109375,topk,1787.0,1787.0,1267.558837890625,0.0,23808.48828125,target_construction,,,,,,,,same_definition,False,1.0,1.0,
PatientID_0014_T1_to_T2_t1c,LARGE_CHANGE_ONLY,0.3500000001805556,0.2121212123864911,,0.1178545586506035,0.0626171368608478,0.3500000001805556,0.2121212123864911,0.0510402209498391,2.426057059596346,20312.0,1800.0,1800.0,8.396053999604192e-06,0.9999889135360718,0.002808695891872,25076.037109375,topk,1787.0,1800.0,1279.886474609375,0.0,23796.16015625,target_construction,,,,,,,,original_clean,False,1.0,1.0,
PatientID_0018_T1_to_T2_t1c,ORIGINAL,0.0921237696581843,0.0482860305756409,,0.0774150727364564,0.0402661394394669,0.0921237696581843,0.0482860305756409,0.0361930855564687,2.37241993786484,31724.0,1422.0,1422.0,8.308556061820127e-06,0.9999057054519652,0.0037973020225763,33902.3125,topk,1422.0,1422.0,1227.029296875,0.0,32675.2734375,target_construction,,,,,,,,same_definition,False,9.0,1.0,
PatientID_0018_T1_to_T2_t1c,ORIGINAL,0.0921237696581843,0.0482860305756409,,0.0774150727364564,0.0402661394394669,0.0921237696581843,0.0482860305756409,0.0361930855564687,2.37241993786484,31724.0,1422.0,1422.0,8.308556061820127e-06,0.9999057054519652,0.0037973020225763,33902.3125,topk,1422.0,1422.0,1227.029296875,0.0,32675.2734375,target_construction,,,,,,,,original_clean,False,9.0,1.0,
PatientID_0018_T1_to_T2_t1c,BOUNDARY_TOLERANT,1.3333333315555555e-09,1.3333333315555555e-09,,0.0187961512956303,0.0094872374387851,1.3333333315555555e-09,1.3333333315555555e-09,0.0082772650933781,2.2982003421977675,30908.0,375.0,375.0,8.291332960652653e-06,0.9998760223388672,0.0037256628274917,33262.71875,topk,375.0,375.0,275.3243408203125,0.0,32987.375,target_construction,,,,,,,,same_definition,False,7.0,1.0,
PatientID_0018_T1_to_T2_t1c,BOUNDARY_TOLERANT,0.0689170186114919,0.0356882742040465,,0.07732755957076,0.0402187902496712,0.0689170186114919,0.0356882742040465,0.0353106016425001,2.361301943003168,30908.0,1422.0,1422.0,8.291332960652653e-06,0.9998760223388672,0.0037256628274917,33262.71875,topk,375.0,1422.0,1174.526611328125,0.0,32088.18359375,target_construction,,,,,,,,original_clean,False,7.0,1.0,
PatientID_0018_T1_to_T2_t1c,ERODED_CURRENT,0.123592493415068,0.0658665524980902,,0.0730596175738734,0.0379148303015698,0.123592493415068,0.0658665524980902,0.0369181674618378,1.9624395540568007,31830.0,3730.0,3730.0,8.381157385883853e-06,0.9999635219573976,0.0038134171627461,34046.1875,topk,3730.0,3730.0,1256.9228515625,0.0,32789.2734375,target_construction,,,,,,,,same_definition,False,9.0,1.0,
PatientID_0018_T1_to_T2_t1c,ERODED_CURRENT,0.1469760903140028,0.0793168883949461,,0.0781306387862946,0.0406534597990594,0.1469760903140028,0.0793168883949461,0.0368889856254446,2.381004639367947,31830.0,1422.0,1422.0,8.381157385883853e-06,0.9999635219573976,0.0038134171627461,34046.1875,topk,3730.0,1422.0,1255.9293212890625,0.9935182929039,32790.25390625,target_construction,,,,,,,,original_clean,False,9.0,1.0,
PatientID_0018_T1_to_T2_t1c,LARGE_CHANGE_ONLY,0.0526711816957595,0.0270479138226244,,0.0726308086634763,0.0376839108040599,0.0526711816957595,0.0270479138226244,0.0337358434187725,2.370159531610952,31467.0,1329.0,1329.0,8.308556061820127e-06,0.9999057054519652,0.0037770627532154,33721.6171875,topk,1329.0,1329.0,1137.627197265625,0.0,32583.955078125,target_construction,,,,,,,,same_definition,False,4.0,1.0,
PatientID_0018_T1_to_T2_t1c,LARGE_CHANGE_ONLY,0.0928270045383871,0.0486725667224658,,0.0780200067171996,0.0405935582155099,0.0928270045383871,0.0486725667224658,0.036372996810733,2.3746545118860007,31467.0,1422.0,1422.0,8.308556061820127e-06,0.9999057054519652,0.0037770627532154,33721.6171875,topk,1329.0,1422.0,1226.5562744140625,0.0,32495.048828125,target_construction,,,,,,,,original_clean,False,4.0,1.0,
PatientID_0019_T4_to_T5_t1c,ORIGINAL,0.2318090530190094,0.1310995588165174,,0.2023700165716346,0.1125760131272637,0.2318090530190094,0.1310995588165174,0.2237625714402236,2.297777007276939,8826.0,12946.0,12946.0,8.477178198518232e-06,0.9975304007530212,0.0012605113442987,11253.845703125,topk,12946.0,12946.0,2518.189453125,0.0,8735.6533203125,target_construction,,,,,,,,same_definition,False,9.0,1.0,
PatientID_0019_T4_to_T5_t1c,ORIGINAL,0.2318090530190094,0.1310995588165174,,0.2023700165716346,0.1125760131272637,0.2318090530190094,0.1310995588165174,0.2237625714402236,2.297777007276939,8826.0,12946.0,12946.0,8.477178198518232e-06,0.9975304007530212,0.0012605113442987,11253.845703125,topk,12946.0,12946.0,2518.189453125,0.0,8735.6533203125,target_construction,,,,,,,,original_clean,False,9.0,1.0,
PatientID_0019_T4_to_T5_t1c,BOUNDARY_TOLERANT,0.0432727273597024,0.0221148486320279,,0.0478134111481185,0.024492234242496,0.0432727273597024,0.0221148486320279,0.0354712135181434,1.7756808352625548,8220.0,5500.0,5500.0,8.397775673074648e-06,0.9975304007530212,0.0011816143523901,10549.453125,topk,5500.0,5500.0,374.201904296875,0.0,10175.2548828125,target_construction,,,,,,,,same_definition,False,10.0,1.0,
PatientID_0019_T4_to_T5_t1c,BOUNDARY_TOLERANT,0.1879344971733379,0.1037128607739582,,0.1634697156211154,0.0890100844263732,0.1879344971733379,0.1037128607739582,0.1868854511488012,2.199407708550666,8220.0,12946.0,12946.0,8.397775673074648e-06,0.9975304007530212,0.0011816143523901,10549.453125,topk,5500.0,12946.0,1971.539306640625,0.0,8577.912109375,target_construction,,,,,,,,original_clean,False,10.0,1.0,
PatientID_0019_T4_to_T5_t1c,ERODED_CURRENT,0.2267649882357368,0.1278820837341499,,0.168885601603523,0.09223104890628,0.2267649882357368,0.1278820837341499,0.2514702574094415,2.1157339685269623,9530.0,22918.0,22918.0,8.557200999348424e-06,0.9989883303642272,0.0013385789934545,11950.8330078125,topk,22918.0,22918.0,3005.279052734375,0.0,8945.564453125,target_construction,,,,,,,,same_definition,False,5.0,1.0,
PatientID_0019_T4_to_T5_t1c,ERODED_CURRENT,0.2664143365029193,0.1536782070510324,,0.2438156255897928,0.1388325902341491,0.2664143365029193,0.1536782070510324,0.2514333426513584,2.364176375487103,9530.0,12946.0,12946.0,8.557200999348424e-06,0.9989883303642272,0.0013385789934545,11950.8330078125,topk,22918.0,12946.0,3004.837890625,0.4413174390792846,8945.9970703125,target_construction,,,,,,,,original_clean,False,5.0,1.0,
PatientID_0019_T4_to_T5_t1c,LARGE_CHANGE_ONLY,0.2245822271113313,0.1264954257949289,,0.1948286230077789,0.1079280480137381,0.2245822271113313,0.1264954257949289,0.2160896880621066,2.2830801240725185,8813.0,12806.0,12806.0,8.477112714899704e-06,0.9975304007530212,0.0012589506804943,11239.912109375,topk,12806.0,12806.0,2428.8291015625,0.0,8811.0927734375,target_construction,,,,,,,,same_definition,False,1.0,1.0,
PatientID_0019_T4_to_T5_t1c,LARGE_CHANGE_ONLY,0.2318862969553574,0.1311489733887658,,0.2022151753664132,0.1124801881940548,0.2318862969553574,0.1311489733887658,0.2235785865274773,2.2973167949991544,8813.0,12946.0,12946.0,8.477112714899704e-06,0.9975304007530212,0.0012589506804943,11239.912109375,topk,12806.0,12946.0,2513.003662109375,0.0,8726.90625,target_construction,,,,,,,,original_clean,False,1.0,1.0,
PatientID_0020_T1_to_T2_t1c,ORIGINAL,0.2176548588933118,0.122117121927885,,0.1815159783240343,0.0998171972855579,0.2176548588933118,0.122117121927885,0.2363199771886078,2.115699617158437,10771.0,21116.0,21116.0,8.720667210582178e-06,0.9983206391334534,0.0014442837564274,12894.5654296875,topk,21116.0,21116.0,3047.243408203125,0.0,9847.3134765625,target_construction,,,,,,,,same_definition,False,14.0,1.0,
PatientID_0020_T1_to_T2_t1c,ORIGINAL,0.2176548588933118,0.122117121927885,,0.1815159783240343,0.0998171972855579,0.2176548588933118,0.122117121927885,0.2363199771886078,2.115699617158437,10771.0,21116.0,21116.0,8.720667210582178e-06,0.9983206391334534,0.0014442837564274,12894.5654296875,topk,21116.0,21116.0,3047.243408203125,0.0,9847.3134765625,target_construction,,,,,,,,original_clean,False,14.0,1.0,
PatientID_0020_T1_to_T2_t1c,BOUNDARY_TOLERANT,0.0982206798022855,0.0516467282955813,,0.0787037037360162,0.0409638554567008,0.0982206798022855,0.0516467282955813,0.0997488248363702,1.7354625845470038,10359.0,18153.0,18153.0,8.614352736913133e-06,0.9965268969535828,0.0013911221176385,12419.9384765625,topk,18153.0,18153.0,1238.874267578125,0.0,11181.0625,target_construction,,,,,,,,same_definition,False,9.0,1.0,
PatientID_0020_T1_to_T2_t1c,BOUNDARY_TOLERANT,0.1969122940140909,0.1092083836972945,,0.1628594122585271,0.0886483121510567,0.1969122940140909,0.1092083836972945,0.2154997119439133,2.0639642508048444,10359.0,21116.0,21116.0,8.614352736913133e-06,0.9965268969535828,0.0013911221176385,12419.9384765625,topk,18153.0,21116.0,2676.4931640625,0.0,9743.4345703125,target_construction,,,,,,,,original_clean,False,9.0,1.0,
PatientID_0020_T1_to_T2_t1c,ERODED_CURRENT,0.204724409464632,0.1140350877389235,,0.1708562125997942,0.0934077538363732,0.204724409464632,0.1140350877389235,0.2462218949079871,2.063139765118746,11095.0,25146.0,25146.0,8.720268851902802e-06,0.999605357646942,0.001481682411395,13228.4609375,topk,25146.0,25146.0,3257.13671875,0.0,9971.3212890625,target_construction,,,,,,,,same_definition,False,12.0,1.0,
PatientID_0020_T1_to_T2_t1c,ERODED_CURRENT,0.2252320515432555,0.1269078877381015,,0.1922324671946778,0.1063369397524871,0.2252320515432555,0.1269078877381015,0.2462044542630236,2.1391530544640185,11095.0,21116.0,21116.0,8.720268851902802e-06,0.999605357646942,0.001481682411395,13228.4609375,topk,25146.0,21116.0,3256.906005859375,0.2306914329528808,9971.544921875,target_construction,,,,,,,,original_clean,False,12.0,1.0,
PatientID_0020_T1_to_T2_t1c,LARGE_CHANGE_ONLY,0.2127078441896423,0.1190112335687549,,0.1779706655945142,0.0976771681237333,0.2127078441896423,0.1190112335687549,0.2308456334004423,2.1075407185179817,10698.0,20869.0,20869.0,8.720667210582178e-06,0.9983206391334534,0.0014368833508342,12828.494140625,topk,20869.0,20869.0,2961.40185546875,0.0,9867.0869140625,target_construction,,,,,,,,same_definition,False,4.0,1.0,
PatientID_0020_T1_to_T2_t1c,LARGE_CHANGE_ONLY,0.2174654290770632,0.1219978746248141,,0.1814295593392396,0.0997649336594384,0.2174654290770632,0.1219978746248141,0.2368306355068021,2.1169274252465367,10698.0,21116.0,21116.0,8.720667210582178e-06,0.9983206391334534,0.0014368833508342,12828.494140625,topk,20869.0,21116.0,3038.180419921875,0.0,9790.3076171875,target_construction,,,,,,,,original_clean,False,4.0,1.0,
PatientID_0021_T2_to_T3_t1c,ORIGINAL,0.1346166103915285,0.0721656530078532,,0.1344203821876581,0.072052878862885,0.1346166103915285,0.0721656530078532,0.1091610984142808,1.8426618595456368,23561.0,15689.0,15689.0,8.495307156408671e-06,0.9991393089294434,0.0031616801861673,28227.48046875,topk,15689.0,15689.0,3081.3427734375,0.0,25146.162109375,target_construction,,,,,,,,same_definition,False,11.0,1.0,
PatientID_0021_T2_to_T3_t1c,ORIGINAL,0.1346166103915285,0.0721656530078532,,0.1344203821876581,0.072052878862885,0.1346166103915285,0.0721656530078532,0.1091610984142808,1.8426618595456368,23561.0,15689.0,15689.0,8.495307156408671e-06,0.9991393089294434,0.0031616801861673,28227.48046875,topk,15689.0,15689.0,3081.3427734375,0.0,25146.162109375,target_construction,,,,,,,,original_clean,False,11.0,1.0,
PatientID_0021_T2_to_T3_t1c,BOUNDARY_TOLERANT,0.0534255185913772,0.0274459154543404,,0.0499442310369951,0.0256116937074797,0.0534255185913772,0.0274459154543404,0.0354334702163075,1.5355480627615292,22730.0,9546.0,9546.0,8.365626854356378e-06,0.9982794523239136,0.0030614251736551,27332.404296875,topk,9546.0,9546.0,968.48193359375,0.0,26363.931640625,target_construction,,,,,,,,same_definition,False,6.0,1.0,
PatientID_0021_T2_to_T3_t1c,BOUNDARY_TOLERANT,0.1193830072305633,0.0634807660036102,,0.116765142270315,0.0620024325778968,0.1193830072305633,0.0634807660036102,0.0936969936311088,1.768845278352869,22730.0,15689.0,15689.0,8.365626854356378e-06,0.9982794523239136,0.0030614251736551,27332.404296875,topk,9546.0,15689.0,2560.964111328125,0.0,24771.46875,target_construction,,,,,,,,original_clean,False,6.0,1.0,
PatientID_0021_T2_to_T3_t1c,ERODED_CURRENT,0.1253263707758993,0.066852367709328,,0.126062651637463,0.067271540197058,0.1253263707758993,0.066852367709328,0.1210635574932216,1.72014183824359,24042.0,23363.0,23363.0,8.598855856689624e-06,0.9996040463447572,0.0032257810235023,28799.7734375,topk,23363.0,23363.0,3486.60302734375,0.0,25313.18359375,target_construction,,,,,,,,same_definition,False,5.0,1.0,
PatientID_0021_T2_to_T3_t1c,ERODED_CURRENT,0.1492128242988969,0.0806212763343106,,0.1504115174762676,0.0813216123048928,0.1492128242988969,0.0806212763343106,0.1210342519105768,1.8933294881654013,24042.0,15689.0,15689.0,8.598855856689624e-06,0.9996040463447572,0.0032257810235023,28799.7734375,topk,23363.0,15689.0,3485.759033203125,0.8439285755157471,25314.0390625,target_construction,,,,,,,,original_clean,False,5.0,1.0,
PatientID_0021_T2_to_T3_t1c,LARGE_CHANGE_ONLY,0.1357147430018656,0.0727971980264817,,0.1343031296641319,0.0719855040887331,0.1357147430018656,0.0727971980264817,0.1089887913519011,1.8437819969960132,23425.0,15621.0,15621.0,8.495307156408671e-06,0.9991393089294434,0.00315050361678,28127.6953125,topk,15621.0,15621.0,3065.603515625,0.0,25062.08984375,target_construction,,,,,,,,same_definition,False,1.0,1.0,
PatientID_0021_T2_to_T3_t1c,LARGE_CHANGE_ONLY,0.1358276499733626,0.0728621739298778,,0.1347854988205045,0.0722627337279384,0.1358276499733626,0.0728621739298778,0.109497301647442,1.8441613699565784,23425.0,15689.0,15689.0,8.495307156408671e-06,0.9991393089294434,0.00315050361678,28127.6953125,topk,15621.0,15689.0,3079.90673828125,0.0,25047.80859375,target_construction,,,,,,,,original_clean,False,1.0,1.0,
PatientID_0022_T1_to_T2_t1c,ORIGINAL,0.5108822563600955,0.3430771398333645,,0.465991316934877,0.3037735849105803,0.5108822563600955,0.3430771398333645,0.5494020530547165,1.991566524285918,74869.0,109628.0,109628.0,8.305893970828038e-06,0.9999566078186036,0.0090653896331787,80935.796875,topk,109628.0,109628.0,44466.29296875,0.0,36469.5390625,target_construction,,,,,,,,same_definition,False,15.0,1.0,
PatientID_0022_T1_to_T2_t1c,ORIGINAL,0.5108822563600955,0.3430771398333645,,0.465991316934877,0.3037735849105803,0.5108822563600955,0.3430771398333645,0.5494020530547165,1.991566524285918,74869.0,109628.0,109628.0,8.305893970828038e-06,0.9999566078186036,0.0090653896331787,80935.796875,topk,109628.0,109628.0,44466.29296875,0.0,36469.5390625,target_construction,,,,,,,,original_clean,False,15.0,1.0,
PatientID_0022_T1_to_T2_t1c,BOUNDARY_TOLERANT,0.304457137564711,0.1795632209097772,,0.279162889094898,0.1622250515932576,0.304457137564711,0.1795632209097772,0.3064009006424774,1.6556492084878731,72521.0,86311.0,86311.0,8.30214048619382e-06,0.9998754262924194,0.0087412083521485,78041.5078125,topk,86311.0,86311.0,23911.98828125,0.0,54129.60546875,target_construction,,,,,,,,same_definition,False,9.0,1.0,
PatientID_0022_T1_to_T2_t1c,BOUNDARY_TOLERANT,0.4998905389156972,0.3332360416935238,,0.4496099347267916,0.2899979461952111,0.4998905389156972,0.3332360416935238,0.537474398890025,1.9706874722827048,72521.0,109628.0,109628.0,8.30214048619382e-06,0.9998754262924194,0.0087412083521485,78041.5078125,topk,86311.0,109628.0,41945.3125,0.0,36096.23046875,target_construction,,,,,,,,original_clean,False,9.0,1.0,
PatientID_0022_T1_to_T2_t1c,ERODED_CURRENT,0.4784179600577261,0.3144214031853449,,0.4156463198702201,0.2623444026965464,0.4784179600577261,0.3144214031853449,0.553208999135202,1.907278357769518,75843.0,134788.0,134788.0,8.3062341218465e-06,0.9999841451644896,0.0091965161263942,82106.5,topk,134788.0,134788.0,45422.0546875,0.0,36684.59375,target_construction,,,,,,,,same_definition,False,7.0,1.0,
PatientID_0022_T1_to_T2_t1c,ERODED_CURRENT,0.5148319772343067,0.3466489779914342,,0.4719659677282595,0.3088713718177535,0.5148319772343067,0.3466489779914342,0.5529341084444529,1.997767250234438,75843.0,109628.0,109628.0,8.3062341218465e-06,0.9999841451644896,0.0091965161263942,82106.5,topk,134788.0,109628.0,45399.484375,22.57042121887207,36707.05859375,target_construction,,,,,,,,original_clean,False,7.0,1.0,
PatientID_0022_T1_to_T2_t1c,LARGE_CHANGE_ONLY,0.5102286841550822,0.3424879233016448,,0.4654162417854601,0.3032850043524131,0.5102286841550822,0.3424879233016448,0.5483742265668005,1.9902935411423524,74868.0,109496.0,109496.0,8.305893970828038e-06,0.9999566078186036,0.0090647125616669,80929.75,topk,109496.0,109496.0,44379.7890625,0.0,36549.99609375,target_construction,,,,,,,,same_definition,False,4.0,1.0,
PatientID_0022_T1_to_T2_t1c,LARGE_CHANGE_ONLY,0.5109004998745261,0.3430935943732926,,0.4659938426878306,0.3037757315838301,0.5109004998745261,0.3430935943732926,0.5494309879864266,1.991617249475225,74868.0,109628.0,109628.0,8.305893970828038e-06,0.9999566078186036,0.0090647125616669,80929.75,topk,109496.0,109628.0,44465.3125,0.0,36464.4765625,target_construction,,,,,,,,original_clean,False,4.0,1.0,
PatientID_0024_T2_to_T3_t1c,ORIGINAL,0.5226991815640329,0.3538204102010965,,0.390448414152504,0.2425821064667032,0.5226991815640329,0.3538204102010965,0.6744742075627376,2.4869985426334784,22420.0,59870.0,59870.0,8.689130481798202e-06,0.9997791647911072,0.0028393545653671,25349.7578125,topk,59870.0,59870.0,17097.7578125,0.0,8251.9912109375,target_construction,,,,,,,,same_definition,False,11.0,1.0,
PatientID_0024_T2_to_T3_t1c,ORIGINAL,0.5226991815640329,0.3538204102010965,,0.390448414152504,0.2425821064667032,0.5226991815640329,0.3538204102010965,0.6744742075627376,2.4869985426334784,22420.0,59870.0,59870.0,8.689130481798202e-06,0.9997791647911072,0.0028393545653671,25349.7578125,topk,59870.0,59870.0,17097.7578125,0.0,8251.9912109375,target_construction,,,,,,,,original_clean,False,11.0,1.0,
PatientID_0024_T2_to_T3_t1c,BOUNDARY_TOLERANT,0.3142261944838583,0.1863987881795105,,0.1859495901450095,0.1025051945351537,0.3142261944838583,0.1863987881795105,0.2986086032027977,1.927963389030099,20622.0,44643.0,44643.0,8.674425771459937e-06,0.9995984435081482,0.0026035632472485,23244.61328125,topk,44643.0,44643.0,6941.04150390625,0.0,16303.568359375,target_construction,,,,,,,,same_definition,False,8.0,1.0,
PatientID_0024_T2_to_T3_t1c,BOUNDARY_TOLERANT,0.5060965425128938,0.3387745975029207,,0.3586443373334165,0.2185049502071133,0.5060965425128938,0.3387745975029207,0.653832894079177,2.446799902629835,20622.0,59870.0,59870.0,8.674425771459937e-06,0.9995984435081482,0.0026035632472485,23244.61328125,topk,44643.0,59870.0,15198.0927734375,0.0,8046.50390625,target_construction,,,,,,,,original_clean,False,8.0,1.0,
PatientID_0024_T2_to_T3_t1c,ERODED_CURRENT,0.4706007754555407,0.3077030299922664,,0.3450179633492498,0.2084723312498961,0.4706007754555407,0.3077030299922664,0.6824048662446841,2.40388376102671,23481.0,75053.0,75053.0,8.692220944794826e-06,0.999946355819702,0.0029593601357191,26421.16796875,topk,75053.0,75053.0,18029.93359375,0.0,8391.2294921875,target_construction,,,,,,,,same_definition,False,4.0,1.0,
PatientID_0024_T2_to_T3_t1c,ERODED_CURRENT,0.5288291297851275,0.3594613926207216,,0.4078415376011345,0.256156373402415,0.5288291297851275,0.3594613926207216,0.6822677395711289,2.502512038280916,23481.0,59870.0,59870.0,8.692220944794826e-06,0.999946355819702,0.0029593601357191,26421.16796875,topk,75053.0,59870.0,18026.310546875,3.6256022453308105,8394.8515625,target_construction,,,,,,,,original_clean,False,4.0,1.0,
PatientID_0024_T2_to_T3_t1c,LARGE_CHANGE_ONLY,0.5224982873605032,0.3536363328015919,,0.3900618702136885,0.2422837642056915,0.5224982873605032,0.3536363328015919,0.6737231092694602,2.4856671781406146,22420.0,59849.0,59849.0,8.689130481798202e-06,0.9997791647911072,0.0028392584063112,25348.8984375,topk,59849.0,59849.0,17078.138671875,0.0,8270.75,target_construction,,,,,,,,same_definition,False,1.0,1.0,
PatientID_0024_T2_to_T3_t1c,LARGE_CHANGE_ONLY,0.5226991815640329,0.3538204102010965,,0.390448414152504,0.2425821064667032,0.5226991815640329,0.3538204102010965,0.6744927587149024,2.4870353885210066,22420.0,59870.0,59870.0,8.689130481798202e-06,0.9997791647911072,0.0028392584063112,25348.8984375,topk,59849.0,59870.0,17097.6484375,0.0,8251.23828125,target_construction,,,,,,,,original_clean,False,1.0,1.0,
PatientID_0025_T1_to_T2_t1c,ORIGINAL,0.4687692835195617,0.3061388976110209,,0.4627261055490285,0.3010043345110264,0.4687692835195617,0.3061388976110209,0.3760588102386662,2.264507945916897,32361.0,29170.0,29170.0,8.710535439604428e-06,0.9999372959136964,0.0042699165642261,38121.81640625,topk,29170.0,29170.0,14336.044921875,0.0,23785.71875,target_construction,,,,,,,,same_definition,False,8.0,1.0,
PatientID_0025_T1_to_T2_t1c,ORIGINAL,0.4687692835195617,0.3061388976110209,,0.4627261055490285,0.3010043345110264,0.4687692835195617,0.3061388976110209,0.3760588102386662,2.264507945916897,32361.0,29170.0,29170.0,8.710535439604428e-06,0.9999372959136964,0.0042699165642261,38121.81640625,topk,29170.0,29170.0,14336.044921875,0.0,23785.71875,target_construction,,,,,,,,original_clean,False,8.0,1.0,
PatientID_0025_T1_to_T2_t1c,BOUNDARY_TOLERANT,0.330311043970208,0.1978278905197289,,0.2922253725448799,0.171114717284456,0.330311043970208,0.1978278905197289,0.1856844155552053,2.107058170558697,31027.0,15882.0,15882.0,8.219053597713355e-06,0.9998371601104736,0.0040921908803284,36535.078125,topk,15882.0,15882.0,6783.99462890625,0.0,29751.013671875,target_construction,,,,,,,,same_definition,False,20.0,1.0,
PatientID_0025_T1_to_T2_t1c,BOUNDARY_TOLERANT,0.4432636270235985,0.2847390442791292,,0.4397561340359194,0.2818508975685813,0.4432636270235985,0.2847390442791292,0.3598899495133186,2.2343112190838617,31027.0,29170.0,29170.0,8.219053597713355e-06,0.9998371601104736,0.0040921908803284,36535.078125,topk,15882.0,29170.0,13148.607421875,0.0,23386.400390625,target_construction,,,,,,,,original_clean,False,20.0,1.0,
PatientID_0025_T1_to_T2_t1c,ERODED_CURRENT,0.3749332502739528,0.2307186768455616,,0.3818467553453966,0.2359768808155521,0.3749332502739528,0.2307186768455616,0.385506373498646,2.0934042928427337,33323.0,44944.0,44944.0,8.712279850442428e-06,0.9999599456787108,0.0043910010717809,39202.859375,topk,44944.0,44944.0,15112.9521484375,0.0,24089.849609375,target_construction,,,,,,,,same_definition,False,5.0,1.0,
PatientID_0025_T1_to_T2_t1c,ERODED_CURRENT,0.486561535833278,0.321494099274662,,0.4781975581348599,0.3142310361650811,0.486561535833278,0.321494099274662,0.3854184892842053,2.2817488528509964,33323.0,29170.0,29170.0,8.712279850442428e-06,0.9999599456787108,0.0043910010717809,39202.859375,topk,44944.0,29170.0,15109.5068359375,3.444988965988159,24093.302734375,target_construction,,,,,,,,original_clean,False,5.0,1.0,
PatientID_0025_T1_to_T2_t1c,LARGE_CHANGE_ONLY,0.468827160502935,0.3061882685097944,,0.4627688106587544,0.3010404771115966,0.468827160502935,0.3061882685097944,0.3760354146176328,2.2646139907416,32361.0,29160.0,29160.0,8.710535439604428e-06,0.9999372959136964,0.0042698942124843,38121.6171875,topk,29160.0,29160.0,14335.078125,0.0,23786.48828125,target_construction,,,,,,,,same_definition,False,4.0,1.0,
PatientID_0025_T1_to_T2_t1c,LARGE_CHANGE_ONLY,0.4687692835195617,0.3061388976110209,,0.4627261055490285,0.3010043345110264,0.4687692835195617,0.3061388976110209,0.3760602118998507,2.264510642941315,32361.0,29170.0,29170.0,8.710535439604428e-06,0.9999372959136964,0.0042698942124843,38121.6171875,topk,29160.0,29170.0,14336.0234375,0.0,23785.53515625,target_construction,,,,,,,,original_clean,False,4.0,1.0,
PatientID_0026_T1_to_T2_t1c,ORIGINAL,0.3772836084228163,0.2325012617048734,,0.3696806133994953,0.2267534916438997,0.3772836084228163,0.2325012617048734,0.301005039329113,1.9047208917080884,64280.0,47622.0,47622.0,8.219484698201995e-06,0.9997400641441344,0.0078326202929019,69929.6328125,topk,47622.0,47622.0,21049.171875,0.0,48880.671875,target_construction,,,,,,,,same_definition,False,22.0,1.0,
PatientID_0026_T1_to_T2_t1c,ORIGINAL,0.3772836084228163,0.2325012617048734,,0.3696806133994953,0.2267534916438997,0.3772836084228163,0.2325012617048734,0.301005039329113,1.9047208917080884,64280.0,47622.0,47622.0,8.219484698201995e-06,0.9997400641441344,0.0078326202929019,69929.6328125,topk,47622.0,47622.0,21049.171875,0.0,48880.671875,target_construction,,,,,,,,original_clean,False,22.0,1.0,
PatientID_0026_T1_to_T2_t1c,BOUNDARY_TOLERANT,0.2510122508402848,0.1435185872353859,,0.2532548810970181,0.1449867404034871,0.2510122508402848,0.1435185872353859,0.1941351462893194,1.7449392581996923,62935.0,38528.0,38528.0,8.131220965879038e-06,0.9992218017578124,0.0076733282767236,68507.4765625,topk,38528.0,38528.0,13299.708984375,0.0,55207.9609375,target_construction,,,,,,,,same_definition,False,19.0,1.0,
PatientID_0026_T1_to_T2_t1c,BOUNDARY_TOLERANT,0.36733022553266,0.2249874599783284,,0.3626364680720114,0.2214758427238515,0.36733022553266,0.2249874599783284,0.2952590598858703,1.8927953428684063,62935.0,47622.0,47622.0,8.131220965879038e-06,0.9992218017578124,0.0076733282767236,68507.4765625,topk,38528.0,47622.0,20227.453125,0.0,48280.1796875,target_construction,,,,,,,,original_clean,False,19.0,1.0,
PatientID_0026_T1_to_T2_t1c,ERODED_CURRENT,0.3417447357168737,0.2060869294881663,,0.3413286082423021,0.2057843464021229,0.3417447357168737,0.2060869294881663,0.3034026305520839,1.8222134770958955,64856.0,58175.0,58175.0,8.226588761317544e-06,0.9998927116394044,0.0079075153917074,70598.296875,topk,58175.0,58175.0,21419.708984375,0.0,49178.8046875,target_construction,,,,,,,,same_definition,False,17.0,1.0,
PatientID_0026_T1_to_T2_t1c,ERODED_CURRENT,0.382533282942941,0.2365014865016617,,0.3733530112611057,0.2295230703727602,0.382533282942941,0.2365014865016617,0.3033978997810911,1.909648981899902,64856.0,47622.0,47622.0,8.226588761317544e-06,0.9998927116394044,0.0079075153917074,70598.296875,topk,58175.0,47622.0,21419.375,0.3359251022338867,49179.12890625,target_construction,,,,,,,,original_clean,False,17.0,1.0,
PatientID_0026_T1_to_T2_t1c,LARGE_CHANGE_ONLY,0.3772282437190652,0.2324592120038329,,0.3694863967254592,0.2266073683717498,0.3772282437190652,0.2324592120038329,0.3005648703632149,1.9047944249344115,64186.0,47515.0,47515.0,8.219484698201995e-06,0.9997400641441344,0.0078261904418468,69872.2265625,topk,47515.0,47515.0,21001.13671875,0.0,48871.26171875,target_construction,,,,,,,,same_definition,False,5.0,1.0,
PatientID_0026_T1_to_T2_t1c,LARGE_CHANGE_ONLY,0.3775355927997823,0.23269268104274,,0.3699556382426127,0.2269604723215442,0.3775355927997823,0.23269268104274,0.3012385889645234,1.905203125465307,64186.0,47622.0,47622.0,8.219484698201995e-06,0.9997400641441344,0.0078261904418468,69872.2265625,topk,47515.0,47622.0,21048.2109375,0.0,48824.19921875,target_construction,,,,,,,,original_clean,False,5.0,1.0,
PatientID_0029_T1_to_T3_t1c,ORIGINAL,0.2109318063611279,0.1179003724523117,,0.2098202640862307,0.1172062558232996,0.2109318063611279,0.1179003724523117,0.2018104192359369,1.7671599189424454,42087.0,38420.0,38420.0,7.977486347954255e-06,0.999900221824646,0.0048607047647237,43396.37109375,topk,38420.0,38420.0,8757.83984375,0.0,34638.5625,target_construction,,,,,,,,same_definition,False,13.0,1.0,
PatientID_0029_T1_to_T3_t1c,ORIGINAL,0.2109318063611279,0.1179003724523117,,0.2098202640862307,0.1172062558232996,0.2109318063611279,0.1179003724523117,0.2018104192359369,1.7671599189424454,42087.0,38420.0,38420.0,7.977486347954255e-06,0.999900221824646,0.0048607047647237,43396.37109375,topk,38420.0,38420.0,8757.83984375,0.0,34638.5625,target_construction,,,,,,,,original_clean,False,13.0,1.0,
PatientID_0029_T1_to_T3_t1c,BOUNDARY_TOLERANT,0.1112236086014231,0.0588865940520774,,0.1149229500024629,0.0609645902882904,0.1112236086014231,0.0588865940520774,0.1090423977503856,1.5107613906366968,41565.0,33581.0,33581.0,7.969866601342801e-06,0.9998936653137208,0.0047835800796747,42707.8046875,topk,33581.0,33581.0,4656.96142578125,0.0,38050.8359375,target_construction,,,,,,,,same_definition,False,3.0,1.0,
PatientID_0029_T1_to_T3_t1c,BOUNDARY_TOLERANT,0.2007808433211767,0.1115933223517693,,0.2010626992660991,0.1117674858346524,0.2007808433211767,0.1115933223517693,0.1928667394480102,1.7426346798102874,41565.0,38420.0,38420.0,7.969866601342801e-06,0.9998936653137208,0.0047835800796747,42707.8046875,topk,33581.0,38420.0,8236.9150390625,0.0,34470.90625,target_construction,,,,,,,,original_clean,False,3.0,1.0,
PatientID_0029_T1_to_T3_t1c,ERODED_CURRENT,0.2020433694838054,0.1123738838105792,,0.2017050438048706,0.112164605211386,0.2020433694838054,0.1123738838105792,0.2051068073191454,1.7251974403481891,42347.0,43164.0,43164.0,7.99882400315255e-06,0.9999492168426514,0.0048967418260872,43718.109375,topk,43164.0,43164.0,8966.8818359375,0.0,34751.26953125,target_construction,,,,,,,,same_definition,False,2.0,1.0,
PatientID_0029_T1_to_T3_t1c,ERODED_CURRENT,0.2145497137010079,0.1201656049226618,,0.2135278022061791,0.1195248392226723,0.2145497137010079,0.1201656049226618,0.2050242248009598,1.7757736563394126,42347.0,38420.0,38420.0,7.99882400315255e-06,0.9999492168426514,0.0048967418260872,43718.109375,topk,43164.0,38420.0,8963.271484375,3.609065532684326,34754.87109375,target_construction,,,,,,,,original_clean,False,2.0,1.0,
PatientID_0029_T1_to_T3_t1c,LARGE_CHANGE_ONLY,0.2092016379435956,0.1168203201363682,,0.2080722172584294,0.1161164078560568,0.2092016379435956,0.1168203201363682,0.2000436551957504,1.763279166227254,42083.0,38341.0,38341.0,7.977486347954255e-06,0.9998950958251952,0.0048598414286971,43388.6640625,topk,38341.0,38341.0,8679.626953125,0.0,34709.03125,target_construction,,,,,,,,same_definition,False,1.0,1.0,
PatientID_0029_T1_to_T3_t1c,LARGE_CHANGE_ONLY,0.2109318063611279,0.1179003724523117,,0.2098306895493357,0.1172127621311293,0.2109318063611279,0.1179003724523117,0.2018411121928163,1.7672427690778354,42083.0,38420.0,38420.0,7.977486347954255e-06,0.9998950958251952,0.0048598414286971,43388.6640625,topk,38341.0,38420.0,8757.6162109375,0.0,34631.0703125,target_construction,,,,,,,,original_clean,False,1.0,1.0,
PatientID_0030_T1_to_T3_t1c,ORIGINAL,0.5266608042241142,0.3574606619699995,,0.2662311237308627,0.1535562942582461,0.5266608042241142,0.3574606619699995,0.7147279072727076,2.470590280348807,15867.0,75054.0,75054.0,9.033014066517351e-06,0.9998385906219482,0.0021219470072537,18944.7421875,topk,75054.0,75054.0,13540.3359375,0.0,5404.3818359375,target_construction,,,,,,,,same_definition,False,7.0,1.0,
PatientID_0030_T1_to_T3_t1c,ORIGINAL,0.5266608042241142,0.3574606619699995,,0.2662311237308627,0.1535562942582461,0.5266608042241142,0.3574606619699995,0.7147279072727076,2.470590280348807,15867.0,75054.0,75054.0,9.033014066517351e-06,0.9998385906219482,0.0021219470072537,18944.7421875,topk,75054.0,75054.0,13540.3359375,0.0,5404.3818359375,target_construction,,,,,,,,original_clean,False,7.0,1.0,
PatientID_0030_T1_to_T3_t1c,BOUNDARY_TOLERANT,0.3108463949904985,0.1840249424776607,,0.1014873140986261,0.0534562212124581,0.3108463949904985,0.1840249424776607,0.2796466091139792,1.7902637644282624,13898.0,55825.0,55825.0,8.64031881064875e-06,0.9995695948600768,0.0018691371660679,16687.65625,topk,55825.0,55825.0,4666.646484375,0.0,12020.96484375,target_construction,,,,,,,,same_definition,False,19.0,1.0,
PatientID_0030_T1_to_T3_t1c,BOUNDARY_TOLERANT,0.5093132944312807,0.3416635383766677,,0.2321027070866073,0.1312874384879461,0.5093132944312807,0.3416635383766677,0.6906156075313508,2.420448307923256,13898.0,75054.0,75054.0,8.64031881064875e-06,0.9995695948600768,0.0018691371660679,16687.65625,topk,55825.0,75054.0,11524.755859375,0.0,5162.85595703125,target_construction,,,,,,,,original_clean,False,19.0,1.0,
PatientID_0030_T1_to_T3_t1c,ERODED_CURRENT,0.4864264352834419,0.3213761436023141,,0.2347325690392583,0.132972809065673,0.4864264352834419,0.3213761436023141,0.7230886874470406,2.385396403632426,17121.0,94964.0,94964.0,9.046566447068471e-06,0.9999573230743408,0.002283094683662,20383.46875,topk,94964.0,94964.0,14739.0556640625,0.0,5644.39599609375,target_construction,,,,,,,,same_definition,False,2.0,1.0,
PatientID_0030_T1_to_T3_t1c,ERODED_CURRENT,0.532882990916321,0.3632177853717253,,0.2854353132705676,0.1664768413165467,0.532882990916321,0.3632177853717253,0.7230231472037981,2.488417507380494,17121.0,75054.0,75054.0,9.046566447068471e-06,0.9999573230743408,0.002283094683662,20383.46875,topk,94964.0,75054.0,14737.7197265625,1.337470531463623,5645.728515625,target_construction,,,,,,,,original_clean,False,2.0,1.0,
PatientID_0030_T1_to_T3_t1c,LARGE_CHANGE_ONLY,0.5260870144966859,0.3569322067688577,,0.2657113297754109,0.153210555051554,0.5260870144966859,0.3569322067688577,0.71332156419736,2.467919589160361,15859.0,74999.0,74999.0,9.030533874465618e-06,0.99983811378479,0.0021212559659034,18938.572265625,topk,74999.0,74999.0,13509.2919921875,0.0,5429.26416015625,target_construction,,,,,,,,same_definition,False,2.0,1.0,
PatientID_0030_T1_to_T3_t1c,LARGE_CHANGE_ONLY,0.526700775444835,0.3574974904423388,,0.2661885539002542,0.1535279712845149,0.526700775444835,0.3574974904423388,0.7148533462777674,2.470857581843957,15859.0,75054.0,75054.0,9.030533874465618e-06,0.99983811378479,0.0021212559659034,18938.572265625,topk,74999.0,75054.0,13538.3017578125,0.0,5400.24560546875,target_construction,,,,,,,,original_clean,False,2.0,1.0,
PatientID_0031_T2_to_T3_t1c,ORIGINAL,0.3009374294301746,0.177119686270578,,0.2276042728862668,0.1284161710717853,0.3009374294301746,0.177119686270578,0.1477780195951324,1.9407787013201545,46043.0,17708.0,17708.0,8.150241228577215e-06,0.9998666048049928,0.0055556553415954,49600.890625,topk,17708.0,17708.0,7329.92138671875,0.0,42270.96484375,target_construction,,,,,,,,same_definition,False,29.0,1.0,
PatientID_0031_T2_to_T3_t1c,ORIGINAL,0.3009374294301746,0.177119686270578,,0.2276042728862668,0.1284161710717853,0.3009374294301746,0.177119686270578,0.1477780195951324,1.9407787013201545,46043.0,17708.0,17708.0,8.150241228577215e-06,0.9998666048049928,0.0055556553415954,49600.890625,topk,17708.0,17708.0,7329.92138671875,0.0,42270.96484375,target_construction,,,,,,,,original_clean,False,29.0,1.0,
PatientID_0031_T2_to_T3_t1c,BOUNDARY_TOLERANT,0.0580378825244027,0.0298862073884027,,0.055772699957611,0.0286863063668776,0.0580378825244027,0.0298862073884027,0.0324453746353537,1.5601133437178931,44980.0,8236.0,8236.0,8.150855137500912e-06,0.9997089505195618,0.0054179620929062,48371.56640625,topk,8236.0,8236.0,1569.43359375,0.0,46802.15234375,target_construction,,,,,,,,same_definition,False,32.0,1.0,
PatientID_0031_T2_to_T3_t1c,BOUNDARY_TOLERANT,0.2583013327519115,0.1483042604517118,,0.2126084737236375,0.1189490218635058,0.2583013327519115,0.1483042604517118,0.136371224588668,1.900117256469383,44980.0,17708.0,17708.0,8.150855137500912e-06,0.9997089505195618,0.0054179620929062,48371.56640625,topk,8236.0,17708.0,6596.48974609375,0.0,41775.06640625,target_construction,,,,,,,,original_clean,False,32.0,1.0,
PatientID_0031_T2_to_T3_t1c,ERODED_CURRENT,0.211876054238585,0.1184906978929427,,0.1936818066582887,0.1072246337237526,0.211876054238585,0.1184906978929427,0.1546622002659221,1.7062072203269698,46806.0,32014.0,32014.0,8.149969289661385e-06,0.999953269958496,0.0056605781428515,50537.640625,topk,32014.0,32014.0,7816.2626953125,0.0,42721.37109375,target_construction,,,,,,,,same_definition,False,13.0,1.0,
PatientID_0031_T2_to_T3_t1c,ERODED_CURRENT,0.3226790151535272,0.1923776176960347,,0.2366308088285235,0.134192436857049,0.3226790151535272,0.1923776176960347,0.1546158819122445,1.96392177846229,46806.0,17708.0,17708.0,8.149969289661385e-06,0.999953269958496,0.0056605781428515,50537.640625,topk,32014.0,17708.0,7813.921875,2.340414762496948,42723.6953125,target_construction,,,,,,,,original_clean,False,13.0,1.0,
PatientID_0031_T2_to_T3_t1c,LARGE_CHANGE_ONLY,0.2979559301002689,0.1750577058450119,,0.2246678002515166,0.12654972421336,0.2979559301002689,0.1750577058450119,0.1456701841792241,1.9370444489515173,45953.0,17563.0,17563.0,8.150241228577215e-06,0.9998666048049928,0.0055476818233728,49529.703125,topk,17563.0,17563.0,7215.0009765625,0.0,42314.70703125,target_construction,,,,,,,,same_definition,False,10.0,1.0,
PatientID_0031_T2_to_T3_t1c,LARGE_CHANGE_ONLY,0.301106844383863,0.177237069565974,,0.227831796559466,0.1285610452387285,0.301106844383863,0.177237069565974,0.1479118157002081,1.9412399214102083,45953.0,17708.0,17708.0,8.150241228577215e-06,0.9998666048049928,0.0055476818233728,49529.703125,topk,17563.0,17708.0,7326.0283203125,0.0,42203.66796875,target_construction,,,,,,,,original_clean,False,10.0,1.0,
PatientID_0032_T1_to_T2_t1c,ORIGINAL,0.1690140848512783,0.0923076927184128,,0.0659896983350702,0.0341206550485748,0.1690140848512783,0.0923076927184128,0.0301681101769913,2.361838384738061,32768.0,1207.0,1207.0,8.089329639915377e-06,0.9997840523719788,0.0039936457760632,35655.26953125,topk,1207.0,1207.0,1075.652099609375,0.0,34579.64453125,target_construction,,,,,,,,same_definition,False,15.0,1.0,
PatientID_0032_T1_to_T2_t1c,ORIGINAL,0.1690140848512783,0.0923076927184128,,0.0659896983350702,0.0341206550485748,0.1690140848512783,0.0923076927184128,0.0301681101769913,2.361838384738061,32768.0,1207.0,1207.0,8.089329639915377e-06,0.9997840523719788,0.0039936457760632,35655.26953125,topk,1207.0,1207.0,1075.652099609375,0.0,34579.64453125,target_construction,,,,,,,,original_clean,False,15.0,1.0,
PatientID_0032_T1_to_T2_t1c,BOUNDARY_TOLERANT,1.78571428252551e-09,1.78571428252551e-09,,0.0140331005281595,0.0070661301369794,1.78571428252551e-09,1.78571428252551e-09,0.0059411148181593,2.280037558037796,31502.0,280.0,280.0,8.106118912110105e-06,0.9997840523719788,0.0038760697934776,34605.55078125,topk,280.0,280.0,205.59555053710935,0.0,34399.9296875,target_construction,,,,,,,,same_definition,False,7.0,1.0,
PatientID_0032_T1_to_T2_t1c,BOUNDARY_TOLERANT,0.1251035629142073,0.0667255859183713,,0.0674432113770692,0.0348984370361672,0.1251035629142073,0.0667255859183713,0.0301113654375492,2.360995419605286,31502.0,1207.0,1207.0,8.106118912110105e-06,0.9997840523719788,0.0038760697934776,34605.55078125,topk,280.0,1207.0,1042.0203857421875,0.0,33563.546875,target_construction,,,,,,,,original_clean,False,7.0,1.0,
PatientID_0032_T1_to_T2_t1c,ERODED_CURRENT,0.1628555494753408,0.088646023210588,,0.0613397025550608,0.0316402531491392,0.1628555494753408,0.088646023210588,0.0304297690951861,1.8926877242072595,33258.0,3586.0,3586.0,8.090210030786693e-06,0.9998995065689088,0.0040325256995856,36002.390625,topk,3586.0,3586.0,1095.54443359375,0.0,34906.84765625,target_construction,,,,,,,,same_definition,False,5.0,1.0,
PatientID_0032_T1_to_T2_t1c,ERODED_CURRENT,0.2543496274836994,0.1457047939507808,,0.0655737705189156,0.0338983051137273,0.2543496274836994,0.1457047939507808,0.0304227403464442,2.365602751383157,33258.0,1207.0,1207.0,8.090210030786693e-06,0.9998995065689088,0.0040325256995856,36002.390625,topk,3586.0,1207.0,1095.2913818359375,0.2530000209808349,34907.1171875,target_construction,,,,,,,,original_clean,False,5.0,1.0,
PatientID_0032_T1_to_T2_t1c,LARGE_CHANGE_ONLY,0.1350626121936213,0.0724220627950014,,0.0619689555029882,0.0319752130431611,0.1350626121936213,0.0724220627950014,0.028014388294021,2.361977639965409,32189.0,1118.0,1118.0,8.0888285083347e-06,0.9997840523719788,0.0039511425420641,35275.80078125,topk,1118.0,1118.0,988.22998046875,0.0,34287.61328125,target_construction,,,,,,,,same_definition,False,4.0,1.0,
PatientID_0032_T1_to_T2_t1c,LARGE_CHANGE_ONLY,0.1640430823678363,0.0893501809163582,,0.0671337885055954,0.034732765328126,0.1640430823678363,0.0893501809163582,0.030483540416165,2.36649693828755,32189.0,1207.0,1207.0,8.0888285083347e-06,0.9997840523719788,0.0039511425420641,35275.80078125,topk,1118.0,1207.0,1075.331298828125,0.0,34200.49609375,target_construction,,,,,,,,original_clean,False,4.0,1.0,
PatientID_0033_T1_to_T2_t1c,ORIGINAL,0.1955762514941998,0.1083870968221297,,0.1354807422564261,0.072662559915875,0.1955762514941998,0.1083870968221297,0.0864666094407407,1.9132008639147515,28871.0,10308.0,10308.0,8.236504072556272e-06,0.9999808073043824,0.0036316737532615,32423.583984375,topk,10308.0,10308.0,2803.557373046875,0.0,29620.021484375,target_construction,,,,,,,,same_definition,False,6.0,1.0,
PatientID_0033_T1_to_T2_t1c,ORIGINAL,0.1955762514941998,0.1083870968221297,,0.1354807422564261,0.072662559915875,0.1955762514941998,0.1083870968221297,0.0864666094407407,1.9132008639147515,28871.0,10308.0,10308.0,8.236504072556272e-06,0.9999808073043824,0.0036316737532615,32423.583984375,topk,10308.0,10308.0,2803.557373046875,0.0,29620.021484375,target_construction,,,,,,,,original_clean,False,6.0,1.0,
PatientID_0033_T1_to_T2_t1c,BOUNDARY_TOLERANT,0.0615642927758804,0.0317597806386776,,0.0467441002173417,0.0239313754282078,0.0615642927758804,0.0317597806386776,0.0283965079700203,1.5620571488212858,28066.0,7147.0,7147.0,8.236504072556272e-06,0.999946117401123,0.0035406700335443,31611.1015625,topk,7147.0,7147.0,897.6448974609375,0.0,30713.4609375,target_construction,,,,,,,,same_definition,False,2.0,1.0,
PatientID_0033_T1_to_T2_t1c,BOUNDARY_TOLERANT,0.1795692666288528,0.0986410871783298,,0.1288893521882293,0.0688838751269077,0.1795692666288528,0.0986410871783298,0.0807299576567608,1.880668514881264,28066.0,10308.0,10308.0,8.236504072556272e-06,0.999946117401123,0.0035406700335443,31611.1015625,topk,7147.0,10308.0,2551.962890625,0.0,29059.12890625,target_construction,,,,,,,,original_clean,False,2.0,1.0,
PatientID_0033_T1_to_T2_t1c,ERODED_CURRENT,0.1647041721483971,0.0897425742934755,,0.1298816086542022,0.0694510087045234,0.1647041721483971,0.0897425742934755,0.090887427994425,1.811413686408544,29235.0,13758.0,13758.0,8.236504072556272e-06,0.9999914169311525,0.0036641666665673,32713.6796875,topk,13758.0,13758.0,2973.26220703125,0.0,29740.4375,target_construction,,,,,,,,same_definition,False,4.0,1.0,
PatientID_0033_T1_to_T2_t1c,ERODED_CURRENT,0.2075087311210948,0.1157655464027836,,0.1407075841706317,0.0756780283704012,0.2075087311210948,0.1157655464027836,0.0905755437626041,1.9353211785120652,29235.0,10308.0,10308.0,8.236504072556272e-06,0.9999914169311525,0.0036641666665673,32713.6796875,topk,13758.0,10308.0,2963.059326171875,10.20291519165039,29750.615234375,target_construction,,,,,,,,original_clean,False,4.0,1.0,
PatientID_0033_T1_to_T2_t1c,LARGE_CHANGE_ONLY,0.199397531862822,0.1107393416561932,,0.136408243398161,0.0731964191936699,0.199397531862822,0.1107393416561932,0.087094830487303,1.917361087731949,28431.0,10291.0,10291.0,8.236504072556272e-06,0.9999808073043824,0.0035896166227757,32048.09765625,topk,10291.0,10291.0,2791.2236328125,0.0,29256.876953125,target_construction,,,,,,,,same_definition,False,1.0,1.0,
PatientID_0033_T1_to_T2_t1c,LARGE_CHANGE_ONLY,0.2001358168800865,0.1111949550417078,,0.1370195410532791,0.0735485659117764,0.2001358168800865,0.1111949550417078,0.0874771751150615,1.9187277945149972,28431.0,10308.0,10308.0,8.236504072556272e-06,0.9999808073043824,0.0035896166227757,32048.09765625,topk,10291.0,10308.0,2803.47705078125,0.0,29244.6171875,target_construction,,,,,,,,original_clean,False,1.0,1.0,
PatientID_0034_T1_to_T2_t1c,ORIGINAL,0.3422852800427811,0.2064802079770013,,0.1073999522515881,0.0567473050608078,0.3422852800427811,0.2064802079770013,0.0568635833754151,2.134554285924227,54675.0,3947.0,3947.0,7.803762855473906e-06,0.999982476234436,0.0061327600851655,54753.28125,topk,3947.0,3947.0,3113.4677734375,0.0,51639.77734375,target_construction,,,,,,,,same_definition,False,20.0,1.0,
PatientID_0034_T1_to_T2_t1c,ORIGINAL,0.3422852800427811,0.2064802079770013,,0.1073999522515881,0.0567473050608078,0.3422852800427811,0.2064802079770013,0.0568635833754151,2.134554285924227,54675.0,3947.0,3947.0,7.803762855473906e-06,0.999982476234436,0.0061327600851655,54753.28125,topk,3947.0,3947.0,3113.4677734375,0.0,51639.77734375,target_construction,,,,,,,,original_clean,False,20.0,1.0,
PatientID_0034_T1_to_T2_t1c,BOUNDARY_TOLERANT,0.0054811208874905,0.0027480919075578,,0.0317636129942874,0.0161381088275611,0.0054811208874905,0.0027480919075578,0.0159657577962642,1.9454801115533296,54334.0,1642.0,1642.0,7.803755579516292e-06,0.9999808073043824,0.0060986094176769,54448.3828125,topk,1642.0,1642.0,869.3096923828125,0.0,53579.03125,target_construction,,,,,,,,same_definition,False,7.0,1.0,
PatientID_0034_T1_to_T2_t1c,BOUNDARY_TOLERANT,0.2346085635628821,0.1328932263012495,,0.1069645339114468,0.0565042419139927,0.2346085635628821,0.1328932263012495,0.0559278082036596,2.126917431807903,54334.0,3947.0,3947.0,7.803755579516292e-06,0.9999808073043824,0.0060986094176769,54448.3828125,topk,1642.0,3947.0,3045.1787109375,0.0,51403.13671875,target_construction,,,,,,,,original_clean,False,7.0,1.0,
PatientID_0034_T1_to_T2_t1c,ERODED_CURRENT,0.2898292123827537,0.1694738411708545,,0.1008440905825526,0.053099427012601,0.2898292123827537,0.1694738411708545,0.0571675187074287,1.8384383246124356,54825.0,7846.0,7846.0,7.804075721651316e-06,0.9999914169311525,0.0061478642746806,54888.1328125,topk,7846.0,7846.0,3137.818359375,0.0,51750.2890625,target_construction,,,,,,,,same_definition,False,5.0,1.0,
PatientID_0034_T1_to_T2_t1c,ERODED_CURRENT,0.3883962503941732,0.2409998429113347,,0.1075001701642363,0.056803265440512,0.3883962503941732,0.2409998429113347,0.0571409732380287,2.136795330071759,54825.0,3947.0,3947.0,7.804075721651316e-06,0.9999914169311525,0.0061478642746806,54888.1328125,topk,7846.0,3947.0,3136.361328125,1.4571713209152222,51751.75,target_construction,,,,,,,,original_clean,False,5.0,1.0,
PatientID_0034_T1_to_T2_t1c,LARGE_CHANGE_ONLY,0.3060356289143797,0.1806623765216351,,0.1019095131756079,0.0536905452607727,0.3060356289143797,0.1806623765216351,0.0535884507114058,2.1282585480899923,54369.0,3761.0,3761.0,7.803755579516292e-06,0.9999808073043824,0.0061192610301077,54632.76171875,topk,3761.0,3761.0,2927.68505859375,0.0,51705.046875,target_construction,,,,,,,,same_definition,False,4.0,1.0,
PatientID_0034_T1_to_T2_t1c,LARGE_CHANGE_ONLY,0.3412718521229703,0.2057430885587684,,0.1079635091723032,0.0570620649822893,0.3412718521229703,0.2057430885587684,0.0569855652661377,2.135541020221185,54369.0,3947.0,3947.0,7.803755579516292e-06,0.9999808073043824,0.0061192610301077,54632.76171875,topk,3761.0,3947.0,3113.27880859375,0.0,51519.45703125,target_construction,,,,,,,,original_clean,False,4.0,1.0,
PatientID_0035_T1_to_T2_t1c,ORIGINAL,0.3932128367035756,0.2447199267114968,,0.0551528948618082,0.0283584733874726,0.3932128367035756,0.2447199267114968,0.027752062356576,1.973010487247348,78554.0,2711.0,2711.0,8.043060006457381e-06,0.9999227523803712,0.009024629369378,80571.890625,topk,2711.0,2711.0,2236.0361328125,0.0,78335.859375,target_construction,,,,,,,,same_definition,False,22.0,1.0,
PatientID_0035_T1_to_T2_t1c,ORIGINAL,0.3932128367035756,0.2447199267114968,,0.0551528948618082,0.0283584733874726,0.3932128367035756,0.2447199267114968,0.027752062356576,1.973010487247348,78554.0,2711.0,2711.0,8.043060006457381e-06,0.9999227523803712,0.009024629369378,80571.890625,topk,2711.0,2711.0,2236.0361328125,0.0,78335.859375,target_construction,,,,,,,,original_clean,False,22.0,1.0,
PatientID_0035_T1_to_T2_t1c,BOUNDARY_TOLERANT,0.0261780113209615,0.0132626003419428,,0.0083616479214222,0.0041983766409761,0.0261780113209615,0.0132626003419428,0.0042074489263908,1.8184208948815128,74771.0,573.0,573.0,8.260551112471148e-06,0.9998218417167664,0.0086882188916206,77568.421875,topk,573.0,573.0,326.3651733398437,0.0,77242.109375,target_construction,,,,,,,,same_definition,False,9.0,1.0,
PatientID_0035_T1_to_T2_t1c,BOUNDARY_TOLERANT,0.3264478053621453,0.1950628170167373,,0.0559097596983053,0.0287588294780822,0.3264478053621453,0.1950628170167373,0.0276890529762095,1.9719948571773207,74771.0,2711.0,2711.0,8.260551112471148e-06,0.9998218417167664,0.0086882188916206,77568.421875,topk,573.0,2711.0,2147.796142578125,0.0,75420.6796875,target_construction,,,,,,,,original_clean,False,9.0,1.0,
PatientID_0035_T1_to_T2_t1c,ERODED_CURRENT,0.2156555773505769,0.1208598377479813,,0.0527072242580549,0.0270669233336828,0.2156555773505769,0.1208598377479813,0.0281329161154892,1.5274766999692204,79306.0,7665.0,7665.0,8.043113666644786e-06,0.9999737739562988,0.0091023677960038,81265.9375,topk,7665.0,7665.0,2286.247802734375,0.0,78979.640625,target_construction,,,,,,,,same_definition,False,22.0,1.0,
PatientID_0035_T1_to_T2_t1c,ERODED_CURRENT,0.452600516515566,0.2924910609553061,,0.0558908519080691,0.028748824094967,0.452600516515566,0.2924910609553061,0.0281314380400348,1.9790762266175437,79306.0,2711.0,2711.0,8.043113666644786e-06,0.9999737739562988,0.0091023677960038,81265.9375,topk,7665.0,2711.0,2286.127685546875,0.1201030239462852,78979.8984375,target_construction,,,,,,,,original_clean,False,22.0,1.0,
PatientID_0035_T1_to_T2_t1c,LARGE_CHANGE_ONLY,0.4193011648462352,0.2652631580880886,,0.0511568422399054,0.0262498508660296,0.4193011648462352,0.2652631580880886,0.0255111608584481,1.987655447910978,75005.0,2404.0,2404.0,8.273275852843653e-06,0.9999227523803712,0.0087253265082836,77899.71875,topk,2404.0,2404.0,1987.312255859375,0.0,75912.4296875,target_construction,,,,,,,,same_definition,False,3.0,1.0,
PatientID_0035_T1_to_T2_t1c,LARGE_CHANGE_ONLY,0.3961637773153515,0.2470101197683969,,0.0574141746994516,0.0295555408487837,0.3961637773153515,0.2470101197683969,0.028412129215803,1.9835136870271384,75005.0,2711.0,2711.0,8.273275852843653e-06,0.9999227523803712,0.0087253265082836,77899.71875,topk,2404.0,2711.0,2213.296875,0.0,75686.46875,target_construction,,,,,,,,original_clean,False,3.0,1.0,
PatientID_0036_T1_to_T2_t1c,ORIGINAL,0.3912218640388039,0.2431795008268548,,0.2799050570905106,0.1627265159127039,0.3912218640388039,0.2431795008268548,0.4261587299050243,1.972353890510356,31850.0,70106.0,70106.0,8.113976946333423e-06,0.999923825263977,0.0041626957245171,37164.546875,topk,70106.0,70106.0,15837.99609375,0.0,21326.51171875,target_construction,,,,,,,,same_definition,False,22.0,1.0,
PatientID_0036_T1_to_T2_t1c,ORIGINAL,0.3912218640388039,0.2431795008268548,,0.2799050570905106,0.1627265159127039,0.3912218640388039,0.2431795008268548,0.4261587299050243,1.972353890510356,31850.0,70106.0,70106.0,8.113976946333423e-06,0.999923825263977,0.0041626957245171,37164.546875,topk,70106.0,70106.0,15837.99609375,0.0,21326.51171875,target_construction,,,,,,,,original_clean,False,22.0,1.0,
PatientID_0036_T1_to_T2_t1c,BOUNDARY_TOLERANT,0.1671114273936319,0.0911738061441355,,0.1124442068467078,0.0595713288403276,0.1671114273936319,0.0911738061441355,0.1591179211695743,1.5212136523998003,29842.0,50589.0,50589.0,8.114689080684911e-06,0.9997846484184264,0.0038951293099671,34775.71484375,topk,50589.0,50589.0,5533.439453125,0.0,29242.228515625,target_construction,,,,,,,,same_definition,False,12.0,1.0,
PatientID_0036_T1_to_T2_t1c,BOUNDARY_TOLERANT,0.3567740279051951,0.2171180555623514,,0.2487693600747512,0.1420540244167689,0.3567740279051951,0.2171180555623514,0.3937272474740187,1.914101447788572,29842.0,70106.0,70106.0,8.114689080684911e-06,0.9997846484184264,0.0038951293099671,34775.71484375,topk,50589.0,70106.0,13692.146484375,0.0,21083.54296875,target_construction,,,,,,,,original_clean,False,12.0,1.0,
PatientID_0036_T1_to_T2_t1c,ERODED_CURRENT,0.3635913552643167,0.2221886057850976,,0.2470701887808258,0.1409469946864496,0.3635913552643167,0.2221886057850976,0.4443820969655862,1.8811182727372904,33376.0,92912.0,92912.0,8.11261543276487e-06,0.9999711513519288,0.0043423185124993,38768.21875,topk,92912.0,92912.0,17227.90234375,0.0,21540.28515625,target_construction,,,,,,,,same_definition,False,9.0,1.0,
PatientID_0036_T1_to_T2_t1c,ERODED_CURRENT,0.4055145066085248,0.2543231081715975,,0.3014823834164252,0.1774973544465084,0.4055145066085248,0.2543231081715975,0.4441141785756035,2.004083362533456,33376.0,70106.0,70106.0,8.11261543276487e-06,0.9999711513519288,0.0043423185124993,38768.21875,topk,92912.0,70106.0,17217.515625,10.388187408447266,21550.6640625,target_construction,,,,,,,,original_clean,False,9.0,1.0,
PatientID_0036_T1_to_T2_t1c,LARGE_CHANGE_ONLY,0.3899968570574159,0.2422335998363556,,0.2787149225371766,0.1619225810963467,0.3899968570574159,0.2422335998363556,0.4241850062401816,1.9695212284184525,31848.0,69998.0,69998.0,8.11398513178574e-06,0.999923825263977,0.0041622784920036,37160.82421875,topk,69998.0,69998.0,15763.064453125,0.0,21397.734375,target_construction,,,,,,,,same_definition,False,3.0,1.0,
PatientID_0036_T1_to_T2_t1c,LARGE_CHANGE_ONLY,0.391250392267486,0.2432015463390475,,0.2798713145214521,0.1627037075146521,0.391250392267486,0.2432015463390475,0.4261604253722454,1.9723569797415443,31848.0,70106.0,70106.0,8.11398513178574e-06,0.999923825263977,0.0041622784920036,37160.82421875,topk,69998.0,70106.0,15836.47265625,0.0,21324.310546875,target_construction,,,,,,,,original_clean,False,3.0,1.0,
PatientID_0037_T1_to_T2_t1c,ORIGINAL,0.377639543650065,0.232771664387332,,0.3795237012983367,0.2342050307135522,0.377639543650065,0.232771664387332,0.3422463190916058,2.110804144598073,43345.0,35849.0,35849.0,8.383740350836888e-06,0.9999899864196776,0.0050496160984039,45082.97265625,topk,35849.0,35849.0,15429.4814453125,0.0,29653.48046875,target_construction,,,,,,,,same_definition,False,18.0,1.0,
PatientID_0037_T1_to_T2_t1c,ORIGINAL,0.377639543650065,0.232771664387332,,0.3795237012983367,0.2342050307135522,0.377639543650065,0.232771664387332,0.3422463190916058,2.110804144598073,43345.0,35849.0,35849.0,8.383740350836888e-06,0.9999899864196776,0.0050496160984039,45082.97265625,topk,35849.0,35849.0,15429.4814453125,0.0,29653.48046875,target_construction,,,,,,,,original_clean,False,18.0,1.0,
PatientID_0037_T1_to_T2_t1c,BOUNDARY_TOLERANT,0.1586184670151308,0.0861410110823447,,0.1517314476069136,0.0820938317787517,0.1586184670151308,0.0861410110823447,0.1112865844713703,1.777618325425568,41766.0,18617.0,18617.0,8.173194146365859e-06,0.9999759197235109,0.0048318929038941,43139.140625,topk,18617.0,18617.0,4800.8076171875,0.0,38338.3046875,target_construction,,,,,,,,same_definition,False,26.0,1.0,
PatientID_0037_T1_to_T2_t1c,BOUNDARY_TOLERANT,0.3559652989015598,0.2165193342176134,,0.3587193197273888,0.218560617966864,0.3559652989015598,0.2165193342176134,0.3263062972104405,2.0796915661169724,41766.0,35849.0,35849.0,8.173194146365859e-06,0.9999759197235109,0.0048318929038941,43139.140625,topk,18617.0,35849.0,14076.5732421875,0.0,29062.556640625,target_construction,,,,,,,,original_clean,False,26.0,1.0,
PatientID_0037_T1_to_T2_t1c,ERODED_CURRENT,0.3331471753491933,0.1998659812248074,,0.3104135379005034,0.1837216057725705,0.3331471753491933,0.1998659812248074,0.3511989802899304,1.9232514791505455,44578.0,57299.0,57299.0,8.519646144122817e-06,0.9999914169311525,0.0052116680890321,46529.7734375,topk,57299.0,57299.0,16341.208984375,0.0,30188.5546875,target_construction,,,,,,,,same_definition,False,5.0,1.0,
PatientID_0037_T1_to_T2_t1c,ERODED_CURRENT,0.3921448297108407,0.2438931297841101,,0.3930272172355922,0.2445761505486587,0.3921448297108407,0.2438931297841101,0.3509015606773873,2.1274032568059944,44578.0,35849.0,35849.0,8.519646144122817e-06,0.9999914169311525,0.0052116680890321,46529.7734375,topk,57299.0,35849.0,16327.3701171875,13.839106559753418,30202.40234375,target_construction,,,,,,,,original_clean,False,5.0,1.0,
PatientID_0037_T1_to_T2_t1c,LARGE_CHANGE_ONLY,0.3777175431820025,0.232830936194422,,0.3794105752782907,0.2341188764409732,0.3777175431820025,0.232830936194422,0.3419028348675157,2.1109084939162823,43342.0,35786.0,35786.0,8.383740350836888e-06,0.9999899864196776,0.0050493087619543,45080.23046875,topk,35786.0,35786.0,15413.05859375,0.0,29667.146484375,target_construction,,,,,,,,same_definition,False,4.0,1.0,
PatientID_0037_T1_to_T2_t1c,LARGE_CHANGE_ONLY,0.377639543650065,0.232771664387332,,0.3795380788299234,0.2342159811848851,0.377639543650065,0.232771664387332,0.3422585158283442,2.1108276451839174,43342.0,35849.0,35849.0,8.383740350836888e-06,0.9999899864196776,0.0050493087619543,45080.23046875,topk,35786.0,35849.0,15429.0927734375,0.0,29651.12890625,target_construction,,,,,,,,original_clean,False,4.0,1.0,
PatientID_0038_T1_to_T2_t1c,ORIGINAL,0.3394815927997843,0.204443137361617,,0.3074874223289331,0.1816751180480684,0.3394815927997843,0.204443137361617,0.3308222274879507,2.218301350774105,20686.0,26620.0,26620.0,8.292051461467054e-06,0.9996139407157898,0.0026698799338191,23836.6875,topk,26620.0,26620.0,7885.7060546875,0.0,15950.93359375,target_construction,,,,,,,,same_definition,False,14.0,1.0,
PatientID_0038_T1_to_T2_t1c,ORIGINAL,0.3394815927997843,0.204443137361617,,0.3074874223289331,0.1816751180480684,0.3394815927997843,0.204443137361617,0.3308222274879507,2.218301350774105,20686.0,26620.0,26620.0,8.292051461467054e-06,0.9996139407157898,0.0026698799338191,23836.6875,topk,26620.0,26620.0,7885.7060546875,0.0,15950.93359375,target_construction,,,,,,,,original_clean,False,14.0,1.0,
PatientID_0038_T1_to_T2_t1c,BOUNDARY_TOLERANT,0.0396621927673178,0.0202323256011911,,0.0577359311687723,0.0297260975608048,0.0396621927673178,0.0202323256011911,0.0550533725156628,1.5928743279214794,18919.0,13262.0,13262.0,8.291973244922701e-06,0.9992509484291076,0.0024641761556267,22000.1640625,topk,13262.0,13262.0,1211.1832275390625,0.0,20788.984375,target_construction,,,,,,,,same_definition,False,12.0,1.0,
PatientID_0038_T1_to_T2_t1c,BOUNDARY_TOLERANT,0.2949286251071576,0.1729714248127746,,0.2596016601317639,0.1491622085608872,0.2949286251071576,0.1729714248127746,0.2892654431552995,2.1338366944116296,18919.0,26620.0,26620.0,8.291973244922701e-06,0.9992509484291076,0.0024641761556267,22000.1640625,topk,13262.0,26620.0,6363.88720703125,0.0,15636.25,target_construction,,,,,,,,original_clean,False,12.0,1.0,
PatientID_0038_T1_to_T2_t1c,ERODED_CURRENT,0.3338806540932783,0.2003942004049951,,0.253068961378429,0.1448648834993392,0.3338806540932783,0.2003942004049951,0.3577060481422117,2.0464171775962927,22013.0,44459.0,44459.0,8.2922806541319e-06,0.9998986721038818,0.0028145562391728,25128.357421875,topk,44459.0,44459.0,8988.5654296875,0.0,16139.767578125,target_construction,,,,,,,,same_definition,False,11.0,1.0,
PatientID_0038_T1_to_T2_t1c,ERODED_CURRENT,0.369233658914928,0.2264172675306623,,0.3458556947063546,0.2090843547420857,0.369233658914928,0.2264172675306623,0.3572195615338848,2.2691202800495094,22013.0,26620.0,26620.0,8.2922806541319e-06,0.9998986721038818,0.0028145562391728,25128.357421875,topk,44459.0,26620.0,8976.3408203125,12.223971366882324,16151.986328125,target_construction,,,,,,,,original_clean,False,11.0,1.0,
PatientID_0038_T1_to_T2_t1c,LARGE_CHANGE_ONLY,0.3378017095429114,0.2032258795459478,,0.3055820156367227,0.1803463008974753,0.3378017095429114,0.2032258795459478,0.3286221424461198,2.215009572599636,20684.0,26557.0,26557.0,8.292051461467054e-06,0.9996139407157898,0.002669712761417,23835.1953125,topk,26557.0,26557.0,7832.77294921875,0.0,16002.39453125,target_construction,,,,,,,,same_definition,False,4.0,1.0,
PatientID_0038_T1_to_T2_t1c,LARGE_CHANGE_ONLY,0.33944402705974,0.2044158899827071,,0.3074581430892216,0.1816546762794351,0.33944402705974,0.2044158899827071,0.3308017620999594,2.2182611536620485,20684.0,26620.0,26620.0,8.292051461467054e-06,0.9996139407157898,0.002669712761417,23835.1953125,topk,26557.0,26620.0,7884.724609375,0.0,15950.4248046875,target_construction,,,,,,,,original_clean,False,4.0,1.0,
PatientID_0039_T1_to_T2_t1c,ORIGINAL,0.2875769649968169,0.1679357023756481,,0.0986079819943151,0.0518609424461636,0.2875769649968169,0.1679357023756481,0.0476102542851771,2.208439176059063,46951.0,2761.0,2761.0,8.129762136377394e-06,0.9999630451202391,0.0055991187691688,49988.93359375,topk,2761.0,2761.0,2379.98583984375,0.0,47608.8671875,target_construction,,,,,,,,same_definition,False,8.0,1.0,
PatientID_0039_T1_to_T2_t1c,ORIGINAL,0.2875769649968169,0.1679357023756481,,0.0986079819943151,0.0518609424461636,0.2875769649968169,0.1679357023756481,0.0476102542851771,2.208439176059063,46951.0,2761.0,2761.0,8.129762136377394e-06,0.9999630451202391,0.0055991187691688,49988.93359375,topk,2761.0,2761.0,2379.98583984375,0.0,47608.8671875,target_construction,,,,,,,,original_clean,False,8.0,1.0,
PatientID_0039_T1_to_T2_t1c,BOUNDARY_TOLERANT,0.0068259391314983,0.0034246581030681,,0.029170543830924,0.0148011507342424,0.0068259391314983,0.0034246581030681,0.0127751162096204,2.1186707850793214,45332.0,879.0,879.0,8.129762136377394e-06,0.9999630451202391,0.0054511399939656,48667.77734375,topk,879.0,879.0,621.7365112304688,0.0,48046.01171875,target_construction,,,,,,,,same_definition,False,4.0,1.0,
PatientID_0039_T1_to_T2_t1c,BOUNDARY_TOLERANT,0.1948569360385989,0.1079454255401393,,0.0997650385898204,0.0525014225269728,0.1948569360385989,0.1079454255401393,0.0467300377054119,2.1999334733775378,45332.0,2761.0,2761.0,8.129762136377394e-06,0.9999630451202391,0.0054511399939656,48667.77734375,topk,879.0,2761.0,2274.2470703125,0.0,46393.4609375,target_construction,,,,,,,,original_clean,False,4.0,1.0,
PatientID_0039_T1_to_T2_t1c,ERODED_CURRENT,0.2918898947633576,0.170884706989954,,0.0944250076229383,0.0495519767097816,0.2918898947633576,0.170884706989954,0.0483626393842068,1.923090316433116,47179.0,5413.0,5413.0,8.12977032182971e-06,0.9999630451202391,0.0056223929859697,50196.72265625,topk,5413.0,5413.0,2427.64599609375,0.0,47769.09375,target_construction,,,,,,,,same_definition,False,10.0,1.0,
PatientID_0039_T1_to_T2_t1c,ERODED_CURRENT,0.3636363637516051,0.2222222223943731,,0.099439327210664,0.0523210485481104,0.3636363637516051,0.2222222223943731,0.0483192845710619,2.2151823200892884,47179.0,2761.0,2761.0,8.12977032182971e-06,0.9999630451202391,0.0056223929859697,50196.72265625,topk,5413.0,2761.0,2425.4697265625,2.1760852336883545,47771.203125,target_construction,,,,,,,,original_clean,False,10.0,1.0,
PatientID_0039_T1_to_T2_t1c,LARGE_CHANGE_ONLY,0.2834383106181107,0.1651197929710512,,0.0970290193713415,0.0509881760564522,0.2834383106181107,0.1651197929710512,0.0466460807479672,2.208980668199507,46544.0,2699.0,2699.0,8.129762136377394e-06,0.9999630451202391,0.0055743278935551,49767.59765625,topk,2699.0,2699.0,2321.46337890625,0.0,47446.08203125,target_construction,,,,,,,,same_definition,False,2.0,1.0,
PatientID_0039_T1_to_T2_t1c,LARGE_CHANGE_ONLY,0.2843172764787545,0.1657166985083984,,0.0994219653361845,0.0523114355433407,0.2843172764787545,0.1657166985083984,0.0478004207839389,2.2102572258048405,46544.0,2761.0,2761.0,8.129762136377394e-06,0.9999630451202391,0.0055743278935551,49767.59765625,topk,2699.0,2761.0,2378.912109375,0.0,47388.59375,target_construction,,,,,,,,original_clean,False,2.0,1.0,
PatientID_0041_T1_to_T2_t1c,ORIGINAL,0.451664611624435,0.2917098033533718,,0.309421415947764,0.1830269346223588,0.451664611624435,0.2917098033533718,0.1929623618727526,2.4199148961053143,19561.0,8110.0,8110.0,8.19552496977849e-06,0.9988024234771729,0.0024629670660942,21989.369140625,topk,8110.0,8110.0,4243.12060546875,0.0,17746.263671875,target_construction,,,,,,,,same_definition,False,2.0,1.0,
PatientID_0041_T1_to_T2_t1c,ORIGINAL,0.451664611624435,0.2917098033533718,,0.309421415947764,0.1830269346223588,0.451664611624435,0.2917098033533718,0.1929623618727526,2.4199148961053143,19561.0,8110.0,8110.0,8.19552496977849e-06,0.9988024234771729,0.0024629670660942,21989.369140625,topk,8110.0,8110.0,4243.12060546875,0.0,17746.263671875,target_construction,,,,,,,,original_clean,False,2.0,1.0,
PatientID_0041_T1_to_T2_t1c,BOUNDARY_TOLERANT,0.3658892128742063,0.2239072257605791,,0.2396264379013847,0.1361224930284182,0.3658892128742063,0.2239072257605791,0.1432826591349003,2.337449736306382,19481.0,6860.0,6860.0,8.192001587303821e-06,0.9969052672386168,0.0024472023360431,21848.623046875,topk,6860.0,6860.0,3130.52880859375,0.0,18718.1171875,target_construction,,,,,,,,same_definition,False,5.0,1.0,
PatientID_0041_T1_to_T2_t1c,BOUNDARY_TOLERANT,0.439457459960576,0.281605562635777,,0.3068391867164351,0.1812227074586342,0.439457459960576,0.281605562635777,0.1904621376042294,2.412907690900802,19481.0,8110.0,8110.0,8.192001587303821e-06,0.9969052672386168,0.0024472023360431,21848.623046875,topk,6860.0,8110.0,4161.33544921875,0.0,17687.298828125,target_construction,,,,,,,,original_clean,False,5.0,1.0,
PatientID_0041_T1_to_T2_t1c,ERODED_CURRENT,0.4130697419322861,0.2602948301432421,,0.2993344252256565,0.1760101631351524,0.4130697419322861,0.2602948301432421,0.1936280279726687,2.371461376863748,19592.0,9105.0,9105.0,8.195439477276523e-06,0.9994317889213562,0.0024690914433449,22044.048828125,topk,9105.0,9105.0,4268.345703125,0.0,17775.716796875,target_construction,,,,,,,,same_definition,False,2.0,1.0,
PatientID_0041_T1_to_T2_t1c,ERODED_CURRENT,0.4548705302432262,0.2943899130720301,,0.3100859143993182,0.1834921177774387,0.4548705302432262,0.2943899130720301,0.1936267875585228,2.421765477396854,19592.0,8110.0,8110.0,8.195439477276523e-06,0.9994317889213562,0.0024690914433449,22044.048828125,topk,9105.0,8110.0,4268.318359375,0.0271641742438077,17775.744140625,target_construction,,,,,,,,original_clean,False,2.0,1.0,
PatientID_0041_T1_to_T2_t1c,LARGE_CHANGE_ONLY,0.451664611624435,0.2917098033533718,,0.309421415947764,0.1830269346223588,0.451664611624435,0.2917098033533718,0.1929623618727526,2.4199148961053143,19561.0,8110.0,8110.0,8.19552496977849e-06,0.9988024234771729,0.0024629670660942,21989.369140625,topk,8110.0,8110.0,4243.12060546875,0.0,17746.263671875,target_construction,,,,,,,,same_definition,False,2.0,1.0,
PatientID_0041_T1_to_T2_t1c,LARGE_CHANGE_ONLY,0.451664611624435,0.2917098033533718,,0.309421415947764,0.1830269346223588,0.451664611624435,0.2917098033533718,0.1929623618727526,2.4199148961053143,19561.0,8110.0,8110.0,8.19552496977849e-06,0.9988024234771729,0.0024629670660942,21989.369140625,topk,8110.0,8110.0,4243.12060546875,0.0,17746.263671875,target_construction,,,,,,,,original_clean,False,2.0,1.0,
PatientID_0044_T1_to_T2_t1c,ORIGINAL,0.3217550276289595,0.1917211331910961,,0.0452067171535469,0.0231260857940626,0.3217550276289595,0.1917211331910961,0.0219582360545195,2.086805261716491,62553.0,1641.0,1641.0,8.057671038841363e-06,0.999956488609314,0.0072779799811542,64977.8046875,topk,1641.0,1641.0,1426.7979736328125,0.0,63551.0,target_construction,,,,,,,,same_definition,False,23.0,1.0,
PatientID_0044_T1_to_T2_t1c,ORIGINAL,0.3217550276289595,0.1917211331910961,,0.0452067171535469,0.0231260857940626,0.3217550276289595,0.1917211331910961,0.0219582360545195,2.086805261716491,62553.0,1641.0,1641.0,8.057671038841363e-06,0.999956488609314,0.0072779799811542,64977.8046875,topk,1641.0,1641.0,1426.7979736328125,0.0,63551.0,target_construction,,,,,,,,original_clean,False,23.0,1.0,
PatientID_0044_T1_to_T2_t1c,BOUNDARY_TOLERANT,0.0212765983476686,0.0107526908313099,,0.0053523941969655,0.0026833783563002,0.0212765983476686,0.0107526908313099,0.002464020022554,2.0693021639726146,58851.0,188.0,188.0,8.063896530074999e-06,0.9998929500579834,0.006968033965677,62210.60546875,topk,188.0,188.0,153.28817749023438,0.0,62057.32421875,target_construction,,,,,,,,same_definition,False,3.0,1.0,
PatientID_0044_T1_to_T2_t1c,BOUNDARY_TOLERANT,0.2230347351544684,0.1255144035920732,,0.0460226145763733,0.0235532995089077,0.2230347351544684,0.1255144035920732,0.0220416691913741,2.0884891225743627,58851.0,1641.0,1641.0,8.063896530074999e-06,0.9998929500579834,0.006968033965677,62210.60546875,topk,188.0,1641.0,1371.2255859375,0.0,60839.3984375,target_construction,,,,,,,,original_clean,False,3.0,1.0,
PatientID_0044_T1_to_T2_t1c,ERODED_CURRENT,0.138554963493707,0.0744340879444451,,0.0417541831849651,0.0213222379132522,0.138554963493707,0.0744340879444451,0.0223083206376422,1.4018059632478803,62870.0,8069.0,8069.0,8.05885429144837e-06,0.999984622001648,0.0073218932375311,65369.86328125,topk,8069.0,8069.0,1458.2918701171875,0.0,63911.59765625,target_construction,,,,,,,,same_definition,False,27.0,1.0,
PatientID_0044_T1_to_T2_t1c,ERODED_CURRENT,0.3778184036021272,0.232907588567653,,0.0459146502294815,0.0234967475960098,0.3778184036021272,0.232907588567653,0.0223059173208185,2.0937818169417217,62870.0,1641.0,1641.0,8.05885429144837e-06,0.999984622001648,0.0073218932375311,65369.86328125,topk,8069.0,1641.0,1458.134765625,0.1571503281593322,63911.796875,target_construction,,,,,,,,original_clean,False,27.0,1.0,
PatientID_0044_T1_to_T2_t1c,LARGE_CHANGE_ONLY,0.3193052774484618,0.1899841020707535,,0.0420844558664442,0.0214945205415724,0.3193052774484618,0.1899841020707535,0.020263767148473,2.091069819771236,61234.0,1497.0,1497.0,8.063921086431947e-06,0.999956488609314,0.0071598314680159,63922.9765625,topk,1497.0,1497.0,1295.3203125,0.0,62627.67578125,target_construction,,,,,,,,same_definition,False,3.0,1.0,
PatientID_0044_T1_to_T2_t1c,LARGE_CHANGE_ONLY,0.3077391836356675,0.1818509185517281,,0.0461550695976754,0.0236226882159477,0.3077391836356675,0.1818509185517281,0.0222887261414795,2.09343976597678,61234.0,1641.0,1641.0,8.063921086431947e-06,0.999956488609314,0.0071598314680159,63922.9765625,topk,1497.0,1641.0,1424.76171875,0.0,62498.21484375,target_construction,,,,,,,,original_clean,False,3.0,1.0,
PatientID_0045_T1_to_T2_t1c,ORIGINAL,0.3798844401701925,0.2344798418065855,,0.3262585034096938,0.1949276540518921,0.3798844401701925,0.2344798418065855,0.4382270393123351,2.107877832437348,26852.0,53998.0,53998.0,8.524294571543578e-06,0.9998027682304382,0.0035829131957143,31988.248046875,topk,53998.0,53998.0,14018.115234375,0.0,17970.142578125,target_construction,,,,,,,,same_definition,False,9.0,1.0,
PatientID_0045_T1_to_T2_t1c,ORIGINAL,0.3798844401701925,0.2344798418065855,,0.3262585034096938,0.1949276540518921,0.3798844401701925,0.2344798418065855,0.4382270393123351,2.107877832437348,26852.0,53998.0,53998.0,8.524294571543578e-06,0.9998027682304382,0.0035829131957143,31988.248046875,topk,53998.0,53998.0,14018.115234375,0.0,17970.142578125,target_construction,,,,,,,,original_clean,False,9.0,1.0,
PatientID_0045_T1_to_T2_t1c,BOUNDARY_TOLERANT,0.2321130496509259,0.1312940567919382,,0.1831812349641281,0.1008252658450908,0.2321130496509259,0.1312940567919382,0.2326630498033625,1.789551750249034,25630.0,43733.0,43733.0,8.505456207785755e-06,0.999579131603241,0.003434186335653,30660.416015625,topk,43733.0,43733.0,7133.5458984375,0.0,23526.884765625,target_construction,,,,,,,,same_definition,False,5.0,1.0,
PatientID_0045_T1_to_T2_t1c,BOUNDARY_TOLERANT,0.3617726582525115,0.220831778984854,,0.3042899482681432,0.1794469213458231,0.3617726582525115,0.220831778984854,0.4195914571495764,2.074832353063922,25630.0,53998.0,53998.0,8.505456207785755e-06,0.999579131603241,0.003434186335653,30660.416015625,topk,43733.0,53998.0,12864.8486328125,0.0,17795.576171875,target_construction,,,,,,,,original_clean,False,5.0,1.0,
PatientID_0045_T1_to_T2_t1c,ERODED_CURRENT,0.3570228238003222,0.2173023636470226,,0.2954650500435817,0.1733405642753302,0.3570228238003222,0.2173023636470226,0.4457474764970636,2.036974448619367,27575.0,65458.0,65458.0,8.556524335290305e-06,0.9998939037322998,0.0036700037308037,32765.79296875,topk,65458.0,65458.0,14605.26953125,0.0,18160.533203125,target_construction,,,,,,,,same_definition,False,5.0,1.0,
PatientID_0045_T1_to_T2_t1c,ERODED_CURRENT,0.3875699100023374,0.2403638535484867,,0.3369742439368789,0.2026271948694124,0.3875699100023374,0.2403638535484867,0.4455592025456783,2.1207896898393277,27575.0,53998.0,53998.0,8.556524335290305e-06,0.9998939037322998,0.0036700037308037,32765.79296875,topk,65458.0,53998.0,14599.1005859375,6.168482780456543,18166.703125,target_construction,,,,,,,,original_clean,False,5.0,1.0,
PatientID_0045_T1_to_T2_t1c,LARGE_CHANGE_ONLY,0.3792181757491627,0.2339723768382925,,0.3257559803361402,0.1945689974222039,0.3792181757491627,0.2339723768382925,0.437074678187568,2.106848874088937,26849.0,53874.0,53874.0,8.524294571543578e-06,0.9998027682304382,0.0035820896737277,31980.896484375,topk,53874.0,53874.0,13978.0400390625,0.0,18002.8671875,target_construction,,,,,,,,same_definition,False,1.0,1.0,
PatientID_0045_T1_to_T2_t1c,LARGE_CHANGE_ONLY,0.3798844401701925,0.2344798418065855,,0.3262211337547934,0.1949009754774623,0.3798844401701925,0.2344798418065855,0.4382740025645043,2.1079605720306622,26849.0,53998.0,53998.0,8.524294571543578e-06,0.9998027682304382,0.0035820896737277,31980.896484375,topk,53874.0,53998.0,14016.3955078125,0.0,17964.515625,target_construction,,,,,,,,original_clean,False,1.0,1.0,
PatientID_0051_T1_to_T3_t1c,ORIGINAL,0.4611927070314892,0.2997079031019991,,0.2053243504307285,0.114407497804264,0.4611927070314892,0.2997079031019991,0.1152197985127734,1.8661289523870503,115713.0,15796.0,15796.0,7.974983418534975e-06,0.999987006187439,0.0129261137917637,115404.34375,topk,15796.0,15796.0,13296.865234375,0.0,102107.5703125,target_construction,,,,,,,,same_definition,False,24.0,1.0,
PatientID_0051_T1_to_T3_t1c,ORIGINAL,0.4611927070314892,0.2997079031019991,,0.2053243504307285,0.114407497804264,0.4611927070314892,0.2997079031019991,0.1152197985127734,1.8661289523870503,115713.0,15796.0,15796.0,7.974983418534975e-06,0.999987006187439,0.0129261137917637,115404.34375,topk,15796.0,15796.0,13296.865234375,0.0,102107.5703125,target_construction,,,,,,,,original_clean,False,24.0,1.0,
PatientID_0051_T1_to_T3_t1c,BOUNDARY_TOLERANT,0.0892598776244151,0.0467148183220692,,0.1077433467667492,0.0569390767316173,0.0892598776244151,0.0467148183220692,0.0567373081299377,1.7760345610767485,114902.0,8985.0,8985.0,7.9333922258229e-06,0.999987006187439,0.0128383999690413,114621.234375,topk,8985.0,8985.0,6503.30029296875,0.0,108117.921875,target_construction,,,,,,,,same_definition,False,18.0,1.0,
PatientID_0051_T1_to_T3_t1c,BOUNDARY_TOLERANT,0.3881362370413986,0.2407996544031735,,0.2054966411176491,0.1145144923286246,0.3881362370413986,0.2407996544031735,0.1146638336946356,1.863755517595252,114902.0,15796.0,15796.0,7.9333922258229e-06,0.999987006187439,0.0128383999690413,114621.234375,topk,8985.0,15796.0,13142.91015625,0.0,101478.40625,target_construction,,,,,,,,original_clean,False,18.0,1.0,
PatientID_0051_T1_to_T3_t1c,ERODED_CURRENT,0.3977049438143971,0.2482095555957959,,0.1913541814122587,0.1057996980127385,0.3977049438143971,0.2482095555957959,0.1153675148251453,1.6592156189052023,115894.0,25446.0,25446.0,7.975204425747506e-06,0.9999911785125732,0.0129591040313243,115698.8828125,topk,25446.0,25446.0,13347.892578125,0.0,102350.9296875,target_construction,,,,,,,,same_definition,False,16.0,1.0,
PatientID_0051_T1_to_T3_t1c,ERODED_CURRENT,0.489301088899427,0.3238905418713535,,0.2053762624405393,0.1144397336048606,0.489301088899427,0.3238905418713535,0.115334453180819,1.86661739401138,115894.0,15796.0,15796.0,7.975204425747506e-06,0.9999911785125732,0.0129591040313243,115698.8828125,topk,25446.0,15796.0,13344.0673828125,3.825910806655884,102354.8515625,target_construction,,,,,,,,original_clean,False,16.0,1.0,
PatientID_0051_T1_to_T3_t1c,LARGE_CHANGE_ONLY,0.4500769033757345,0.2903866032958285,,0.2056660899715331,0.1146197420830711,0.4500769033757345,0.2903866032958285,0.1152027922199956,1.8713771869132507,113868.0,15604.0,15604.0,7.974983418534975e-06,0.999987006187439,0.0127474833279848,113809.53125,topk,15604.0,15604.0,13111.17578125,0.0,100698.40625,target_construction,,,,,,,,same_definition,False,3.0,1.0,
PatientID_0051_T1_to_T3_t1c,LARGE_CHANGE_ONLY,0.4579640415466585,0.2969866163356192,,0.2082459279429275,0.1162246154187114,0.4579640415466585,0.2969866163356192,0.1168320219774987,1.872955749675688,113868.0,15796.0,15796.0,7.974983418534975e-06,0.999987006187439,0.0127474833279848,113809.53125,topk,15604.0,15796.0,13296.59765625,0.0,100513.0390625,target_construction,,,,,,,,original_clean,False,3.0,1.0,
PatientID_0052_T1_to_T2_t1c,ORIGINAL,0.2649253731504625,0.1526881720644481,,0.2780075735648508,0.1614452940171539,0.2649253731504625,0.1526881720644481,0.234413853064874,2.0780805420752104,28715.0,22780.0,22780.0,8.366328074771445e-06,0.9976851940155028,0.0036841372493654,32891.9765625,topk,22780.0,22780.0,7710.3349609375,0.0,25181.529296875,target_construction,,,,,,,,same_definition,False,11.0,1.0,
PatientID_0052_T1_to_T2_t1c,ORIGINAL,0.2649253731504625,0.1526881720644481,,0.2780075735648508,0.1614452940171539,0.2649253731504625,0.1526881720644481,0.234413853064874,2.0780805420752104,28715.0,22780.0,22780.0,8.366328074771445e-06,0.9976851940155028,0.0036841372493654,32891.9765625,topk,22780.0,22780.0,7710.3349609375,0.0,25181.529296875,target_construction,,,,,,,,original_clean,False,11.0,1.0,
PatientID_0052_T1_to_T2_t1c,BOUNDARY_TOLERANT,0.0641134752104924,0.0331184056626202,,0.0866802483729462,0.0453035872976219,0.0641134752104924,0.0331184056626202,0.0737064769719729,1.7016043397200449,27132.0,14100.0,14100.0,8.366328074771445e-06,0.9944158792495728,0.0035070111043751,31310.595703125,topk,14100.0,14100.0,2307.793701171875,0.0,29002.802734375,target_construction,,,,,,,,same_definition,False,16.0,1.0,
PatientID_0052_T1_to_T2_t1c,BOUNDARY_TOLERANT,0.2257243195955723,0.1272205453231921,,0.2389405353574503,0.1356799927384996,0.2257243195955723,0.1272205453231921,0.2062812889381024,2.0068824863032453,27132.0,22780.0,22780.0,8.366328074771445e-06,0.9944158792495728,0.0035070111043751,31310.595703125,topk,14100.0,22780.0,6458.7900390625,0.0,24851.814453125,target_construction,,,,,,,,original_clean,False,16.0,1.0,
PatientID_0052_T1_to_T2_t1c,ERODED_CURRENT,0.2633047275485444,0.1516125089634961,,0.253415083562275,0.145091762324795,0.2633047275485444,0.1516125089634961,0.2479674614669703,1.949094859084448,29979.0,32977.0,32977.0,8.366328074771445e-06,0.9991005659103394,0.0038095966447144,34012.078125,topk,32977.0,32977.0,8433.888671875,0.0,25578.05078125,target_construction,,,,,,,,same_definition,False,7.0,1.0,
PatientID_0052_T1_to_T2_t1c,ERODED_CURRENT,0.282791922754987,0.1646812209426688,,0.3023939043707729,0.1781296056634779,0.282791922754987,0.1646812209426688,0.247955574605088,2.1102221373458603,29979.0,22780.0,22780.0,8.366328074771445e-06,0.9991005659103394,0.0038095966447144,34012.078125,topk,32977.0,22780.0,8433.484375,0.4043388068675995,25578.455078125,target_construction,,,,,,,,original_clean,False,7.0,1.0,
PatientID_0052_T1_to_T2_t1c,LARGE_CHANGE_ONLY,0.2655265129971894,0.1530876747356267,,0.2776206176858259,0.1611843595858551,0.2655265129971894,0.1530876747356267,0.2338607829882912,2.0785211912109176,28570.0,22687.0,22687.0,8.45305658003781e-06,0.9976851940155028,0.0036714454181492,32778.6640625,topk,22687.0,22687.0,7665.64404296875,0.0,25112.96875,target_construction,,,,,,,,same_definition,False,4.0,1.0,
PatientID_0052_T1_to_T2_t1c,LARGE_CHANGE_ONLY,0.266637401245245,0.1538266727662,,0.2785199610656568,0.1617909907653614,0.266637401245245,0.1538266727662,0.2350865559222377,2.0797060222049537,28570.0,22780.0,22780.0,8.45305658003781e-06,0.9976851940155028,0.0036714454181492,32778.6640625,topk,22687.0,22780.0,7705.8232421875,0.0,25072.77734375,target_construction,,,,,,,,original_clean,False,4.0,1.0,
PatientID_0053_T1_to_T3_t1c,ORIGINAL,0.507625102046499,0.3401458324885205,,0.3486840361568774,0.2111552505982011,0.507625102046499,0.3401458324885205,0.6899207495927295,2.231193115728809,35770.0,115146.0,115146.0,9.166193194687366e-06,0.9999054670333862,0.0045770439319312,40863.84765625,topk,115146.0,115146.0,28192.81640625,0.0,12670.9755859375,target_construction,,,,,,,,same_definition,False,7.0,1.0,
PatientID_0053_T1_to_T3_t1c,ORIGINAL,0.507625102046499,0.3401458324885205,,0.3486840361568774,0.2111552505982011,0.507625102046499,0.3401458324885205,0.6899207495927295,2.231193115728809,35770.0,115146.0,115146.0,9.166193194687366e-06,0.9999054670333862,0.0045770439319312,40863.84765625,topk,115146.0,115146.0,28192.81640625,0.0,12670.9755859375,target_construction,,,,,,,,original_clean,False,7.0,1.0,
PatientID_0053_T1_to_T3_t1c,BOUNDARY_TOLERANT,0.3979869208980164,0.2484292582210446,,0.2288535915736998,0.1292121252604228,0.3979869208980164,0.2484292582210446,0.4472205828471177,1.8471361796484396,33948.0,101536.0,101536.0,8.88733393367147e-06,0.9997512698173524,0.0043598967604339,38925.16015625,topk,101536.0,101536.0,17408.1328125,0.0,21516.962890625,target_construction,,,,,,,,same_definition,False,4.0,1.0,
PatientID_0053_T1_to_T3_t1c,BOUNDARY_TOLERANT,0.5013026939732977,0.334492290044362,,0.3297248715620365,0.1974075204459144,0.5013026939732977,0.334492290044362,0.677544729514326,2.2063352463797576,33948.0,115146.0,115146.0,8.88733393367147e-06,0.9997512698173524,0.0043598967604339,38925.16015625,topk,101536.0,115146.0,26373.537109375,0.0,12551.5634765625,target_construction,,,,,,,,original_clean,False,4.0,1.0,
PatientID_0053_T1_to_T3_t1c,ERODED_CURRENT,0.4916892092650395,0.3259866681906367,,0.3303301843848587,0.1978416219185416,0.4916892092650395,0.3259866681906367,0.6950016895381989,2.1952838453765566,36699.0,127906.0,127906.0,9.280937774747144e-06,0.9999656677246094,0.0046755778603255,41743.55859375,topk,127906.0,127906.0,29011.84375,0.0,12731.65625,target_construction,,,,,,,,same_definition,False,3.0,1.0,
PatientID_0053_T1_to_T3_t1c,ERODED_CURRENT,0.5090320115353159,0.3414104229443239,,0.3580888405982542,0.2180927016379366,0.5090320115353159,0.3414104229443239,0.6948885077795237,2.2413232033914228,36699.0,115146.0,115146.0,9.280937774747144e-06,0.9999656677246094,0.0046755778603255,41743.55859375,topk,127906.0,115146.0,29007.119140625,4.720725059509277,12736.3837890625,target_construction,,,,,,,,original_clean,False,3.0,1.0,
PatientID_0053_T1_to_T3_t1c,LARGE_CHANGE_ONLY,0.507445181918253,0.3399842845124415,,0.3484739022412694,0.2110011477986387,0.507445181918253,0.3399842845124415,0.6894124250228758,2.230306623941771,35767.0,115108.0,115108.0,9.166193194687366e-06,0.9999054670333862,0.0045766364783048,40860.2109375,topk,115108.0,115108.0,28169.537109375,0.0,12690.625,target_construction,,,,,,,,same_definition,False,1.0,1.0,
PatientID_0053_T1_to_T3_t1c,LARGE_CHANGE_ONLY,0.507625102046499,0.3401458324885205,,0.348690967647925,0.211160334511395,0.507625102046499,0.3401458324885205,0.6899567733507397,2.2312662657186437,35767.0,115146.0,115146.0,9.166193194687366e-06,0.9999054670333862,0.0045766364783048,40860.2109375,topk,115108.0,115146.0,28191.779296875,0.0,12668.3759765625,target_construction,,,,,,,,original_clean,False,1.0,1.0,
PatientID_0054_T1_to_T2_t1c,ORIGINAL,0.2632091212970516,0.1515491154309864,,0.1126880735946487,0.059708240078291,0.2632091212970516,0.1515491154309864,0.0603591853064138,1.9013351576587452,88914.0,7192.0,7192.0,8.080879524641205e-06,0.999975085258484,0.0098841395229101,88245.6015625,topk,7192.0,7192.0,5326.4326171875,0.0,82919.2421875,target_construction,,,,,,,,same_definition,False,32.0,1.0,
PatientID_0054_T1_to_T2_t1c,ORIGINAL,0.2632091212970516,0.1515491154309864,,0.1126880735946487,0.059708240078291,0.2632091212970516,0.1515491154309864,0.0603591853064138,1.9013351576587452,88914.0,7192.0,7192.0,8.080879524641205e-06,0.999975085258484,0.0098841395229101,88245.6015625,topk,7192.0,7192.0,5326.4326171875,0.0,82919.2421875,target_construction,,,,,,,,original_clean,False,32.0,1.0,
PatientID_0054_T1_to_T2_t1c,BOUNDARY_TOLERANT,0.0084169635790843,0.0042262680422258,,0.0326864827188509,0.0166147807365929,0.0084169635790843,0.0042262680422258,0.0164893517348174,1.6852099029761032,87040.0,3089.0,3089.0,8.079862709564622e-06,0.999966025352478,0.0097132250666618,86719.671875,topk,3089.0,3089.0,1429.951171875,0.0,85289.75,target_construction,,,,,,,,same_definition,False,12.0,1.0,
PatientID_0054_T1_to_T2_t1c,BOUNDARY_TOLERANT,0.2025862069519892,0.1127098322029311,,0.1121911877163576,0.0594293166746179,0.2025862069519892,0.1127098322029311,0.0593196959707927,1.8933104921310149,87040.0,7192.0,7192.0,8.079862709564622e-06,0.999966025352478,0.0097132250666618,86719.671875,topk,3089.0,7192.0,5144.1845703125,0.0,81575.5625,target_construction,,,,,,,,original_clean,False,12.0,1.0,
PatientID_0054_T1_to_T2_t1c,ERODED_CURRENT,0.2449114897817108,0.1395436688146137,,0.1041037991879589,0.0549100732162268,0.2449114897817108,0.1395436688146137,0.0605998023956164,1.5811518625481955,89966.0,15083.0,15083.0,8.091861673165113e-06,0.9999855756759644,0.0099818827584385,89118.25,topk,15083.0,15083.0,5400.54833984375,0.0,83717.7734375,target_construction,,,,,,,,same_definition,False,19.0,1.0,
PatientID_0054_T1_to_T2_t1c,ERODED_CURRENT,0.3241101224051648,0.1933958351287317,,0.1125589246473521,0.0596357290973973,0.3241101224051648,0.1933958351287317,0.0605832502566746,1.9030482223079652,89966.0,7192.0,7192.0,8.091861673165113e-06,0.9999855756759644,0.0099818827584385,89118.25,topk,15083.0,7192.0,5399.0732421875,1.4749455451965332,83719.1953125,target_construction,,,,,,,,original_clean,False,19.0,1.0,
PatientID_0054_T1_to_T2_t1c,LARGE_CHANGE_ONLY,0.2470165349211346,0.1409120735612769,,0.1088238075816354,0.0575429238311102,0.2470165349211346,0.1409120735612769,0.0580459096685467,1.897859719845907,88208.0,6955.0,6955.0,8.079862709564622e-06,0.999975085258484,0.0098239323124289,87708.0703125,topk,6955.0,6955.0,5091.0947265625,0.0,82617.03125,target_construction,,,,,,,,same_definition,False,7.0,1.0,
PatientID_0054_T1_to_T2_t1c,LARGE_CHANGE_ONLY,0.2643214683492546,0.1522871105381489,,0.1135220125879085,0.0601766961264635,0.2643214683492546,0.1522871105381489,0.0607224245238908,1.9041090214192768,88208.0,7192.0,7192.0,8.079862709564622e-06,0.999975085258484,0.0098239323124289,87708.0703125,topk,6955.0,7192.0,5325.8466796875,0.0,82382.2578125,target_construction,,,,,,,,original_clean,False,7.0,1.0,
PatientID_0055_T1_to_T4_t1c,ORIGINAL,0.5412343566279486,0.3710221440324453,,0.2714351115163019,0.1570291710388691,0.5412343566279486,0.3710221440324453,0.1630929664734084,1.967805773649792,73044.0,18698.0,18698.0,7.904422091087326e-06,0.9999905824661256,0.0085196057334542,76063.0390625,topk,18698.0,18698.0,12405.3466796875,0.0,63657.71484375,target_construction,,,,,,,,same_definition,False,23.0,1.0,
PatientID_0055_T1_to_T4_t1c,ORIGINAL,0.5412343566279486,0.3710221440324453,,0.2714351115163019,0.1570291710388691,0.5412343566279486,0.3710221440324453,0.1630929664734084,1.967805773649792,73044.0,18698.0,18698.0,7.904422091087326e-06,0.9999905824661256,0.0085196057334542,76063.0390625,topk,18698.0,18698.0,12405.3466796875,0.0,63657.71484375,target_construction,,,,,,,,original_clean,False,23.0,1.0,
PatientID_0055_T1_to_T4_t1c,BOUNDARY_TOLERANT,0.2471802046320197,0.1410186063181015,,0.1320030515528059,0.0706655606014847,0.2471802046320197,0.1410186063181015,0.0731355696473697,1.7889972468439133,72455.0,11437.0,11437.0,7.904339327069465e-06,0.999984622001648,0.0084199011325836,75172.875,topk,11437.0,11437.0,5497.81103515625,0.0,69675.0625,target_construction,,,,,,,,same_definition,False,4.0,1.0,
PatientID_0055_T1_to_T4_t1c,BOUNDARY_TOLERANT,0.4975933255027919,0.3311974939722626,,0.2686911017819634,0.1551953565696935,0.4975933255027919,0.3311974939722626,0.1607492516208259,1.9603051505695663,72455.0,18698.0,18698.0,7.904339327069465e-06,0.999984622001648,0.0084199011325836,75172.875,topk,11437.0,18698.0,12083.9833984375,0.0,63088.89453125,target_construction,,,,,,,,original_clean,False,4.0,1.0,
PatientID_0055_T1_to_T4_t1c,ERODED_CURRENT,0.4062986425446824,0.2549402625890397,,0.2452009964417017,0.1397316706659274,0.4062986425446824,0.2549402625890397,0.1618703633945083,1.7939616634098263,74740.0,27625.0,27625.0,7.904739504738245e-06,0.9999914169311525,0.0086716851219534,77420.8046875,topk,27625.0,27625.0,12532.1337890625,0.0,64888.66015625,target_construction,,,,,,,,same_definition,False,4.0,1.0,
PatientID_0055_T1_to_T4_t1c,ERODED_CURRENT,0.5490961600291717,0.3784511040075767,,0.2683276611307142,0.1549529059954642,0.5490961600291717,0.3784511040075767,0.1615704601566937,1.9629430120220488,74740.0,18698.0,18698.0,7.904739504738245e-06,0.9999914169311525,0.0086716851219534,77420.8046875,topk,27625.0,18698.0,12508.9150390625,23.217958450317383,64911.93359375,target_construction,,,,,,,,original_clean,False,4.0,1.0,
PatientID_0055_T1_to_T4_t1c,LARGE_CHANGE_ONLY,0.5396058213968207,0.3694932705975769,,0.270452210791965,0.1563716322201338,0.5396058213968207,0.3694932705975769,0.1624166109083838,1.9674462173141631,72885.0,18621.0,18621.0,7.904407539172098e-06,0.9999905824661256,0.0085020866245031,75906.6328125,topk,18621.0,18621.0,12328.498046875,0.0,63578.13671875,target_construction,,,,,,,,same_definition,False,1.0,1.0,
PatientID_0055_T1_to_T4_t1c,LARGE_CHANGE_ONLY,0.5426783613342957,0.3723806378446042,,0.2719063581748588,0.1573446898959037,0.5426783613342957,0.3723806378446042,0.1634284676826754,1.9688727573020997,72885.0,18698.0,18698.0,7.904407539172098e-06,0.9999905824661256,0.0085020866245031,75906.6328125,topk,18621.0,18698.0,12405.3046875,0.0,63501.30078125,target_construction,,,,,,,,original_clean,False,1.0,1.0,
PatientID_0059_T1_to_T2_t1c,ORIGINAL,0.1160173162086542,0.0615808825685705,,0.0706370678178617,0.0366116020347056,0.1160173162086542,0.0615808825685705,0.0366262803933347,2.1670263603335957,24673.0,2310.0,2310.0,8.223843906307593e-06,0.9999206066131592,0.0030711309518665,27419.056640625,topk,2310.0,2310.0,1004.258056640625,0.0,26414.80078125,target_construction,,,,,,,,same_definition,False,15.0,1.0,
PatientID_0059_T1_to_T2_t1c,ORIGINAL,0.1160173162086542,0.0615808825685705,,0.0706370678178617,0.0366116020347056,0.1160173162086542,0.0615808825685705,0.0366262803933347,2.1670263603335957,24673.0,2310.0,2310.0,8.223843906307593e-06,0.9999206066131592,0.0030711309518665,27419.056640625,topk,2310.0,2310.0,1004.258056640625,0.0,26414.80078125,target_construction,,,,,,,,original_clean,False,15.0,1.0,
PatientID_0059_T1_to_T2_t1c,BOUNDARY_TOLERANT,1.5151515128558311e-09,1.5151515128558311e-09,,0.002638087427756,0.0013207859088112,1.5151515128558311e-09,1.5151515128558311e-09,0.0016029286148882,1.6378339868410887,23930.0,330.0,330.0,8.223874829127453e-06,0.9993576407432556,0.0030016780365258,26798.982421875,topk,330.0,330.0,42.95685577392578,0.0,26756.005859375,target_construction,,,,,,,,same_definition,False,9.0,1.0,
PatientID_0059_T1_to_T2_t1c,BOUNDARY_TOLERANT,0.0904761906730571,0.0473815463506276,,0.0623475610113434,0.032176854730856,0.0904761906730571,0.0473815463506276,0.0325879573683551,2.1144737532440074,23930.0,2310.0,2310.0,8.223874829127453e-06,0.9993576407432556,0.0030016780365258,26798.982421875,topk,330.0,2310.0,873.3240966796875,0.0,25925.671875,target_construction,,,,,,,,original_clean,False,9.0,1.0,
PatientID_0059_T1_to_T2_t1c,ERODED_CURRENT,0.092886537397642,0.0487053021694894,,0.0684265043137441,0.0354252657208415,0.092886537397642,0.0487053021694894,0.0410377959691187,1.74904003468893,25055.0,6804.0,6804.0,8.223938493756577e-06,0.9999206066131592,0.0031135636381804,27797.896484375,topk,6804.0,6804.0,1140.764404296875,0.0,26657.123046875,target_construction,,,,,,,,same_definition,False,9.0,1.0,
PatientID_0059_T1_to_T2_t1c,ERODED_CURRENT,0.1653679655486216,0.0901368572227142,,0.0796638041629941,0.0414843007025124,0.1653679655486216,0.0901368572227142,0.0410301813669853,2.218326792448847,25055.0,2310.0,2310.0,8.223938493756577e-06,0.9999206066131592,0.0031135636381804,27797.896484375,topk,6804.0,2310.0,1140.552734375,0.2116119861602783,26657.349609375,target_construction,,,,,,,,original_clean,False,9.0,1.0,
PatientID_0059_T1_to_T2_t1c,LARGE_CHANGE_ONLY,0.0952608905947197,0.0500125662100998,,0.0574911581361467,0.0295963431072442,0.0952608905947197,0.0500125662100998,0.0302467437673089,2.1247303192423788,24489.0,2089.0,2089.0,8.223843906307593e-06,0.9993460774421692,0.0030503841117024,27233.830078125,topk,2089.0,2089.0,823.7346801757812,0.0,26410.078125,target_construction,,,,,,,,same_definition,False,3.0,1.0,
PatientID_0059_T1_to_T2_t1c,LARGE_CHANGE_ONLY,0.1177489179398811,0.0625574979156951,,0.070674278925681,0.036631595271676,0.1177489179398811,0.0625574979156951,0.0366722053603777,2.1675911150846634,24489.0,2310.0,2310.0,8.223843906307593e-06,0.9993460774421692,0.0030503841117024,27233.830078125,topk,2089.0,2310.0,998.724609375,0.0,26235.115234375,target_construction,,,,,,,,original_clean,False,3.0,1.0,
PatientID_0060_T1_to_T2_t1c,ORIGINAL,0.8218662231511001,0.6976000852396239,,0.6848944532785456,0.5207904833103522,0.8218662231511001,0.6976000852396239,0.5135866121456947,2.166886108162266,117419.0,63733.0,63733.0,8.2830974861281e-06,0.9999887943267822,0.0132435299456119,118238.234375,topk,63733.0,63733.0,60725.57421875,0.0,57512.64453125,target_construction,,,,,,,,same_definition,False,12.0,1.0,
PatientID_0060_T1_to_T2_t1c,ORIGINAL,0.8218662231511001,0.6976000852396239,,0.6848944532785456,0.5207904833103522,0.8218662231511001,0.6976000852396239,0.5135866121456947,2.166886108162266,117419.0,63733.0,63733.0,8.2830974861281e-06,0.9999887943267822,0.0132435299456119,118238.234375,topk,63733.0,63733.0,60725.57421875,0.0,57512.64453125,target_construction,,,,,,,,original_clean,False,12.0,1.0,
PatientID_0060_T1_to_T2_t1c,BOUNDARY_TOLERANT,0.4578918918992177,0.2969259350258171,,0.4619469834904911,0.3003452927412142,0.4578918918992177,0.2969259350258171,0.2931605441107791,1.998533747117275,116273.0,37000.0,37000.0,8.271122169389855e-06,0.999974250793457,0.0130324624478816,116353.828125,topk,37000.0,37000.0,34110.3515625,0.0,82243.3671875,target_construction,,,,,,,,same_definition,False,5.0,1.0,
PatientID_0060_T1_to_T2_t1c,BOUNDARY_TOLERANT,0.7969183939262476,0.6623976211635663,,0.685254935948328,0.5212074604328434,0.7969183939262476,0.6623976211635663,0.5135700036727509,2.166856778725236,116273.0,63733.0,63733.0,8.271122169389855e-06,0.999974250793457,0.0130324624478816,116353.828125,topk,37000.0,63733.0,59755.8359375,0.0,56598.03515625,target_construction,,,,,,,,original_clean,False,5.0,1.0,
PatientID_0060_T1_to_T2_t1c,ERODED_CURRENT,0.6460884244735448,0.4772013447223188,,0.5888848446478646,0.4173187726154541,0.6460884244735448,0.4772013447223188,0.5148995792894389,2.000819657980304,117955.0,93594.0,93594.0,8.283736860903446e-06,0.999991536140442,0.0133403707295656,119102.828125,topk,93594.0,93594.0,61325.99609375,0.0,57776.8203125,target_construction,,,,,,,,same_definition,False,3.0,1.0,
PatientID_0060_T1_to_T2_t1c,ERODED_CURRENT,0.8285817394455888,0.7073321010513632,,0.6842719387098527,0.5200709469109644,0.8285817394455888,0.7073321010513632,0.5124083627316879,2.16483751869134,117955.0,63733.0,63733.0,8.283736860903446e-06,0.999991536140442,0.0133403707295656,119102.828125,topk,93594.0,63733.0,61029.28515625,296.71746826171875,58073.57421875,target_construction,,,,,,,,original_clean,False,3.0,1.0,
PatientID_0060_T1_to_T2_t1c,LARGE_CHANGE_ONLY,0.8232632670388093,0.6996155078540583,,0.6845399552540699,0.5203806516137346,0.8232632670388093,0.6996155078540583,0.5131994091623034,2.1667552095696427,117361.0,63654.0,63654.0,8.2830974861281e-06,0.9999887943267822,0.0132363783195614,118174.3828125,topk,63654.0,63654.0,60647.0234375,0.0,57527.3828125,target_construction,,,,,,,,same_definition,False,1.0,1.0,
PatientID_0060_T1_to_T2_t1c,LARGE_CHANGE_ONLY,0.8240315064423138,0.700725836584022,,0.6851138083001914,0.5210441881796333,0.8240315064423138,0.700725836584022,0.5138626900750911,2.167365664434475,117361.0,63733.0,63733.0,8.2830974861281e-06,0.9999887943267822,0.0132363783195614,118174.3828125,topk,63654.0,63733.0,60725.40625,0.0,57449.01171875,target_construction,,,,,,,,original_clean,False,1.0,1.0,
PatientID_0062_T1_to_T2_t1c,ORIGINAL,0.8344052212866275,0.7158621817180167,,0.7241404140430594,0.5675706182843961,0.8344052212866275,0.7158621817180167,0.5516215673275657,2.238518898401024,103677.0,62973.0,62973.0,8.262040864792652e-06,0.9999899864196776,0.0119962692260742,107102.6875,topk,62973.0,62973.0,59080.15234375,0.0,48022.8125,target_construction,,,,,,,,same_definition,False,12.0,1.0,
PatientID_0062_T1_to_T2_t1c,ORIGINAL,0.8344052212866275,0.7158621817180167,,0.7241404140430594,0.5675706182843961,0.8344052212866275,0.7158621817180167,0.5516215673275657,2.238518898401024,103677.0,62973.0,62973.0,8.262040864792652e-06,0.9999899864196776,0.0119962692260742,107102.6875,topk,62973.0,62973.0,59080.15234375,0.0,48022.8125,target_construction,,,,,,,,original_clean,False,12.0,1.0,
PatientID_0062_T1_to_T2_t1c,BOUNDARY_TOLERANT,0.4750095906248286,0.3114836576768281,,0.4905692976683086,0.3250028616188618,0.4750095906248286,0.3114836576768281,0.3127495767475097,2.044835264740217,102414.0,36494.0,36494.0,8.214711670007091e-06,0.9999771118164062,0.0117839844897389,105207.4140625,topk,36494.0,36494.0,32903.57421875,0.0,72303.8046875,target_construction,,,,,,,,same_definition,False,6.0,1.0,
PatientID_0062_T1_to_T2_t1c,BOUNDARY_TOLERANT,0.8120305527780792,0.6835449806217947,,0.7223300501265375,0.5653494865404822,0.8120305527780792,0.6835449806217947,0.5508935882533301,2.237241378026718,102414.0,62973.0,62973.0,8.214711670007091e-06,0.9999771118164062,0.0117839844897389,105207.4140625,topk,36494.0,62973.0,57958.08984375,0.0,47249.5390625,target_construction,,,,,,,,original_clean,False,6.0,1.0,
PatientID_0062_T1_to_T2_t1c,ERODED_CURRENT,0.6413612565464344,0.4720616570369414,,0.6147053001831452,0.4437361236329256,0.6413612565464344,0.4720616570369414,0.551693307345956,2.06866528792476,104205.0,92826.0,92826.0,8.26275754661765e-06,0.9999912977218628,0.0120807643979787,107857.0625,topk,92826.0,92826.0,59504.01953125,0.0,48353.25390625,target_construction,,,,,,,,same_definition,False,3.0,1.0,
PatientID_0062_T1_to_T2_t1c,ERODED_CURRENT,0.8402648754240685,0.7245317121299633,,0.7244015360889327,0.5678915086417207,0.8402648754240685,0.7245317121299633,0.5511806569226237,2.2377453239885443,104205.0,62973.0,62973.0,8.26275754661765e-06,0.9999912977218628,0.0120807643979787,107857.0625,topk,92826.0,62973.0,59448.7265625,55.29079055786133,48408.5546875,target_construction,,,,,,,,original_clean,False,3.0,1.0,
PatientID_0062_T1_to_T2_t1c,LARGE_CHANGE_ONLY,0.8340144708608251,0.7152871541028697,,0.7235401843362241,0.5668334995430896,0.8340144708608251,0.7152871541028697,0.5509288261134564,2.2379150660576497,103660.0,62885.0,62885.0,8.262040864792652e-06,0.9999899864196776,0.0119935264810919,107078.203125,topk,62885.0,62885.0,58992.46875,0.0,48085.9296875,target_construction,,,,,,,,same_definition,False,1.0,1.0,
PatientID_0062_T1_to_T2_t1c,LARGE_CHANGE_ONLY,0.8347386975383518,0.7163532297667436,,0.7242142912884949,0.5676613919923265,0.8347386975383518,0.7163532297667436,0.551747043815034,2.238739475672752,103660.0,62973.0,62973.0,8.262040864792652e-06,0.9999899864196776,0.0119935264810919,107078.203125,topk,62885.0,62973.0,59080.08203125,0.0,47998.37109375,target_construction,,,,,,,,original_clean,False,1.0,1.0,
PatientID_0003_T1_to_T2_t1c,RETROSPECTIVE_FUTURE_IMAGE_DIFFERENCE_CONTROL,0.0833299476072943,0.0434764176143407,,0.0756373459655681,0.0393051412809468,0.0833299476072943,0.0434764176143407,0.0190212373347752,0.8459695082954592,10925.0,24613.0,24613.0,0.0,0.7467883825302124,0.0260724425315856,232774.765625,topk,24613.0,24613.0,4427.6640625,0.0,228347.203125,difference_map_control,,DIFFERENCE_MAP,,,,,,,,,,True
PatientID_0005_T3_to_T4_t1c,RETROSPECTIVE_FUTURE_IMAGE_DIFFERENCE_CONTROL,2.6546323333513502e-11,2.6546323333513502e-11,,3.8792769026348325e-11,3.8792769026348325e-11,2.6546323333513502e-11,2.6546323333513502e-11,0.0066254982369162,0.4989770635053831,6943.0,18835.0,18835.0,0.0,0.7944932579994202,0.0285493973642587,254889.015625,topk,18835.0,18835.0,1688.7667236328125,0.0,253200.09375,difference_map_control,,DIFFERENCE_MAP,,,,,,,,,,True
PatientID_0006_T2_to_T4_t1c,RETROSPECTIVE_FUTURE_IMAGE_DIFFERENCE_CONTROL,2.025603629840674e-11,2.025603629840674e-11,,3.2565864459811576e-11,3.2565864459811576e-11,2.025603629840674e-11,2.025603629840674e-11,0.012633107182393,0.6641676531344265,6023.0,24684.0,24684.0,0.0,0.7170818448066711,0.0287696123123168,256855.09375,topk,24684.0,24684.0,3244.8779296875,0.0,253610.28125,difference_map_control,,DIFFERENCE_MAP,,,,,,,,,,True
PatientID_0007_T2_to_T3_t1c,RETROSPECTIVE_FUTURE_IMAGE_DIFFERENCE_CONTROL,0.0502635773537903,0.0257796781296667,,0.001736278672544,0.0008688937052646,0.0502635773537903,0.0257796781296667,0.0059465369070158,0.8156812361309522,2210.0,8157.0,8157.0,0.0,0.8049929738044739,0.025584902614355,228422.015625,topk,8157.0,8157.0,1358.3199462890625,0.0,227063.5625,difference_map_control,,DIFFERENCE_MAP,,,,,,,,,,True
PatientID_0008_T4_to_T6_t1c,RETROSPECTIVE_FUTURE_IMAGE_DIFFERENCE_CONTROL,0.1054209920293632,0.0556434921398218,,0.1255452166645265,0.0669769246047323,0.1054209920293632,0.0556434921398218,0.0059019067000902,1.087116810610547,23177.0,4335.0,4335.0,0.0,0.9477919340133668,0.0364912487566471,325793.875,topk,4335.0,4335.0,1922.8050537109373,0.0,323871.34375,difference_map_control,,DIFFERENCE_MAP,,,,,,,,,,True
PatientID_0010_T1_to_T4_t1c,RETROSPECTIVE_FUTURE_IMAGE_DIFFERENCE_CONTROL,0.0006755367726866,0.000337882519717,,2.127523775032923e-11,2.127523775032923e-11,0.0006755367726866,0.000337882519717,0.020107943622549,0.7292048869058192,12956.0,34047.0,34047.0,0.0,0.8712440133094788,0.0294502731412649,262932.03125,topk,34047.0,34047.0,5287.0224609375,0.0,257645.234375,difference_map_control,,DIFFERENCE_MAP,,,,,,,,,,True
PatientID_0011_T1_to_T2_t1c,RETROSPECTIVE_FUTURE_IMAGE_DIFFERENCE_CONTROL,0.1751261262779845,0.0959661535008349,,0.1255806769817203,0.066997109691864,0.1751261262779845,0.0959661535008349,0.0572085649140306,0.9380920811167348,22128.0,62041.0,62041.0,0.0,0.9137746691703796,0.0272016730159521,242856.53125,topk,62041.0,62041.0,13893.4736328125,0.0,228963.125,difference_map_control,,DIFFERENCE_MAP,,,,,,,,,,True
PatientID_0012_T2_to_T3_t1c,RETROSPECTIVE_FUTURE_IMAGE_DIFFERENCE_CONTROL,0.0069296932217246,0.0034768935179219,,1.6655562957750572e-11,1.6655562957750572e-11,0.0069296932217246,0.0034768935179219,0.0269910630312684,0.6318852268798124,2606.0,57434.0,57434.0,0.0,0.7562614679336548,0.0226593986153602,202303.109375,topk,57434.0,57434.0,5460.3759765625,0.0,196842.75,difference_map_control,,DIFFERENCE_MAP,,,,,,,,,,True
PatientID_0013_T1_to_T2_t1c,RETROSPECTIVE_FUTURE_IMAGE_DIFFERENCE_CONTROL,0.1014532367750568,0.0534373125602054,,0.0949692166708061,0.0498518016266167,0.1014532367750568,0.0534373125602054,0.0150696537224586,0.7929286615539776,7448.0,21951.0,21951.0,0.0,0.7921767234802246,0.0472836345434188,422148.28125,topk,21951.0,21951.0,6361.62841796875,0.0,415786.46875,difference_map_control,,DIFFERENCE_MAP,,,,,,,,,,True
PatientID_0014_T1_to_T2_t1c,RETROSPECTIVE_FUTURE_IMAGE_DIFFERENCE_CONTROL,2.7777777770061727e-10,2.7777777770061727e-10,,0.0086509014299671,0.0043442415333477,2.7777777770061727e-10,2.7777777770061727e-10,0.0016512763624669,0.9139313979677868,29873.0,1800.0,1800.0,0.0,0.8491837978363037,0.0428168065845966,382268.4375,topk,1800.0,1800.0,631.2308349609375,0.0,381637.3125,difference_map_control,,DIFFERENCE_MAP,,,,,,,,,,True
PatientID_0018_T1_to_T2_t1c,RETROSPECTIVE_FUTURE_IMAGE_DIFFERENCE_CONTROL,0.1118143463038627,0.0592178774453564,,0.0084033620389332,0.004219409982968,0.1118143463038627,0.0592178774453564,0.0016857902941755,1.0253215948323957,6.0,1422.0,1422.0,0.0,0.5118175745010376,0.0161623153835535,144297.15625,topk,1422.0,1422.0,243.25474548339844,0.0,144053.859375,difference_map_control,,DIFFERENCE_MAP,,,,,,,,,,True
PatientID_0019_T4_to_T5_t1c,RETROSPECTIVE_FUTURE_IMAGE_DIFFERENCE_CONTROL,0.0419434574755931,0.0214209633902157,,0.0347551343398496,0.0176848875205487,0.0419434574755931,0.0214209633902157,0.0080596888257176,0.7478209878194897,3512.0,12946.0,12946.0,0.0,0.707710325717926,0.0364139713346958,325103.9375,topk,12946.0,12946.0,2620.236572265625,0.0,322483.71875,difference_map_control,,DIFFERENCE_MAP,,,,,,,,,,True
PatientID_0020_T1_to_T2_t1c,RETROSPECTIVE_FUTURE_IMAGE_DIFFERENCE_CONTROL,0.0015154385536674,0.0007582938625412,,3.999520057433127e-11,3.999520057433127e-11,0.0015154385536674,0.0007582938625412,0.0069186317428528,0.4681489495783608,3887.0,21116.0,21116.0,0.0,0.8298323154449463,0.0153412278741598,136966.484375,topk,21116.0,21116.0,947.6206665039062,0.0,136018.984375,difference_map_control,,DIFFERENCE_MAP,,,,,,,,,,True
PatientID_0021_T2_to_T3_t1c,RETROSPECTIVE_FUTURE_IMAGE_DIFFERENCE_CONTROL,0.0259417426532621,0.0131413257882166,,0.0071206499344538,0.0035730461977971,0.0259417426532621,0.0131413257882166,0.0113866079715596,0.8157629115861488,4253.0,15689.0,15689.0,0.0,0.6526044607162476,0.0275165196508169,245667.484375,topk,15689.0,15689.0,2797.3193359375,0.0,242870.109375,difference_map_control,,DIFFERENCE_MAP,,,,,,,,,,True
PatientID_0022_T1_to_T2_t1c,RETROSPECTIVE_FUTURE_IMAGE_DIFFERENCE_CONTROL,0.0359397234327181,0.0182986865861417,,0.01073765909979,0.0053978094729869,0.0359397234327181,0.0182986865861417,0.0542341579982559,0.6639560764378616,12000.0,109628.0,109628.0,0.0,0.8578193187713623,0.0328934751451015,293672.9375,topk,109628.0,109628.0,15927.1044921875,0.0,277745.84375,difference_map_control,,DIFFERENCE_MAP,,,,,,,,,,True
PatientID_0024_T2_to_T3_t1c,RETROSPECTIVE_FUTURE_IMAGE_DIFFERENCE_CONTROL,0.1108401536737027,0.0586716650245909,,0.0109732241256422,0.0055168810565746,0.1108401536737027,0.0586716650245909,0.0663365551598732,1.0221849764758637,5562.0,59870.0,59870.0,0.0,0.7561191320419312,0.0211953129619359,189231.75,topk,59870.0,59870.0,12552.982421875,0.0,176678.84375,difference_map_control,,DIFFERENCE_MAP,,,,,,,,,,True
PatientID_0025_T1_to_T2_t1c,RETROSPECTIVE_FUTURE_IMAGE_DIFFERENCE_CONTROL,0.1224545766348568,0.065220566771377,,0.1339619356423668,0.0717894978744252,0.1224545766348568,0.065220566771377,0.0277214671755384,0.9394219037919902,45493.0,29170.0,29170.0,0.0,0.8278802037239075,0.043200884014368,385697.5,topk,29170.0,29170.0,10692.1005859375,0.0,375005.40625,difference_map_control,,DIFFERENCE_MAP,,,,,,,,,,True
PatientID_0026_T1_to_T2_t1c,RETROSPECTIVE_FUTURE_IMAGE_DIFFERENCE_CONTROL,0.0242324975953946,0.0122648528110079,,2.050440844739585e-11,2.050440844739585e-11,0.0242324975953946,0.0122648528110079,0.0288679387981853,0.7437609281418676,1148.0,47622.0,47622.0,0.0,0.6405904293060303,0.0245692431926727,219354.203125,topk,47622.0,47622.0,6332.3037109375,0.0,213022.015625,difference_map_control,,DIFFERENCE_MAP,,,,,,,,,,True
PatientID_0029_T1_to_T3_t1c,RETROSPECTIVE_FUTURE_IMAGE_DIFFERENCE_CONTROL,0.0006246746616264,0.0003124349224079,,2.4870053967398588e-11,2.4870053967398588e-11,0.0006246746616264,0.0003124349224079,0.019554923562185,0.6641571525718876,1789.0,38420.0,38420.0,0.0,0.8812248706817627,0.0214399434626102,191415.8125,topk,38420.0,38420.0,3743.12158203125,0.0,187672.453125,difference_map_control,,DIFFERENCE_MAP,,,,,,,,,,True
PatientID_0030_T1_to_T3_t1c,RETROSPECTIVE_FUTURE_IMAGE_DIFFERENCE_CONTROL,0.0835132038326837,0.0435761957797304,,0.010152686905808,0.0051022442034373,0.0835132038326837,0.0435761957797304,0.0531330269602713,0.8207893528875397,591.0,75054.0,75054.0,0.0,0.6015534996986389,0.0193473696708679,172733.3125,topk,75054.0,75054.0,9177.84375,0.0,163555.46875,difference_map_control,,DIFFERENCE_MAP,,,,,,,,,,True
PatientID_0031_T2_to_T3_t1c,RETROSPECTIVE_FUTURE_IMAGE_DIFFERENCE_CONTROL,0.0052518635925781,0.0026328454830384,,4.9539284650275474e-11,4.9539284650275474e-11,0.0052518635925781,0.0026328454830384,0.0106681959981548,0.7344713579849341,2478.0,17708.0,17708.0,0.0,0.8403130769729614,0.0212033726274967,189303.71875,topk,17708.0,17708.0,2019.5291748046875,0.0,187284.15625,difference_map_control,,DIFFERENCE_MAP,,,,,,,,,,True
PatientID_0032_T1_to_T2_t1c,RETROSPECTIVE_FUTURE_IMAGE_DIFFERENCE_CONTROL,0.0140845074506692,0.0070921989957896,,8.064516122528614e-10,8.064516122528614e-10,0.0140845074506692,0.0070921989957896,0.0009948496170345,0.8671777596441553,33.0,1207.0,1207.0,0.0,0.5370840430259705,0.0180954169481992,161555.890625,topk,1207.0,1207.0,160.72381591796875,0.0,161395.140625,difference_map_control,,DIFFERENCE_MAP,,,,,,,,,,True
PatientID_0033_T1_to_T2_t1c,RETROSPECTIVE_FUTURE_IMAGE_DIFFERENCE_CONTROL,0.1874272410172959,0.1034039820646861,,0.1453654812918962,0.0783795836079175,0.1874272410172959,0.1034039820646861,0.0109491399857121,0.9812389011263056,21130.0,10308.0,10308.0,0.0,0.906905233860016,0.0289550200104713,258510.421875,topk,10308.0,10308.0,2830.466796875,0.0,255680.1875,difference_map_control,,DIFFERENCE_MAP,,,,,,,,,,True
PatientID_0034_T1_to_T2_t1c,RETROSPECTIVE_FUTURE_IMAGE_DIFFERENCE_CONTROL,0.0002533571066311,0.0001266946661438,,0.0018726592027321,0.0009372071495263,0.0002533571066311,0.0001266946661438,0.0036573848293632,0.9190572136598428,33433.0,3947.0,3947.0,0.0,0.9046414494514464,0.0418162308633327,373335.3125,topk,3947.0,3947.0,1365.430908203125,0.0,371969.59375,difference_map_control,,DIFFERENCE_MAP,,,,,,,,,,True
PatientID_0035_T1_to_T2_t1c,RETROSPECTIVE_FUTURE_IMAGE_DIFFERENCE_CONTROL,1.844337882359952e-10,1.844337882359952e-10,,1.4501160090704587e-10,1.4501160090704587e-10,1.844337882359952e-10,1.844337882359952e-10,0.001643803631164,0.7340572808077624,4185.0,2711.0,2711.0,0.0,0.7184986472129822,0.0322860591113567,288249.9375,topk,2711.0,2711.0,473.8262939453125,0.0,287775.96875,difference_map_control,,DIFFERENCE_MAP,,,,,,,,,,True
PatientID_0036_T1_to_T2_t1c,RETROSPECTIVE_FUTURE_IMAGE_DIFFERENCE_CONTROL,0.0270875531407647,0.0137297289552411,,0.0151116349241784,0.0076133424947536,0.0270875531407647,0.0137297289552411,0.0493117276263991,0.8164872183183942,6259.0,70106.0,70106.0,0.0,0.874959409236908,0.0336184129118919,300145.1875,topk,70106.0,70106.0,14800.677734375,0.0,285344.53125,difference_map_control,,DIFFERENCE_MAP,,,,,,,,,,True
PatientID_0037_T1_to_T2_t1c,RETROSPECTIVE_FUTURE_IMAGE_DIFFERENCE_CONTROL,0.0031800050349635,0.0015925346585606,,2.6276374910626783e-11,2.6276374910626783e-11,0.0031800050349635,0.0015925346585606,0.0149203549205967,0.5748376795857968,2208.0,35849.0,35849.0,0.0,0.7095270752906799,0.0225289072841405,201138.078125,topk,35849.0,35849.0,3001.051513671875,0.0,198136.921875,difference_map_control,,DIFFERENCE_MAP,,,,,,,,,,True
PatientID_0038_T1_to_T2_t1c,RETROSPECTIVE_FUTURE_IMAGE_DIFFERENCE_CONTROL,0.0643876784548387,0.0332647595576356,,0.012327169781365,0.0062018102914447,0.0643876784548387,0.0332647595576356,0.0264570012261383,0.9584345738632202,3395.0,26620.0,26620.0,0.0,0.7195411920547485,0.0223235189914703,199304.375,topk,26620.0,26620.0,5272.99609375,0.0,194031.390625,difference_map_control,,DIFFERENCE_MAP,,,,,,,,,,True
PatientID_0039_T1_to_T2_t1c,RETROSPECTIVE_FUTURE_IMAGE_DIFFERENCE_CONTROL,1.810938065590196e-10,1.810938065590196e-10,,1.9249278148363947e-10,1.9249278148363947e-10,1.810938065590196e-10,1.810938065590196e-10,0.0032327989873373,1.020537964433872,2434.0,2761.0,2761.0,0.0,0.6858265995979309,0.0253860335797071,226646.5,topk,2761.0,2761.0,732.7025756835938,0.0,225913.953125,difference_map_control,,DIFFERENCE_MAP,,,,,,,,,,True
PatientID_0041_T1_to_T2_t1c,RETROSPECTIVE_FUTURE_IMAGE_DIFFERENCE_CONTROL,0.0107274969783768,0.0053926734639935,,0.0004439020086068,0.0002220003329756,0.0107274969783768,0.0053926734639935,0.0069068486969614,0.8836281804582291,901.0,8110.0,8110.0,0.0,0.6968540549278259,0.020635338500142,184232.296875,topk,8110.0,8110.0,1272.464599609375,0.0,182959.9375,difference_map_control,,DIFFERENCE_MAP,,,,,,,,,,True
PatientID_0044_T1_to_T2_t1c,RETROSPECTIVE_FUTURE_IMAGE_DIFFERENCE_CONTROL,3.0469226072373785e-10,3.0469226072373785e-10,,5.727376858117194e-10,5.727376858117194e-10,3.0469226072373785e-10,3.0469226072373785e-10,0.0006900934563411,0.5747734061553937,105.0,1641.0,1641.0,0.0,0.5578628182411194,0.0178021192550659,158937.328125,topk,1641.0,1641.0,109.68161010742188,0.0,158827.609375,difference_map_control,,DIFFERENCE_MAP,,,,,,,,,,True
PatientID_0045_T1_to_T2_t1c,RETROSPECTIVE_FUTURE_IMAGE_DIFFERENCE_CONTROL,0.0398533279099239,0.020331809086766,,0.0108872797088175,0.0054734352731569,0.0398533279099239,0.020331809086766,0.0276019955230563,0.668838140816649,5521.0,53998.0,53998.0,0.0,0.7968478798866272,0.0307854786515235,274852.75,topk,53998.0,53998.0,7586.484375,0.0,267266.28125,difference_map_control,,DIFFERENCE_MAP,,,,,,,,,,True
PatientID_0051_T1_to_T3_t1c,RETROSPECTIVE_FUTURE_IMAGE_DIFFERENCE_CONTROL,0.0058242593376226,0.0029206349522882,,5.884429798406235e-11,5.884429798406235e-11,0.0058242593376226,0.0029206349522882,0.0139627638848755,0.9025161612882188,1198.0,15796.0,15796.0,0.0,0.6544221639633179,0.0165626853704452,147871.65625,topk,15796.0,15796.0,2064.697021484375,0.0,145806.859375,difference_map_control,,DIFFERENCE_MAP,,,,,,,,,,True
PatientID_0052_T1_to_T2_t1c,RETROSPECTIVE_FUTURE_IMAGE_DIFFERENCE_CONTROL,0.0498683055520222,0.0255717630329197,,0.0460174913703698,0.0235506158298723,0.0498683055520222,0.0255717630329197,0.0179243752155621,0.8533897338599246,11294.0,22780.0,22780.0,0.0,0.7884025573730469,0.0250058937817811,223252.625,topk,22780.0,22780.0,4001.663818359375,0.0,219251.03125,difference_map_control,,DIFFERENCE_MAP,,,,,,,,,,True
PatientID_0053_T1_to_T3_t1c,RETROSPECTIVE_FUTURE_IMAGE_DIFFERENCE_CONTROL,0.1200996995157448,0.0638862068849462,,8.446373971582628e-12,8.446373971582628e-12,0.1200996995157448,0.0638862068849462,0.0771654133902703,0.8061661679492884,3248.0,115146.0,115146.0,0.0,0.8613811731338501,0.025573045015335,228316.140625,topk,115146.0,115146.0,17618.109375,0.0,210698.140625,difference_map_control,,DIFFERENCE_MAP,,,,,,,,,,True
PatientID_0054_T1_to_T2_t1c,RETROSPECTIVE_FUTURE_IMAGE_DIFFERENCE_CONTROL,0.0065350390012141,0.0032782312196918,,1.1279043535835884e-10,1.1279043535835884e-10,0.0065350390012141,0.0032782312196918,0.0073056717796945,0.960398864727749,1674.0,7192.0,7192.0,0.0,0.6221166849136353,0.0240779686719179,214968.109375,topk,7192.0,7192.0,1570.4864501953125,0.0,213397.671875,difference_map_control,,DIFFERENCE_MAP,,,,,,,,,,True
PatientID_0055_T1_to_T4_t1c,RETROSPECTIVE_FUTURE_IMAGE_DIFFERENCE_CONTROL,0.050700609716261,0.0260096576211037,,0.0529224027282207,0.0271804281583564,0.050700609716261,0.0260096576211037,0.0134499919094206,0.8126515983489838,23288.0,18698.0,18698.0,0.0,0.7825325131416321,0.0473729409277439,422945.625,topk,18698.0,18698.0,5688.615234375,0.0,417256.78125,difference_map_control,,DIFFERENCE_MAP,,,,,,,,,,True
PatientID_0059_T1_to_T2_t1c,RETROSPECTIVE_FUTURE_IMAGE_DIFFERENCE_CONTROL,0.0021645023804838,0.0010834238350848,,4.1271151448092803e-10,4.1271151448092803e-10,0.0021645023804838,0.0010834238350848,0.0020264240233793,0.8946410553415189,113.0,2310.0,2310.0,0.0,0.5327854156494141,0.0288159847259521,257269.109375,topk,2310.0,2310.0,521.3363037109375,0.0,256747.71875,difference_map_control,,DIFFERENCE_MAP,,,,,,,,,,True
PatientID_0060_T1_to_T2_t1c,RETROSPECTIVE_FUTURE_IMAGE_DIFFERENCE_CONTROL,0.1168939168161165,0.0620750566669271,,0.037598890805024,0.0191596359389446,0.1168939168161165,0.0620750566669271,0.0581266105371556,0.9336609332421976,9833.0,63733.0,63733.0,0.0,0.7657601833343506,0.0268596056848764,239802.5625,topk,63733.0,63733.0,13938.91015625,0.0,225863.578125,difference_map_control,,DIFFERENCE_MAP,,,,,,,,,,True
PatientID_0062_T1_to_T2_t1c,RETROSPECTIVE_FUTURE_IMAGE_DIFFERENCE_CONTROL,0.1117621838001067,0.0591886164172369,,0.0374694393451436,0.0190924106405322,0.1117621838001067,0.0591886164172369,0.0570638751058464,0.930404576892358,9833.0,62973.0,62973.0,0.0,0.7657601833343506,0.0268596056848764,239802.5625,topk,62973.0,62973.0,13684.0634765625,0.0,226118.46875,difference_map_control,,DIFFERENCE_MAP,,,,,,,,,,True
PatientID_0003_T1_to_T2_t1c,FIXED_P0,0.4115304920283685,0.2590735862276115,,,,,,,,,,,,,,,,,,,,,difference_map_control,,,,,,,,,,,,
PatientID_0005_T3_to_T4_t1c,FIXED_P0,0.2310591983214478,0.1306200852653034,,,,,,,,,,,,,,,,,,,,,difference_map_control,,,,,,,,,,,,
PatientID_0006_T2_to_T4_t1c,FIXED_P0,0.3933722249353149,0.2448434111845064,,,,,,,,,,,,,,,,,,,,,difference_map_control,,,,,,,,,,,,
PatientID_0007_T2_to_T3_t1c,FIXED_P0,0.3300232929183509,0.197621494699925,,,,,,,,,,,,,,,,,,,,,difference_map_control,,,,,,,,,,,,
PatientID_0008_T4_to_T6_t1c,FIXED_P0,0.1404844291648807,0.0755489394522331,,,,,,,,,,,,,,,,,,,,,difference_map_control,,,,,,,,,,,,
PatientID_0010_T1_to_T4_t1c,FIXED_P0,0.5583164449208695,0.3872669858533714,,,,,,,,,,,,,,,,,,,,,difference_map_control,,,,,,,,,,,,
PatientID_0011_T1_to_T2_t1c,FIXED_P0,0.4214148708159007,0.2669573297194425,,,,,,,,,,,,,,,,,,,,,difference_map_control,,,,,,,,,,,,
PatientID_0012_T2_to_T3_t1c,FIXED_P0,0.2928230664824597,0.1715247322878988,,,,,,,,,,,,,,,,,,,,,difference_map_control,,,,,,,,,,,,
PatientID_0013_T1_to_T2_t1c,FIXED_P0,0.1821784884701795,0.1002180287421943,,,,,,,,,,,,,,,,,,,,,difference_map_control,,,,,,,,,,,,
PatientID_0014_T1_to_T2_t1c,FIXED_P0,0.1822222224493827,0.1002444990524925,,,,,,,,,,,,,,,,,,,,,difference_map_control,,,,,,,,,,,,
PatientID_0018_T1_to_T2_t1c,FIXED_P0,0.0351617443617574,0.01789549068794,,,,,,,,,,,,,,,,,,,,,difference_map_control,,,,,,,,,,,,
PatientID_0019_T4_to_T5_t1c,FIXED_P0,0.1539471651802121,0.0833926106078332,,,,,,,,,,,,,,,,,,,,,difference_map_control,,,,,,,,,,,,
PatientID_0020_T1_to_T2_t1c,FIXED_P0,0.1609679863809204,0.0875286483380751,,,,,,,,,,,,,,,,,,,,,difference_map_control,,,,,,,,,,,,
PatientID_0021_T2_to_T3_t1c,FIXED_P0,0.0765504493888536,0.0397985220850383,,,,,,,,,,,,,,,,,,,,,difference_map_control,,,,,,,,,,,,
PatientID_0022_T1_to_T2_t1c,FIXED_P0,0.416709234869665,0.2631918558804468,,,,,,,,,,,,,,,,,,,,,difference_map_control,,,,,,,,,,,,
PatientID_0024_T2_to_T3_t1c,FIXED_P0,0.4362619007897423,0.2789865521701436,,,,,,,,,,,,,,,,,,,,,difference_map_control,,,,,,,,,,,,
PatientID_0025_T1_to_T2_t1c,FIXED_P0,0.3963661295955371,0.2471674719045883,,,,,,,,,,,,,,,,,,,,,difference_map_control,,,,,,,,,,,,
PatientID_0026_T1_to_T2_t1c,FIXED_P0,0.3079249086629297,0.1819806403675604,,,,,,,,,,,,,,,,,,,,,difference_map_control,,,,,,,,,,,,
PatientID_0029_T1_to_T3_t1c,FIXED_P0,0.1616605934518264,0.0879383822638301,,,,,,,,,,,,,,,,,,,,,difference_map_control,,,,,,,,,,,,
PatientID_0030_T1_to_T3_t1c,FIXED_P0,0.4143683214791059,0.261326969621695,,,,,,,,,,,,,,,,,,,,,difference_map_control,,,,,,,,,,,,
PatientID_0031_T2_to_T3_t1c,FIXED_P0,0.1879376553199701,0.1037147843709886,,,,,,,,,,,,,,,,,,,,,difference_map_control,,,,,,,,,,,,
PatientID_0032_T1_to_T2_t1c,FIXED_P0,0.1010770509109042,0.053228621704525,,,,,,,,,,,,,,,,,,,,,difference_map_control,,,,,,,,,,,,
PatientID_0033_T1_to_T2_t1c,FIXED_P0,0.1119518820764478,0.0592950365296837,,,,,,,,,,,,,,,,,,,,,difference_map_control,,,,,,,,,,,,
PatientID_0034_T1_to_T2_t1c,FIXED_P0,0.1591081835369764,0.0864299478273561,,,,,,,,,,,,,,,,,,,,,difference_map_control,,,,,,,,,,,,
PatientID_0035_T1_to_T2_t1c,FIXED_P0,0.2585761712912991,0.1484854905425787,,,,,,,,,,,,,,,,,,,,,difference_map_control,,,,,,,,,,,,
PatientID_0036_T1_to_T2_t1c,FIXED_P0,0.2783071349151406,0.161647376582119,,,,,,,,,,,,,,,,,,,,,difference_map_control,,,,,,,,,,,,
PatientID_0037_T1_to_T2_t1c,FIXED_P0,0.3255041981739309,0.1943893784804946,,,,,,,,,,,,,,,,,,,,,difference_map_control,,,,,,,,,,,,
PatientID_0038_T1_to_T2_t1c,FIXED_P0,0.251089406475374,0.1435690351588717,,,,,,,,,,,,,,,,,,,,,difference_map_control,,,,,,,,,,,,
PatientID_0039_T1_to_T2_t1c,FIXED_P0,0.0872872149425412,0.0456352965261057,,,,,,,,,,,,,,,,,,,,,difference_map_control,,,,,,,,,,,,
PatientID_0041_T1_to_T2_t1c,FIXED_P0,0.2929716399942681,0.1716266975461119,,,,,,,,,,,,,,,,,,,,,difference_map_control,,,,,,,,,,,,
PatientID_0044_T1_to_T2_t1c,FIXED_P0,0.1633150520526157,0.088918381191467,,,,,,,,,,,,,,,,,,,,,difference_map_control,,,,,,,,,,,,
PatientID_0045_T1_to_T2_t1c,FIXED_P0,0.2815845031363978,0.163862874641249,,,,,,,,,,,,,,,,,,,,,difference_map_control,,,,,,,,,,,,
PatientID_0051_T1_to_T3_t1c,FIXED_P0,0.2779184603925703,0.1613851922961038,,,,,,,,,,,,,,,,,,,,,difference_map_control,,,,,,,,,,,,
PatientID_0052_T1_to_T2_t1c,FIXED_P0,0.1617208077444749,0.0879740185526799,,,,,,,,,,,,,,,,,,,,,difference_map_control,,,,,,,,,,,,
PatientID_0053_T1_to_T3_t1c,FIXED_P0,0.4148298681699111,0.2616942243885162,,,,,,,,,,,,,,,,,,,,,difference_map_control,,,,,,,,,,,,
PatientID_0054_T1_to_T2_t1c,FIXED_P0,0.1172135706954106,0.0622553726414404,,,,,,,,,,,,,,,,,,,,,difference_map_control,,,,,,,,,,,,
PatientID_0055_T1_to_T4_t1c,FIXED_P0,0.3910578671678506,0.2430527855589997,,,,,,,,,,,,,,,,,,,,,difference_map_control,,,,,,,,,,,,
PatientID_0059_T1_to_T2_t1c,FIXED_P0,0.0168831170959127,0.0085134252328064,,,,,,,,,,,,,,,,,,,,,difference_map_control,,,,,,,,,,,,
PatientID_0060_T1_to_T2_t1c,FIXED_P0,0.7173520782034633,0.5592743464645886,,,,,,,,,,,,,,,,,,,,,difference_map_control,,,,,,,,,,,,
PatientID_0062_T1_to_T2_t1c,FIXED_P0,0.7492576183463606,0.5990503155085631,,,,,,,,,,,,,,,,,,,,,difference_map_control,,,,,,,,,,,,
