case_id,condition,method,dice_fixed05,iou_fixed05,dice_topk,iou_topk,target_focus,log10_ratio,pred_fixed05_voxels,pred_topk_voxels,target_voxels,prob_min,prob_max,prob_mean,prob_sum,dice,iou,guidance_voxels,evaluation_target_voxels,target_mass,false_guidance_mass,outside_clean_target_mass,retained_true_target_fraction,added_false_positive_volume,seed,fp_shortfall,retention_relative_to_clean_pcc
PatientID_0003_T1_to_T2_t1c,FP_25,EIA_BLEND_075,0.3132049260310941,0.185680484519548,0.6746759842425816,0.5090649360334294,0.20417769489127732,1.9675824492146383,88431.2,24613.0,24613.0,8.984132549016977e-09,0.9934324860572815,0.00930561199784274,83080.5046875,0.6746759842425816,0.5090649360334294,30766.0,24613.0,16963.1859375,787.3178100585938,66117.2984375,1.0,6153.0,20260805.0,0.0,
PatientID_0003_T1_to_T2_t1c,FP_25,EIA_LINEAR,0.29567471927983446,0.17348491113241463,0.43183683420485436,0.27537748867823214,0.18136822299246505,1.9038630877336733,96202.2,24613.0,24613.0,8.385190319870617e-09,0.9999700784683228,0.01169292591512198,104394.4421875,0.43183683420485436,0.27537748867823214,30766.0,24613.0,18933.834375,1034.930029296875,85460.559375,1.0,6153.0,20260805.0,0.0,
PatientID_0003_T1_to_T2_t1c,FP_25,PCC,0.3425148809156773,0.20664733622011955,0.6047860886603668,0.4334719512369989,0.21567865739871234,1.9977015028869975,81099.2,24613.0,24613.0,8.155316390912048e-06,0.9999552965164182,0.00933902934193606,83378.8546875,0.6047860886603668,0.4334719512369989,30766.0,24613.0,17983.038671875,772.6063842773438,65396.07890625,1.0,6153.0,20260805.0,0.0,0.9955591225255632
PatientID_0003_T1_to_T2_t1c,MIXED,EIA_BLEND_075,0.3098020658981841,0.1832935297179151,0.5970042931324163,0.42567813356105294,0.18898174219390051,1.9257746270053782,88073.8,24613.0,24613.0,8.984132549016977e-09,0.99445987145106,0.009002609116335667,80375.29479166666,0.5970042931324163,0.42567813356105294,18463.0,24613.0,15189.463248697917,2134.264892578125,65185.60013020833,0.5001422012757486,6153.0,20260805.0,0.0,
PatientID_0003_T1_to_T2_t1c,MIXED,EIA_LINEAR,0.2939833093437169,0.1723214975116464,0.4210701661841086,0.2666810925891912,0.1774975824789945,1.8924402462124013,95960.53333333334,24613.0,24613.0,8.385190319870617e-09,0.9999674399693806,0.011516492689649216,102819.24713541666,0.4210701661841086,0.2666810925891912,18463.0,24613.0,18250.100846354166,2616.3251424153646,84569.14244791666,0.5001422012757486,6153.0,20260805.0,0.0,
PatientID_0003_T1_to_T2_t1c,MIXED,PCC,0.3337107854672922,0.20027273584420827,0.5240834789300217,0.35511933680251134,0.2075098774791725,1.97643046809693,80032.43333333333,24613.0,24613.0,8.035146220208843e-06,0.9999279578526815,0.009176646700749753,81929.1015625,0.5240834789300217,0.35511933680251134,18463.0,24613.0,17001.0216796875,2012.8940185546876,64928.3125,0.5001422012757486,6153.0,20260805.0,0.0,0.8627117888399753
PatientID_0003_T1_to_T2_t1c,PARTIAL_25,EIA_BLEND_075,0.309770068869678,0.1832709640100852,0.5961077479462864,0.4246107541985122,0.1898090302931195,1.928121264098608,87638.0,24613.0,24613.0,8.63644550840037e-13,0.9685344099998474,0.008636706508696,77108.515625,0.5961077479462864,0.4246107541985122,6158.0,24613.0,14635.892578125,0.0,62472.375,0.2501929874456588,0.0,,,
PatientID_0003_T1_to_T2_t1c,PARTIAL_25,EIA_LINEAR,0.2966626707076491,0.1741655429097067,0.4183967822000894,0.2645396629864226,0.1834548738819146,1.9099391708774336,94674.0,24613.0,24613.0,1.1515260316466436e-12,0.9999656081199646,0.0110964244231581,99068.875,0.4183967822000894,0.2645396629864226,6158.0,24613.0,18174.66796875,0.0,80894.234375,0.2501929874456588,0.0,,,
PatientID_0003_T1_to_T2_t1c,PARTIAL_25,PCC,0.33685338529628,0.2025398015580588,0.5078210701761707,0.340321834090987,0.2087890527065558,1.979803679574176,78037.0,24613.0,24613.0,7.97702250565635e-06,0.9998583793640136,0.008970046415925,80084.578125,0.5078210701761707,0.340321834090987,6158.0,24613.0,16720.783203125,0.0,63364.06640625,0.2501929874456588,0.0,,,0.8359416800482898
PatientID_0003_T1_to_T2_t1c,PARTIAL_50,EIA_BLEND_075,0.3110905516425342,0.1841961106632093,0.6443749238279695,0.4753341725266638,0.1984895903636751,1.9522204836107493,87798.0,24613.0,24613.0,8.63644550840037e-13,0.9947172403335572,0.0088100032880902,78655.7109375,0.6443749238279695,0.4753341725266638,12310.0,24613.0,15612.33984375,0.0,63043.10546875,0.5001422012757486,0.0,,,
PatientID_0003_T1_to_T2_t1c,PARTIAL_50,EIA_LINEAR,0.2970466113104654,0.1744302652616707,0.4240442042939901,0.269071128431538,0.1842392566455364,1.9122095716314689,94843.0,24613.0,24613.0,1.1515260316466436e-12,0.9999679923057556,0.011179931461811,99814.4296875,0.4240442042939901,0.269071128431538,12310.0,24613.0,18389.736328125,0.0,81424.703125,0.5001422012757486,0.0,,,
PatientID_0003_T1_to_T2_t1c,PARTIAL_50,PCC,0.3400976857838111,0.2048901811141288,0.5532442205429399,0.38240332501945,0.2126702250031045,1.989938507525383,78575.0,24613.0,24613.0,8.096639248833526e-06,0.999913215637207,0.0090556535869836,80848.875,0.5532442205429399,0.38240332501945,12310.0,24613.0,17194.1484375,0.0,63654.96484375,0.5001422012757486,0.0,,,0.9107142857172715
PatientID_0003_T1_to_T2_t1c,SHIFT_3,EIA_BLEND_075,0.3124656381854537,0.18516134297027023,0.6437722612783806,0.4750849560970876,0.20059327198069618,1.9579313566462995,88217.66666666667,24613.0,24613.0,1.3855044498842228e-12,0.993175228436788,0.0091294289256135,81507.54296875,0.6437722612783806,0.4750849560970876,24613.0,24613.0,16349.86474609375,3493.520751953125,65157.447916666664,0.6169910210051599,9427.0,,,
PatientID_0003_T1_to_T2_t1c,SHIFT_3,EIA_LINEAR,0.29760891486864416,0.17481831468112272,0.42748412086917176,0.2718481965842206,0.18335574201549207,1.9096420358840087,95165.16666666667,24613.0,24613.0,1.8473392303722247e-12,0.9999690651893616,0.011439513259877717,102131.97395833333,0.42748412086917176,0.2718481965842206,24613.0,24613.0,18726.2939453125,4017.899658203125,83405.71354166667,0.6169910210051599,9427.0,,,
PatientID_0003_T1_to_T2_t1c,SHIFT_3,PCC,0.3437206338631314,0.20752768257013088,0.5704844323547755,0.39911926605199016,0.21509437492529979,1.9961946835256226,79649.0,24613.0,24613.0,8.07358249706643e-06,0.9999580383300781,0.0092075623882313,82205.1171875,0.5704844323547755,0.39911926605199016,24613.0,24613.0,17681.5595703125,2959.636515299479,64523.802083333336,0.6169910210051599,9427.0,,,0.9390939896578241
PatientID_0005_T3_to_T4_t1c,FP_25,EIA_BLEND_075,0.24811020449085786,0.14162432205642475,0.5746004778451128,0.4031153867430663,0.1370610921142769,1.8758056999665698,91970.6,18835.0,18835.0,3.5178809735039734e-13,0.9854623317718506,0.009970380179584,89015.5546875,0.5746004778451128,0.4031153867430663,23544.0,18835.0,12200.569140625,342.8414245605469,76814.8625,1.0,4709.0,20260805.0,0.0,
PatientID_0005_T3_to_T4_t1c,FP_25,EIA_LINEAR,0.2327257546392035,0.1316862708323529,0.252200690224258,0.14429613808156255,0.12532540023243183,1.8310640882602165,102707.2,18835.0,18835.0,3.8462165310310105e-13,0.999713683128357,0.01271607987582678,113529.1609375,0.252200690224258,0.14429613808156255,23544.0,18835.0,14228.0873046875,450.6116455078125,99300.9578125,1.0,4709.0,20260805.0,0.0,
PatientID_0005_T3_to_T4_t1c,FP_25,PCC,0.2737197876990553,0.15856046539990276,0.44611627291090744,0.2870976262602679,0.15389193582947364,1.9346608636452465,82930.4,18835.0,18835.0,8.037716361286584e-06,0.9993756532669067,0.0097883211448788,87390.1328125,0.44611627291090744,0.2870976262602679,23544.0,18835.0,13448.636328125,314.0744140625,73941.5015625,1.0,4709.0,20260805.0,0.0,0.9908726415099722
PatientID_0005_T3_to_T4_t1c,MIXED,EIA_BLEND_075,0.24247602421221884,0.13796457764259776,0.424657994882984,0.2697648391289066,0.12788733277283384,1.8411238628173021,91407.96666666666,18835.0,18835.0,3.5178809735039734e-13,0.9929308692614237,0.009768139167378296,87209.94713541666,0.424657994882984,0.2697648391289066,14139.0,18835.0,11153.047526041666,2322.5419881184894,76056.77942708334,0.5006636580833554,4709.0,20260805.0,0.0,
PatientID_0005_T3_to_T4_t1c,MIXED,EIA_LINEAR,0.2301684590649081,0.13005107814140335,0.2418316963301876,0.1375476235394377,0.12306293260245763,1.8220291305309289,102395.33333333333,18835.0,18835.0,4.0338368496178887e-13,0.9997143884499867,0.012606796094526798,112553.47552083334,0.2418316963301876,0.1375476235394377,14139.0,18835.0,13851.1068359375,2794.3233154296877,98702.22213541667,0.5006636580833554,4709.0,20260805.0,0.0,
PatientID_0005_T3_to_T4_t1c,MIXED,PCC,0.26195127873625457,0.15071586935202416,0.3545668525080639,0.21550040528601117,0.14542973985324614,1.9057743423761884,81491.03333333334,18835.0,18835.0,8.058145704126219e-06,0.9993764122327169,0.00958256764958297,85553.16458333333,0.3545668525080639,0.21550040528601117,14139.0,18835.0,12441.94599609375,1891.5322550455728,73111.20677083333,0.5006636580833554,4709.0,20260805.0,0.0,0.7875314465534083
PatientID_0005_T3_to_T4_t1c,PARTIAL_25,EIA_BLEND_075,0.2441406072157829,0.1390433700027075,0.4602070613363364,0.2988759396145481,0.1328557385420377,1.860160385385415,90946.0,18835.0,18835.0,3.5178809735039734e-13,0.9836119413375854,0.009359698742628,83563.390625,0.4602070613363364,0.2988759396145481,4731.0,18835.0,11101.8759765625,0.0,72461.421875,0.2511813113883727,0.0,,,
PatientID_0005_T3_to_T4_t1c,PARTIAL_25,EIA_LINEAR,0.2322234317544958,0.1313646961573841,0.2444385452815386,0.1392366781848655,0.1285688434929073,1.843774431883759,101506.0,18835.0,18835.0,3.283355575270375e-13,0.9997127652168274,0.0120966350659728,107998.7578125,0.2444385452815386,0.1392366781848655,4731.0,18835.0,13885.275390625,0.0,94113.3125,0.2511813113883727,0.0,,,
PatientID_0005_T3_to_T4_t1c,PARTIAL_25,PCC,0.2652260920613569,0.1528879877984073,0.3557207326956272,0.2163383920175544,0.14708742360124,1.911541983948716,80107.0,18835.0,18835.0,8.024917406146415e-06,0.9993581175804138,0.0094337798655033,84224.7890625,0.3557207326956272,0.2163383920175544,4731.0,18835.0,12388.4072265625,0.0,71836.359375,0.2511813113883727,0.0,,,0.790094339635018
PatientID_0005_T3_to_T4_t1c,PARTIAL_50,EIA_BLEND_075,0.2450480887189508,0.1396323666486614,0.4991770639899342,0.3326022357672066,0.1353890569127551,1.8696342167190467,91274.0,18835.0,18835.0,3.5178809735039734e-13,0.9959104657173156,0.0095441034063696,85209.7578125,0.4991770639899342,0.3326022357672066,9430.0,18835.0,11536.46875,0.0,73673.203125,0.5006636580833554,0.0,,,
PatientID_0005_T3_to_T4_t1c,PARTIAL_50,EIA_LINEAR,0.232493694417625,0.1315376888277783,0.2497478099482413,0.1426924710567647,0.1280764990280056,1.8418625563459168,101693.0,18835.0,18835.0,3.283355575270375e-13,0.9997127652168274,0.0122298467904329,109188.0703125,0.2497478099482413,0.1426924710567647,9430.0,18835.0,13984.42578125,0.0,95203.5390625,0.5006636580833554,0.0,,,
PatientID_0005_T3_to_T4_t1c,PARTIAL_50,PCC,0.2676526142419759,0.154502853440884,0.3838067427824845,0.2374757728314616,0.1491415337204878,1.918612260807655,80697.0,18835.0,18835.0,8.030827302718535e-06,0.9993581175804138,0.0095164673402905,84963.0234375,0.3838067427824845,0.2374757728314616,9430.0,18835.0,12671.515625,0.0,72291.484375,0.5006636580833554,0.0,,,0.852476415103038
PatientID_0005_T3_to_T4_t1c,SHIFT_3,EIA_BLEND_075,0.24509864489155198,0.13966529897713362,0.5021414034288433,0.33566444312897475,0.13316707234105254,1.8613286418572725,91668.83333333333,18835.0,18835.0,3.5178809735039734e-13,0.9831725756327311,0.009795383705447082,87453.18489583333,0.5021414034288433,0.33566444312897475,18835.0,18835.0,11645.884602864584,3899.8284912109375,75807.21614583333,0.3179010707017078,12847.333333333334,,,
PatientID_0005_T3_to_T4_t1c,SHIFT_3,EIA_LINEAR,0.23271222898718513,0.1316776315418662,0.249075303090459,0.14225390782485514,0.12613474311554035,1.8342578468328383,101946.5,18835.0,18835.0,3.283355575270375e-13,0.9997133314609528,0.012458319930980566,111227.88020833333,0.249075303090459,0.14225390782485514,18835.0,18835.0,14029.591634114584,4609.6033935546875,97198.23046875,0.3179010707017078,12847.333333333334,,,
PatientID_0005_T3_to_T4_t1c,SHIFT_3,PCC,0.26983507970227166,0.15595955504667508,0.4026634811237236,0.2521569534875682,0.15081776011044887,1.924316706529497,81865.16666666667,18835.0,18835.0,8.045360118558165e-06,0.999360183874766,0.00967654647926485,86392.20572916667,0.4026634811237236,0.2521569534875682,18835.0,18835.0,13029.330078125,3280.7960001627603,73362.87630208333,0.3179010707017078,12847.333333333334,,,0.8943592767357885
PatientID_0006_T2_to_T4_t1c,FP_25,EIA_BLEND_075,0.3350164349195798,0.20121305818292828,0.8670474801517776,0.7652990451045039,0.2099694241572571,1.9816482381915517,115810.6,24684.0,24684.0,2.9077890095763337e-11,0.9993155002593994,0.011517566069960562,102828.8296875,0.8670474801517776,0.7652990451045039,30855.0,24684.0,21590.91015625,536.7989501953125,81237.8640625,1.0,6171.0,20260805.0,0.0,
PatientID_0006_T2_to_T4_t1c,FP_25,EIA_LINEAR,0.32145263685889836,0.19150644543380485,0.4334953816351989,0.276727803345634,0.18287319441552122,1.9069960832420243,122591.2,24684.0,24684.0,3.8757493048269256e-11,0.9999829530715942,0.01434876602143044,128105.7828125,0.4334953816351989,0.276727803345634,30855.0,24684.0,23427.11171875,705.534765625,104678.7625,1.0,6171.0,20260805.0,0.0,
PatientID_0006_T2_to_T4_t1c,FP_25,PCC,0.3554753918186109,0.21615693896325067,0.6308134824252387,0.46072139600051126,0.2134126674610723,1.9906093411273638,107848.4,24684.0,24684.0,8.15549155959161e-06,0.9999774694442747,0.0121203893795609,108210.8359375,0.6308134824252387,0.46072139600051126,30855.0,24684.0,23093.5625,548.109619140625,85117.2140625,1.0,6171.0,20260805.0,0.0,0.9846338687244013
PatientID_0006_T2_to_T4_t1c,MIXED,EIA_BLEND_075,0.3330514150374228,0.19979716667497013,0.7720331658880509,0.6290043769963718,0.19741475043505965,1.9480221469520498,115422.2,24684.0,24684.0,2.856266386602746e-11,0.998701016108195,0.011172997144361287,99752.51822916667,0.7720331658880509,0.6290043769963718,18516.0,24684.0,19692.618489583332,1548.367578125,80059.86848958333,0.5001215362177929,6171.0,20260805.0,0.0,
PatientID_0006_T2_to_T4_t1c,MIXED,EIA_LINEAR,0.320930459353906,0.19113598685439206,0.4185153675913173,0.2646364958474518,0.18379345502647776,1.909662245720453,122154.63333333333,24684.0,24684.0,3.8081376593779304e-11,0.9999808371067047,0.014188008569180923,126670.53984375,0.4185153675913173,0.2646364958474518,18516.0,24684.0,23280.9591796875,1917.081298828125,103389.69140625,0.5001215362177929,6171.0,20260805.0,0.0,
PatientID_0006_T2_to_T4_t1c,MIXED,PCC,0.3506722350234498,0.21261659500958577,0.5122657051900232,0.3443827836466886,0.20812759085546292,1.9768060121553286,106532.5,24684.0,24684.0,8.124417763610837e-06,0.9999602556228637,0.011912890647848394,106358.28802083334,0.5122657051900232,0.3443827836466886,18516.0,24684.0,22136.1755859375,1597.990372721354,84222.05052083333,0.5001215362177929,6171.0,20260805.0,0.0,0.7995931874773536
PatientID_0006_T2_to_T4_t1c,PARTIAL_25,EIA_BLEND_075,0.3323123604559146,0.1992653495665969,0.7622346459293017,0.615815140915268,0.194518291876747,1.9400409165732464,115052.0,24684.0,24684.0,1.7926656686872988e-11,0.9980223774909972,0.0108281495049595,96673.71875,0.7622346459293017,0.615815140915268,6174.0,24684.0,18804.806640625,0.0,77868.84375,0.2501215362177929,0.0,,,
PatientID_0006_T2_to_T4_t1c,PARTIAL_25,EIA_LINEAR,0.3250229692155581,0.1940462246630974,0.4329120077898049,0.276252520570905,0.193887839254581,1.9382906968882685,120075.0,24684.0,24684.0,2.390220833758949e-11,0.9999786019325256,0.0134129375219345,119750.703125,0.4329120077898049,0.276252520570905,6174.0,24684.0,23218.205078125,0.0,96532.5546875,0.2501215362177929,0.0,,,
PatientID_0006_T2_to_T4_t1c,PARTIAL_25,PCC,0.3552659337618647,0.2160020522834801,0.464592448560513,0.3025857519972932,0.2093534182030431,1.9800337680112703,103299.0,24684.0,24684.0,8.017565960471984e-06,0.9998923540115356,0.0115701872855424,103298.6328125,0.464592448560513,0.3025857519972932,6174.0,24684.0,21625.921875,0.0,81672.6484375,0.2501215362177929,0.0,,,0.7251802200668653
PatientID_0006_T2_to_T4_t1c,PARTIAL_50,EIA_BLEND_075,0.3338144713008316,0.2003465193742036,0.833616917844887,0.7147025112113263,0.2032340278446024,1.963801995285936,115262.0,24684.0,24684.0,1.7926656686872988e-11,0.998884379863739,0.010999864898622,98206.796875,0.833616917844887,0.7147025112113263,12345.0,24684.0,19958.962890625,0.0,78247.7265625,0.5001215362177929,0.0,,,
PatientID_0006_T2_to_T4_t1c,PARTIAL_50,EIA_LINEAR,0.3249572461016373,0.193999374255323,0.4434856587375732,0.2849223081313625,0.1932393262601895,1.936486556155585,120332.0,24684.0,24684.0,2.390220833758949e-11,0.9999808669090272,0.0134985232725739,120514.8125,0.4434856587375732,0.2849223081313625,12345.0,24684.0,23288.201171875,0.0,97226.6328125,0.5001215362177929,0.0,,,
PatientID_0006_T2_to_T4_t1c,PARTIAL_50,PCC,0.3580694495170669,0.2180783160516867,0.5509236752643226,0.3801895496273256,0.2137235958281099,1.991413256767224,104129.0,24684.0,24684.0,8.12655343906954e-06,0.9999438524246216,0.0116944024339318,104407.625,0.5509236752643226,0.3801895496273256,12345.0,24684.0,22314.373046875,0.0,82093.203125,0.5001215362177929,0.0,,,0.8599342354919713
PatientID_0006_T2_to_T4_t1c,SHIFT_3,EIA_BLEND_075,0.3345092758354948,0.20084733761042547,0.7874196510603207,0.6502121463439897,0.2083688636765536,1.9774407442690434,115744.5,24684.0,24684.0,1.7926656686872988e-11,0.9991443653901418,0.011344753050555734,101285.95572916667,0.7874196510603207,0.6502121463439897,24684.0,24684.0,21104.839518229168,3666.877726236979,80181.078125,0.696848160751904,7483.0,,,
PatientID_0006_T2_to_T4_t1c,SHIFT_3,EIA_LINEAR,0.32508455711614065,0.19409035732715704,0.4482323232434999,0.2888558782385704,0.19106315713047697,1.930388173611539,120802.5,24684.0,24684.0,2.390220833758949e-11,0.9999826848506927,0.013712215392539867,122422.65755208333,0.4482323232434999,0.2888558782385704,24684.0,24684.0,23389.581380208332,4185.829752604167,99033.10677083333,0.696848160751904,7483.0,,,
PatientID_0006_T2_to_T4_t1c,SHIFT_3,PCC,0.3596037943441981,0.21921888633809572,0.6047574677333882,0.4335909678101884,0.2148929445760913,1.9944259755473084,105571.0,24684.0,24684.0,8.145008450810565e-06,0.9999802907307943,0.01190382257724795,106277.328125,0.6047574677333882,0.4335909678101884,24684.0,24684.0,22838.359375,3601.1435546875,83438.9296875,0.696848160751904,7483.0,,,0.9439631550121002
PatientID_0007_T2_to_T3_t1c,FP_25,EIA_BLEND_075,0.23897750302998944,0.13570383320292917,0.7108250582499187,0.5513798363474525,0.12702588519407212,2.201716825089519,52995.2,8157.0,8157.0,3.330054809680405e-08,0.9956856966018675,0.00558190271258346,49835.22734375,0.7108250582499187,0.5513798363474525,10196.0,8157.0,6330.3638671875,114.48721466064453,43504.85234375,1.0,2039.0,20260805.0,0.0,
PatientID_0007_T2_to_T3_t1c,FP_25,EIA_LINEAR,0.22941035143164412,0.12956720475819827,0.3386784357399363,0.20386085733699968,0.12182399722608384,2.1809771359581074,55911.6,8157.0,8157.0,3.10805106096268e-08,0.9999997615814207,0.00676921578124162,60435.55859375,0.3386784357399363,0.20386085733699968,10196.0,8157.0,7362.501171875,150.30892944335938,53073.07578125,1.0,2039.0,20260805.0,0.0,
PatientID_0007_T2_to_T3_t1c,FP_25,PCC,0.264043221667955,0.15210241728203122,0.4397450043251352,0.28184176647029424,0.1419245436203469,2.257357462341046,47190.0,8157.0,8157.0,8.234878259827383e-06,0.9999876022338869,0.00564700374379748,50416.45,0.4397450043251352,0.28184176647029424,10196.0,8157.0,7155.331640625,107.09034881591796,43261.1609375,1.0,2039.0,20260805.0,0.0,0.9980523094048344
PatientID_0007_T2_to_T3_t1c,MIXED,EIA_BLEND_075,0.23802802281569962,0.13509183571229713,0.5192840505382319,0.353833624588461,0.11891441254877529,2.169039842247303,52862.433333333334,8157.0,8157.0,3.330054809680405e-08,0.9829175114631653,0.005459037174781133,48738.28424479167,0.5192840505382319,0.353833624588461,6119.0,8157.0,5795.684440104166,1242.7979939778645,42942.60260416667,0.5001838911364472,2039.0,20260805.0,0.0,
PatientID_0007_T2_to_T3_t1c,MIXED,EIA_LINEAR,0.22911337107864613,0.12937778072108114,0.33310040460137913,0.19983243474841034,0.12146512667391722,2.1795167944776153,55846.566666666666,8157.0,8157.0,3.10805106096268e-08,0.9999997615814208,0.006717170495539856,59970.897786458336,0.33310040460137913,0.19983243474841034,6119.0,8157.0,7284.316552734375,1503.424580891927,52686.599348958334,0.5001838911364472,2039.0,20260805.0,0.0,
PatientID_0007_T2_to_T3_t1c,MIXED,PCC,0.26215183656449975,0.1508485423209494,0.3866495035315281,0.23966700819753026,0.13941128159697147,2.2483274224556355,46863.8,8157.0,8157.0,8.178646658052457e-06,0.9999840299288432,0.00559654301032419,49965.93567708333,0.3866495035315281,0.23966700819753026,6119.0,8157.0,6965.809375,1215.4579477945963,43000.162369791666,0.5001838911364472,2039.0,20260805.0,0.0,0.8775459098667855
PatientID_0007_T2_to_T3_t1c,PARTIAL_25,EIA_BLEND_075,0.2389451733265636,0.1356829836991014,0.6145641780302462,0.4435890629640218,0.1229853167585477,2.1856724505869614,52744.0,8157.0,8157.0,1.9659054939502599e-10,0.9956856966018676,0.0053196786902844,47494.08984375,0.6145641780302462,0.4435890629640218,2043.0,8157.0,5841.07568359375,0.0,41652.9921875,0.2504597278411181,0.0,,,
PatientID_0007_T2_to_T3_t1c,PARTIAL_25,EIA_LINEAR,0.2307643913301232,0.1304316905068908,0.3339463038289845,0.200441501162587,0.1254616593939428,2.195557865500526,55423.0,8157.0,8157.0,2.6212074177855977e-10,0.9999997615814208,0.0065242848359048,58248.81640625,0.3339463038289845,0.200441501162587,2043.0,8157.0,7307.9931640625,0.0,50940.85546875,0.2504597278411181,0.0,,,
PatientID_0007_T2_to_T3_t1c,PARTIAL_25,PCC,0.2656304672240727,0.1531567882275445,0.3832291283938195,0.2370336670278257,0.1408813749726696,2.253626004022685,46144.0,8157.0,8157.0,8.147459084284492e-06,0.9999771118164062,0.0055328314192593,49397.1171875,0.3832291283938195,0.2370336670278257,2043.0,8157.0,6959.1337890625,0.0,42438.01171875,0.2504597278411181,0.0,,,0.8697829716374816
PatientID_0007_T2_to_T3_t1c,PARTIAL_50,EIA_BLEND_075,0.2389082976719495,0.1356592035328454,0.6203261003052393,0.4496179136796145,0.1239030712661522,2.1893557942470427,52812.0,8157.0,8157.0,4.2934414357098655e-10,0.9956856966018676,0.0053763696923851,48000.23046875,0.6203261003052393,0.4496179136796145,4080.0,8157.0,5947.3759765625,0.0,42052.8515625,0.5001838911364472,0.0,,,
PatientID_0007_T2_to_T3_t1c,PARTIAL_50,EIA_LINEAR,0.2306229271250629,0.130341310890849,0.3352948388295149,0.2014139480667638,0.1248408104742042,2.193095534885306,55462.0,8157.0,8157.0,5.724588580946486e-10,0.9999997615814208,0.0065588857978582,58557.73046875,0.3352948388295149,0.2014139480667638,4080.0,8157.0,7310.39453125,0.0,51247.33203125,0.5001838911364472,0.0,,,
PatientID_0007_T2_to_T3_t1c,PARTIAL_50,PCC,0.2657319557492846,0.1532242704037327,0.4057864411299628,0.2545370655756277,0.1414080315956674,2.255512736048204,46334.0,8157.0,8157.0,8.194844667741563e-06,0.999986171722412,0.0055601322092115,49640.859375,0.4057864411299628,0.2545370655756277,4080.0,8157.0,7019.6162109375,0.0,42621.27734375,0.5001838911364472,0.0,,,0.9209794101389845
PatientID_0007_T2_to_T3_t1c,SHIFT_3,EIA_BLEND_075,0.23840489318143554,0.13533467253001005,0.5680192881634576,0.4015240939227056,0.12367109558663958,2.1884261765628694,52953.333333333336,8157.0,8157.0,1.152204530859476e-09,0.988709568977356,0.00550771939257775,49172.919270833336,0.5680192881634576,0.4015240939227056,8157.0,8157.0,6081.268798828125,2281.0767211914062,43091.638020833336,0.31183850271750235,5613.333333333333,,,
PatientID_0007_T2_to_T3_t1c,SHIFT_3,EIA_LINEAR,0.23020411597129106,0.13007383038725143,0.3356626211023867,0.20168052088555546,0.12309344370290148,2.186102508228459,55608.166666666664,8157.0,8157.0,1.5360030839831988e-09,0.9999997715155282,0.006664632509152033,59501.837890625,0.3356626211023867,0.20168052088555546,8157.0,8157.0,7324.12841796875,2678.8661905924478,52177.719401041664,0.31183850271750235,5613.333333333333,,,
PatientID_0007_T2_to_T3_t1c,SHIFT_3,PCC,0.2643466103689028,0.15230384582465453,0.41066977241976194,0.2584376757723676,0.14113907476941948,2.254549705683838,46749.5,8157.0,8157.0,8.183290750215141e-06,0.999986489613851,0.005612546655659817,50108.81640625,0.41066977241976194,0.2584376757723676,8157.0,8157.0,7072.303955078125,2175.268839518229,43036.548828125,0.31183850271750235,5613.333333333333,,,0.9320626970971904
PatientID_0008_T4_to_T6_t1c,FP_25,EIA_BLEND_075,0.20123429079703326,0.11187354219381093,0.4051211073350494,0.2540137160127633,0.13124102004920568,2.4927212948995523,17540.0,4335.0,4335.0,1.09227236630427e-11,0.9641412377357483,0.00191480456851418,17095.375,0.4051211073350494,0.2540137160127633,5419.0,4335.0,2243.614453125,46.88943099975586,14851.7798828125,1.0,1084.0,20260805.0,0.0,
PatientID_0008_T4_to_T6_t1c,FP_25,EIA_LINEAR,0.19341766304652738,0.1070627501217231,0.15298731266978233,0.08282959766161149,0.11612447156454495,2.432084876679709,19437.4,4335.0,4335.0,1.45636315507236e-11,0.9999822974205015,0.00244859093800182,21861.019921875,0.15298731266978233,0.08282959766161149,5419.0,4335.0,2538.596337890625,61.60236282348633,19322.408203125,1.0,1084.0,20260805.0,0.0,
PatientID_0008_T4_to_T6_t1c,FP_25,PCC,0.22203089516458419,0.12487896948165414,0.2622376010078157,0.15090539401839237,0.12915359375598512,2.4847166821117,16761.2,4335.0,4335.0,8.19914639578201e-06,0.999950337409973,0.00199717381037766,17830.76796875,0.2622376010078157,0.15090539401839237,5419.0,4335.0,2302.906640625,47.76382904052734,15527.8548828125,1.0,1084.0,20260805.0,0.0,0.946544546233745
PatientID_0008_T4_to_T6_t1c,MIXED,EIA_BLEND_075,0.19299075301766228,0.1068019155644913,0.308550557557645,0.18261050332010512,0.1175695360639788,2.438089527979973,17373.3,4335.0,4335.0,1.09227236630427e-11,0.9380550642808279,0.0018618304980918233,16622.422786458334,0.308550557557645,0.18261050332010512,3254.0,4335.0,1954.2905354817708,225.06875305175782,14668.160091145834,0.5005767012687428,1084.0,20260805.0,0.0,
PatientID_0008_T4_to_T6_t1c,MIXED,EIA_LINEAR,0.1893355497449021,0.10456713712836654,0.14608996549641404,0.07880259989672886,0.11159993934859853,2.4125696298511383,19303.466666666667,4335.0,4335.0,1.45636315507236e-11,0.9999823093414305,0.0024084873031824366,21502.974674479166,0.14608996549641404,0.07880259989672886,3254.0,4335.0,2399.6778157552085,275.7133483886719,19103.282356770833,0.5005767012687428,1084.0,20260805.0,0.0,
PatientID_0008_T4_to_T6_t1c,MIXED,PCC,0.19926650266982607,0.11066140819388924,0.1968858132414203,0.109248572025991,0.11748935983528296,2.437793158472956,16305.7,4335.0,4335.0,8.199123688730955e-06,0.9999515891075135,0.00195126363929977,17420.8818359375,0.1968858132414203,0.109248572025991,3254.0,4335.0,2046.811905924479,140.85406824747722,15374.062467447917,0.5005767012687428,1084.0,20260805.0,0.0,0.7106577852994763
PatientID_0008_T4_to_T6_t1c,PARTIAL_25,EIA_BLEND_075,0.19330408685323,0.1069931500303142,0.2897347174983005,0.1694092259010778,0.121364428612572,2.4538345622415654,17320.0,4335.0,4335.0,1.09227236630427e-11,0.9380662441253662,0.0017900777747854,15981.814453125,0.2897347174983005,0.1694092259010778,1089.0,4335.0,1939.623779296875,0.0,14042.173828125,0.2512110726643599,0.0,,,
PatientID_0008_T4_to_T6_t1c,PARTIAL_25,EIA_LINEAR,0.1940607735154497,0.1074569790101598,0.1649365629567547,0.0898805783670797,0.1210345361759961,2.4524902610149506,18833.0,4335.0,4335.0,1.0194541391617127e-11,0.9999822378158568,0.0022171468008309,19794.6875,0.1649365629567547,0.0898805783670797,1089.0,4335.0,2395.8408203125,0.0,17398.8125,0.2512110726643599,0.0,,,
PatientID_0008_T4_to_T6_t1c,PARTIAL_25,PCC,0.2009884679146828,0.1117216117709112,0.2048442907491529,0.1141094835371229,0.1182521798679938,2.441016729856322,15696.0,4335.0,4335.0,8.233064363594167e-06,0.99994957447052,0.0018930252408608,16900.9296875,0.2048442907491529,0.1141094835371229,1089.0,4335.0,1998.57177734375,0.0,14902.34375,0.2512110726643599,0.0,,,0.7393838469028378
PatientID_0008_T4_to_T6_t1c,PARTIAL_50,EIA_BLEND_075,0.1955039617101758,0.1083426938063748,0.3381776240671075,0.2034980567457665,0.1254641128906425,2.4702938695743764,17373.0,4335.0,4335.0,1.09227236630427e-11,0.9329040050506592,0.0018198010511696,16247.18359375,0.3381776240671075,0.2034980567457665,2170.0,4335.0,2038.4384765625,0.0,14208.7275390625,0.5005767012687428,0.0,,,
PatientID_0008_T4_to_T6_t1c,PARTIAL_50,EIA_LINEAR,0.1946955997935634,0.1078464107270285,0.1665513265090483,0.0908404631239506,0.1225806692954701,2.458767289487625,18891.0,4335.0,4335.0,1.0194541391617127e-11,0.9999822378158568,0.0022514963056892,20101.359375,0.1665513265090483,0.0908404631239506,2170.0,4335.0,2464.0380859375,0.0,17637.30078125,0.5005767012687428,0.0,,,
PatientID_0008_T4_to_T6_t1c,PARTIAL_50,PCC,0.2085828837693123,0.116434571224777,0.2200692042422065,0.1236391914044013,0.1228728699808165,2.4599452998901747,15868.0,4335.0,4335.0,8.233134394686203e-06,0.99994957447052,0.001911946805194,17069.861328125,0.2200692042422065,0.1236391914044013,2170.0,4335.0,2097.4228515625,0.0,14972.4296875,0.5005767012687428,0.0,,,0.794338051709268
PatientID_0008_T4_to_T6_t1c,SHIFT_3,EIA_BLEND_075,0.19804064419866527,0.10990417710574207,0.3817762399790338,0.23599679596356019,0.12661210363404887,2.4747275740839103,17480.0,4335.0,4335.0,1.09227236630427e-11,0.9627128740151724,0.0018789664221306,16775.411783854168,0.3817762399790338,0.23599679596356019,4335.0,4335.0,2123.970174153646,489.00457255045575,14651.467122395834,0.5218762014609766,2072.6666666666665,,,
PatientID_0008_T4_to_T6_t1c,SHIFT_3,EIA_LINEAR,0.1944959554307192,0.10772445473538032,0.16951172635491982,0.09260602324502597,0.11949892781099863,2.4461129409634936,18976.5,4335.0,4335.0,1.0194541391617127e-11,0.9999822378158568,0.002309754063996117,20621.484049479168,0.16951172635491982,0.09260602324502597,4335.0,4335.0,2464.2210286458335,573.7908630371094,18157.235677083332,0.5218762014609766,2072.6666666666665,,,
PatientID_0008_T4_to_T6_t1c,SHIFT_3,PCC,0.21739275625310336,0.1219597746919901,0.25451749335780266,0.14590392872131902,0.12746226293110755,2.4780871125688013,16172.833333333334,4335.0,4335.0,8.210522688993175e-06,0.9999525348345438,0.0019465741934254334,17379.014322916668,0.25451749335780266,0.14590392872131902,4335.0,4335.0,2215.319132486979,326.59107716878253,15163.688151041666,0.5218762014609766,2072.6666666666665,,,0.9186788787460399
PatientID_0010_T1_to_T4_t1c,FP_25,EIA_BLEND_075,0.5505912032122701,0.3798729563481399,0.6353041384022777,0.46552800283656304,0.43161150152482797,2.2974611637680167,51321.6,34047.0,34047.0,2.9285967216157205e-15,0.999372661113739,0.00607135919854042,54205.0953125,0.6353041384022777,0.46552800283656304,42559.0,34047.0,23395.542578125,257.29588623046874,30809.6453125,1.0,8512.0,20260805.0,0.0,
PatientID_0010_T1_to_T4_t1c,FP_25,EIA_LINEAR,0.5317695261024126,0.3621839660560447,0.5710224102039678,0.39960208687213405,0.39232910765767093,2.2269971577096883,55954.4,34047.0,34047.0,3.436220136421787e-15,0.9998733401298525,0.00721396757289762,64406.303125,0.5710224102039678,0.39960208687213405,42559.0,34047.0,25268.465625,331.7,39137.8296875,1.0,8512.0,20260805.0,0.0,
PatientID_0010_T1_to_T4_t1c,FP_25,PCC,0.5787351120284426,0.407197227832859,0.6270978353507344,0.4567680473846229,0.4574879165138922,2.342986719521856,50253.4,34047.0,34047.0,8.551353312213905e-06,0.999845027923584,0.00593267325311894,52966.90703125,0.6270978353507344,0.4567680473846229,42559.0,34047.0,24231.71953125,209.8992706298828,28735.0640625,1.0,8512.0,20260805.0,0.0,0.9885087272561576
PatientID_0010_T1_to_T4_t1c,MIXED,EIA_BLEND_075,0.5422077001872676,0.3719383216741178,0.5995339775467314,0.42810098036797267,0.4136047258958549,2.2654076824265785,50482.3,34047.0,34047.0,2.92859672161572e-15,0.997504860162735,0.0055966286143908335,49966.700520833336,0.5995339775467314,0.42810098036797267,25536.0,34047.0,20666.4634765625,900.5764465332031,29300.33046875,0.5000146855816959,8512.0,20260805.0,0.0,
PatientID_0010_T1_to_T4_t1c,MIXED,EIA_LINEAR,0.526692429010995,0.35748989114470403,0.5671375843260719,0.3958079827550017,0.3918250865165124,2.226075273081554,55266.46666666667,34047.0,34047.0,3.006692601722543e-15,0.9998605589071909,0.006913511222228363,61723.82799479167,0.5671375843260719,0.3958079827550017,25536.0,34047.0,24185.196484375,1105.6774800618489,37538.625651041664,0.5000146855816959,8512.0,20260805.0,0.0,
PatientID_0010_T1_to_T4_t1c,MIXED,PCC,0.5577311281645444,0.3867066747144102,0.5863169540206238,0.41474818481342257,0.44432004570698924,2.3198872079308734,47967.03333333333,34047.0,34047.0,8.42852071703722e-06,0.9997546017169953,0.0056327712877342635,50289.38203125,0.5863169540206238,0.41474818481342257,25536.0,34047.0,22344.593229166665,785.7719278971355,27944.678385416668,0.5000146855816959,8512.0,20260805.0,0.0,0.9242248869563972
PatientID_0010_T1_to_T4_t1c,PARTIAL_25,EIA_BLEND_075,0.5385577323939909,0.3685111237980847,0.5843686668489975,0.4127972115147351,0.4214808867905041,2.27947297207792,49918.0,34047.0,34047.0,2.92859672161572e-15,0.9958390593528748,0.0051222699694335,45731.625,0.5843686668489975,0.4127972115147351,8513.0,34047.0,19275.005859375,0.0,26456.72265625,0.2500367139542397,0.0,,,
PatientID_0010_T1_to_T4_t1c,PARTIAL_25,EIA_LINEAR,0.533952382046818,0.3642121684966581,0.585337915240912,0.4137651821984062,0.4222826695114687,2.2809041782306427,53399.0,34047.0,34047.0,2.7333568978230244e-15,0.9998481869697572,0.006271556019783,55992.453125,0.585337915240912,0.4137651821984062,8513.0,34047.0,23644.642578125,0.0,32347.6953125,0.2500367139542397,0.0,,,
PatientID_0010_T1_to_T4_t1c,PARTIAL_25,PCC,0.5610278915848224,0.3898810048587063,0.5856022557114342,0.4140294044477525,0.4507905204648644,2.331253222648197,44794.0,34047.0,34047.0,8.354344572580885e-06,0.9992706179618835,0.0053072902373969,47383.48828125,0.5856022557114342,0.4140294044477525,8513.0,34047.0,21360.02734375,0.0,26023.34375,0.2500367139542397,0.0,,,0.9230982915893537
PatientID_0010_T1_to_T4_t1c,PARTIAL_50,EIA_BLEND_075,0.5446467710077998,0.3742368245490266,0.607865597562078,0.4366428963366251,0.4386905921749418,2.3099691325144773,50360.0,34047.0,34047.0,2.92859672161572e-15,0.997025430202484,0.0053575574420392,47832.2734375,0.607865597562078,0.4366428963366251,17024.0,34047.0,20983.568359375,0.0,26848.791015625,0.5000146855816959,0.0,,,
PatientID_0010_T1_to_T4_t1c,PARTIAL_50,EIA_LINEAR,0.5342190883275985,0.3644603938287605,0.5799923635036862,0.4084431298858575,0.420874171728254,2.278393873524541,54164.0,34047.0,34047.0,2.7333568978230244e-15,0.9998575448989868,0.0064656836912035,57725.625,0.5799923635036862,0.4084431298858575,17024.0,34047.0,24295.224609375,0.0,33430.421875,0.5000146855816959,0.0,,,
PatientID_0010_T1_to_T4_t1c,PARTIAL_50,PCC,0.5725450305218511,0.4010949856713114,0.6068963491701634,0.4356433556232075,0.4590206529656621,2.3456680216558548,46565.0,34047.0,34047.0,8.42748431750806e-06,0.9995701909065248,0.0055122305639088,49213.1953125,0.6068963491701634,0.4356433556232075,17024.0,34047.0,22589.873046875,0.0,26623.201171875,0.5000146855816959,0.0,,,0.9566646604019478
PatientID_0010_T1_to_T4_t1c,SHIFT_3,EIA_BLEND_075,0.5485543937436118,0.37793733047863814,0.6266533517447453,0.45630077130108976,0.43761541081597116,2.3080709362715255,51160.666666666664,34047.0,34047.0,2.92859672161572e-15,0.9993011156717936,0.005832964321598333,52076.705078125,0.6266533517447453,0.45630077130108976,34047.0,34047.0,22789.568684895832,2906.04833984375,29287.229817708332,0.7372847338483077,8944.666666666666,,,
PatientID_0010_T1_to_T4_t1c,SHIFT_3,EIA_LINEAR,0.5354847609206891,0.36563996289750383,0.5783133119964807,0.40678039416312856,0.40886351696049156,2.2569001992986215,54977.666666666664,34047.0,34047.0,2.7333568978230244e-15,0.9998736083507538,0.006852666148915834,61180.603515625,0.5783133119964807,0.40678039416312856,34047.0,34047.0,25014.514973958332,3327.5590006510415,36166.071614583336,0.7372847338483077,8944.666666666666,,,
PatientID_0010_T1_to_T4_t1c,SHIFT_3,PCC,0.5798620197309023,0.40831836990408726,0.6221301925824773,0.4515230289203029,0.4586846072818387,2.345078868596981,48911.5,34047.0,34047.0,8.49730728684032e-06,0.9998784859975179,0.005808981756369218,51862.589192708336,0.6221301925824773,0.4515230289203029,34047.0,34047.0,23788.454752604168,2396.4489135742188,28074.0244140625,0.7372847338483077,8944.666666666666,,,0.9806781178145436
PatientID_0011_T1_to_T2_t1c,FP_25,EIA_BLEND_075,0.4485885470222703,0.28914866289931124,0.4578617365979122,0.2969005755290421,0.3905699181650123,1.9618214534041207,76426.2,62041.0,62041.0,6.672414842867622e-10,0.988299489021301,0.00933692604303358,83360.0765625,0.4578617365979122,0.2969005755290421,77551.0,62041.0,32557.93828125,479.59600219726565,50802.09609375,1.0,15510.0,20260805.0,0.0,
PatientID_0011_T1_to_T2_t1c,FP_25,EIA_LINEAR,0.4426708491723903,0.2842500245525155,0.44279750488029856,0.28435448431895316,0.3671363702711723,1.9185632823631438,82323.6,62041.0,62041.0,6.227587334706184e-10,0.9999462962150574,0.0112338794395327,100296.075,0.44279750488029856,0.28435448431895316,77551.0,62041.0,36822.33671875,617.1127807617188,63473.78515625,1.0,15510.0,20260805.0,0.0,
PatientID_0011_T1_to_T2_t1c,FP_25,PCC,0.4828970573312062,0.31830210412583065,0.486568559505113,0.32150023460437865,0.42543171885356407,2.024533595329903,74263.0,62041.0,62041.0,8.401881859754213e-06,0.9999221563339231,0.00872506424784654,77897.371875,0.486568559505113,0.32150023460437865,77551.0,62041.0,33140.0125,372.46279296875,44757.43203125,1.0,15510.0,20260805.0,0.0,0.9949309515178318
PatientID_0011_T1_to_T2_t1c,MIXED,EIA_BLEND_075,0.4373359400315924,0.2798657670504671,0.4379662911130975,0.28038245774691295,0.37189331494904754,1.9274291634626226,74971.4,62041.0,62041.0,3.281179448641219e-10,0.9766818722089131,0.008468761760741421,75609.10494791667,0.4379662911130975,0.28038245774691295,46536.36666666667,62041.0,28118.5203125,2175.4371988932294,47490.527994791664,0.5001047694266695,15510.0,20260805.0,0.0,
PatientID_0011_T1_to_T2_t1c,MIXED,EIA_LINEAR,0.4357522639269061,0.2785699490807461,0.4384267393113283,0.2807598223166419,0.3633580343544145,1.9114824259458927,81472.63333333333,62041.0,62041.0,3.126370978127987e-10,0.9999400774637858,0.010572669220467347,94392.79192708334,0.4384267393113283,0.2807598223166419,46536.36666666667,62041.0,34298.279036458334,2654.396199544271,60094.520182291664,0.5001047694266695,15510.0,20260805.0,0.0,
PatientID_0011_T1_to_T2_t1c,MIXED,PCC,0.4548715678904834,0.29439157438630564,0.45399977434717365,0.293661833203964,0.40530517909539154,1.9885321468449262,70767.6,62041.0,62041.0,8.318937367827554e-06,0.999838242928187,0.00825195992365473,73673.49817708334,0.45399977434717365,0.293661833203964,46536.36666666667,62041.0,29860.241861979168,1694.339619954427,43813.37708333333,0.5001047694266695,15510.0,20260805.0,0.0,0.9283345967514529
PatientID_0011_T1_to_T2_t1c,PARTIAL_25,EIA_BLEND_075,0.4338759536281114,0.277038051129184,0.4324881932961067,0.2759074550202992,0.3882342068294182,1.957556447907309,74150.0,62041.0,62041.0,1.1580511126863674e-13,0.965820848941803,0.0076006823219358,67858.890625,0.4324881932961067,0.2759074550202992,15521.0,62041.0,26345.142578125,0.0,41513.57421875,0.2501732725133379,0.0,,,
PatientID_0011_T1_to_T2_t1c,PARTIAL_25,EIA_LINEAR,0.4352319255185706,0.2781446865011412,0.4429973727096356,0.2845193482340781,0.3865351216841327,1.9544455058662675,80591.0,62041.0,62041.0,1.5440681502484899e-13,0.9999382495880128,0.0096387332305312,86054.609375,0.4429973727096356,0.2845193482340781,15521.0,62041.0,33263.12890625,0.0,52791.4765625,0.2501732725133379,0.0,,,
PatientID_0011_T1_to_T2_t1c,PARTIAL_25,PCC,0.4481050570253189,0.2887470308858992,0.4472365048963811,0.2880261587243678,0.4030018668443499,1.984378402475168,68174.0,62041.0,62041.0,8.215071829908993e-06,0.999670147895813,0.0079375645145773,70866.578125,0.4472365048963811,0.2880261587243678,15521.0,62041.0,28559.36328125,0.0,42307.3828125,0.2501732725133379,0.0,,,0.9145051250796857
PatientID_0011_T1_to_T2_t1c,PARTIAL_50,EIA_BLEND_075,0.4402526746307353,0.2822589707161373,0.4431424380696383,0.2846390375789723,0.4029438086748436,1.984276456223311,74894.0,62041.0,62041.0,1.1580511126863674e-13,0.9825377464294434,0.0080343475565314,71730.65625,0.4431424380696383,0.2846390375789723,31027.0,62041.0,28903.423828125,0.0,42827.1171875,0.5001047694266695,0.0,,,
PatientID_0011_T1_to_T2_t1c,PARTIAL_50,EIA_LINEAR,0.4385590999654899,0.2808682031838813,0.4436098708963136,0.285024855019832,0.3906168235649557,1.9619065126731348,81064.0,62041.0,62041.0,1.5440681502484899e-13,0.9999395608901978,0.0099714128300547,89024.7734375,0.4436098708963136,0.285024855019832,31027.0,62041.0,34774.57421875,0.0,54250.22265625,0.5001047694266695,0.0,,,
PatientID_0011_T1_to_T2_t1c,PARTIAL_50,PCC,0.4639385956984895,0.302031282346254,0.464338099003366,0.302370006514869,0.4156999975995399,2.0071884692206514,70067.0,62041.0,62041.0,8.364349923795089e-06,0.999842405319214,0.0082022715359926,73229.8828125,0.464338099003366,0.302370006514869,31027.0,62041.0,30441.662109375,0.0,42788.390625,0.5001047694266695,0.0,,,0.9494743086920424
PatientID_0011_T1_to_T2_t1c,SHIFT_3,EIA_BLEND_075,0.44499277182471575,0.28616809019931777,0.45162607523424053,0.2916785261994916,0.3926835361861853,1.965670628042389,76038.33333333333,62041.0,62041.0,1.617440470656819e-13,0.9893624285856882,0.008902609193076618,79482.49479166667,0.45162607523424053,0.2916785261994916,62041.0,62041.0,31211.467122395832,5701.889567057292,48270.88671875,0.6257152528166857,23221.0,,,
PatientID_0011_T1_to_T2_t1c,SHIFT_3,EIA_LINEAR,0.44149892314047506,0.28328451630324913,0.44466562434966667,0.2858981845299568,0.37548853845601043,1.9340948450263464,81763.0,62041.0,62041.0,2.1565872640923653e-13,0.9999447067578634,0.010753100737929283,96003.68359375,0.44466562434966667,0.2858981845299568,62041.0,62041.0,36047.77734375,6666.974853515625,59955.915364583336,0.6257152528166857,23221.0,,,
PatientID_0011_T1_to_T2_t1c,SHIFT_3,PCC,0.47574565521382756,0.3121195719692698,0.47709310510138114,0.3132804285014237,0.4196785974953481,2.014290029917856,72988.16666666667,62041.0,62041.0,8.369048525006898e-06,0.9999072949091593,0.008581308958431033,76613.92578125,0.47709310510138114,0.3132804285014237,62041.0,62041.0,32152.850911458332,4038.117472330729,44461.203776041664,0.6257152528166857,23221.0,,,0.97555562879752
PatientID_0012_T2_to_T3_t1c,FP_25,EIA_BLEND_075,0.3105333731978315,0.1838055684114405,0.3542570602835058,0.21525661863394613,0.29113427794604985,1.8023108967317227,88621.8,57434.0,57434.0,6.005246007134702e-08,0.9981539249420166,0.0101984372362494,91051.646875,0.3542570602835058,0.21525661863394613,71792.0,57434.0,26508.25546875,688.7377685546875,64543.41484375,1.0,14358.0,20260805.0,0.0,
PatientID_0012_T2_to_T3_t1c,FP_25,EIA_LINEAR,0.30243872189754356,0.1781607099312878,0.3017028241172328,0.17765019484982317,0.264550317595746,1.7447376688978486,96031.8,57434.0,57434.0,5.8668469193889905e-08,0.9999966621398926,0.01273046471178528,113657.5890625,0.3017028241172328,0.17765019484982317,71792.0,57434.0,30068.151171875,898.8119140625,83589.3375,1.0,14358.0,20260805.0,0.0,
PatientID_0012_T2_to_T3_t1c,FP_25,PCC,0.3364713140998813,0.20226360920972164,0.35975554550127314,0.2193304447624914,0.2800873662395769,1.7787943023043087,85460.8,57434.0,57434.0,8.276446351374034e-06,0.9999887943267822,0.009659174829721399,86237.1109375,0.35975554550127314,0.2193304447624914,71792.0,57434.0,24153.925,635.9944091796875,62083.34140625,1.0,14358.0,20260805.0,0.0,0.9970660618637004
PatientID_0012_T2_to_T3_t1c,MIXED,EIA_BLEND_075,0.30293626692738956,0.17850641803831893,0.3264460075971859,0.19506628271766377,0.2659627293993986,1.747876881070294,87670.33333333333,57434.0,57434.0,3.911195995964789e-08,0.9958942333857218,0.009394503322740362,83874.12604166666,0.3264460075971859,0.19506628271766377,43080.0,57434.0,22307.391471354167,1722.0830932617187,61566.746875,0.5000870564474005,14358.0,20260805.0,0.0,
PatientID_0012_T2_to_T3_t1c,MIXED,EIA_LINEAR,0.29781446931805744,0.17496021088876915,0.29775858667370875,0.1749216485392756,0.2512168269296268,1.7144641322609517,95440.53333333334,57434.0,57434.0,3.8643987054776116e-08,0.9999962131182353,0.012056920801599775,107644.18828125,0.29775858667370875,0.1749216485392756,43080.0,57434.0,27042.4740234375,2174.52568359375,80601.62630208333,0.5000870564474005,14358.0,20260805.0,0.0,
PatientID_0012_T2_to_T3_t1c,MIXED,PCC,0.3173389396715419,0.18859591819429924,0.3302300611774945,0.19777789456673564,0.26373554649943143,1.7429050678622324,83127.96666666666,57434.0,57434.0,8.29850347751441e-06,0.9999672691027324,0.009324315655976486,83247.48984375,0.3302300611774945,0.19777789456673564,43080.0,57434.0,21956.0326171875,1526.3763224283855,61291.604296875,0.5000870564474005,14358.0,20260805.0,0.0,0.9152358892716167
PatientID_0012_T2_to_T3_t1c,PARTIAL_25,EIA_BLEND_075,0.3000076144113024,0.1764758577510405,0.3150050492799126,0.186947176994431,0.2610868517202154,1.736973377267022,87029.0,57434.0,57434.0,8.307814852726024e-11,0.993278980255127,0.0085910661146044,76701.0390625,0.3150050492799126,0.186947176994431,14367.0,57434.0,20025.6328125,0.0,56675.3828125,0.2501479959605808,0.0,,,
PatientID_0012_T2_to_T3_t1c,PARTIAL_25,EIA_LINEAR,0.296490824939786,0.174047096009758,0.2959919211678101,0.1737033555485582,0.2504468989833129,1.7126951295459685,94881.0,57434.0,57434.0,1.1077086470301367e-10,0.9999961853027344,0.0112059898674488,100047.078125,0.2959919211678101,0.1737033555485582,14367.0,57434.0,25056.48046875,0.0,74990.578125,0.2501479959605808,0.0,,,
PatientID_0012_T2_to_T3_t1c,PARTIAL_25,PCC,0.3100059172501406,0.1834360962682246,0.3174600410965851,0.1886790500420274,0.2581061868630822,1.730237257125712,81144.0,57434.0,57434.0,8.256424735009205e-06,0.9999699592590332,0.0090803317725658,81069.203125,0.3174600410965851,0.1886790500420274,14367.0,57434.0,20924.462890625,0.0,60144.88671875,0.2501479959605808,0.0,,,0.8798436519837897
PatientID_0012_T2_to_T3_t1c,PARTIAL_50,EIA_BLEND_075,0.3044312269758054,0.179545195585601,0.3325208064967396,0.1994152657491968,0.283929123142617,1.7870355990556828,87492.0,57434.0,57434.0,8.307814852726024e-11,0.9969252943992616,0.0089924382045865,80284.4921875,0.3325208064967396,0.1994152657491968,28722.0,57434.0,22795.10546875,0.0,57489.37890625,0.5000870564474005,0.0,,,
PatientID_0012_T2_to_T3_t1c,PARTIAL_50,EIA_LINEAR,0.2987954648215545,0.1756375901006003,0.2983946791160428,0.1753606876171558,0.2652023079018292,1.746191992284008,95239.0,57434.0,57434.0,1.1077086470301367e-10,0.9999962449073792,0.011580198071897,103388.0078125,0.2983946791160428,0.1753606876171558,28722.0,57434.0,27418.73828125,0.0,75969.1484375,0.5000870564474005,0.0,,,
PatientID_0012_T2_to_T3_t1c,PARTIAL_50,PCC,0.3218472925809523,0.1917866539581602,0.3373611449721649,0.2029070498135665,0.2687208341153399,1.75399847154389,82533.0,57434.0,57434.0,8.256228284153622e-06,0.999964475631714,0.0092639038339257,82708.1328125,0.3373611449721649,0.2029070498135665,28722.0,57434.0,22225.3984375,0.0,60482.91796875,0.5000870564474005,0.0,,,0.934999758723761
PatientID_0012_T2_to_T3_t1c,SHIFT_3,EIA_BLEND_075,0.30879602585551474,0.18258990660947264,0.3484956645945912,0.21102123571044787,0.2910067488691164,1.802029403581755,88325.33333333333,57434.0,57434.0,9.463180933311222e-11,0.9977664351463318,0.009796390620370651,87462.17447916667,0.3484956645945912,0.21102123571044787,57434.0,57434.0,25452.0830078125,4658.08740234375,62010.088541666664,0.6911179208598855,17740.333333333332,,,
PatientID_0012_T2_to_T3_t1c,SHIFT_3,EIA_LINEAR,0.3017210355831645,0.17766300067266574,0.30069587120897584,0.17695247518380408,0.2670597501059014,1.7503077702211893,95736.0,57434.0,57434.0,1.2617574577748295e-10,0.9999965230623881,0.012305455282330466,109863.10416666667,0.30069587120897584,0.17695247518380408,57434.0,57434.0,29340.190104166668,5490.6037190755205,80522.83203125,0.6911179208598855,17740.333333333332,,,
PatientID_0012_T2_to_T3_t1c,SHIFT_3,PCC,0.3323557992921466,0.19929919646422542,0.3523696765038795,0.2138701117312345,0.2765551421743798,1.7711486437235395,84565.33333333333,57434.0,57434.0,8.26932910058531e-06,0.9999873240788778,0.009556586233278068,85321.20182291667,0.3523696765038795,0.2138701117312345,57434.0,57434.0,23596.090494791668,3415.6580607096353,61725.261067708336,0.6911179208598855,17740.333333333332,,,0.9765960526956377
PatientID_0013_T1_to_T2_t1c,FP_25,EIA_BLEND_075,0.19751392733833303,0.10957861503113735,0.2069336249098689,0.11540767796651226,0.22123900890734155,2.0616866134657394,28779.6,21951.0,21951.0,8.587622835065645e-10,0.9752803921699524,0.00365993711166078,32675.918359375,0.2069336249098689,0.11540767796651226,27439.0,21951.0,7229.18779296875,226.78237915039062,25446.740234375,1.0,5488.0,20260805.0,0.0,
PatientID_0013_T1_to_T2_t1c,FP_25,EIA_LINEAR,0.19439046651960804,0.10765919430600994,0.2014577923738905,0.1120117218730053,0.2091363702470362,2.0305576794946925,31251.2,21951.0,21951.0,8.015114683068703e-10,0.9999600648880003,0.00447375345975156,39941.671875,0.2014577923738905,0.1120117218730053,27439.0,21951.0,8353.255078125,294.9549072265625,31588.403515625,1.0,5488.0,20260805.0,0.0,
PatientID_0013_T1_to_T2_t1c,FP_25,PCC,0.22802025613876084,0.1286810745583465,0.23109653320506815,0.13064394911104021,0.19903337657970505,2.0035404153668077,26257.0,21951.0,21951.0,8.438223630946595e-06,0.9999634027481081,0.00325139472261066,29028.451953125,0.23109653320506815,0.13064394911104021,27439.0,21951.0,5777.63056640625,205.4357177734375,23250.83125,1.0,5488.0,20260805.0,0.0,0.9779834200908054
PatientID_0013_T1_to_T2_t1c,MIXED,EIA_BLEND_075,0.1911258171531148,0.10566056982262116,0.1954018799630525,0.10828117399749863,0.18894763210743756,1.9754869727438973,28535.733333333334,21951.0,21951.0,8.587622835065645e-10,0.9557820479075114,0.00337213813327248,30106.44921875,0.1954018799630525,0.10828117399749863,16466.0,21951.0,5688.54228515625,703.8966115315756,24417.921158854166,0.5001138900277892,5488.0,20260805.0,0.0,
PatientID_0013_T1_to_T2_t1c,MIXED,EIA_LINEAR,0.19143683120000002,0.10585030353081927,0.20082911942050863,0.11162382095089902,0.18590137111376384,1.9668060592448287,31044.7,21951.0,21951.0,8.015114683068703e-10,0.9999566793441772,0.004168661792452091,37217.81263020833,0.20082911942050863,0.11162382095089902,16466.0,21951.0,6918.698616536459,872.1691324869792,30299.0939453125,0.5001138900277892,5488.0,20260805.0,0.0,
PatientID_0013_T1_to_T2_t1c,MIXED,PCC,0.20981891474241934,0.11720831562790031,0.2113510394542841,0.11816536562932399,0.18132196914723317,1.9535061307960182,25513.166666666668,21951.0,21951.0,8.365970127973318e-06,0.9999258438746135,0.003148129947173043,28106.504296875,0.2113510394542841,0.11816536562932399,16466.0,21951.0,5096.5697265625,475.61797587076825,23009.9462890625,0.5001138900277892,5488.0,20260805.0,0.0,0.8944219523268662
PatientID_0013_T1_to_T2_t1c,PARTIAL_25,EIA_BLEND_075,0.1884308695900012,0.104015279596408,0.1902419024374688,0.105120072519128,0.1880569146394969,1.972992433994223,28338.0,21951.0,21951.0,5.062637592131991e-13,0.9097047448158264,0.0030559964943677,27283.9375,0.1902419024374688,0.105120072519128,5492.0,21951.0,5130.93310546875,0.0,22153.021484375,0.2501936130472416,0.0,,,
PatientID_0013_T1_to_T2_t1c,PARTIAL_25,EIA_LINEAR,0.1932196219604019,0.1069413993676548,0.2112887795724274,0.1181234719051007,0.1970141982335576,1.998019649377004,30052.0,21951.0,21951.0,6.75018363687635e-13,0.999954879283905,0.0036688668187707,32755.642578125,0.2112887795724274,0.1181234719051007,5492.0,21951.0,6453.32666015625,0.0,26302.2734375,0.2501936130472416,0.0,,,
PatientID_0013_T1_to_T2_t1c,PARTIAL_25,PCC,0.2055623259225809,0.1145552887745384,0.2067331784609646,0.1152829997176282,0.1778456890888413,1.9433186672293483,24001.0,21951.0,21951.0,8.310647899634205e-06,0.9998948574066162,0.0030130250379443,26900.287109375,0.2067331784609646,0.1152829997176282,5492.0,21951.0,4784.10009765625,0.0,22116.20703125,0.2501936130472416,0.0,,,0.8748795064705149
PatientID_0013_T1_to_T2_t1c,PARTIAL_50,EIA_BLEND_075,0.1928475140910148,0.1067134708401335,0.1980319803380704,0.1098976109440046,0.2093089526747317,2.031009875741564,28493.0,21951.0,21951.0,5.062637592131991e-13,0.9553487300872804,0.0032081648241728,28642.49609375,0.1980319803380704,0.1098976109440046,10978.0,21951.0,5995.130859375,0.0,22647.373046875,0.5001138900277892,0.0,,,
PatientID_0013_T1_to_T2_t1c,PARTIAL_50,EIA_LINEAR,0.1954858381269203,0.108331562186858,0.2127010159169809,0.1190069584503095,0.2112152857988508,2.0359961324557,30196.0,21951.0,21951.0,6.75018363687635e-13,0.9999570250511168,0.0038258587010204,34157.265625,0.2127010159169809,0.1190069584503095,10978.0,21951.0,7214.53662109375,0.0,26942.734375,0.5001138900277892,0.0,,,
PatientID_0013_T1_to_T2_t1c,PARTIAL_50,PCC,0.2177518361537454,0.1221781795542568,0.2200810897175509,0.123646694501711,0.1895594496224413,1.9772529586914351,24478.0,21951.0,21951.0,8.368395356228575e-06,0.9999287128448486,0.0030737917404621,27442.8125,0.2200810897175509,0.123646694501711,10978.0,21951.0,5202.04443359375,0.0,22240.787109375,0.5001138900277892,0.0,,,0.9313668787419157
PatientID_0013_T1_to_T2_t1c,SHIFT_3,EIA_BLEND_075,0.19571413114192404,0.10847232311857073,0.20345314566071124,0.11324800448422022,0.21546526563785398,2.0469230414322066,28687.333333333332,21951.0,21951.0,8.896505754307782e-11,0.97768767674764,0.0035039744107052337,31283.4833984375,0.20345314566071124,0.11324800448422022,21951.0,21951.0,6740.504069010417,1547.07275390625,24542.9951171875,0.6269570103108438,8188.666666666667,,,
PatientID_0013_T1_to_T2_t1c,SHIFT_3,EIA_LINEAR,0.19682848981447468,0.10915710749322365,0.21381713818928935,0.11970637083296308,0.21324723205152574,2.0412251601475475,30360.333333333332,21951.0,21951.0,1.1862007788058607e-10,0.9999591807524363,0.0041493167324612,37045.099609375,0.21381713818928935,0.11970637083296308,21951.0,21951.0,7899.787923177083,1833.052490234375,29145.284505208332,0.6269570103108438,8188.666666666667,,,
PatientID_0013_T1_to_T2_t1c,SHIFT_3,PCC,0.2274567905853115,0.1283306584511103,0.2300198928090591,0.1299632287013993,0.19809821758276416,2.0009082673663343,25095.0,21951.0,21951.0,8.42831498933568e-06,0.9999551773071289,0.00315417756792155,28160.497395833332,0.2300198928090591,0.1299632287013993,21951.0,21951.0,5578.815348307292,723.4494476318359,22581.700846354168,0.6269570103108438,8188.666666666667,,,0.9734271576402453
PatientID_0014_T1_to_T2_t1c,FP_25,EIA_BLEND_075,0.08892158996740444,0.04652953513995768,0.6163333334399074,0.4454350775685329,0.0443658612676191,2.3621497489859764,26742.0,1800.0,1800.0,3.309256080968881e-15,0.97993483543396,0.0029692056123167,26509.06796875,0.6163333334399074,0.4454350775685329,2250.0,1800.0,1176.0976318359376,22.26789360046387,25332.976171875,1.0,450.0,20260805.0,0.0,
PatientID_0014_T1_to_T2_t1c,FP_25,EIA_LINEAR,0.08442096254819972,0.04407073740437958,0.2028888891103086,0.11290233852686493,0.04287652207328666,2.346640528264087,28950.8,1800.0,1800.0,4.412341582463999e-15,0.9999895691871645,0.00350666325539346,31307.489453125,0.2028888891103086,0.11290233852686493,2250.0,1800.0,1342.33291015625,29.333791732788086,29965.16328125,1.0,450.0,20260805.0,0.0,
PatientID_0014_T1_to_T2_t1c,FP_25,PCC,0.10966159382874541,0.05801164769751525,0.3277777779645062,0.1960138696696892,0.048949011421668,2.4069320214917718,21964.2,1800.0,1800.0,8.396092562179547e-06,0.9999889135360718,0.0029288241639732803,26148.5421875,0.3277777779645062,0.1960138696696892,2250.0,1800.0,1279.9426513671874,22.09125633239746,24868.6109375,1.0,450.0,20260805.0,0.0,0.9470304976348071
PatientID_0014_T1_to_T2_t1c,MIXED,EIA_BLEND_075,0.08738656849879635,0.04568961636482216,0.5360000001288889,0.36621596090646064,0.04060369771598855,2.3219358096952463,26716.966666666667,1800.0,1800.0,3.309256080968881e-15,0.9581337809562683,0.0029536601621657065,26370.2779296875,0.5360000001288889,0.36621596090646064,1351.0,1800.0,1070.7307942708333,136.6494613647461,25299.548697916667,0.5005555555555555,450.0,20260805.0,0.0,
PatientID_0014_T1_to_T2_t1c,MIXED,EIA_LINEAR,0.0832399973241647,0.04342750835752291,0.19622222244549378,0.10878540403986262,0.04158647068822915,2.332714838702012,28958.3,1800.0,1800.0,4.412341582463999e-15,0.9999889890352885,0.0035041756307084833,31285.280078125,0.19622222244549378,0.10878540403986262,1351.0,1800.0,1300.889501953125,166.23210169474285,29984.392122395835,0.5005555555555555,450.0,20260805.0,0.0,
PatientID_0014_T1_to_T2_t1c,MIXED,PCC,0.10413397000325163,0.054927130892132095,0.24098148169231992,0.13705045987014822,0.046071737527039844,2.3792996900072056,21901.5,1800.0,1800.0,8.33574101003857e-06,0.9999819795290629,0.00291801160977527,26052.0076171875,0.24098148169231992,0.13705045987014822,1351.0,1800.0,1200.2464396158855,107.40052579243978,24851.777799479165,0.5005555555555555,450.0,20260805.0,0.0,0.6962546818917164
PatientID_0014_T1_to_T2_t1c,PARTIAL_25,EIA_BLEND_075,0.087356483301592,0.0456731652147566,0.4905555556970679,0.3249907989234484,0.0409466040846429,2.3257676586464804,26681.0,1800.0,1800.0,3.309256080968881e-15,0.9690682888031006,0.0029189037159085,26059.97265625,0.4905555556970679,0.3249907989234484,451.0,1800.0,1067.0673828125,0.0,24992.90625,0.2505555555555555,0.0,,,
PatientID_0014_T1_to_T2_t1c,PARTIAL_25,EIA_LINEAR,0.0880718842482998,0.0460644328389874,0.2511111113191358,0.1435832277180485,0.0462309019130704,2.380881852894444,27358.0,1800.0,1800.0,3.0886391500764467e-15,0.9999889135360718,0.0031598240602761,28210.91015625,0.2511111113191358,0.1435832277180485,451.0,1800.0,1304.2158203125,0.0,26906.69140625,0.2505555555555555,0.0,,,
PatientID_0014_T1_to_T2_t1c,PARTIAL_25,PCC,0.1121769863169698,0.0594213469944361,0.261111111316358,0.1501597446804601,0.0478686537116511,2.396746897496591,19987.0,1800.0,1800.0,8.256999535660725e-06,0.999981164932251,0.0027822803240269,24840.19921875,0.261111111316358,0.1501597446804601,451.0,1800.0,1189.06689453125,0.0,23651.12890625,0.2505555555555555,0.0,,,0.7544141253977414
PatientID_0014_T1_to_T2_t1c,PARTIAL_50,EIA_BLEND_075,0.0883446775984722,0.0462137063081814,0.5816666667828704,0.4101057581629042,0.0424446559413628,2.3420515134578483,26702.0,1800.0,1800.0,3.309256080968881e-15,0.9748249053955078,0.0029344798531383,26199.03515625,0.5816666667828704,0.4101057581629042,901.0,1800.0,1112.009033203125,0.0,25087.037109375,0.5005555555555555,0.0,,,
PatientID_0014_T1_to_T2_t1c,PARTIAL_50,EIA_LINEAR,0.0870682948588753,0.0455156316648212,0.2377777779895061,0.1349306434000849,0.0456026165355199,2.37465336362406,27763.0,1800.0,1800.0,3.0886391500764467e-15,0.9999889135360718,0.0032299712765961,28837.18359375,0.2377777779895061,0.1349306434000849,901.0,1800.0,1315.051025390625,0.0,27522.123046875,0.5005555555555555,0.0,,,
PatientID_0014_T1_to_T2_t1c,PARTIAL_50,PCC,0.1120983665808607,0.0593772284735261,0.2844444446432099,0.1658031090784316,0.0485434930372807,2.403134249631971,20484.0,1800.0,1800.0,8.38112555356929e-06,0.9999815225601196,0.0028174424078315,25154.125,0.2844444446432099,0.1658031090784316,901.0,1800.0,1221.069091796875,0.0,23933.07421875,0.5005555555555555,0.0,,,0.8218298556807144
PatientID_0014_T1_to_T2_t1c,SHIFT_3,EIA_BLEND_075,0.08811042459185392,0.046085539904671236,0.5848148149301441,0.4132585986577257,0.042659460452624594,2.3443081338886973,26721.0,1800.0,1800.0,3.309256080968881e-15,0.969579299290975,0.0029545793076976665,26378.4833984375,0.5848148149301441,0.4132585986577257,1800.0,1800.0,1125.2918701171875,224.02873738606772,25253.201171875,0.46925925925925926,955.3333333333334,,,
PatientID_0014_T1_to_T2_t1c,SHIFT_3,EIA_LINEAR,0.08737758730235352,0.04568482495769858,0.2382407409523405,0.13523006673091656,0.04561011379138332,2.3746455178374344,27754.5,1800.0,1800.0,3.0886391500764467e-15,0.9999893407026926,0.0032503670081495835,29019.276692708332,0.2382407409523405,0.13523006673091656,1800.0,1800.0,1323.4558919270833,267.5067952473958,27695.824544270832,0.46925925925925926,955.3333333333334,,,
PatientID_0014_T1_to_T2_t1c,SHIFT_3,PCC,0.11425611959541514,0.060589957067660495,0.3138888890794753,0.18628697415766926,0.049568716836528394,2.412655959610178,20545.5,1800.0,1800.0,8.350763740357555e-06,0.9999863902727762,0.0028248238377272332,25220.02734375,0.3138888890794753,0.18628697415766926,1800.0,1800.0,1250.103495279948,151.0174242655436,23969.934895833332,0.46925925925925926,955.3333333333334,,,0.9069020867520851
PatientID_0018_T1_to_T2_t1c,FP_25,EIA_BLEND_075,0.06900967998001596,0.03573797305585968,0.6666666667838725,0.500000000263713,0.03430123521803482,2.3482523933288606,36369.8,1422.0,1422.0,2.0796800725975118e-08,0.984039843082428,0.00366743849590416,32742.891015625,0.6666666667838725,0.500000000263713,1778.0,1422.0,1123.1216064453124,42.73554382324219,31619.760546875,1.0,356.0,20260805.0,0.0,
PatientID_0018_T1_to_T2_t1c,FP_25,EIA_LINEAR,0.06529197960104079,0.03374771750266216,0.040084388523177,0.0204520993826867,0.03147797270022472,2.309680941019553,38858.6,1422.0,1422.0,2.673745029824204e-08,0.9999507188796997,0.0046020368114113395,41086.98359375,0.040084388523177,0.0204520993826867,1778.0,1422.0,1293.334912109375,56.42686080932617,39793.71640625,1.0,356.0,20260805.0,0.0,
PatientID_0018_T1_to_T2_t1c,FP_25,PCC,0.0768733037398282,0.03997308345738064,0.09170182873006262,0.0480542797952011,0.03601314511794046,2.3701741226717394,31957.6,1422.0,1422.0,8.30977332952898e-06,0.9999057054519651,0.0038162892684339795,34071.83046875,0.09170182873006262,0.0480542797952011,1778.0,1422.0,1227.0337646484375,45.35133514404297,32844.80078125,1.0,356.0,20260805.0,0.0,0.9954198473457258
PatientID_0018_T1_to_T2_t1c,MIXED,EIA_BLEND_075,0.0679179809625059,0.0351527496257165,0.3932489453610236,0.24713109413916481,0.03144441423793589,2.3091881743922644,36339.2,1422.0,1422.0,1.155434191009904e-08,0.9807191550731659,0.0036488435852030463,32576.8751953125,0.3932489453610236,0.24713109413916481,1068.0,1422.0,1024.3607584635417,293.32627258300784,31552.506770833334,0.5007032348804501,356.0,20260805.0,0.0,
PatientID_0018_T1_to_T2_t1c,MIXED,EIA_LINEAR,0.064853969142161,0.03351373784954238,0.036568214122163004,0.018624729300147,0.031113841760104125,2.304463464152518,38837.7,1422.0,1422.0,1.3992127131009131e-08,0.9999507546424866,0.0045961650864531,41034.56171875,0.036568214122163004,0.018624729300147,1068.0,1422.0,1276.742557779948,347.41533813476565,39757.888020833336,0.5007032348804501,356.0,20260805.0,0.0,
PatientID_0018_T1_to_T2_t1c,MIXED,PCC,0.0747681096975999,0.038835914587537226,0.06994842976912267,0.036243454626462376,0.03451282438992953,2.351015568793487,31857.833333333332,1422.0,1422.0,8.33288301388772e-06,0.9998860716819763,0.0038016947219147836,33941.530598958336,0.06994842976912267,0.036243454626462376,1068.0,1422.0,1171.4159057617187,272.62730763753257,32770.11796875,0.5007032348804501,356.0,20260805.0,0.0,0.7592875327253658
PatientID_0018_T1_to_T2_t1c,PARTIAL_25,EIA_BLEND_075,0.068495692536289,0.0354623555832497,0.5316455697849348,0.3620689658227639,0.0328328312970632,2.32859085436181,36303.0,1422.0,1422.0,1.2375633851036127e-10,0.9766077995300292,0.0036182056646794,32303.33984375,0.5316455697849348,0.3620689658227639,356.0,1422.0,1060.610107421875,0.0,31242.736328125,0.250351617440225,0.0,,,
PatientID_0018_T1_to_T2_t1c,PARTIAL_25,EIA_LINEAR,0.0653611076695681,0.0337846550861693,0.036568214122163,0.0186246421853063,0.0317571096335676,2.313640204777947,38663.0,1422.0,1422.0,1.6500845134714834e-10,0.999950647354126,0.0045274789445102,40421.33203125,0.036568214122163,0.0186246421853063,356.0,1422.0,1283.6646728515625,0.0,39137.74609375,0.250351617440225,0.0,,,
PatientID_0018_T1_to_T2_t1c,PARTIAL_25,PCC,0.0757015576981725,0.0393398217569265,0.0703234883718975,0.0364431490391971,0.0346682166971295,2.353039288705239,31576.0,1422.0,1422.0,8.308627002406865e-06,0.9998760223388672,0.0037756278179585,33708.8046875,0.0703234883718975,0.0364431490391971,356.0,1422.0,1168.6241455078125,0.0,32540.16796875,0.250351617440225,0.0,,,0.7633587795291651
PatientID_0018_T1_to_T2_t1c,PARTIAL_50,EIA_BLEND_075,0.0683239690695345,0.0353703043373111,0.5225035163422984,0.3536411235822745,0.0329212482399354,2.3297987222322054,36310.0,1422.0,1422.0,1.2375633851036127e-10,0.997093677520752,0.0036247204989194,32361.50390625,0.5225035163422984,0.3536411235822745,712.0,1422.0,1065.381103515625,0.0,31296.1171875,0.5007032348804501,0.0,,,
PatientID_0018_T1_to_T2_t1c,PARTIAL_50,EIA_LINEAR,0.0653751215731574,0.0337921435448553,0.0379746838825686,0.0193548390611631,0.0316597821069458,2.312263244848401,38685.0,1422.0,1422.0,1.6500845134714834e-10,0.999950647354126,0.0045344927348196,40483.953125,0.0379746838825686,0.0193548390611631,712.0,1422.0,1281.713134765625,0.0,39202.33984375,0.5007032348804501,0.0,,,
PatientID_0018_T1_to_T2_t1c,PARTIAL_50,PCC,0.0759455370930122,0.0394716150640203,0.0745428976531143,0.0387143904168318,0.0351464774778545,2.35920454711073,31628.0,1422.0,1422.0,8.308556061820127e-06,0.9999004602432252,0.0037838700227439,33782.390625,0.0745428976531143,0.0387143904168318,712.0,1422.0,1187.33203125,0.0,32595.064453125,0.5007032348804501,0.0,,,0.8091603060719073
PatientID_0018_T1_to_T2_t1c,SHIFT_3,EIA_BLEND_075,0.06838070714076092,0.035400722367587,0.44585091440019303,0.28734437369612037,0.0326665780674205,2.3263042242366967,36361.5,1422.0,1422.0,1.3184472263949587e-10,0.9673754672209421,0.0036492254196976164,32580.284830729168,0.44585091440019303,0.28734437369612037,1422.0,1422.0,1064.2864176432292,470.8902842203776,31515.9931640625,0.24847632442569148,1068.6666666666667,,,
PatientID_0018_T1_to_T2_t1c,SHIFT_3,EIA_LINEAR,0.06531542435493753,0.0337602476800954,0.03832630132267,0.0195377156874088,0.03160579012176192,2.3114939843341538,38696.166666666664,1422.0,1422.0,1.7579296351932783e-10,0.999950647354126,0.0045529152266680665,40648.426432291664,0.03832630132267,0.0195377156874088,1422.0,1422.0,1284.7185465494792,546.1216888427734,39363.795572916664,0.24847632442569148,1068.6666666666667,,,
PatientID_0018_T1_to_T2_t1c,SHIFT_3,PCC,0.07641709059017522,0.039726482294306247,0.08204406970861083,0.04278549566122075,0.03539940294390933,2.3624300552001585,31725.166666666668,1422.0,1422.0,8.330686947980817e-06,0.9998902082443237,0.0037951798488696,33883.365885416664,0.08204406970861083,0.04278549566122075,1422.0,1422.0,1199.4501953125,427.9749806722005,32683.912760416668,0.24847632442569148,1068.6666666666667,,,0.8905852421478935
PatientID_0019_T4_to_T5_t1c,FP_25,EIA_BLEND_075,0.15577185837056035,0.0844645274549353,0.1779545805971746,0.09766747894972878,0.2185923771282733,2.284742476915532,10190.4,12946.0,12946.0,9.180359406002481e-09,0.948166024684906,0.00169140165671702,15100.833984375,0.1779545805971746,0.09766747894972878,16182.0,12946.0,3300.927197265625,51.17454147338867,11799.9068359375,1.0,3236.0,20260805.0,0.0,
PatientID_0019_T4_to_T5_t1c,FP_25,EIA_LINEAR,0.16543633352146883,0.09017748419525509,0.1784952881516107,0.09799332654236922,0.22036687775172997,2.289239522221029,11220.4,12946.0,12946.0,1.0719668708247813e-08,0.9991763710975647,0.0019666440319269602,17558.1984375,0.1784952881516107,0.09799332654236922,16182.0,12946.0,3869.244775390625,65.29385223388672,13689.018359375,1.0,3236.0,20260805.0,0.0,
PatientID_0019_T4_to_T5_t1c,FP_25,PCC,0.19919891266043535,0.11061683605104133,0.2279468562016087,0.12863432629743926,0.21986419062023838,2.2879683937286766,9172.6,12946.0,12946.0,8.4895566033083e-06,0.9976051449775696,0.00128293670713898,11454.058984375,0.2279468562016087,0.12863432629743926,16182.0,12946.0,2518.3365234375,33.5110668182373,8935.7201171875,1.0,3236.0,20260805.0,0.0,0.9833388870404299
PatientID_0019_T4_to_T5_t1c,MIXED,EIA_BLEND_075,0.1444188369843057,0.0778304320178109,0.16421545911874133,0.08945506729813085,0.177058683905407,2.1706450524869156,10004.266666666666,12946.0,12946.0,7.366018846729124e-09,0.8985417584578196,0.00152304233439883,13597.721940104168,0.16421545911874133,0.08945506729813085,9710.0,12946.0,2407.5947509765624,458.1922281901042,11190.1259765625,0.500077243936351,3236.0,20260805.0,0.0,
PatientID_0019_T4_to_T5_t1c,MIXED,EIA_LINEAR,0.15800253235799083,0.08577841577035501,0.16891961484233534,0.09225340937685853,0.18618956597108136,2.197341149323791,11021.566666666668,12946.0,12946.0,9.338365858369004e-09,0.9991697410742442,0.0017837632990752167,15925.438704427082,0.16891961484233534,0.09225340937685853,9710.0,12946.0,2965.1375325520835,554.8629109700521,12960.305891927082,0.500077243936351,3236.0,20260805.0,0.0,
PatientID_0019_T4_to_T5_t1c,MIXED,PCC,0.16599860736844527,0.09051859628958438,0.18982182401810768,0.10487573383535542,0.1866755343929745,2.1987034140389,8572.533333333333,12946.0,12946.0,8.447501325766401e-06,0.9976336379845937,0.00120792885233333,10784.388802083333,0.18982182401810768,0.10487573383535542,9710.0,12946.0,2013.231339518229,124.36509679158529,8771.15771484375,0.500077243936351,3236.0,20260805.0,0.0,0.818871487312195
PatientID_0019_T4_to_T5_t1c,PARTIAL_25,EIA_BLEND_075,0.143237928811744,0.0771439330190556,0.1629847057329297,0.0887225633214732,0.2063846216532341,2.253051755170503,9939.0,12946.0,12946.0,6.875518221167305e-14,0.8908329010009766,0.0013274399098008,11851.3837890625,0.1629847057329297,0.0887225633214732,3239.0,12946.0,2445.943359375,0.0,9405.435546875,0.2501931098408775,0.0,,,
PatientID_0019_T4_to_T5_t1c,PARTIAL_25,EIA_LINEAR,0.1585185810453233,0.0860820964318269,0.1702456357496429,0.0930428909535189,0.2218200667797991,2.292905363267539,10761.0,12946.0,12946.0,9.167357628223073e-14,0.9991648197174072,0.001529743662104,13657.5517578125,0.1702456357496429,0.0930428909535189,3239.0,12946.0,3029.51904296875,0.0,10628.037109375,0.2501931098408775,0.0,,,
PatientID_0019_T4_to_T5_t1c,PARTIAL_25,PCC,0.1580347809960071,0.0857968323228707,0.1818322262018449,0.1000084969368676,0.1816310094245848,2.184224725489025,8100.0,12946.0,12946.0,8.398095815209672e-06,0.9975304007530212,0.001166233443655,10412.1318359375,0.1818322262018449,0.1000084969368676,3239.0,12946.0,1891.166015625,0.0,8520.96484375,0.2501931098408775,0.0,,,0.7844051983031647
PatientID_0019_T4_to_T5_t1c,PARTIAL_50,EIA_BLEND_075,0.1473381546071561,0.0795278183191681,0.1679283176592025,0.091660342394314,0.2132487776133605,2.271033723667658,10008.0,12946.0,12946.0,6.875518221167305e-14,0.9063733816146852,0.0014004433760419,12503.158203125,0.1679283176592025,0.091660342394314,6474.0,12946.0,2666.283203125,0.0,9836.8720703125,0.500077243936351,0.0,,,
PatientID_0019_T4_to_T5_t1c,PARTIAL_50,EIA_LINEAR,0.1606872158008806,0.0873626374044247,0.1739533446943475,0.0952622673817571,0.2252856808514956,2.301577103744124,10802.0,12946.0,12946.0,9.167357628223073e-14,0.9991652965545654,0.0016091469442471,14366.4638671875,0.1739533446943475,0.0952622673817571,6474.0,12946.0,3236.55859375,0.0,11129.900390625,0.500077243936351,0.0,,,
PatientID_0019_T4_to_T5_t1c,PARTIAL_50,PCC,0.1747627549011198,0.0957479666891924,0.200370770925368,0.1113400292251978,0.1974165665645793,2.228877420260224,8340.0,12946.0,12946.0,8.466190593026113e-06,0.9975304007530212,0.0011966957245022,10684.099609375,0.200370770925368,0.1113400292251978,6474.0,12946.0,2109.21826171875,0.0,8574.87890625,0.500077243936351,0.0,,,0.8643785405091003
PatientID_0019_T4_to_T5_t1c,SHIFT_3,EIA_BLEND_075,0.15107099019614706,0.08170856008013976,0.17184201043416847,0.09400299748924507,0.20656814251470454,2.25345232928767,10133.666666666666,12946.0,12946.0,5.2659426067151156e-14,0.9438676635424296,0.0015841676310325333,14143.448567708334,0.17184201043416847,0.09400299748924507,12946.0,12946.0,2921.585896809896,1057.9166259765625,11221.864908854166,0.4551470209588547,7053.666666666667,,,
PatientID_0019_T4_to_T5_t1c,SHIFT_3,EIA_LINEAR,0.16412784012194603,0.08940103660945654,0.17741644784061675,0.09734646202615062,0.21453387972947413,2.2742696633623223,10907.333333333334,12946.0,12946.0,7.021256804247749e-14,0.9991753995418549,0.0018163537218545333,16216.406087239584,0.17741644784061675,0.09734646202615062,12946.0,12946.0,3478.932820638021,1264.0831095377605,12737.473795572916,0.4551470209588547,7053.666666666667,,,
PatientID_0019_T4_to_T5_t1c,SHIFT_3,PCC,0.1894955070049876,0.10468428621209215,0.2155492044177526,0.12081452706654006,0.21000025722128965,2.2624068579208823,8681.333333333334,12946.0,12946.0,8.451200301351491e-06,0.9976967970530192,0.0012421568195955998,11089.97607421875,0.2155492044177526,0.12081452706654006,12946.0,12946.0,2329.069051106771,282.04547754923504,8760.902506510416,0.4551470209588547,7053.666666666667,,,0.9298567144402103
PatientID_0020_T1_to_T2_t1c,FP_25,EIA_BLEND_075,0.15665355757612784,0.08498324256671842,0.3708656942751737,0.22764587926317176,0.3068118003682457,2.2711310363876493,10865.4,21116.0,21116.0,2.8338648583314808e-08,0.9669096112251282,0.00197015828453,17589.573046875,0.3708656942751737,0.22764587926317176,26395.0,21116.0,5396.68857421875,104.79197540283204,12192.9083984375,1.0,5279.0,20260805.0,0.0,
PatientID_0020_T1_to_T2_t1c,FP_25,EIA_LINEAR,0.15714996832409636,0.08527550569910625,0.35661110060246703,0.21699739664502316,0.28962087274129716,2.2354512244160065,12635.2,21116.0,21116.0,3.7746201009269956e-08,0.9984597086906433,0.0024389185011386197,21774.6640625,0.35661110060246703,0.21699739664502316,26395.0,21116.0,6306.39716796875,135.1252883911133,15468.270703125,1.0,5279.0,20260805.0,0.0,
PatientID_0020_T1_to_T2_t1c,FP_25,PCC,0.18081850765768975,0.09939553030441857,0.21625307825307222,0.1212352927802253,0.23398995467427622,2.110073354892368,10894.0,21116.0,21116.0,8.751027962716762e-06,0.998320996761322,0.00145871019922192,13023.3646484375,0.21625307825307222,0.1212352927802253,26395.0,21116.0,3047.336279296875,82.63150177001953,9976.0208984375,1.0,5279.0,20260805.0,0.0,0.9935596170590123
PatientID_0020_T1_to_T2_t1c,MIXED,EIA_BLEND_075,0.14664194412853254,0.0791235157237984,0.31092536466871273,0.18410712387379302,0.25112652140058034,2.150316107281924,10636.033333333333,21116.0,21116.0,2.0081420326611975e-08,0.933116215467453,0.0016889364381009768,15078.82470703125,0.31092536466871273,0.18410712387379302,15839.0,21116.0,3786.6927978515623,379.1894989013672,11292.127571614583,0.5000947149081265,5279.0,20260805.0,0.0,
PatientID_0020_T1_to_T2_t1c,MIXED,EIA_LINEAR,0.1507170487593558,0.08150079219447433,0.29949958958531836,0.17614112812560306,0.24222544316651992,2.12954514267194,12496.033333333333,21116.0,21116.0,2.631212590031851e-08,0.9984627743562062,0.00213385809523358,19051.085091145833,0.29949958958531836,0.17614112812560306,15839.0,21116.0,4614.62353515625,467.10646464029946,14436.47451171875,0.5000947149081265,5279.0,20260805.0,0.0,
PatientID_0020_T1_to_T2_t1c,MIXED,PCC,0.15473179183471147,0.08386199730952773,0.18493875104537774,0.10190405571125428,0.2032494324330494,2.031625522269314,10341.466666666667,21116.0,21116.0,8.598961782505891e-06,0.9967725853125254,0.00138347049166133,12351.62451171875,0.18493875104537774,0.10190405571125428,15839.0,21116.0,2511.1824544270835,177.51054611206055,9840.43642578125,0.5000947149081265,5279.0,20260805.0,0.0,0.849688134626158
PatientID_0020_T1_to_T2_t1c,PARTIAL_25,EIA_BLEND_075,0.1434937893377321,0.0772923831564815,0.2684694071019968,0.1550474523656415,0.2582974362738326,2.167000076410687,10523.0,21116.0,21116.0,4.301488679137045e-11,0.9015514850616456,0.0013941252836957,12446.7509765625,0.2684694071019968,0.1550474523656415,5281.0,21116.0,3214.9638671875,0.0,9231.7919921875,0.2500947149081265,0.0,,,
PatientID_0020_T1_to_T2_t1c,PARTIAL_25,EIA_LINEAR,0.1490586866620205,0.0805312873051829,0.2584769842948836,0.1484200794270838,0.2506647894483518,2.1495276755467585,12401.0,21116.0,21116.0,5.735318123201161e-11,0.9984524250030518,0.0017873167525976,15957.1640625,0.2584769842948836,0.1484200794270838,5281.0,21116.0,3999.899169921875,0.0,11957.27734375,0.2500947149081265,0.0,,,
PatientID_0020_T1_to_T2_t1c,PARTIAL_25,PCC,0.1469256702794373,0.0792875212572586,0.1733756393452032,0.0949158694590517,0.1942074974920797,2.00715333008736,10029.0,21116.0,21116.0,8.540936505596619e-06,0.9965268969535828,0.0013402551412582,11965.7978515625,0.1733756393452032,0.0949158694590517,5281.0,21116.0,2323.84765625,0.0,9641.94140625,0.2500947149081265,0.0,,,0.7965622280465009
PatientID_0020_T1_to_T2_t1c,PARTIAL_50,EIA_BLEND_075,0.1481784949215877,0.0800176985439563,0.3218412578300378,0.1917823682359244,0.2987516973508089,2.254548667670927,10616.0,21116.0,21116.0,4.301488679137045e-11,0.9357248544692992,0.0015338989906013,13694.650390625,0.3218412578300378,0.1917823682359244,10560.0,21116.0,4091.300048828125,0.0,9603.3505859375,0.5000947149081265,0.0,,,
PatientID_0020_T1_to_T2_t1c,PARTIAL_50,EIA_LINEAR,0.1516370244838193,0.0820385533143563,0.3088653154170092,0.1826379165728749,0.2852957539155283,2.2262797623434887,12451.0,21116.0,21116.0,5.735318123201161e-11,0.9984524250030518,0.0019421436591073,17339.458984375,0.3088653154170092,0.1826379165728749,10560.0,21116.0,4946.8740234375,0.0,12392.591796875,0.5000947149081265,0.0,,,
PatientID_0020_T1_to_T2_t1c,PARTIAL_50,PCC,0.1581701014752067,0.0858766065373652,0.1904716802616387,0.1052604030592708,0.21071737979211,2.051578387479606,10230.0,21116.0,21116.0,8.582839654991403e-06,0.9965332746505736,0.0013731746003031,12259.703125,0.1904716802616387,0.1052604030592708,10560.0,21116.0,2583.33251953125,0.0,9676.3623046875,0.5000947149081265,0.0,,,0.8751087902659801
PatientID_0020_T1_to_T2_t1c,SHIFT_3,EIA_BLEND_075,0.1538908787970506,0.08336134999303414,0.3598140430788703,0.21945072498196616,0.3022348708866613,2.2614314635671247,10793.166666666666,21116.0,21116.0,4.301488679137045e-11,0.9669358233610789,0.0018208821614582834,16256.835774739584,0.3598140430788703,0.21945072498196616,21116.0,21116.0,4913.382649739583,1177.8781127929688,11343.4541015625,0.6714339837090358,6938.0,,,
PatientID_0020_T1_to_T2_t1c,SHIFT_3,EIA_LINEAR,0.15537404776137173,0.0842316451920301,0.3479115362912504,0.2106435112494421,0.287022975142548,2.229654940592769,12555.0,21116.0,21116.0,5.735318123201161e-11,0.9984524349371592,0.0022625648028527334,20200.178385416668,0.3479115362912504,0.2106435112494421,21116.0,21116.0,5797.838541666667,1403.458984375,14402.3466796875,0.6714339837090358,6938.0,,,
PatientID_0020_T1_to_T2_t1c,SHIFT_3,PCC,0.17401372825174574,0.09531092826057702,0.2077571509943228,0.11593365922448388,0.2263222878600284,2.0911280064094124,10690.5,21116.0,21116.0,8.671095201862045e-06,0.9982271293799082,0.0014325753436423335,12790.032877604166,0.2077571509943228,0.11593365922448388,21116.0,21116.0,2895.5443522135415,377.6974067687988,9894.480305989584,0.6714339837090358,6938.0,,,0.9545256745045119
PatientID_0021_T2_to_T3_t1c,FP_25,EIA_BLEND_075,0.09715976778768418,0.05106039182795502,0.10515647909028117,0.0554961284781846,0.12857278462797192,1.923311529528179,27497.6,15689.0,15689.0,2.3468651588059998e-11,0.9680461168289185,0.00356352403759952,31815.142578125,0.10515647909028117,0.0554961284781846,19611.0,15689.0,4090.561474609375,165.0781494140625,27724.58671875,1.0,3922.0,20260805.0,0.0,
PatientID_0021_T2_to_T3_t1c,FP_25,EIA_LINEAR,0.09850929613216122,0.05180635170945428,0.09786474602913298,0.05144994100395306,0.12560402436257342,1.9116894507257203,30235.6,15689.0,15689.0,2.978207160053703e-11,0.9997513651847839,0.00428202692419284,38229.9359375,0.09786474602913298,0.05144994100395306,19611.0,15689.0,4801.8337890625,215.53357543945313,33428.09375,1.0,3922.0,20260805.0,0.0,
PatientID_0021_T2_to_T3_t1c,FP_25,PCC,0.13140002565331557,0.07032004050360666,0.13097074386095447,0.0700742086799229,0.10681881207443741,1.8321015564168672,24463.2,15689.0,15689.0,8.49708176247077e-06,0.9991394996643066,0.00323116015642876,28847.798046875,0.13097074386095447,0.0700742086799229,19611.0,15689.0,3081.487451171875,151.7109405517578,25766.321875,1.0,3922.0,20260805.0,0.0,0.972916666673079
PatientID_0021_T2_to_T3_t1c,MIXED,EIA_BLEND_075,0.09114424841884265,0.04774834184640617,0.09261053394864942,0.04855625444115647,0.10005412013044027,1.8003875357655879,27310.733333333334,15689.0,15689.0,1.1294533237861291e-11,0.9396150986353556,0.0033681446996827397,30070.795833333334,0.09261053394864942,0.04855625444115647,11766.0,15689.0,3008.7070149739584,471.8153483072917,27062.106575520833,0.4999681305373191,3922.0,20260805.0,0.0,
PatientID_0021_T2_to_T3_t1c,MIXED,EIA_LINEAR,0.09422343939376288,0.04944108098466767,0.09593558122157977,0.05038469340362053,0.10123549148311353,1.8060627591373584,30083.5,15689.0,15689.0,1.4998564410759747e-11,0.9997306982676188,0.004072333282480596,36357.791666666664,0.09593558122157977,0.05038469340362053,11766.0,15689.0,3680.7132568359375,582.4462666829427,32677.063802083332,0.4999681305373191,3922.0,20260805.0,0.0,
PatientID_0021_T2_to_T3_t1c,MIXED,PCC,0.11147166558315237,0.05902783622189931,0.11035970003047695,0.05840533434011041,0.08843034898855368,1.7410589179834175,23885.666666666668,15689.0,15689.0,8.391821756958961e-06,0.9983317375183105,0.0031438261503353234,28068.079817708334,0.11035970003047695,0.05840533434011041,11766.0,15689.0,2482.285050455729,259.72205352783203,25585.8037109375,0.4999681305373191,3922.0,20260805.0,0.0,0.8198074495376088
PatientID_0021_T2_to_T3_t1c,PARTIAL_25,EIA_BLEND_075,0.0895773071034436,0.0468887369579249,0.088278411655036,0.0461774414347955,0.0952334255427223,1.7766458602892277,27179.0,15689.0,15689.0,2.5635692706008423e-14,0.9424983859062196,0.0031371158547699,28008.169921875,0.088278411655036,0.0461774414347955,3925.0,15689.0,2667.31396484375,0.0,25340.888671875,0.2501752820447447,0.0,,,
PatientID_0021_T2_to_T3_t1c,PARTIAL_25,EIA_LINEAR,0.0956875435606263,0.0502478168739615,0.1127541589931559,0.0597453477300906,0.1026317640096384,1.812705314046108,28810.0,15689.0,15689.0,2.3926646186794683e-14,0.9997292160987854,0.0036272113211452,32383.7421875,0.1127541589931559,0.0597453477300906,3925.0,15689.0,3323.6005859375,0.0,29060.111328125,0.2501752820447447,0.0,,,
PatientID_0021_T2_to_T3_t1c,PARTIAL_25,PCC,0.1096448311662749,0.0580022384147173,0.1100133852026893,0.0582085525745916,0.0854937463203357,1.7251403899411466,22124.0,15689.0,15689.0,8.359422281500883e-06,0.9982155561447144,0.0030001308768987,26785.16796875,0.1100133852026893,0.0582085525745916,3925.0,15689.0,2289.96435546875,0.0,24495.248046875,0.2501752820447447,0.0,,,0.8172348485281168
PatientID_0021_T2_to_T3_t1c,PARTIAL_50,EIA_BLEND_075,0.0921199702148817,0.0482839428050509,0.0969469055039535,0.0509428275094301,0.1129411595854632,1.8592929418745483,27255.0,15689.0,15689.0,2.5635692706008423e-14,0.9488318562507628,0.0032466333359479,28985.943359375,0.0969469055039535,0.0509428275094301,7844.0,15689.0,3273.7060546875,0.0,25712.265625,0.4999681305373191,0.0,,,
PatientID_0021_T2_to_T3_t1c,PARTIAL_50,EIA_LINEAR,0.0967698997449469,0.0508450868620854,0.1026834087863253,0.0541203346304928,0.1159663714107597,1.8722571751975368,29387.0,15689.0,15689.0,3.4180923608011227e-14,0.9997314810752868,0.0038329802919179,34220.84765625,0.1026834087863253,0.0541203346304928,7844.0,15689.0,3968.467529296875,0.0,30252.376953125,0.4999681305373191,0.0,,,
PatientID_0021_T2_to_T3_t1c,PARTIAL_50,PCC,0.1182154021256499,0.0628209000559341,0.1177257951712114,0.0625444448524416,0.0937551129612886,1.769142269531721,23020.0,15689.0,15689.0,8.365794201381505e-06,0.9983075857162476,0.0030792667530477,27491.693359375,0.1177257951712114,0.0625444448524416,7844.0,15689.0,2577.48681640625,0.0,24914.244140625,0.4999681305373191,0.0,,,0.8745265151812198
PatientID_0021_T2_to_T3_t1c,SHIFT_3,EIA_BLEND_075,0.09532019908871929,0.05004582201403083,0.10121741350305248,0.053308274409642566,0.12014071841717633,1.889633587164375,27407.333333333332,15689.0,15689.0,2.5635692706008423e-14,0.967951625585556,0.0034515459944183,30815.402669270832,0.10121741350305248,0.053308274409642566,15689.0,15689.0,3702.184611002604,1113.9035135904949,27113.2412109375,0.6063696432744811,6175.666666666667,,,
PatientID_0021_T2_to_T3_t1c,SHIFT_3,EIA_LINEAR,0.09829521045499966,0.05168808740307573,0.10338453696528187,0.05451049879163583,0.12122602761917423,1.894068389248036,29514.166666666668,15689.0,15689.0,3.4180923608011227e-14,0.9997431635856628,0.0040629545692354,36274.05859375,0.10338453696528187,0.05451049879163583,15689.0,15689.0,4397.246744791667,1326.6305745442708,31876.794270833332,0.6063696432744811,6175.666666666667,,,
PatientID_0021_T2_to_T3_t1c,SHIFT_3,PCC,0.12852360255397094,0.06867940802164031,0.12797713899989446,0.06836709092081675,0.10288688613073267,1.8137264903211794,23444.166666666668,15689.0,15689.0,8.465281856236592e-06,0.9990531901518503,0.0031452792075772665,28081.052734375,0.12797713899989446,0.06836709092081675,15689.0,15689.0,2889.652384440104,491.7346903483073,25191.425130208332,0.6063696432744811,6175.666666666667,,,0.9506786616278383
PatientID_0022_T1_to_T2_t1c,FP_25,EIA_BLEND_075,0.4186468111665273,0.26473960035338595,0.5380304301841772,0.368017531231335,0.5026447168469776,1.9100604637701366,76595.8,109628.0,109628.0,1.827984164037844e-07,0.994929313659668,0.01089136190712448,97238.0796875,0.5380304301841772,0.368017531231335,137035.0,109628.0,48876.20703125,1013.855615234375,48361.88125,1.0,27407.0,20260805.0,0.0,
PatientID_0022_T1_to_T2_t1c,FP_25,EIA_LINEAR,0.42013592760484675,0.2659316931543638,0.5405571569328066,0.3703859727941766,0.4820547950319874,1.8742775053051228,81238.8,109628.0,109628.0,1.8371763133018248e-07,0.9999529123306274,0.012671255506575042,113128.9703125,0.5405571569328066,0.3703859727941766,137035.0,109628.0,54534.3625,1286.209619140625,58594.7921875,1.0,27407.0,20260805.0,0.0,
PatientID_0022_T1_to_T2_t1c,FP_25,PCC,0.46244092899756045,0.3007630328066802,0.5083044477710608,0.3407561609652947,0.5412724858658745,1.9773263943606438,76289.8,109628.0,109628.0,8.359289677173364e-06,0.9999566078186037,0.00920176357030864,82153.34375,0.5083044477710608,0.3407561609652947,137035.0,109628.0,44467.34453125,703.52958984375,37686.05859375,1.0,27407.0,20260805.0,0.0,0.9949542021533474
PatientID_0022_T1_to_T2_t1c,MIXED,EIA_BLEND_075,0.4013849989603423,0.2510839300414495,0.5237332919835395,0.35476962080161095,0.4749030744307067,1.861830783314057,74107.03333333334,109628.0,109628.0,5.451157217284398e-08,0.9811727742354075,0.009356529451906641,83535.09479166666,0.5237332919835395,0.35476962080161095,82223.0,109628.0,39671.07330729167,1900.5900594075522,43864.03528645833,0.5000182435144306,27407.0,20260805.0,0.0,
PatientID_0022_T1_to_T2_t1c,MIXED,EIA_LINEAR,0.409271177796479,0.2572858082051058,0.5246226633120281,0.3555863471824862,0.4722848960735758,1.8572675785217059,79603.3,109628.0,109628.0,5.3956934094786153e-08,0.999946904182434,0.011342287405083536,101263.94140625,0.5246226633120281,0.3555863471824862,82223.0,109628.0,47826.116927083334,2380.076912434896,53438.030989583334,0.5000182435144306,27407.0,20260805.0,0.0,
PatientID_0022_T1_to_T2_t1c,MIXED,PCC,0.4205235779830026,0.2662486689074439,0.4673541431045564,0.3049373457423167,0.5087801516980945,1.9207196602687262,70169.96666666666,109628.0,109628.0,8.330239597853507e-06,0.9998840649922689,0.00836373729010418,74671.44635416666,0.4673541431045564,0.3049373457423167,82223.0,109628.0,37992.30416666667,1310.2913899739583,36679.22122395833,0.5000182435144306,27407.0,20260805.0,0.0,0.9147981502319816
PatientID_0022_T1_to_T2_t1c,PARTIAL_25,EIA_BLEND_075,0.3926066579624811,0.2442505189606942,0.5013044112840638,0.3344938191995417,0.4974234323893896,1.9009898906069087,72590.0,109628.0,109628.0,7.701839166429636e-12,0.9496166706085204,0.0078218067064881,69833.09375,0.5013044112840638,0.3344938191995417,27413.0,109628.0,34736.6171875,0.0,35096.47265625,0.2500547305432918,0.0,,,
PatientID_0022_T1_to_T2_t1c,PARTIAL_25,EIA_LINEAR,0.4057198590852823,0.2544846722210779,0.5043145911651024,0.3371795888287592,0.509488414279107,1.9219480860659288,77999.0,109628.0,109628.0,1.0269118888572848e-11,0.9999449253082277,0.0096709383651614,86342.140625,0.5043145911651024,0.3371795888287592,27413.0,109628.0,43990.3203125,0.0,42352.109375,0.2500547305432918,0.0,,,
PatientID_0022_T1_to_T2_t1c,PARTIAL_25,PCC,0.4003382238710616,0.2502642932708773,0.4442204546309144,0.2855291779329753,0.497089752797215,1.900408728399683,65404.0,109628.0,109628.0,8.285987860290334e-06,0.9998254179954528,0.0077601252123713,69282.3984375,0.4442204546309144,0.2855291779329753,27413.0,109628.0,34439.5703125,0.0,34842.9453125,0.2500547305432918,0.0,,,0.8695163104623572
PatientID_0022_T1_to_T2_t1c,PARTIAL_50,EIA_BLEND_075,0.4040670286434484,0.2531854632366273,0.5297186850096247,0.3602838991502861,0.5286515935295362,1.955293703872168,73995.0,109628.0,109628.0,7.701839166429636e-12,0.9775421619415284,0.0085890907794237,76683.3984375,0.5297186850096247,0.3602838991502861,54816.0,109628.0,40538.80078125,0.0,36144.5703125,0.5000182435144306,0.0,,,
PatientID_0022_T1_to_T2_t1c,PARTIAL_50,EIA_LINEAR,0.4121304726161788,0.2595493304157898,0.5327471084050938,0.3630915375664393,0.5271584401747839,1.9526898703353848,78856.0,109628.0,109628.0,1.0269118888572848e-11,0.999946117401123,0.0103294439613819,92221.2734375,0.5327471084050938,0.3630915375664393,54816.0,109628.0,48615.22265625,0.0,43606.22265625,0.5000182435144306,0.0,,,
PatientID_0022_T1_to_T2_t1c,PARTIAL_50,PCC,0.429809339352281,0.2737306685922115,0.4773689203511996,0.3135158126842106,0.5246233450892845,1.948274495828556,69014.0,109628.0,109628.0,8.305783921969123e-06,0.9998546838760376,0.0082672145217657,73809.6875,0.4773689203511996,0.3135158126842106,54816.0,109628.0,38722.28515625,0.0,35087.4921875,0.5000182435144306,0.0,,,0.9344010570113164
PatientID_0022_T1_to_T2_t1c,SHIFT_3,EIA_BLEND_075,0.415404759124965,0.26215315506505227,0.5367013901579126,0.36677663252962245,0.5204174628132715,1.9409560655602867,76094.33333333333,109628.0,109628.0,9.609050678991796e-12,0.9955124060312907,0.010123917832970565,90386.33854166667,0.5367013901579126,0.36677663252962245,109628.0,109628.0,47038.62890625,5417.222412109375,43347.722005208336,0.7663097019009742,25619.0,,,
PatientID_0022_T1_to_T2_t1c,SHIFT_3,EIA_LINEAR,0.4195163825904433,0.2654360358464824,0.5428205689564884,0.3725155594064225,0.5069648347244571,1.9175650751385331,80269.66666666667,109628.0,109628.0,1.2557772819295673e-11,0.9999521970748901,0.011743620348473335,104847.04166666667,0.5428205689564884,0.3725155594064225,109628.0,109628.0,53154.365234375,6368.521647135417,51692.861328125,0.7663097019009742,25619.0,,,
PatientID_0022_T1_to_T2_t1c,SHIFT_3,PCC,0.4568198910870942,0.2960308590555938,0.5009410612883222,0.33417381024475623,0.5396080895558506,1.974417142214915,74145.5,109628.0,109628.0,8.306836207339074e-06,0.999961256980896,0.008969434692213849,80079.11458333333,0.5009410612883222,0.33417381024475623,109628.0,109628.0,43211.978515625,2706.765340169271,36867.216145833336,0.7663097019009742,25619.0,,,0.9805411228360096
PatientID_0024_T2_to_T3_t1c,FP_25,EIA_BLEND_075,0.34517002198962643,0.20858337509890013,0.7914581593469896,0.6548868573482132,0.5868555694433285,2.3230506412100502,20890.2,59870.0,59870.0,1.337318110472552e-07,0.9956024289131165,0.0040838033892213795,36460.19609375,0.7914581593469896,0.6548868573482132,74838.0,59870.0,21396.869140625,291.9281005859375,15063.2900390625,1.0,14968.0,20260805.0,0.0,
PatientID_0024_T2_to_T3_t1c,FP_25,EIA_LINEAR,0.3528268897077453,0.21420146284420255,0.7902889594138107,0.6532873830620068,0.5731607079077696,2.2986323553217134,22482.0,59870.0,59870.0,1.7576502955307663e-07,0.9997910857200625,0.004742382094263959,42339.9875,0.7902889594138107,0.6532873830620068,74838.0,59870.0,24267.6171875,361.01007690429685,18072.384765625,1.0,14968.0,20260805.0,0.0,
PatientID_0024_T2_to_T3_t1c,FP_25,PCC,0.38965971386023524,0.2419735240793548,0.5204242525511906,0.35173883778383996,0.6692499062836843,2.476707008505543,22595.8,59870.0,59870.0,8.733177492104004e-06,0.9997793793678283,0.0028615931048989003,25548.303515625,0.5204242525511906,0.35173883778383996,74838.0,59870.0,17098.199609375,113.54317169189453,8450.0958984375,1.0,14968.0,20260805.0,0.0,0.9956477279990468
PatientID_0024_T2_to_T3_t1c,MIXED,EIA_BLEND_075,0.3269782495109906,0.1954425506612736,0.6995852124071634,0.5380250596575514,0.5747980888916349,2.301540226440091,19876.9,59870.0,59870.0,1.199829159285552e-07,0.9883742252985637,0.003245636122301173,28977.039192708333,0.6995852124071634,0.5380250596575514,44905.0,59870.0,16655.946744791665,661.1654012044271,12321.10869140625,0.5000334057123769,14968.0,20260805.0,0.0,
PatientID_0024_T2_to_T3_t1c,MIXED,EIA_LINEAR,0.3407063626019634,0.20533254896424818,0.6997271866847636,0.5381941424961899,0.5734752990001364,2.2991925180374495,21787.866666666665,59870.0,59870.0,1.587507289476283e-07,0.9997798283894856,0.0039078713394701,34889.475260416664,0.6997271866847636,0.5381941424961899,44905.0,59870.0,20008.502604166668,814.0310485839843,14880.978385416667,0.5000334057123769,14968.0,20260805.0,0.0,
PatientID_0024_T2_to_T3_t1c,MIXED,PCC,0.34469809745181956,0.20824276439056114,0.480016702860531,0.3158069693623379,0.6385222732991395,2.417724050048069,20052.9,59870.0,59870.0,8.58184836639945e-06,0.9996701578299204,0.002515130753939297,22455.087434895835,0.480016702860531,0.3158069693623379,44905.0,59870.0,14338.685481770834,286.75263163248695,8116.382796223958,0.5000334057123769,14968.0,20260805.0,0.0,0.9183421742200046
PatientID_0024_T2_to_T3_t1c,PARTIAL_25,EIA_BLEND_075,0.3171819525778971,0.1884826188274122,0.6704860531178346,0.5043091535025465,0.6486883920806219,2.436960100108374,19277.0,59870.0,59870.0,9.22672528658186e-12,0.9626981019973756,0.002407656982541,21495.5625,0.6704860531178346,0.5043091535025465,14973.0,59870.0,13943.921875,0.0,7551.662109375,0.2500918657090362,0.0,,,
PatientID_0024_T2_to_T3_t1c,PARTIAL_25,EIA_LINEAR,0.3353560219172213,0.2014581053621387,0.6714381159205659,0.5053871588299697,0.6571379654731346,2.453155518744679,21375.0,59870.0,59870.0,1.2302300671229728e-11,0.9997771382331848,0.0029912458267062,26705.84375,0.6714381159205659,0.5053871588299697,14973.0,59870.0,17549.423828125,0.0,9156.4248046875,0.2500918657090362,0.0,,,
PatientID_0024_T2_to_T3_t1c,PARTIAL_25,PCC,0.3230886850239158,0.1926689158506934,0.4631534992528549,0.3013661410124728,0.6259241740033741,2.3941813444953173,18610.0,59870.0,59870.0,8.471755791106261e-06,0.9995922446250916,0.0023138104006648,20657.69921875,0.4631534992528549,0.3013661410124728,14973.0,59870.0,12930.1533203125,0.0,7727.52001953125,0.2500918657090362,0.0,,,0.8860803988003119
PatientID_0024_T2_to_T3_t1c,PARTIAL_50,EIA_BLEND_075,0.3293456725186298,0.1971357372444661,0.7440621346271583,0.5924354660727404,0.6769158837126846,2.49183561849205,19876.0,59870.0,59870.0,2.2120774656464448e-10,0.9870198965072632,0.0028264974243938,25234.96875,0.7440621346271583,0.5924354660727404,29937.0,59870.0,17081.951171875,0.0,8153.04638671875,0.5000334057123769,0.0,,,
PatientID_0024_T2_to_T3_t1c,PARTIAL_50,EIA_LINEAR,0.3415991468682463,0.2059810486909104,0.7439452146338404,0.592287234047975,0.6741229862723881,2.486304438696795,21711.0,59870.0,59870.0,2.9494365283433405e-10,0.9997774958610536,0.0033984030596911,30340.943359375,0.7439452146338404,0.592287234047975,29937.0,59870.0,20453.52734375,0.0,9887.4130859375,0.5000334057123769,0.0,,,
PatientID_0024_T2_to_T3_t1c,PARTIAL_50,PCC,0.349911701722757,0.2120563500134794,0.4894103891808133,0.3239863333371224,0.6512781783031552,2.441906232672159,19973.0,59870.0,59870.0,8.626249837107025e-06,0.9995984435081482,0.0025057478342205,22371.31640625,0.4894103891808133,0.3239863333371224,29937.0,59870.0,14569.9501953125,0.0,7801.34912109375,0.5000334057123769,0.0,,,0.9363136703531616
PatientID_0024_T2_to_T3_t1c,SHIFT_3,EIA_BLEND_075,0.3417039725179625,0.20605773460554466,0.7354211903590939,0.5816151587744344,0.6243470978642601,2.3912645487927184,20701.5,59870.0,59870.0,7.648649965700618e-10,0.9956863522529602,0.00366466577785705,32718.136067708332,0.7354211903590939,0.5816151587744344,59870.0,59870.0,20427.473307291668,2568.1095377604165,12290.68408203125,0.7482601191470408,15071.666666666666,,,
PatientID_0024_T2_to_T3_t1c,SHIFT_3,EIA_LINEAR,0.3503649209524664,0.2123894952706159,0.7350008351450225,0.5810895628661047,0.6141144409133342,2.372416569300725,22299.5,59870.0,59870.0,1.0145729395505396e-09,0.999789814154307,0.004264198864499667,38070.768229166664,0.7350008351450225,0.5810895628661047,59870.0,59870.0,23379.9091796875,3055.2530517578125,14690.86181640625,0.7482601191470408,15071.666666666666,,,
PatientID_0024_T2_to_T3_t1c,SHIFT_3,PCC,0.3811715035034262,0.23546399748731162,0.5127442792758248,0.34476181303578596,0.6639322258308006,2.466323119466893,22064.0,59870.0,59870.0,8.699482198911332e-06,0.9998295307159424,0.002786776671806917,24880.342447916668,0.5127442792758248,0.34476181303578596,59870.0,59870.0,16518.834798177082,785.7266642252604,8361.49462890625,0.7482601191470408,15071.666666666666,,,0.9809548156199118
PatientID_0025_T1_to_T2_t1c,FP_25,EIA_BLEND_075,0.41299132756432116,0.2602325588966441,0.4287555708017011,0.2728764310259387,0.3327133571659145,2.182154546966246,35858.0,29170.0,29170.0,5.201603414661805e-08,0.9988857388496399,0.00481037003919478,42946.984375,0.4287555708017011,0.2728764310259387,36462.0,29170.0,14289.0353515625,166.65176086425782,28657.843359375,1.0,7292.0,20260805.0,0.0,
PatientID_0025_T1_to_T2_t1c,FP_25,EIA_LINEAR,0.40596749953432676,0.2546795628942384,0.4219403496842314,0.26737921686773813,0.31360484507499464,2.144203991192808,39280.8,29170.0,29170.0,4.854829782630078e-08,0.9999569058418274,0.00572108160704368,51077.81640625,0.4219403496842314,0.26737921686773813,36462.0,29170.0,16018.2505859375,214.19602661132814,35059.5609375,1.0,7292.0,20260805.0,0.0,
PatientID_0025_T1_to_T2_t1c,FP_25,PCC,0.45849666071078177,0.29743475320469154,0.4654508056313772,0.30331436430799164,0.3724262078676582,2.257770923412472,32928.6,29170.0,29170.0,8.732966853131074e-06,0.9999372959136965,0.00431166924536224,38494.5828125,0.4654508056313772,0.30331436430799164,36462.0,29170.0,14336.3912109375,118.80874328613281,24158.158203125,1.0,7292.0,20260805.0,0.0,0.9929208717276246
PatientID_0025_T1_to_T2_t1c,MIXED,EIA_BLEND_075,0.40262690244789734,0.2520558901961335,0.4124134384742473,0.2597744616495109,0.3093763090126543,2.135638192942973,35179.26666666667,29170.0,29170.0,5.2016034146618046e-08,0.9845677455266316,0.004439665796235153,39637.335677083334,0.4124134384742473,0.2597744616495109,21879.0,29170.0,12262.852604166666,1235.0125793457032,27374.373046875,0.5000685635927322,7292.0,20260805.0,0.0,
PatientID_0025_T1_to_T2_t1c,MIXED,EIA_LINEAR,0.39994856309097027,0.24995990495098078,0.41770311965345036,0.2639856445892685,0.30396173370258234,2.1245756656110926,38873.4,29170.0,29170.0,4.8548297826300775e-08,0.9999502996603647,0.005437582048277006,48546.73229166667,0.41770311965345036,0.2639856445892685,21879.0,29170.0,14756.256119791668,1485.7115234375,33790.47578125,0.5000685635927322,7292.0,20260805.0,0.0,
PatientID_0025_T1_to_T2_t1c,MIXED,PCC,0.4308240096946638,0.2745558070885288,0.4342418009467333,0.27733811055627405,0.3528000468045403,2.220880703661178,31225.366666666665,29170.0,29170.0,8.24969665700337e-06,0.9998343686262766,0.00408119261264796,36436.888020833336,0.4342418009467333,0.27733811055627405,21879.0,29170.0,12854.885286458333,840.4008921305339,23581.963932291666,0.5000685635927322,7292.0,20260805.0,0.0,0.9263444005682434
PatientID_0025_T1_to_T2_t1c,PARTIAL_25,EIA_BLEND_075,0.4020299812710489,0.251587937552493,0.4108330476617958,0.2585210113198179,0.3313819559794778,2.1795472715118134,34870.0,29170.0,29170.0,2.0943906331449824e-12,0.9773408770561218,0.0040258546359837,35942.828125,0.4108330476617958,0.2585210113198179,7295.0,29170.0,11910.8046875,0.0,24031.93359375,0.2500857044909153,0.0,,,
PatientID_0025_T1_to_T2_t1c,PARTIAL_25,EIA_LINEAR,0.4020163083854409,0.2515772285450238,0.4220089132769625,0.2674342820059215,0.3302703993594699,2.177363870868911,38280.0,29170.0,29170.0,2.792520771913165e-12,0.9999490976333618,0.0049383663572371,44089.734375,0.4220089132769625,0.2674342820059215,7295.0,29170.0,14561.5341796875,0.0,29528.298828125,0.2500857044909153,0.0,,,
PatientID_0025_T1_to_T2_t1c,PARTIAL_25,PCC,0.4287600731457174,0.2728800775935162,0.4298251628483061,0.2737435046663083,0.3532870905749087,2.221811900704795,29898.0,29170.0,29170.0,7.966811608639546e-06,0.999761998653412,0.003944644704461,35217.7890625,0.4298251628483061,0.2737435046663083,7295.0,29170.0,12441.990234375,0.0,22775.75390625,0.2500857044909153,0.0,,,0.9169226268861738
PatientID_0025_T1_to_T2_t1c,PARTIAL_50,EIA_BLEND_075,0.4062524277971029,0.2549038724163533,0.418375042862215,0.2645222819649618,0.3402758864761853,2.1968656209896205,35189.0,29170.0,29170.0,2.0943906331449824e-12,0.9860661625862122,0.0042058350518345,37549.6953125,0.418375042862215,0.2645222819649618,14587.0,29170.0,12777.255859375,0.0,24772.333984375,0.5000685635927322,0.0,,,
PatientID_0025_T1_to_T2_t1c,PARTIAL_50,EIA_LINEAR,0.4040392093173258,0.2531636188602975,0.4233116215388531,0.2684814750550426,0.3323495609035454,2.1814401075787178,38467.0,29170.0,29170.0,2.792520771913165e-12,0.999952495098114,0.0050891074351966,45435.55078125,0.4233116215388531,0.2684814750550426,14587.0,29170.0,15100.4853515625,0.0,30335.140625,0.5000685635927322,0.0,,,
PatientID_0025_T1_to_T2_t1c,PARTIAL_50,PCC,0.4420855864970611,0.2837675694359837,0.4454233801946276,0.2865239156000061,0.3635192162983604,2.241137814359219,30746.0,29170.0,29170.0,8.115772288874723e-06,0.9998564720153807,0.0040544369257986,36198.01171875,0.4454233801946276,0.2865239156000061,14587.0,29170.0,13158.6728515625,0.0,23039.2890625,0.5000685635927322,0.0,,,0.9501974550259544
PatientID_0025_T1_to_T2_t1c,SHIFT_3,EIA_BLEND_075,0.40896603336283777,0.2570445139668481,0.4223574448733454,0.2677150128407994,0.3297792873633332,2.17640088088069,35701.833333333336,29170.0,29170.0,1.1359239315949139e-10,0.9987256526947021,0.0045959233927229505,41032.404296875,0.4223574448733454,0.2677150128407994,29170.0,29170.0,13531.637044270834,3091.569051106771,27500.664713541668,0.5663238487030053,12650.333333333334,,,
PatientID_0025_T1_to_T2_t1c,SHIFT_3,EIA_LINEAR,0.4057247954148219,0.25448881588613725,0.42432864816436416,0.26930040387889687,0.31869293614228883,2.154418514365557,38807.166666666664,29170.0,29170.0,1.5129644549636182e-10,0.999955028295517,0.005453457978243583,48688.47265625,0.42432864816436416,0.26930040387889687,29170.0,29170.0,15516.5634765625,3603.3214111328125,33171.893229166664,0.5663238487030053,12650.333333333334,,,
PatientID_0025_T1_to_T2_t1c,SHIFT_3,PCC,0.45138619653764045,0.29148250332947145,0.45615929608976985,0.2954736597577901,0.36575471269295806,2.2453155210406748,32103.833333333332,29170.0,29170.0,8.568041569863757e-06,0.9999164044857025,0.004232195361206867,37785.040364583336,0.45615929608976985,0.2954736597577901,29170.0,29170.0,13819.286946614584,2111.6307067871094,23965.696614583332,0.5663238487030053,12650.333333333334,,,0.9730998001082432
PatientID_0026_T1_to_T2_t1c,FP_25,EIA_BLEND_075,0.3343499305526911,0.2007323968068886,0.3598672882348508,0.21941351850804985,0.2902151627393531,1.8822167257567237,67730.2,47622.0,47622.0,4.397600773115018e-12,0.9936296939849854,0.008402293361723361,75015.675,0.3598672882348508,0.21941351850804985,59528.0,47622.0,21770.686328125,448.4983154296875,53244.96015625,1.0,11906.0,20260805.0,0.0,
PatientID_0026_T1_to_T2_t1c,FP_25,EIA_LINEAR,0.3224854620195038,0.19224004018040236,0.3236655327440714,0.19307932830565405,0.2633084507168345,1.8238022645984713,75738.6,47622.0,47622.0,5.863467697486691e-12,0.9998742580413819,0.0103366341441869,92285.46875,0.3236655327440714,0.19307932830565405,59528.0,47622.0,24299.54375,584.2788452148437,67985.9421875,1.0,11906.0,20260805.0,0.0,
PatientID_0026_T1_to_T2_t1c,FP_25,PCC,0.36765989275161665,0.2252348629145157,0.3757801016402526,0.23136036188594983,0.2985410064927177,1.8996231411397289,64889.6,47622.0,47622.0,8.224595694628078e-06,0.9997400641441343,0.0078973533585667,70507.571875,0.3757801016402526,0.23136036188594983,59528.0,47622.0,21049.40078125,394.3093627929687,49458.3546875,1.0,11906.0,20260805.0,0.0,0.9960149162354313
PatientID_0026_T1_to_T2_t1c,MIXED,EIA_BLEND_075,0.32456243984513367,0.19371845150316858,0.3381070373706329,0.20344872229049496,0.2630930358861041,1.8233189261330942,66693.83333333333,47622.0,47622.0,3.693547652334576e-12,0.9880277434984843,0.007739355632414373,69096.9671875,0.3381070373706329,0.20344872229049496,35721.0,47622.0,18178.930859375,1543.5931966145833,50917.97734375,0.5000839947923229,11906.0,20260805.0,0.0,
PatientID_0026_T1_to_T2_t1c,MIXED,EIA_LINEAR,0.31625360425750143,0.18782744992711892,0.3197121778521162,0.19027237976391423,0.24944142770214575,1.7921938858124884,75109.36666666667,47622.0,47622.0,4.9247301838380624e-12,0.9998740096886952,0.009794252272695257,87443.084375,0.3197121778521162,0.19027237976391423,35721.0,47622.0,21812.269856770832,1901.5178466796874,65630.81979166667,0.5000839947923229,11906.0,20260805.0,0.0,
PatientID_0026_T1_to_T2_t1c,MIXED,PCC,0.34117888859280315,0.20567723251934852,0.3431516246061713,0.20711608601806278,0.2767188952636678,1.8533481148717286,62313.666666666664,47622.0,47622.0,8.039920703595272e-06,0.9993798971176148,0.007537493544320223,67294.74270833333,0.3431516246061713,0.20711608601806278,35721.0,47622.0,18621.909765625,1258.6113525390624,48673.009375,0.5000839947923229,11906.0,20260805.0,0.0,0.9095322906835811
PatientID_0026_T1_to_T2_t1c,PARTIAL_25,EIA_BLEND_075,0.3206779302750068,0.19095677718012,0.3294695728935212,0.1972245267466472,0.2648607132107994,1.8272710335527949,65900.0,47622.0,47622.0,2.41906234627054e-12,0.9769741892814636,0.0070754173211753,63169.32421875,0.3294695728935212,0.1972245267466472,11911.0,47622.0,16731.072265625,0.0,46438.23828125,0.2501154928394439,0.0,,,
PatientID_0026_T1_to_T2_t1c,PARTIAL_25,EIA_LINEAR,0.3152606650688683,0.1871272656481472,0.3194111965129624,0.1900591006311139,0.2573766180565276,1.810423628486152,74201.0,47622.0,47622.0,3.225416461694053e-12,0.9998733997344972,0.0090871090069413,81129.7109375,0.3194111965129624,0.1900591006311139,11911.0,47622.0,20880.890625,0.0,60248.82421875,0.2501154928394439,0.0,,,
PatientID_0026_T1_to_T2_t1c,PARTIAL_25,PCC,0.3319347232856326,0.1989938451011275,0.3305615051937071,0.1980075973032375,0.2694809782998189,1.8375195094125896,60104.0,47622.0,47622.0,8.000731213542167e-06,0.9990816116333008,0.0072572324424982,64792.5703125,0.3305615051937071,0.1980075973032375,11911.0,47622.0,17460.365234375,0.0,47332.21484375,0.2501154928394439,0.0,,,0.8761618522881905
PatientID_0026_T1_to_T2_t1c,PARTIAL_50,EIA_BLEND_075,0.3272854702411206,0.1956612825592812,0.3438116836825017,0.2075921441441393,0.2835732067401664,1.8681179251132043,66523.0,47622.0,47622.0,2.41906234627054e-12,0.989289164543152,0.0074045094661414,66107.4609375,0.3438116836825017,0.2075921441441393,23815.0,47622.0,18746.3046875,0.0,47360.98828125,0.5000839947923229,0.0,,,
PatientID_0026_T1_to_T2_t1c,PARTIAL_50,EIA_LINEAR,0.3186762853599755,0.1895389225713941,0.3219310402826222,0.1918461326793907,0.2662762938601836,1.8304234676903288,74640.0,47622.0,47622.0,3.225416461694053e-12,0.9998733997344972,0.0093521401286125,83495.90625,0.3219310402826222,0.1918461326793907,23815.0,47622.0,22232.98046875,0.0,61262.87890625,0.5000839947923229,0.0,,,
PatientID_0026_T1_to_T2_t1c,PARTIAL_50,PCC,0.3496841085153586,0.2118891966846328,0.352673134272472,0.2140881337019708,0.2852627196192088,1.8717201581824008,61751.0,47622.0,47622.0,8.049290954659227e-06,0.9993181228637696,0.0074809035286307,66789.5078125,0.352673134272472,0.2140881337019708,23815.0,47622.0,19052.556640625,0.0,47737.11328125,0.5000839947923229,0.0,,,0.9347692992727008
PatientID_0026_T1_to_T2_t1c,SHIFT_3,EIA_BLEND_075,0.331789890085792,0.19889009727220153,0.3538000644027921,0.21492004717611268,0.2884536225405418,1.8784960054820259,67488.0,47622.0,47622.0,2.41906234627054e-12,0.9938640296459198,0.008068779172996634,72038.05989583333,0.3538000644027921,0.21492004717611268,47622.0,47622.0,20779.639322916668,4129.015787760417,51258.1875,0.6514566096901993,16598.333333333332,,,
PatientID_0026_T1_to_T2_t1c,SHIFT_3,EIA_LINEAR,0.3215013024631214,0.19154107016039149,0.3234954432896193,0.19295836606048414,0.26533170477577067,1.8283104845850804,75278.5,47622.0,47622.0,3.225416461694053e-12,0.9998745918273926,0.009952929181357184,88859.75,0.3234954432896193,0.19295836606048414,47622.0,47622.0,23577.611328125,4794.947672526042,65282.111979166664,0.6514566096901993,16598.333333333332,,,
PatientID_0026_T1_to_T2_t1c,SHIFT_3,PCC,0.36105834629260264,0.22030069941612798,0.36653227500560104,0.22439192500998692,0.29269096475392137,1.8874187516931997,64074.666666666664,47622.0,47622.0,8.212372752799032e-06,0.9997062087059021,0.007802094953755467,69657.10416666667,0.36653227500560104,0.22439192500998692,47622.0,47622.0,20387.944010416668,3019.6187744140625,49269.35546875,0.6514566096901993,16598.333333333332,,,0.9715033116276646
PatientID_0029_T1_to_T3_t1c,FP_25,EIA_BLEND_075,0.18130893632429482,0.09969199294272299,0.18346694431047023,0.10099840672496067,0.24218318252373364,1.8689024379470702,46696.6,38420.0,38420.0,4.832095612528066e-08,0.9787154793739321,0.005778213497251219,51587.890625,0.18346694431047023,0.10099840672496067,48025.0,38420.0,12493.71953125,657.8348876953125,39094.190625,1.0,9605.0,20260805.0,0.0,
PatientID_0029_T1_to_T3_t1c,FP_25,EIA_LINEAR,0.17792655980975808,0.0976505973849034,0.16824570537261524,0.09184949451135485,0.2226819702080735,1.8214093215639124,51077.6,38420.0,38420.0,6.442794386884998e-08,0.9999696612358091,0.007243202347308341,64667.3109375,0.16824570537261524,0.09184949451135485,48025.0,38420.0,14400.244140625,857.275830078125,50267.08046875,1.0,9605.0,20260805.0,0.0,
PatientID_0029_T1_to_T3_t1c,FP_25,PCC,0.20773637482279322,0.11590726513149545,0.20919833421122855,0.11681826022199751,0.1987027458738065,1.7587337276802089,42894.6,38420.0,38420.0,8.017289837880526e-06,0.9999005556106567,0.00493679940700526,44075.7453125,0.20919833421122855,0.11681826022199751,48025.0,38420.0,8757.971484375,580.8346435546875,35317.71796875,1.0,9605.0,20260805.0,0.0,0.991781836130813
PatientID_0029_T1_to_T3_t1c,MIXED,EIA_BLEND_075,0.17304143665945212,0.09471647874412671,0.17115391290337728,0.09358739849637267,0.2012473856160372,1.7655968753512394,46200.8,38420.0,38420.0,4.83214987430832e-08,0.9468985160191854,0.00524159069173033,46796.922265625,0.17115391290337728,0.09358739849637267,28817.0,38420.0,9417.758268229167,1203.9171732584634,37379.186328125,0.5000520562207184,9605.0,20260805.0,0.0,
PatientID_0029_T1_to_T3_t1c,MIXED,EIA_LINEAR,0.17237415212768914,0.09431623117118626,0.16538955406257083,0.09014975890104439,0.19219901507580903,1.7407240530378545,50751.5,38420.0,38420.0,6.442859496284351e-08,0.9999696413675943,0.00671792114153499,59977.6,0.16538955406257083,0.09014975890104439,28817.0,38420.0,11527.832454427084,1526.9267985026042,48449.77942708333,0.5000520562207184,9605.0,20260805.0,0.0,
PatientID_0029_T1_to_T3_t1c,MIXED,PCC,0.18610779110763645,0.10260632791720069,0.18578691654712232,0.10241246251037246,0.17647915860248023,1.695262906611872,41665.6,38420.0,38420.0,8.04738938313676e-06,0.9998985250790914,0.0047531193587928506,42435.84921875,0.18578691654712232,0.10241246251037246,28817.0,38420.0,7490.008951822917,966.8602864583333,34945.82994791667,0.5000520562207184,9605.0,20260805.0,0.0,0.8807913787503624
PatientID_0029_T1_to_T3_t1c,PARTIAL_25,EIA_BLEND_075,0.1696674584421655,0.0926976134667493,0.1659552316610365,0.0904859219020991,0.1891646892966975,1.7322299065101032,45780.0,38420.0,38420.0,3.3719643743879136e-10,0.8809335827827454,0.0047052567824721,42008.53125,0.1659552316610365,0.0904859219020991,9609.0,38420.0,7946.53076171875,0.0,34062.0234375,0.2501041124414367,0.0,,,
PatientID_0029_T1_to_T3_t1c,PARTIAL_25,EIA_LINEAR,0.1716624342557176,0.0938899016692847,0.1685320145865625,0.0920201805003621,0.1866428368457257,1.725053219012309,49788.0,38420.0,38420.0,4.3134532057287345e-10,0.999969482421875,0.0060526691377162,54038.23046875,0.1685320145865625,0.0920201805003621,9609.0,38420.0,10085.8486328125,0.0,43952.36328125,0.2501041124414367,0.0,,,
PatientID_0029_T1_to_T3_t1c,PARTIAL_25,PCC,0.1786147772530808,0.0980653488531255,0.1785528370747195,0.0980280080151753,0.169439321428482,1.6739650649558917,39849.0,38420.0,38420.0,7.969380931172054e-06,0.99989652633667,0.004567711148411,40780.5234375,0.1785528370747195,0.0980280080151753,9609.0,38420.0,6909.82421875,0.0,33870.7421875,0.2501041124414367,0.0,,,0.8464955577587305
PatientID_0029_T1_to_T3_t1c,PARTIAL_50,EIA_BLEND_075,0.1743753700512211,0.0955154565737995,0.1733732431133085,0.0949144331054173,0.2210101054364675,1.817202701765738,46030.0,38420.0,38420.0,1.7208012792480072e-09,0.935649275779724,0.0049721901305019,44391.71484375,0.1733732431133085,0.0949144331054173,19212.0,38420.0,9811.017578125,0.0,34580.7265625,0.5000520562207184,0.0,,,
PatientID_0029_T1_to_T3_t1c,PARTIAL_50,EIA_LINEAR,0.1739012663464267,0.0952310316806938,0.167933368048309,0.0916633517205821,0.2102259592223451,1.7895064142423684,50182.0,38420.0,38420.0,2.294401779678878e-09,0.9999695420265198,0.0063629602082073,56808.5078125,0.167933368048309,0.0916633517205821,19212.0,38420.0,11942.623046875,0.0,44865.8984375,0.5000520562207184,0.0,,,
PatientID_0029_T1_to_T3_t1c,PARTIAL_50,PCC,0.1919397439726025,0.1061578248534821,0.1913586673712733,0.1058024407220556,0.183081167870368,1.714787065848546,40709.0,38420.0,38420.0,7.969418220454827e-06,0.999897599220276,0.0046708001755177,41700.90234375,0.1913586673712733,0.1058024407220556,19212.0,38420.0,7634.64990234375,0.0,34066.2890625,0.5000520562207184,0.0,,,0.9072063178734447
PatientID_0029_T1_to_T3_t1c,SHIFT_3,EIA_BLEND_075,0.17963768579796643,0.0986833739640825,0.18100381746684446,0.0995092090667075,0.2394622888910627,1.8623711504163885,46477.166666666664,38420.0,38420.0,5.099272504249797e-09,0.9814710517724355,0.0055092376812050335,49186.473958333336,0.18100381746684446,0.0995092090667075,38420.0,38420.0,11778.3056640625,2606.6895345052085,37408.197265625,0.7207010237723409,10730.666666666666,,,
PatientID_0029_T1_to_T3_t1c,SHIFT_3,EIA_LINEAR,0.17745164940823763,0.09736496855367233,0.16911330905124347,0.09236692272773894,0.22254301229741325,1.8209914546083743,50574.333333333336,38420.0,38420.0,6.796163705876286e-09,0.9999698102474213,0.0069084734035034165,61678.850911458336,0.16911330905124347,0.09236692272773894,38420.0,38420.0,13726.384928385416,3058.6497802734375,47952.479817708336,0.7207010237723409,10730.666666666666,,,
PatientID_0029_T1_to_T3_t1c,SHIFT_3,PCC,0.20483478425651325,0.11410722065039025,0.20537046678112045,0.11444101506333891,0.19578408231395575,1.750693558941547,41976.833333333336,38420.0,38420.0,8.00758607510943e-06,0.9999155402183533,0.004844854197775267,43254.857421875,0.20537046678112045,0.11444101506333891,38420.0,38420.0,8469.6025390625,1548.4903055826824,34785.294270833336,0.7207010237723409,10730.666666666666,,,0.9736344192184743
PatientID_0030_T1_to_T3_t1c,FP_25,EIA_BLEND_075,0.22052027243182226,0.12392401499934672,0.8501638820059545,0.7393783125249476,0.5793611893904946,2.2107528461373387,13445.8,75054.0,75054.0,1.0807438854953946e-07,0.9847268462181094,0.00395718477666372,35329.74453125,0.8501638820059545,0.7393783125249476,93818.0,75054.0,20468.6828125,283.9054931640625,14861.01484375,1.0,18764.0,20260805.0,0.0,
PatientID_0030_T1_to_T3_t1c,FP_25,EIA_LINEAR,0.22998751684082747,0.1299355338290682,0.848573027421266,0.736975121239804,0.5668092925247997,2.1884679709044383,14827.4,75054.0,75054.0,1.4409918946967085e-07,0.9998087286949158,0.00468333661556238,41812.8296875,0.848573027421266,0.736975121239804,93818.0,75054.0,23699.900390625,347.2594421386719,18113.00078125,1.0,18764.0,20260805.0,0.0,
PatientID_0030_T1_to_T3_t1c,FP_25,PCC,0.26600002220279784,0.15340255228678065,0.5238148533087921,0.3548436016365141,0.7102547896631705,2.4611073676294475,15949.0,75054.0,75054.0,9.067948303709272e-06,0.9998386144638062,0.0021353942342102,19064.799609375,0.5238148533087921,0.3548436016365141,93818.0,75054.0,13540.86484375,69.12382888793945,5523.90439453125,1.0,18764.0,20260805.0,0.0,0.9945962355799102
PatientID_0030_T1_to_T3_t1c,MIXED,EIA_BLEND_075,0.20313434179685308,0.11304987380693506,0.7017138771215721,0.5408271743236014,0.5680381810498417,2.190664284772822,12491.6,75054.0,75054.0,1.0807438854953945e-07,0.970958932240804,0.00290797847167895,25962.431966145832,0.7017138771215721,0.5408271743236014,56294.0,75054.0,14747.65263671875,879.3218241373698,11214.831868489584,0.5000399712207211,18764.0,20260805.0,0.0,
PatientID_0030_T1_to_T3_t1c,MIXED,EIA_LINEAR,0.21948975272628435,0.12327363460314374,0.7010143807589578,0.5399934285259389,0.5624096406427381,2.1807171500009543,14223.9,75054.0,75054.0,1.2248430891759202e-07,0.9997921228408814,0.0035386567702516366,31593.127669270834,0.7010143807589578,0.5399934285259389,56294.0,75054.0,17768.334700520834,1067.2237182617187,13824.792740885418,0.5000399712207211,18764.0,20260805.0,0.0,
PatientID_0030_T1_to_T3_t1c,MIXED,PCC,0.22316686687876264,0.12560091093667566,0.4776343255113364,0.31375240470182325,0.6750128730757864,2.3891752678322447,13521.066666666668,75054.0,75054.0,8.67314538481878e-06,0.9996400435765584,0.00180341760472699,16100.912337239582,0.4776343255113364,0.31375240470182325,56294.0,75054.0,10868.808756510416,222.4044952392578,5232.079866536458,0.5000399712207211,18764.0,20260805.0,0.0,0.9069107130822001
PatientID_0030_T1_to_T3_t1c,PARTIAL_25,EIA_BLEND_075,0.1941221075944516,0.1074945921986576,0.730447411199067,0.5753581361224185,0.7128313868258594,2.466553309877036,11984.0,75054.0,75054.0,1.0410720202580491e-10,0.930231511592865,0.0018600960029289,16606.9375,0.730447411199067,0.5753581361224185,18767.0,75054.0,11837.9462890625,0.0,4769.0185546875,0.2500466330908412,0.0,,,
PatientID_0030_T1_to_T3_t1c,PARTIAL_25,EIA_LINEAR,0.2140286960912379,0.1198388213924342,0.7295813680834493,0.5742842160506106,0.7075495117634926,2.455411826977216,13878.0,75054.0,75054.0,1.3880960270107323e-10,0.9997846484184264,0.0023405610118061,20896.529296875,0.7295813680834493,0.5742842160506106,18767.0,75054.0,14785.3291015625,0.0,6111.205078125,0.2500466330908412,0.0,,,
PatientID_0030_T1_to_T3_t1c,PARTIAL_25,PCC,0.2017524769577716,0.1121939412582206,0.458150131908638,0.2971431534254753,0.6597969044837769,2.3593800061927355,12251.0,75054.0,75054.0,8.597937267040834e-06,0.9995371103286744,0.001625029137358,14508.259765625,0.458150131908638,0.2971431534254753,18767.0,75054.0,9572.5048828125,0.0,4935.73486328125,0.2500466330908412,0.0,,,0.8699149969658226
PatientID_0030_T1_to_T3_t1c,PARTIAL_50,EIA_BLEND_075,0.2051762127201354,0.1143155189854044,0.7986782849694973,0.6648329710342838,0.7266372383954698,2.496283256366872,12539.0,75054.0,75054.0,3.320037578191658e-10,0.9655048847198486,0.0023819890338927,21266.3984375,0.7986782849694973,0.6648329710342838,37530.0,75054.0,15452.95703125,0.0,5813.47412109375,0.5000399712207211,0.0,,,
PatientID_0030_T1_to_T3_t1c,PARTIAL_50,EIA_LINEAR,0.2204773799076997,0.1238969246179501,0.7975857382697951,0.6633202579653025,0.7163142603904228,2.4739737005093483,14225.0,75054.0,75054.0,4.3130954363590485e-10,0.9997896552085876,0.0029028651770204,25916.779296875,0.7975857382697951,0.6633202579653025,37530.0,75054.0,18564.55859375,0.0,7352.240234375,0.5000399712207211,0.0,,,
PatientID_0030_T1_to_T3_t1c,PARTIAL_50,PCC,0.2287125475114885,0.1291222083688263,0.4893143603306331,0.3239021722892858,0.6901715656743972,2.419544355578664,13625.0,75054.0,75054.0,8.637428436486516e-06,0.99962317943573,0.0018096078420057,16156.1787109375,0.4893143603306331,0.3239021722892858,37530.0,75054.0,11150.53515625,0.0,5005.61767578125,0.5000399712207211,0.0,,,0.929088241247608
PatientID_0030_T1_to_T3_t1c,SHIFT_3,EIA_BLEND_075,0.21618934393384673,0.1211961426517784,0.7265790852826415,0.571442649011789,0.6232915795421212,2.2905390374870924,13221.5,75054.0,75054.0,4.448240109589108e-09,0.9876606166362762,0.0034317173995077163,30638.373046875,0.7265790852826415,0.571442649011789,75054.0,75054.0,19096.639973958332,3327.0224609375,11541.790364583334,0.7081079400609339,21907.666666666668,,,
PatientID_0030_T1_to_T3_t1c,SHIFT_3,EIA_LINEAR,0.22773632887078557,0.128500579559321,0.7258285145824396,0.570507022160775,0.6122421849256438,2.2701953869727034,14681.166666666666,75054.0,75054.0,5.90916658197808e-09,0.9998066127300262,0.004069451863566983,36332.06640625,0.7258285145824396,0.570507022160775,75054.0,75054.0,22243.807942708332,3973.9173177083335,14088.352701822916,0.7081079400609339,21907.666666666668,,,
PatientID_0030_T1_to_T3_t1c,SHIFT_3,PCC,0.2560372051919019,0.1468195577589448,0.51173155328489,0.3438591142918299,0.7008275251453787,2.4414548181407034,15393.5,75054.0,75054.0,8.964838192090005e-06,0.9997986157735189,0.0020640414052952665,18427.76171875,0.51173155328489,0.3438591142918299,75054.0,75054.0,12915.3154296875,670.9497273763021,5512.415201822917,0.7081079400609339,21907.666666666668,,,0.9716530054648393
PatientID_0031_T2_to_T3_t1c,FP_25,EIA_BLEND_075,0.19622243843171366,0.10878416649808062,0.3114524508891051,0.18444991515271975,0.14111388515382833,1.917355609200212,51733.6,17708.0,17708.0,1.1587694137560334e-09,0.9691884040832519,0.005820192862302021,51962.6828125,0.3114524508891051,0.18444991515271975,22135.0,17708.0,7332.6560546875,214.6765563964844,44630.0390625,1.0,4427.0,20260805.0,0.0,
PatientID_0031_T2_to_T3_t1c,FP_25,EIA_LINEAR,0.1898028625672973,0.1048520405184193,0.21101197201233868,0.11795047945099804,0.1337244180321375,1.8902760435415864,56916.8,17708.0,17708.0,1.545025885008044e-09,0.9999128699302673,0.00720581617206328,64333.5265625,0.21101197201233868,0.11795047945099804,22135.0,17708.0,8602.9611328125,282.002783203125,55730.6015625,1.0,4427.0,20260805.0,0.0,
PatientID_0031_T2_to_T3_t1c,FP_25,PCC,0.22532650266930188,0.12696786581930058,0.2984526767760771,0.1754007521569178,0.14637982154313164,1.935938315826005,46691.0,17708.0,17708.0,8.166957741195802e-06,0.9998666048049929,0.0056088364683091205,50075.6921875,0.2984526767760771,0.1754007521569178,22135.0,17708.0,7330.0705078125,204.30064697265627,42745.59765625,1.0,4427.0,20260805.0,0.0,0.9917432914250568
PatientID_0031_T2_to_T3_t1c,MIXED,EIA_BLEND_075,0.19035820661362174,0.10519120686380383,0.2614355093951481,0.15039079892807858,0.12504647454408926,1.8567811550964466,51411.86666666667,17708.0,17708.0,1.4262007426898057e-09,0.9523237705230713,0.00560417291708286,50034.055859375,0.2614355093951481,0.15039079892807858,13284.0,17708.0,6256.582291666667,1054.7563212076823,43777.48424479167,0.5001694149536933,4427.0,20260805.0,0.0,
PatientID_0031_T2_to_T3_t1c,MIXED,EIA_LINEAR,0.18689694702439621,0.10308128321934931,0.20622694076482678,0.11496854660375967,0.12400947879153139,1.852664162856698,56715.933333333334,17708.0,17708.0,1.882998309129154e-09,0.99991295337677,0.007004020782187533,62531.897786458336,0.20622694076482678,0.11496854660375967,13284.0,17708.0,7754.508951822917,1299.3023315429687,54777.40143229167,0.5001694149536933,4427.0,20260805.0,0.0,
PatientID_0031_T2_to_T3_t1c,MIXED,PCC,0.20927726758731469,0.11686826064486551,0.2574599051485921,0.14775684885912677,0.1343354333460339,1.892548468710602,45792.76666666667,17708.0,17708.0,8.173068029767213e-06,0.9997772574424744,0.005489574419334473,49010.92044270833,0.2574599051485921,0.14775684885912677,13284.0,17708.0,6583.881770833334,867.6604085286458,42427.02239583333,0.5001694149536933,4427.0,20260805.0,0.0,0.8555263651852573
PatientID_0031_T2_to_T3_t1c,PARTIAL_25,EIA_BLEND_075,0.1898348378974509,0.1048715564108772,0.2603907838474025,0.1496834929670611,0.1270564025493959,1.864731674905716,51194.0,17708.0,17708.0,1.4978403239940263e-10,0.9131901264190674,0.0053527113050222,47789.0078125,0.2603907838474025,0.1496834929670611,4432.0,17708.0,6071.8994140625,0.0,41717.125,0.2502823582561554,0.0,,,
PatientID_0031_T2_to_T3_t1c,PARTIAL_25,EIA_LINEAR,0.1881252541793666,0.1038290613771479,0.2079850915064382,0.1160621435377663,0.1286616644329979,1.8709841691945583,56062.0,17708.0,17708.0,1.9971203857327424e-10,0.9999120235443116,0.0066514504142105,59384.1484375,0.2079850915064382,0.1160621435377663,4432.0,17708.0,7640.46337890625,0.0,51743.66796875,0.2502823582561554,0.0,,,
PatientID_0031_T2_to_T3_t1c,PARTIAL_25,PCC,0.2087587491297637,0.1165441835612736,0.2509600180920782,0.1434844375841571,0.1334113419614063,1.889101585216608,44584.0,17708.0,17708.0,8.150691428454593e-06,0.9997283816337584,0.0053741750307381,47980.63671875,0.2509600180920782,0.1434844375841571,4432.0,17708.0,6401.1611328125,0.0,41579.4453125,0.2502823582561554,0.0,,,0.8339275661630768
PatientID_0031_T2_to_T3_t1c,PARTIAL_50,EIA_BLEND_075,0.1920470343027102,0.1062234681761117,0.2804946916851001,0.1631252258148666,0.1340895419882925,1.8916432495408515,51348.0,17708.0,17708.0,1.4978403239940263e-10,0.949938178062439,0.0054654167033731,48795.23828125,0.2804946916851001,0.1631252258148666,8857.0,17708.0,6542.93115234375,0.0,42252.32421875,0.5001694149536933,0.0,,,
PatientID_0031_T2_to_T3_t1c,PARTIAL_50,EIA_LINEAR,0.1890780180338663,0.1044098088867973,0.2105263158117651,0.1176470588513744,0.1322270831045465,1.8846360170532064,56198.0,17708.0,17708.0,1.9971203857327424e-10,0.9999122619628906,0.0067537501454353,60297.48046875,0.2105263158117651,0.1176470588513744,8857.0,17708.0,7972.9599609375,0.0,52324.51953125,0.5001694149536933,0.0,,,
PatientID_0031_T2_to_T3_t1c,PARTIAL_50,PCC,0.2153366524166865,0.120659536557564,0.2725321888617423,0.1577639751828125,0.1388033207256332,1.909019078464689,45161.0,17708.0,17708.0,8.150241228577215e-06,0.9997816681861876,0.0054437932558357,48602.1875,0.2725321888617423,0.1577639751828125,8857.0,17708.0,6746.14501953125,0.0,41856.03515625,0.5001694149536933,0.0,,,0.9056108087909913
PatientID_0031_T2_to_T3_t1c,SHIFT_3,EIA_BLEND_075,0.1937802931147359,0.10728522685355553,0.2930408101999179,0.1716888538115802,0.1356901056528481,1.8975548650382017,51599.0,17708.0,17708.0,1.8440154958554444e-10,0.9715845187505087,0.005693716229870867,50833.498046875,0.2930408101999179,0.1716888538115802,17708.0,17708.0,6897.602701822917,1895.001953125,43935.911458333336,0.4860891499134101,9100.333333333334,,,
PatientID_0031_T2_to_T3_t1c,SHIFT_3,EIA_LINEAR,0.18987847428260304,0.10489824818011763,0.21158986524325377,0.11831205856680853,0.13235584341835951,1.885099790664411,56411.333333333336,17708.0,17708.0,2.455050445345404e-10,0.999913662672043,0.007000855480631133,62503.638020833336,0.21158986524325377,0.11831205856680853,17708.0,17708.0,8272.676839192709,2265.5622355143228,54230.948567708336,0.4860891499134101,9100.333333333334,,,
PatientID_0031_T2_to_T3_t1c,SHIFT_3,PCC,0.22086363678814971,0.12414257619152279,0.2830641518160418,0.1648808206314605,0.1426068685059655,1.9226529619863044,45869.833333333336,17708.0,17708.0,8.150091010368973e-06,0.9998734394709269,0.005533534024531584,49403.391927083336,0.2830641518160418,0.1648808206314605,17708.0,17708.0,7045.243001302083,1324.6576843261719,42358.133463541664,0.4860891499134101,9100.333333333334,,,0.9406079940006935
PatientID_0032_T1_to_T2_t1c,FP_25,EIA_BLEND_075,0.056733696229383644,0.02919501879490658,0.6743993373345488,0.5087500003070312,0.02729922978519736,2.3171587770576183,38875.0,1207.0,1207.0,2.744873883742116e-10,0.9893985986709597,0.003967758081853361,35424.14296875,0.6743993373345488,0.5087500003070312,1509.0,1207.0,967.0518188476562,29.18895721435547,34457.04609375,1.0,302.0,20260805.0,0.0,
PatientID_0032_T1_to_T2_t1c,FP_25,EIA_LINEAR,0.05404972856075204,0.0277754932398769,0.10521955298043931,0.0555312640771616,0.025965920586403502,2.2948170065955464,41272.4,1207.0,1207.0,3.5987508528734225e-10,0.9999267935752869,0.00483512943610544,43168.0359375,0.10521955298043931,0.0555312640771616,1509.0,1207.0,1120.8977294921874,38.524559783935544,42047.121875,1.0,302.0,20260805.0,0.0,
PatientID_0032_T1_to_T2_t1c,FP_25,PCC,0.06448347468351874,0.033315899917916135,0.16835128452015272,0.09191246605455952,0.029822113782059116,2.356673940697462,33561.6,1207.0,1207.0,8.090206938504707e-06,0.9997859835624695,0.00403999090194698,36069.0390625,0.16835128452015272,0.09191246605455952,1509.0,1207.0,1075.654931640625,31.24512176513672,34993.4,1.0,302.0,20260805.0,0.0,0.9960784313821608
PatientID_0032_T1_to_T2_t1c,MIXED,EIA_BLEND_075,0.05624276136850185,0.02893508432081682,0.4754763879554779,0.3131476360760444,0.025412785712795042,2.285209844898867,38855.0,1207.0,1207.0,1.2426215045361715e-09,0.9753317733605703,0.003961293213069377,35366.42630208333,0.4754763879554779,0.3131476360760444,907.0,1207.0,898.7594136555989,213.041948445638,34467.61861979167,0.5012427506213754,302.0,20260805.0,0.0,
PatientID_0032_T1_to_T2_t1c,MIXED,EIA_LINEAR,0.053731251004002854,0.027607315071115728,0.10452913596885008,0.055147423870922634,0.025794781278006714,2.2918679419712973,41257.433333333334,1207.0,1207.0,1.6025746350326979e-09,0.9999272565046946,0.0048405876072744,43216.766276041664,0.10452913596885008,0.055147423870922634,907.0,1207.0,1114.766455078125,252.51380157470703,42101.984375,0.5012427506213754,302.0,20260805.0,0.0,
PatientID_0032_T1_to_T2_t1c,MIXED,PCC,0.06307100926903214,0.032562381310490295,0.13374758389930366,0.07166779989777705,0.028742632027737865,2.340178346049178,33485.13333333333,1207.0,1207.0,8.090458595688688e-06,0.9997909863789877,0.004026620881631924,35949.671223958336,0.13374758389930366,0.07166779989777705,907.0,1207.0,1033.287703450521,183.58669408162436,34916.39765625,0.5012427506213754,302.0,20260805.0,0.0,0.7913398697924677
PatientID_0032_T1_to_T2_t1c,PARTIAL_25,EIA_BLEND_075,0.056744673966464,0.0292008328656093,0.6072908038080818,0.4360499705912849,0.026337056744081,2.3011464260538204,38832.0,1207.0,1207.0,2.8310117921800937e-14,0.989676594734192,0.0039266194216907,35056.859375,0.6072908038080818,0.4360499705912849,305.0,1207.0,923.2944946289062,0.0,34133.50390625,0.2526926263463132,0.0,,,
PatientID_0032_T1_to_T2_t1c,PARTIAL_25,EIA_LINEAR,0.0548364715397077,0.0281911884325553,0.1027340517387182,0.0541484720287561,0.0266801441256983,2.3069201583426504,40590.0,1207.0,1207.0,3.774682389573458e-14,0.999926507472992,0.0047015398740768,41975.34765625,0.1027340517387182,0.0541484720287561,305.0,1207.0,1119.9083251953125,0.0,40855.41015625,0.2526926263463132,0.0,,,
PatientID_0032_T1_to_T2_t1c,PARTIAL_25,PCC,0.0651427218090387,0.0336679726054827,0.1300745653976493,0.0695613650555776,0.0291777205129343,2.346898614566366,32565.0,1207.0,1207.0,8.086932211881503e-06,0.9997840523719788,0.0039720050990581,35462.0625,0.1300745653976493,0.0695613650555776,305.0,1207.0,1034.7021484375,0.0,34427.3671875,0.2526926263463132,0.0,,,0.7696078437019417
PatientID_0032_T1_to_T2_t1c,PARTIAL_50,EIA_BLEND_075,0.0566405274697407,0.0291456770065501,0.6031483017385467,0.4317912221638249,0.026673535316877,2.3068098736669107,38835.0,1207.0,1207.0,2.8310117921800937e-14,0.983811855316162,0.0039382604882121,35160.7890625,0.6031483017385467,0.4317912221638249,605.0,1207.0,937.862548828125,0.0,34222.8671875,0.5012427506213754,0.0,,,
PatientID_0032_T1_to_T2_t1c,PARTIAL_50,EIA_LINEAR,0.0546858194733457,0.0281115616407885,0.1068765538082533,0.0564551426448774,0.026592067474943,2.3054446711978787,40632.0,1207.0,1207.0,3.774682389573458e-14,0.9999269247055054,0.0047180564142763,42122.80859375,0.1068765538082533,0.0564551426448774,605.0,1207.0,1120.132568359375,0.0,41002.65625,0.5012427506213754,0.0,,,
PatientID_0032_T1_to_T2_t1c,PARTIAL_50,PCC,0.0651577301305764,0.033675990634363,0.1433305720201613,0.0771976800190996,0.0294260267025752,2.3506899164509263,32680.0,1207.0,1207.0,8.089329639915377e-06,0.9997840523719788,0.0039800056256353,35533.48828125,0.1433305720201613,0.0771976800190996,605.0,1207.0,1045.609375,0.0,34487.890625,0.5012427506213754,0.0,,,0.8480392160587275
PatientID_0032_T1_to_T2_t1c,SHIFT_3,EIA_BLEND_075,0.05630476671041723,0.028967911682227,0.4947528309190475,0.32931107792989667,0.026058507984023385,2.296399979814627,38866.5,1207.0,1207.0,1.8049918791606182e-12,0.9741805295149487,0.003952619930108367,35288.990885416664,0.4947528309190475,0.32931107792989667,1207.0,1207.0,919.5784505208334,375.81846618652344,34369.358072916664,0.24468378900856114,911.6666666666666,,,
PatientID_0032_T1_to_T2_t1c,SHIFT_3,EIA_LINEAR,0.0545513220942291,0.02804049380566433,0.1035625521526252,0.0546091341626076,0.02642253881376783,2.3025832407385294,40674.333333333336,1207.0,1207.0,2.2885419868485155e-12,0.9999269048372904,0.004728840896859733,42219.091145833336,0.1035625521526252,0.0546091341626076,1207.0,1207.0,1115.503885904948,439.85619099934894,41103.569010416664,0.24468378900856114,911.6666666666666,,,
PatientID_0032_T1_to_T2_t1c,SHIFT_3,PCC,0.06539002114819313,0.03380019600345295,0.1478873242966498,0.07985371608263667,0.029594177384180836,2.353235919711083,32733.833333333332,1207.0,1207.0,8.089482131860374e-06,0.9997893969217936,0.003991033881902667,35631.950520833336,0.1478873242966498,0.07985371608263667,1207.0,1207.0,1054.4935913085938,348.7953389485677,34577.477864583336,0.24468378900856114,911.6666666666666,,,0.8750000003063726
PatientID_0033_T1_to_T2_t1c,FP_25,EIA_BLEND_075,0.10991020854369442,0.05815078687673568,0.208013193674427,0.11607964630147309,0.10165775775956945,1.9907752955040074,34528.6,10308.0,10308.0,5.782387528796562e-08,0.9464240789413452,0.00386356138624244,34493.87578125,0.208013193674427,0.11607964630147309,12885.0,10308.0,3506.570068359375,89.26401214599609,30987.321875,1.0,2577.0,20260805.0,0.0,
PatientID_0033_T1_to_T2_t1c,FP_25,EIA_LINEAR,0.10899580427112518,0.05763911287955088,0.1544431509917324,0.0836837679203278,0.10233263784303266,1.9939758564681587,36262.6,10308.0,10308.0,7.68052943911357e-08,0.9999702572822573,0.00445098411291832,39738.3859375,0.1544431509917324,0.0836837679203278,12885.0,10308.0,4066.533837890625,116.34097137451172,35671.84140625,1.0,2577.0,20260805.0,0.0,
PatientID_0033_T1_to_T2_t1c,FP_25,PCC,0.1320976361355749,0.07071977573068058,0.1961971284829163,0.10876860937112773,0.08542517849658668,1.9074432336141327,29874.4,10308.0,10308.0,8.259437163360416e-06,0.9999808073043825,0.0036760383751242797,32819.6703125,0.1961971284829163,0.10876860937112773,12885.0,10308.0,2803.626171875,84.39207611083984,30016.058203125,1.0,2577.0,20260805.0,0.0,1.0031746031738158
PatientID_0033_T1_to_T2_t1c,MIXED,EIA_BLEND_075,0.10637860526271443,0.0561774337794407,0.16680571728268626,0.09100134336432818,0.08242119616423353,1.8904674004441506,34402.666666666664,10308.0,10308.0,1.534763155175423e-08,0.9006129503250122,0.00372913293540473,33293.69908854167,0.16680571728268626,0.09100134336432818,7733.0,10308.0,2744.1065022786456,308.1620198567708,30549.602213541668,0.5001940240589833,2577.0,20260805.0,0.0,
PatientID_0033_T1_to_T2_t1c,MIXED,EIA_LINEAR,0.10684658828002834,0.056438480823355563,0.15052063126614337,0.08138547584734408,0.08802830899825384,1.921698415413416,36187.23333333333,10308.0,10308.0,1.933910881342834e-08,0.9999678790569305,0.004325208983694467,38615.465625,0.15052063126614337,0.08138547584734408,7733.0,10308.0,3399.276017252604,381.9481201171875,35216.191145833334,0.5001940240589833,2577.0,20260805.0,0.0,
PatientID_0033_T1_to_T2_t1c,MIXED,PCC,0.12078171140088804,0.06427396056762605,0.160215366746206,0.0870855796619123,0.07593200745297349,1.8517343391562693,29537.866666666665,10308.0,10308.0,8.257461468019756e-06,0.9999538977940877,0.0036239627205455803,32354.739127604167,0.160215366746206,0.0870855796619123,7733.0,10308.0,2456.8299641927083,198.4751225789388,29897.908268229166,0.5001940240589833,2577.0,20260805.0,0.0,0.8191964286162705
PatientID_0033_T1_to_T2_t1c,PARTIAL_25,EIA_BLEND_075,0.1051971045224177,0.0555187585973525,0.1506596818417413,0.0814667156753151,0.0786658040413692,1.86844577339726,34313.0,10308.0,10308.0,3.255837960347563e-11,0.8573351502418518,0.0035855178721249,32011.50390625,0.1506596818417413,0.0814667156753151,2580.0,10308.0,2518.210693359375,0.0,29493.279296875,0.2502910360884749,0.0,,,
PatientID_0033_T1_to_T2_t1c,PARTIAL_25,EIA_LINEAR,0.1077383684278996,0.0569362960443263,0.1543461389622455,0.0836268068812811,0.0882302613406167,1.9228092000900352,35451.0,10308.0,10308.0,4.080005430728839e-11,0.999966561794281,0.0040533770807087,36188.55078125,0.1543461389622455,0.0836268068812811,2580.0,10308.0,3192.92529296875,0.0,32995.6328125,0.2502910360884749,0.0,,,
PatientID_0033_T1_to_T2_t1c,PARTIAL_25,PCC,0.1196492771093901,0.06363136178642,0.1501746216943066,0.0811831340947565,0.0735734650831958,1.8369869671512773,28355.0,10308.0,10308.0,8.23648770165164e-06,0.9999419450759888,0.0035446607507765,31646.73046875,0.1501746216943066,0.0811831340947565,2580.0,10308.0,2328.359619140625,0.0,29318.373046875,0.2502910360884749,0.0,,,0.767857142914718
PatientID_0033_T1_to_T2_t1c,PARTIAL_50,EIA_BLEND_075,0.1067830759098548,0.056402979802379,0.1767559177737312,0.0969458338247873,0.0889683354089535,1.9267791093882445,34362.0,10308.0,10308.0,6.414689612821434e-11,0.8936734199523926,0.0036521314177662,32606.228515625,0.1767559177737312,0.0969458338247873,5156.0,10308.0,2900.921875,0.0,29705.283203125,0.5001940240589833,0.0,,,
PatientID_0033_T1_to_T2_t1c,PARTIAL_50,EIA_LINEAR,0.1087776687578502,0.0575171237043076,0.1540551028737846,0.0834559596865957,0.0965512935158373,1.96593134002526,35547.0,10308.0,10308.0,8.545969487627758e-11,0.9999677538871764,0.0041329059749841,36898.5859375,0.1540551028737846,0.0834559596865957,5156.0,10308.0,3562.606201171875,0.0,33335.9921875,0.5001940240589833,0.0,,,
PatientID_0033_T1_to_T2_t1c,PARTIAL_50,PCC,0.1252413935390158,0.0668040104637603,0.163368257704532,0.0889499260992525,0.078513034741741,1.8675294474604536,28529.0,10308.0,10308.0,8.236504072556272e-06,0.9999606609344482,0.0035742230247706,31910.6640625,0.163368257704532,0.0889499260992525,5156.0,10308.0,2505.403076171875,0.0,29405.25390625,0.5001940240589833,0.0,,,0.8353174603583043
PatientID_0033_T1_to_T2_t1c,SHIFT_3,EIA_BLEND_075,0.10882534170869229,0.05754401660359704,0.19759733544184463,0.10963542317965584,0.09652333761315746,1.965776311101445,34476.166666666664,10308.0,10308.0,1.5784036924704203e-10,0.9527954161167145,0.0037904618463168,33841.243489583336,0.19759733544184463,0.10963542317965584,10308.0,10308.0,3266.469767252604,816.7632344563802,30574.783528645832,0.6404410813607554,3706.3333333333335,,,
PatientID_0033_T1_to_T2_t1c,SHIFT_3,EIA_LINEAR,0.10964232657776478,0.0580008588846381,0.1568684517289062,0.08511457206770257,0.10060829765101142,1.985696814407193,35677.666666666664,10308.0,10308.0,2.1000695858234644e-10,0.9999700387318929,0.004281556932255567,38225.739583333336,0.1568684517289062,0.08511457206770257,10308.0,10308.0,3845.590128580729,965.5157674153646,34380.177734375,0.6404410813607554,3706.3333333333335,,,
PatientID_0033_T1_to_T2_t1c,SHIFT_3,PCC,0.13207357872288253,0.07070753300664133,0.1842581813873888,0.10148734435848666,0.08343199616264707,1.8961889830662189,28889.166666666668,10308.0,10308.0,8.236496190268857e-06,0.9999725619951884,0.0036216861335560332,32334.4140625,0.1842581813873888,0.10148734435848666,10308.0,10308.0,2697.898966471354,457.7449722290039,29636.5087890625,0.6404410813607554,3706.3333333333335,,,0.9421296296439824
PatientID_0034_T1_to_T2_t1c,FP_25,EIA_BLEND_075,0.09565166915711337,0.050228032145817704,0.7215606790319786,0.5644074515330147,0.05346668544278912,2.1062416984611576,61498.8,3947.0,3947.0,2.2170343783045613e-08,0.9872376918792722,0.00595421744510526,53159.25234375,0.7215606790319786,0.5644074515330147,4934.0,3947.0,2842.2490234375,213.369677734375,50316.99296875,1.0,987.0,20260805.0,0.0,
PatientID_0034_T1_to_T2_t1c,FP_25,EIA_LINEAR,0.09156306001419416,0.047978038103352584,0.17142133276267782,0.09374567535061662,0.04853149350894158,2.0619232091681803,64836.2,3947.0,3947.0,2.069231896939528e-08,0.9999951124191284,0.007506558392196839,67018.553125,0.17142133276267782,0.09374567535061662,4934.0,3947.0,3252.51044921875,282.63970336914065,63766.10703125,1.0,987.0,20260805.0,0.0,
PatientID_0034_T1_to_T2_t1c,FP_25,PCC,0.10653095191516007,0.056262315249129204,0.3409171523510365,0.20548532749825724,0.05652398806276067,2.131796472896567,55153.2,3947.0,3947.0,7.816776997060514e-06,0.999982476234436,0.006169624254107419,55082.40546875,0.3409171523510365,0.20548532749825724,4934.0,3947.0,3113.477099609375,224.6587890625,51968.89609375,1.0,987.0,20260805.0,0.0,0.9960029607712795
PatientID_0034_T1_to_T2_t1c,MIXED,EIA_BLEND_075,0.09509085302716734,0.049918843052035596,0.6076851617759034,0.43663603225388475,0.0494174272758535,2.0701828158941185,61471.833333333336,3947.0,3947.0,2.2170343783045613e-08,0.9788232306639354,0.00590549923169111,52724.29700520833,0.6076851617759034,0.43663603225388475,2965.0,3947.0,2605.4991129557293,460.94199930826824,50118.799088541666,0.5011401064099316,987.0,20260805.0,0.0,
PatientID_0034_T1_to_T2_t1c,MIXED,EIA_LINEAR,0.09131967614533122,0.047844406491388845,0.16499451070454418,0.08991743576299473,0.04780550402555634,2.055030123259011,64800.5,3947.0,3947.0,2.069231896939528e-08,0.9999951163927714,0.0074798357362548,66779.9734375,0.16499451070454418,0.08991743576299473,2965.0,3947.0,3192.4686360677083,585.2491882324218,63587.580859375,0.5011401064099316,987.0,20260805.0,0.0,
PatientID_0034_T1_to_T2_t1c,MIXED,PCC,0.10524524074385332,0.05554558689346487,0.2541086057865752,0.1457005170302258,0.05514321492564846,2.1204193606601853,55061.13333333333,3947.0,3947.0,7.787680806359276e-06,0.9999816020329794,0.006151255810012367,54918.41158854167,0.2541086057865752,0.1457005170302258,2965.0,3947.0,3028.382332356771,461.44464518229165,51889.995703125,0.5011401064099316,987.0,20260805.0,0.0,0.742388354400794
PatientID_0034_T1_to_T2_t1c,PARTIAL_25,EIA_BLEND_075,0.0950676213344491,0.0499060346780296,0.6425133012867351,0.4733109370150595,0.0489499284195232,2.065843179698546,61417.0,3947.0,3947.0,2.119520357835025e-11,0.980419397354126,0.0058489497750997,52219.421875,0.6425133012867351,0.4733109370150595,992.0,3947.0,2556.136962890625,0.0,49663.25390625,0.2513301241449202,0.0,,,
PatientID_0034_T1_to_T2_t1c,PARTIAL_25,EIA_LINEAR,0.0916449925612723,0.0480230314684385,0.1634152521961724,0.088977790165681,0.0480687802845817,2.057551908943466,64491.0,3947.0,3947.0,2.826027085955917e-11,0.9999951124191284,0.0073958910070359,66030.515625,0.1634152521961724,0.088977790165681,992.0,3947.0,3174.00634765625,0.0,62856.51171875,0.2513301241449202,0.0,,,
PatientID_0034_T1_to_T2_t1c,PARTIAL_25,PCC,0.1057148229976628,0.0558072376309754,0.2333417786631186,0.1320808835318971,0.0550847150929377,2.1199326449963887,54550.0,3947.0,3947.0,7.752772944513708e-06,0.9999819993972778,0.0061052688397467,54507.83984375,0.2333417786631186,0.1320808835318971,992.0,3947.0,3002.548828125,0.0,51505.2734375,0.2513301241449202,0.0,,,0.6817172466018813
PatientID_0034_T1_to_T2_t1c,PARTIAL_50,EIA_BLEND_075,0.0953196696375754,0.0500449698212442,0.6749429947206812,0.5093690249504074,0.0508780882275399,2.083503065562416,61433.0,3947.0,3947.0,2.119520357835025e-11,0.981776237487793,0.0058739082887768,52442.25390625,0.6749429947206812,0.5093690249504074,1978.0,3947.0,2668.16162109375,0.0,49774.08984375,0.5011401064099316,0.0,,,
PatientID_0034_T1_to_T2_t1c,PARTIAL_50,EIA_LINEAR,0.091701844859238,0.0480542543239941,0.1659488219956994,0.0904821109144243,0.048516324799642,2.061781008540456,64514.0,3947.0,3947.0,2.826027085955917e-11,0.9999951124191284,0.0074148038402199,66199.3671875,0.1659488219956994,0.0904821109144243,1978.0,3947.0,3211.75,0.0,62987.609375,0.5011401064099316,0.0,,,
PatientID_0034_T1_to_T2_t1c,PARTIAL_50,PCC,0.1063851593880225,0.0561809915736418,0.2703318977362133,0.1562911968424943,0.0558883604532748,2.1265925359373323,54595.0,3947.0,3947.0,7.803755579516292e-06,0.999982476234436,0.0061160186305642,54603.81640625,0.2703318977362133,0.1562911968424943,1978.0,3947.0,3051.7177734375,0.0,51552.06640625,0.5011401064099316,0.0,,,0.7897853442672891
PatientID_0034_T1_to_T2_t1c,SHIFT_3,EIA_BLEND_075,0.09540987885436207,0.05009470815912543,0.6290853813492417,0.4591360754883595,0.05196061493249568,2.093140580750602,61465.5,3947.0,3947.0,2.0915099802528328e-11,0.9877103467782339,0.0059254864075530995,52902.742838541664,0.6290853813492417,0.4591360754883595,3947.0,3947.0,2748.8590494791665,622.5204772949219,50153.888020833336,0.527827041634997,1863.6666666666667,,,
PatientID_0034_T1_to_T2_t1c,SHIFT_3,EIA_LINEAR,0.09180822004397864,0.0481126830316638,0.16991808134829176,0.09285179283742744,0.048499219894594166,2.0615961560184073,64536.333333333336,3947.0,3947.0,2.788679935121033e-11,0.9999951124191284,0.007452104783927334,66532.390625,0.16991808134829176,0.09285179283742744,3947.0,3947.0,3226.769816080729,742.2907002766927,63305.649088541664,0.527827041634997,1863.6666666666667,,,
PatientID_0034_T1_to_T2_t1c,SHIFT_3,PCC,0.10681426762699586,0.05642042654188873,0.30850434938242066,0.18257863991887177,0.05630552406129812,2.130011508353649,54687.5,3947.0,3947.0,7.794591510901228e-06,0.9999838868776957,0.0061316344266136,54743.232421875,0.30850434938242066,0.18257863991887177,3947.0,3947.0,3082.3526204427085,559.7290852864584,51660.846354166664,0.527827041634997,1863.6666666666667,,,0.9013076733649246
PatientID_0035_T1_to_T2_t1c,FP_25,EIA_BLEND_075,0.04858336965023214,0.02489646183527616,0.6285503504927055,0.4583109199950751,0.025177342120494838,1.9295768789481087,88307.8,2711.0,2711.0,6.535515835112693e-12,0.9829559922218323,0.00865881629288192,77305.9140625,0.6285503504927055,0.4583109199950751,3389.0,2711.0,1946.3574462890624,75.50093994140624,75359.4984375,1.0,678.0,20260805.0,0.0,
PatientID_0035_T1_to_T2_t1c,FP_25,EIA_LINEAR,0.04523077925819158,0.02313867991134284,0.2740686095031227,0.1587946144135938,0.02303827317567724,1.8900652304700352,96336.6,2711.0,2711.0,8.714021344780052e-12,0.9999333024024966,0.01112210061401124,99298.1140625,0.2740686095031227,0.1587946144135938,3389.0,2711.0,2287.65703125,99.99324493408203,97010.3484375,1.0,678.0,20260805.0,0.0,
PatientID_0035_T1_to_T2_t1c,FP_25,PCC,0.054042845127916364,0.02777185769352932,0.3947620805247579,0.24592123869856802,0.02737021094724258,1.9668227036845494,80223.2,2711.0,2711.0,8.043365596677177e-06,0.9999227523803713,0.00915056765079494,81696.26875,0.3947620805247579,0.24592123869856802,3389.0,2711.0,2236.044091796875,77.96322784423828,79460.25625,1.0,678.0,20260805.0,0.0,1.0039399624746996
PatientID_0035_T1_to_T2_t1c,MIXED,EIA_BLEND_075,0.04785650627140186,0.02451485362614928,0.45885896972970747,0.29919346255266,0.023276626481988645,1.8946269984833062,88263.73333333334,2711.0,2711.0,8.694687670939931e-12,0.9929814497629802,0.00861640966807797,76927.30677083334,0.45885896972970747,0.29919346255266,2036.0,2711.0,1790.6081868489584,361.7840647379557,75136.6640625,0.5009221689413501,678.0,20260805.0,0.0,
PatientID_0035_T1_to_T2_t1c,MIXED,EIA_LINEAR,0.04476836936156317,0.02289670989067672,0.26702323879250767,0.15408488175958343,0.02267093402254574,1.8829200829901809,96272.56666666667,2711.0,2711.0,1.1589985207093497e-11,0.9999307334423065,0.011094091894725914,99048.053125,0.26702323879250767,0.15408488175958343,2036.0,2711.0,2245.5133463541665,444.2078160603841,96802.47786458333,0.5009221689413501,678.0,20260805.0,0.0,
PatientID_0035_T1_to_T2_t1c,MIXED,PCC,0.05266042992306067,0.027042250662647052,0.3313414485433404,0.19862224878458093,0.026455206653177278,1.951645184204481,80092.46666666666,2711.0,2711.0,8.043401339818957e-06,0.9998901863892873,0.009131918940693083,81529.77265625,0.3313414485433404,0.19862224878458093,2036.0,2711.0,2156.8874674479166,349.38313954671224,79372.90989583333,0.5009221689413501,678.0,20260805.0,0.0,0.8426516573596068
PatientID_0035_T1_to_T2_t1c,PARTIAL_25,EIA_BLEND_075,0.0479736046296621,0.0245763093952878,0.5311693103041001,0.3616273231136044,0.0235873136536605,1.900537282148122,88214.0,2711.0,2711.0,1.596211877952225e-12,0.9938904643058776,0.0085758110508322,76564.84375,0.5311693103041001,0.3616273231136044,682.0,2711.0,1805.958984375,0.0,74758.890625,0.2515676872002951,0.0,,,
PatientID_0035_T1_to_T2_t1c,PARTIAL_25,EIA_LINEAR,0.0455006818023365,0.0232799681170053,0.2674289931266269,0.1543538430584726,0.0236725639768566,1.902142601798838,94826.0,2711.0,2711.0,2.1282825762164448e-12,0.9999305605888368,0.0106506161391735,95088.703125,0.2674289931266269,0.1543538430584726,682.0,2711.0,2250.993408203125,0.0,92837.6171875,0.2515676872002951,0.0,,,
PatientID_0035_T1_to_T2_t1c,PARTIAL_25,PCC,0.0535639283625254,0.0275189764282765,0.3139063077620977,0.186173703962771,0.026774888446848,1.9570063662958463,78239.0,2711.0,2711.0,8.048308700381313e-06,0.9998689889907836,0.0089750522747635,80129.265625,0.3139063077620977,0.186173703962771,682.0,2711.0,2145.4521484375,0.0,77983.859375,0.2515676872002951,0.0,,,0.7983114447475088
PatientID_0035_T1_to_T2_t1c,PARTIAL_50,EIA_BLEND_075,0.0480520765859048,0.0246174992786608,0.5285872372687961,0.3592379043972831,0.024006330438263,1.90837100632344,88232.0,2711.0,2711.0,1.596211877952225e-12,0.9952647089958192,0.0085907652974128,76698.3515625,0.5285872372687961,0.3592379043972831,1358.0,2711.0,1841.2459716796875,0.0,74857.109375,0.5009221689413501,0.0,,,
PatientID_0035_T1_to_T2_t1c,PARTIAL_50,EIA_LINEAR,0.0455481451983326,0.023304818226367,0.2685355958560428,0.1550916064859199,0.0236510218764941,1.901737383401348,94900.0,2711.0,2711.0,2.1282825762164448e-12,0.9999335408210754,0.0107015930116176,95543.8203125,0.2685355958560428,0.1550916064859199,1358.0,2711.0,2259.708984375,0.0,93284.0703125,0.5009221689413501,0.0,,,
PatientID_0035_T1_to_T2_t1c,PARTIAL_50,PCC,0.0541260310570712,0.0278157948217278,0.3426779787269129,0.206766080746324,0.0271589110295552,1.963362403694913,78396.0,2711.0,2711.0,8.042845365707763e-06,0.9999191761016846,0.0089974431321024,80329.171875,0.3426779787269129,0.206766080746324,1358.0,2711.0,2181.65283203125,0.0,78147.578125,0.5009221689413501,0.0,,,0.8714821764205055
PatientID_0035_T1_to_T2_t1c,SHIFT_3,EIA_BLEND_075,0.048206400728807115,0.02469851688036988,0.5057789254569447,0.3422075920249248,0.024210859626214633,1.9121258744493055,88279.66666666667,2711.0,2711.0,1.4915505896356818e-12,0.9823172589143118,0.008634926751255934,77092.625,0.5057789254569447,0.3422075920249248,2711.0,2711.0,1866.4787190755208,602.087168375651,75226.12630208333,0.35497356449034795,1748.6666666666667,,,
PatientID_0035_T1_to_T2_t1c,SHIFT_3,EIA_LINEAR,0.045593326975425896,0.0233284761897989,0.2710561909619348,0.15677660043400246,0.023567597337324598,1.9001577306886872,94993.5,2711.0,2711.0,1.988734169206842e-12,0.9999308089415232,0.01077278237789865,96179.40104166667,0.2710561909619348,0.15677660043400246,2711.0,2711.0,2266.654825846354,722.4260406494141,93912.67447916667,0.35497356449034795,1748.6666666666667,,,
PatientID_0035_T1_to_T2_t1c,SHIFT_3,PCC,0.054524416854373765,0.02802628006729115,0.35946145345638847,0.21914964518761695,0.027286805408764648,1.9654563686833073,78494.16666666667,2711.0,2711.0,8.042912971480595e-06,0.9998963375886282,0.009020155916611317,80531.953125,0.35946145345638847,0.21914964518761695,2711.0,2711.0,2197.454549153646,572.3726196289062,78334.55338541667,0.35497356449034795,1748.6666666666667,,,0.9141651032297538
PatientID_0036_T1_to_T2_t1c,FP_25,EIA_BLEND_075,0.23165609261458417,0.1310017195550476,0.562833423675842,0.39162713483484657,0.4198378665530445,1.9611055473988785,32503.0,70106.0,70106.0,6.670847652046062e-10,0.9870596051216125,0.005734649579972,51198.9515625,0.562833423675842,0.39162713483484657,87632.0,70106.0,21495.25859375,551.6009765625,29703.739453125,1.0,17526.0,20260805.0,0.0,
PatientID_0036_T1_to_T2_t1c,FP_25,EIA_LINEAR,0.23692889572870776,0.13438419772540472,0.5629646535277796,0.39175421803809984,0.4072160823506333,1.9385024993800883,35351.8,70106.0,70106.0,8.881041679842381e-10,0.9999362826347353,0.00683115338906642,60988.5375,0.5629646535277796,0.39175421803809984,87632.0,70106.0,24835.512109375,702.2458374023438,36153.04609375,1.0,17526.0,20260805.0,0.0,
PatientID_0036_T1_to_T2_t1c,FP_25,PCC,0.2778596726914321,0.1613455471378586,0.38913930334501223,0.24157228988506851,0.41901235378621166,1.9596339520069084,32603.4,70106.0,70106.0,8.18233093013987e-06,0.999923825263977,0.00423388732597226,37800.1453125,0.38913930334501223,0.24157228988506851,87632.0,70106.0,15838.727734375,400.83253784179686,21961.394140625,1.0,17526.0,20260805.0,0.0,0.9946767783571905
PatientID_0036_T1_to_T2_t1c,MIXED,EIA_BLEND_075,0.21782058815372699,0.12222438588384857,0.49997717742062026,0.33333961547780366,0.3747164261592316,1.8791923625204214,31575.066666666666,70106.0,70106.0,4.4894837847309077e-10,0.9581128100554148,0.0047535164747386635,42439.394791666666,0.49997717742062026,0.33333961547780366,52583.0,70106.0,15902.738346354166,1141.2381795247395,26536.7029296875,0.5000570564573645,17526.0,20260805.0,0.0,
PatientID_0036_T1_to_T2_t1c,MIXED,EIA_LINEAR,0.22821971869556024,0.1288092678673382,0.5001673656118341,0.3335097191544713,0.37364270246950987,1.8771948653469412,34643.8,70106.0,70106.0,5.98597837964121e-10,0.9999303201834361,0.0057919629849493065,51710.64557291667,0.5001673656118341,0.3335097191544713,52583.0,70106.0,19321.738997395834,1416.0729207356771,32388.916796875,0.5000570564573645,17526.0,20260805.0,0.0,
PatientID_0036_T1_to_T2_t1c,MIXED,PCC,0.2398646376862522,0.13629537646206322,0.3363720651632073,0.20220189378893527,0.3761017866659651,1.8817230423281512,29992.033333333333,70106.0,70106.0,8.195220622534786e-06,0.9998118539651235,0.0038706247772400033,34556.93802083333,0.3363720651632073,0.20220189378893527,52583.0,70106.0,12999.898665364582,624.9882049560547,21556.995377604166,0.5000570564573645,17526.0,20260805.0,0.0,0.8597987384719473
PatientID_0036_T1_to_T2_t1c,PARTIAL_25,EIA_BLEND_075,0.2108418834362889,0.1178441868793372,0.4576498445250217,0.2967224030843378,0.3908084924133709,1.9087826185461287,30965.0,70106.0,70106.0,2.3491676133654763e-14,0.8939560055732727,0.0037727174349129,33682.8203125,0.4576498445250217,0.2967224030843378,17534.0,70106.0,13163.5322265625,0.0,20519.333984375,0.2501069808575585,0.0,,,
PatientID_0036_T1_to_T2_t1c,PARTIAL_25,EIA_LINEAR,0.225379206871167,0.1270013333283433,0.4613870424823739,0.299872063492668,0.4005720923790159,1.9265166267580065,33861.0,70106.0,70106.0,3.1322234844873016e-14,0.9999268651008606,0.0046409484930336,41434.38671875,0.4613870424823739,0.299872063492668,17534.0,70106.0,16597.458984375,0.0,24836.9765625,0.2501069808575585,0.0,,,
PatientID_0036_T1_to_T2_t1c,PARTIAL_25,PCC,0.223768529374726,0.125979374357588,0.3145379853413792,0.1866182581462021,0.3610685082273528,1.853709147364336,28049.0,70106.0,70106.0,8.115060154523235e-06,0.9997276663780212,0.003632269334048,32428.900390625,0.3145379853413792,0.1866182581462021,17534.0,70106.0,11709.0546875,0.0,20719.828125,0.2501069808575585,0.0,,,0.8039887701935323
PatientID_0036_T1_to_T2_t1c,PARTIAL_50,EIA_BLEND_075,0.219393832017055,0.1232130023868294,0.5186146692186216,0.3500876230154824,0.4365500010930253,1.9907512023264924,31483.0,70106.0,70106.0,2.3491676133654763e-14,0.948269784450531,0.004262650385499,38056.94140625,0.5186146692186216,0.3500876230154824,35057.0,70106.0,16613.7578125,0.0,21443.228515625,0.5000570564573645,0.0,,,
PatientID_0036_T1_to_T2_t1c,PARTIAL_50,EIA_LINEAR,0.2297206618298882,0.1297652053464546,0.5211108892283034,0.3523664387257558,0.4362106716321673,1.990153122192707,34212.0,70106.0,70106.0,3.1322234844873016e-14,0.9999300837516784,0.0051603023894131,46071.1796875,0.5211108892283034,0.3523664387257558,35057.0,70106.0,20096.740234375,0.0,25974.447265625,0.5000570564573645,0.0,,,
PatientID_0036_T1_to_T2_t1c,PARTIAL_50,PCC,0.244623412670099,0.1393566568247605,0.3469032607811962,0.2098505505193641,0.3888972843055632,1.9052948819875464,29353.0,70106.0,70106.0,8.114465344988275e-06,0.9998239874839784,0.0038203264120966,34107.875,0.3469032607811962,0.2098505505193641,35057.0,70106.0,13264.4599609375,0.0,20843.380859375,0.5000570564573645,0.0,,,0.8867174681903467
PatientID_0036_T1_to_T2_t1c,SHIFT_3,EIA_BLEND_075,0.22880102534382016,0.12918195199233393,0.5434199640576881,0.3731179911065947,0.43109472744986327,1.9811000587046248,32224.666666666668,70106.0,70106.0,3.733903946103385e-12,0.9871253669261932,0.005243887736772433,46817.430338541664,0.5434199640576881,0.3731179911065947,70106.0,70106.0,20182.747395833332,3316.5266927083335,26634.712239583332,0.7228197301229566,19432.0,,,
PatientID_0036_T1_to_T2_t1c,SHIFT_3,EIA_LINEAR,0.23608691707481064,0.1338441752018459,0.5459209387721503,0.3754823574828046,0.4235243695401298,1.9676611504198218,34765.0,70106.0,70106.0,4.953499337148413e-12,0.9999355375766754,0.006224214254567967,55569.78515625,0.5459209387721503,0.3754823574828046,70106.0,70106.0,23535.722330729168,3943.578328450521,32034.082682291668,0.7228197301229566,19432.0,,,
PatientID_0036_T1_to_T2_t1c,SHIFT_3,PCC,0.27109398090330256,0.15682184652878278,0.3768911838308402,0.23221157255045718,0.41434158223364603,1.9512641249780425,31418.833333333332,70106.0,70106.0,8.128630876550838e-06,0.9999027748902639,0.004103129186357034,36632.737630208336,0.3768911838308402,0.23221157255045718,70106.0,70106.0,15181.657552083334,990.6600443522135,21451.028645833332,0.7228197301229566,19432.0,,,0.9633694291519906
PatientID_0037_T1_to_T2_t1c,FP_25,EIA_BLEND_075,0.35062950369023493,0.21258383400270375,0.3537114006059623,0.21485382383075446,0.3136105511587066,2.0543488911640644,44897.2,35849.0,35849.0,8.44782732656313e-08,0.9856040000915527,0.0055210052989423,49291.53515625,0.3537114006059623,0.21485382383075446,44811.0,35849.0,15458.3455078125,261.3999847412109,33833.17578125,1.0,8962.0,20260805.0,0.0,
PatientID_0037_T1_to_T2_t1c,FP_25,EIA_LINEAR,0.34789719217303433,0.21057841621433523,0.33288515719639483,0.19967740055508756,0.29377949973296635,2.013610271586159,48290.8,35849.0,35849.0,1.0138172967799622e-07,0.9999988079071043,0.0067872712388634005,60596.7578125,0.33288515719639483,0.19967740055508756,44811.0,35849.0,17802.084765625,337.36640625,42794.65234375,1.0,8962.0,20260805.0,0.0,
PatientID_0037_T1_to_T2_t1c,FP_25,PCC,0.3776818894101934,0.23280384285825786,0.375017434246771,0.23078243569918566,0.33949845426679714,2.1054927743771006,43731.2,35849.0,35849.0,8.39013828226598e-06,0.9999899864196775,0.0050905906595289,45448.79375,0.375017434246771,0.23078243569918566,44811.0,35849.0,15429.794921875,205.88660583496093,30018.976953125,1.0,8962.0,20260805.0,0.0,0.9930565814746249
PatientID_0037_T1_to_T2_t1c,MIXED,EIA_BLEND_075,0.34162193521353756,0.2059977279877954,0.33686481260281276,0.2025484039761472,0.29027768961030614,2.006238722645329,44184.3,35849.0,35849.0,8.448299032200644e-08,0.9658621390660603,0.005076684352631313,45324.63763020833,0.33686481260281276,0.2025484039761472,26892.0,35849.0,13156.731087239583,1848.520682779948,32167.838932291666,0.5001534212948757,8962.0,20260805.0,0.0,
PatientID_0037_T1_to_T2_t1c,MIXED,EIA_LINEAR,0.3421854089724565,0.20640754105755296,0.330206328405299,0.197752781017808,0.28303409981509486,1.9908612329413549,47877.73333333333,35849.0,35849.0,1.013817296779962e-07,0.9999986787637075,0.006435505642245167,57456.19440104167,0.330206328405299,0.197752781017808,26892.0,35849.0,16261.949283854166,2251.591678873698,41194.26653645833,0.5001534212948757,8962.0,20260805.0,0.0,
PatientID_0037_T1_to_T2_t1c,MIXED,PCC,0.3537693004258004,0.21489711103526316,0.35005439483179374,0.21216172511330186,0.3205066787772329,2.0681784318885046,41949.433333333334,35849.0,35849.0,8.259784863184905e-06,0.9999846418698629,0.00484298472292716,43238.16783854167,0.35005439483179374,0.21216172511330186,26892.0,35849.0,13858.150130208332,1243.4716491699219,29379.997005208334,0.5001534212948757,8962.0,20260805.0,0.0,0.9269537597899633
PatientID_0037_T1_to_T2_t1c,PARTIAL_25,EIA_BLEND_075,0.3408520674510632,0.2054380207902152,0.3356300036355877,0.2016558844366698,0.3129213326060751,2.0529587766394912,43863.0,35849.0,35849.0,5.03871278034751e-10,0.9542929530143738,0.0045222048647701,40374.24609375,0.3356300036355877,0.2016558844366698,8970.0,35849.0,12633.962890625,0.0,27740.177734375,0.2502161845518703,0.0,,,
PatientID_0037_T1_to_T2_t1c,PARTIAL_25,EIA_LINEAR,0.3424596750093847,0.2066071454526082,0.3330078942322937,0.1997657295983975,0.3060975299351907,2.039090333170144,47536.0,35849.0,35849.0,6.717446598969443e-10,0.9999986290931702,0.0058100777678191,51872.375,0.3330078942322937,0.1997657295983975,8970.0,35849.0,15878.005859375,0.0,35994.3515625,0.2502161845518703,0.0,,,
PatientID_0037_T1_to_T2_t1c,PARTIAL_25,PCC,0.3514698801536709,0.2132019766776677,0.3486010767476276,0.2110944072023936,0.3210192955925754,2.0692025954340862,40994.0,35849.0,35849.0,8.124600753944833e-06,0.999974250793457,0.004717017058283,42113.52734375,0.3486010767476276,0.2110944072023936,8970.0,35849.0,13519.2548828125,0.0,28594.2421875,0.2502161845518703,0.0,,,0.923105333139197
PatientID_0037_T1_to_T2_t1c,PARTIAL_50,EIA_BLEND_075,0.3443163920983936,0.2079602591129571,0.3419900136776202,0.2062653521449869,0.3225660028052506,2.0722814747344165,44153.0,35849.0,35849.0,1.0816938456059684e-09,0.9659587740898132,0.0047843311913311,42714.5078125,0.3419900136776202,0.2062653521449869,17930.0,35849.0,13778.248046875,0.0,28936.166015625,0.5001534212948757,0.0,,,
PatientID_0037_T1_to_T2_t1c,PARTIAL_50,EIA_LINEAR,0.3442950690224906,0.2079447023381785,0.3339005272206491,0.2004085186311209,0.3104310491258817,2.0479165424186854,47684.0,35849.0,35849.0,1.4360402866842035e-09,0.9999986886978148,0.0060531343333423,54042.3828125,0.3339005272206491,0.2004085186311209,17930.0,35849.0,16776.43359375,0.0,37265.921875,0.5001534212948757,0.0,,,
PatientID_0037_T1_to_T2_t1c,PARTIAL_50,PCC,0.3602580645243838,0.2197041233991233,0.3586431978666261,0.21850410429431,0.3289520083883145,2.0849079768615963,41651.0,35849.0,35849.0,8.272921149909962e-06,0.999980330467224,0.0048127924092113,42968.609375,0.3586431978666261,0.21850410429431,17930.0,35849.0,14134.6103515625,0.0,28833.962890625,0.5001534212948757,0.0,,,0.949697148768293
PatientID_0037_T1_to_T2_t1c,SHIFT_3,EIA_BLEND_075,0.3474803777141547,0.2102733164696229,0.3480478302600531,0.21068963203673494,0.30991116600097024,2.0468361840140363,44716.666666666664,35849.0,35849.0,2.7860522037551996e-09,0.9855058987935384,0.005256695284818549,46931.774088541664,0.3480478302600531,0.21068963203673494,35849.0,35849.0,14544.680826822916,4166.376953125,32387.004231770832,0.505379043580946,17731.666666666668,,,
PatientID_0037_T1_to_T2_t1c,SHIFT_3,EIA_LINEAR,0.34665518267445794,0.2096691787077125,0.3347978093391522,0.2010553770611462,0.29576232863840146,2.0177380238688305,48005.666666666664,35849.0,35849.0,3.6387324634882625e-09,0.9999987880388894,0.006481472169980366,57866.583984375,0.3347978093391522,0.2010553770611462,35849.0,35849.0,17114.454752604168,4895.5890706380205,40752.143229166664,0.505379043580946,17731.666666666668,,,
PatientID_0037_T1_to_T2_t1c,SHIFT_3,PCC,0.3706693235916479,0.2274992361468082,0.36798794946347196,0.22548326461413917,0.3330532512495132,2.0929448031895115,43095.5,35849.0,35849.0,8.374162613714967e-06,0.9999903837839762,0.005013670927534466,44762.054036458336,0.36798794946347196,0.22548326461413917,35849.0,35849.0,14908.14599609375,2881.4215087890625,29853.8916015625,0.505379043580946,17731.666666666668,,,0.9744423105342576
PatientID_0038_T1_to_T2_t1c,FP_25,EIA_BLEND_075,0.25148439840175946,0.1438273689114421,0.28767843727859355,0.16800491558789682,0.3051767752961495,2.166924168549552,20874.0,26620.0,26620.0,1.5721818957814546e-09,0.9582378625869751,0.00315176923759278,28138.995703125,0.28767843727859355,0.16800491558789682,33275.0,26620.0,8587.36796875,214.89495849609375,19551.64140625,1.0,6655.0,20260805.0,0.0,
PatientID_0038_T1_to_T2_t1c,FP_25,EIA_LINEAR,0.2584164446670989,0.14838015897889942,0.280398196857994,0.16305995821791855,0.28847409786369127,2.1321630721421085,23353.6,26620.0,26620.0,2.0033509073869028e-09,0.9997804045677186,0.00387793262489136,34622.1828125,0.280398196857994,0.16305995821791855,33275.0,26620.0,9987.6029296875,277.10601806640625,24634.6234375,1.0,6655.0,20260805.0,0.0,
PatientID_0038_T1_to_T2_t1c,FP_25,PCC,0.3056884205604994,0.18042042835516212,0.3359729526796399,0.2019035420841692,0.32720595652013496,2.211187159356719,20964.4,26620.0,26620.0,8.351689393748529e-06,0.9996139407157898,0.00269951247610144,24101.247265625,0.3359729526796399,0.2019035420841692,33275.0,26620.0,7886.07158203125,180.7191131591797,16215.1322265625,1.0,6655.0,20260805.0,0.0,0.9896647117411939
PatientID_0038_T1_to_T2_t1c,MIXED,EIA_BLEND_075,0.23571385074242637,0.13360400362996777,0.2683909341484775,0.1549965618094643,0.26997161751153603,2.092197397048527,20393.7,26620.0,26620.0,4.0091923103150826e-10,0.9474196155865987,0.0028021018020808297,25017.165169270833,0.2683909341484775,0.1549965618094643,19967.0,26620.0,6753.924544270833,707.7896870930989,18263.262825520833,0.5000751314800902,6655.0,20260805.0,0.0,
PatientID_0038_T1_to_T2_t1c,MIXED,EIA_LINEAR,0.2479063857486246,0.14149194424979397,0.2672639619471463,0.15424436542728828,0.26406161878107226,2.0790894054770437,22987.733333333334,26620.0,26620.0,5.208190477270131e-10,0.999780390659968,0.0035211137263103866,31436.503190104166,0.2672639619471463,0.15424436542728828,19967.0,26620.0,8301.177294921876,866.7139973958333,23135.323111979167,0.5000751314800902,6655.0,20260805.0,0.0,
PatientID_0038_T1_to_T2_t1c,MIXED,PCC,0.2620584987350045,0.1507931547693371,0.2945554720893835,0.1727191941229475,0.2886301187505772,2.132465286647121,19605.066666666666,26620.0,26620.0,8.35154093389671e-06,0.9993356724580129,0.0025226692591482866,22522.391276041668,0.2945554720893835,0.1727191941229475,19967.0,26620.0,6501.12841796875,306.0835479736328,16021.228190104166,0.5000751314800902,6655.0,20260805.0,0.0,0.8676625723949138
PatientID_0038_T1_to_T2_t1c,PARTIAL_25,EIA_BLEND_075,0.2301690785278804,0.1300514505391422,0.2626972201490853,0.1512098082221288,0.2884004082782014,2.13200533685176,20163.0,26620.0,26620.0,2.445912569704056e-11,0.9249076247215272,0.00241483701393,21559.6640625,0.2626972201490853,0.1512098082221288,6660.0,26620.0,6217.81591796875,0.0,15341.9052734375,0.2501878287002254,0.0,,,
PatientID_0038_T1_to_T2_t1c,PARTIAL_25,EIA_LINEAR,0.2470067513972503,0.140905706061135,0.2664162284134783,0.1536794660840409,0.2904396167083796,2.13631357160945,22407.0,26620.0,26620.0,3.2612166439571766e-11,0.9997785091400146,0.0030201172921806,26963.607421875,0.2664162284134783,0.1536794660840409,6660.0,26620.0,7831.2998046875,0.0,19132.31640625,0.2501878287002254,0.0,,,
PatientID_0038_T1_to_T2_t1c,PARTIAL_25,PCC,0.2510701532758651,0.143556446111965,0.2833208114334463,0.1650400455344864,0.281190331012935,2.1166341117261083,18467.0,26620.0,26620.0,8.292502570839133e-06,0.9992464780807496,0.0024066923651844,21486.94921875,0.2833208114334463,0.1650400455344864,6660.0,26620.0,6041.92236328125,0.0,15444.9970703125,0.2501878287002254,0.0,,,0.834568994144375
PatientID_0038_T1_to_T2_t1c,PARTIAL_50,EIA_BLEND_075,0.2393522060860462,0.1359455348944751,0.2728775357011105,0.1579954759187838,0.3091768614911069,2.1750854004435234,20432.0,26620.0,26620.0,2.445912569704056e-11,0.9407469034194946,0.0025988910347223,23202.8984375,0.2728775357011105,0.1579954759187838,13312.0,26620.0,7173.79931640625,0.0,16029.158203125,0.5000751314800902,0.0,,,
PatientID_0038_T1_to_T2_t1c,PARTIAL_50,EIA_LINEAR,0.2514953062741734,0.1438345045306284,0.2733658903216873,0.1583229989522371,0.3019286316711464,2.1602515911559106,22701.0,26620.0,26620.0,3.2612166439571766e-11,0.9997785687446594,0.0032337429001927,28870.857421875,0.2733658903216873,0.1583229989522371,13312.0,26620.0,8716.9384765625,0.0,20153.931640625,0.5000751314800902,0.0,,,
PatientID_0038_T1_to_T2_t1c,PARTIAL_50,PCC,0.2726144061494497,0.1578190805447805,0.3073253193218008,0.1815619521254008,0.3011652612411215,2.1586780773736263,19291.0,26620.0,26620.0,8.292312486446463e-06,0.9992483258247375,0.0025046991650015,22361.955078125,0.3073253193218008,0.1815619521254008,13312.0,26620.0,6734.64404296875,0.0,15627.2802734375,0.5000751314800902,0.0,,,0.9052783003261439
PatientID_0038_T1_to_T2_t1c,SHIFT_3,EIA_BLEND_075,0.24653581888067178,0.14060101972540381,0.28168670174151605,0.16393394181895563,0.30100090912878824,2.158297248397268,20704.5,26620.0,26620.0,2.445912569704056e-11,0.9661971926689148,0.002959897625260017,26425.9658203125,0.28168670174151605,0.16393394181895563,26620.0,26620.0,7954.23974609375,1672.316914876302,18471.75,0.5736288504883545,11350.0,,,
PatientID_0038_T1_to_T2_t1c,SHIFT_3,EIA_LINEAR,0.2554803805585307,0.1464481354610643,0.27849987479441835,0.16177834822690648,0.2880411429319536,2.1312061344791235,23061.166666666668,26620.0,26620.0,3.2612166439571766e-11,0.9997801184654236,0.003653005813248417,32614.035807291668,0.27849987479441835,0.16177834822690648,26620.0,26620.0,9394.13720703125,1997.2875569661458,23219.902669270832,0.5736288504883545,11350.0,,,
PatientID_0038_T1_to_T2_t1c,SHIFT_3,PCC,0.29317761354402627,0.17177803104493103,0.325864012033699,0.19465939874914792,0.3173830684318045,2.1916190588924116,20308.333333333332,26620.0,26620.0,8.299011976002172e-06,0.9996251066525778,0.002626173159417933,23446.4736328125,0.325864012033699,0.19465939874914792,26620.0,26620.0,7442.258544921875,454.7098439534505,16004.175944010416,0.5736288504883545,11350.0,,,0.9598871306871813
PatientID_0039_T1_to_T2_t1c,FP_25,EIA_BLEND_075,0.08196886416740015,0.042735940341458056,0.744730170274406,0.5932829574626286,0.043096155722819156,2.1631226189623107,56822.6,2761.0,2761.0,5.314813122936357e-09,0.9946940541267397,0.005676992144435599,50684.18671875,0.744730170274406,0.5932829574626286,3451.0,2761.0,2184.293603515625,78.92211456298828,48499.921875,1.0,690.0,20260805.0,0.0,
PatientID_0039_T1_to_T2_t1c,FP_25,EIA_LINEAR,0.08011868533164576,0.04173106158209836,0.11771097444445648,0.0625360786872164,0.04173110245119176,2.148524940622565,58847.6,2761.0,2761.0,7.086417408430634e-09,0.9999880790710447,0.00658004321157928,58746.62578125,0.11771097444445648,0.0625360786872164,3451.0,2761.0,2451.56142578125,104.25486602783204,56295.10078125,1.0,690.0,20260805.0,0.0,
PatientID_0039_T1_to_T2_t1c,FP_25,PCC,0.09733954882145432,0.05115970587609512,0.2875769649968169,0.1679357023756481,0.04721224808609884,2.204611736605626,47598.8,2761.0,2761.0,8.13843525975244e-06,0.9999631166458129,0.00564634865149852,50410.60078125,0.2875769649968169,0.1679357023756481,3451.0,2761.0,2379.99775390625,82.17864227294922,48030.5390625,1.0,690.0,20260805.0,0.0,1.0
PatientID_0039_T1_to_T2_t1c,MIXED,EIA_BLEND_075,0.08146133128102374,0.04246010411272545,0.634311239955153,0.46648356822193887,0.039601588312581204,2.1247487062104233,56766.6,2761.0,2761.0,4.5031342770414835e-09,0.9659559587637584,0.005651107911641363,50453.09166666667,0.634311239955153,0.46648356822193887,2072.0,2761.0,1998.022566731771,362.87208150227866,48455.08489583333,0.5005432814197754,690.0,20260805.0,0.0,
PatientID_0039_T1_to_T2_t1c,MIXED,EIA_LINEAR,0.07985100246737716,0.041585843317129514,0.10511891842838601,0.05547998730474813,0.04140041952038687,2.1449162616208377,58820.36666666667,2761.0,2761.0,5.955979086776549e-09,0.9999880989392598,0.00657651593598221,58715.13424479167,0.10511891842838601,0.05547998730474813,2072.0,2761.0,2430.823347981771,436.35506947835285,56284.356640625,0.5005432814197754,690.0,20260805.0,0.0,
PatientID_0039_T1_to_T2_t1c,MIXED,PCC,0.09558518052629864,0.05019140888952134,0.17837739964172805,0.09804357286219333,0.0452826384067506,2.1856017066710822,47447.6,2761.0,2761.0,8.138177903068329e-06,0.9999632676442464,0.005620272799084533,50177.795572916664,0.17837739964172805,0.09804357286219333,2072.0,2761.0,2272.187955729167,308.0692850748698,47905.544270833336,0.5005432814197754,690.0,20260805.0,0.0,0.6202770783247624
PatientID_0039_T1_to_T2_t1c,PARTIAL_25,EIA_BLEND_075,0.0813210466287529,0.0423838738117023,0.6979355306595553,0.5360222532584084,0.0398427469017361,2.127559482219504,56707.0,2761.0,2761.0,8.916913041279173e-11,0.9946940541267396,0.0055847642943263,49860.77734375,0.6979355306595553,0.5360222532584084,693.0,2761.0,1986.59033203125,0.0,47874.1953125,0.250996015936255,0.0,,,
PatientID_0039_T1_to_T2_t1c,PARTIAL_25,EIA_LINEAR,0.0805089609411758,0.0419428688744286,0.1064831584377973,0.0562356543503757,0.0424336856623605,2.156094589112595,58226.0,2761.0,2761.0,1.1889217388372228e-10,0.9999880790710448,0.0063989977352321,57130.25,0.1064831584377973,0.0562356543503757,693.0,2761.0,2424.2470703125,0.0,54706.01171875,0.250996015936255,0.0,,,
PatientID_0039_T1_to_T2_t1c,PARTIAL_25,PCC,0.0968081233242281,0.0508661919640585,0.1695038031203361,0.0925999210343094,0.0455231928604503,2.188020688304773,46677.0,2761.0,2761.0,8.129762136377394e-06,0.9999630451202391,0.0055604195222258,49643.42578125,0.1695038031203361,0.0925999210343094,693.0,2761.0,2259.92724609375,0.0,47383.421875,0.250996015936255,0.0,,,0.58942065517039
PatientID_0039_T1_to_T2_t1c,PARTIAL_50,EIA_BLEND_075,0.0819975132055987,0.0427515155930414,0.7077145962137423,0.5476457400370949,0.0413027505899137,2.143849918424661,56753.0,2761.0,2761.0,8.916913041279173e-11,0.9615558385849,0.0056146346032619,50127.45703125,0.7077145962137423,0.5476457400370949,1382.0,2761.0,2070.40185546875,0.0,48057.078125,0.5005432814197754,0.0,,,
PatientID_0039_T1_to_T2_t1c,PARTIAL_50,EIA_LINEAR,0.0808007995039106,0.0421013094934167,0.1097428469558596,0.0580570992416062,0.0426495881265461,2.158396465546077,58278.0,2761.0,2761.0,1.1889217388372228e-10,0.9999880790710448,0.0064271045848727,57381.19140625,0.1097428469558596,0.0580570992416062,1382.0,2761.0,2447.2841796875,0.0,54933.93359375,0.5005432814197754,0.0,,,
PatientID_0039_T1_to_T2_t1c,PARTIAL_50,PCC,0.0976929132451064,0.0513549646870667,0.1966678741041891,0.1090580439628322,0.0462425908027151,2.195157595867843,46782.0,2761.0,2761.0,8.129762136377394e-06,0.9999630451202391,0.0055738454684615,49763.29296875,0.1966678741041891,0.1090580439628322,1382.0,2761.0,2301.18359375,0.0,47462.03125,0.5005432814197754,0.0,,,0.6838790933980611
PatientID_0039_T1_to_T2_t1c,SHIFT_3,EIA_BLEND_075,0.08167593808105979,0.04257673196049742,0.6434262948852904,0.47823690383494366,0.04138931898589582,2.144678131427065,56787.333333333336,2761.0,2761.0,8.97873419133018e-11,0.9916110336780548,0.0056499199320872,50442.485677083336,0.6434262948852904,0.47823690383494366,2761.0,2761.0,2087.7801310221353,616.1622670491537,48354.70703125,0.39864783291078104,1660.3333333333333,,,
PatientID_0039_T1_to_T2_t1c,SHIFT_3,EIA_LINEAR,0.08056782942685657,0.0419748396752134,0.1148738381416985,0.06094675987606447,0.04223880851004205,2.153995511193838,58318.166666666664,2761.0,2761.0,1.197164566553906e-10,0.9999880790710448,0.0064580847198764,57657.780598958336,0.1148738381416985,0.06094675987606447,2761.0,2761.0,2435.319051106771,709.0882008870443,55222.507161458336,0.39864783291078104,1660.3333333333333,,,
PatientID_0039_T1_to_T2_t1c,SHIFT_3,PCC,0.0979632342521189,0.05150453836949851,0.24212241955050298,0.13818250598377227,0.04677968375264155,2.2003967467140413,46870.166666666664,2761.0,2761.0,8.129762136377394e-06,0.9999630451202391,0.005594040111949017,49943.58984375,0.24212241955050298,0.13818250598377227,2761.0,2761.0,2336.3546142578125,519.0193303426107,47607.169270833336,0.39864783291078104,1660.3333333333333,,,0.8419395466990305
PatientID_0041_T1_to_T2_t1c,FP_25,EIA_BLEND_075,0.27053744401064417,0.15642862222420872,0.48424167697384457,0.3194715620408107,0.18663343354089418,2.4020393510948685,23249.8,8110.0,8110.0,2.1000751360134018e-08,0.9948796629905698,0.00265176100656386,23674.922265625,0.48424167697384457,0.3194715620408107,10138.0,8110.0,4418.53203125,83.12294464111328,19256.40859375,1.0,2028.0,20260805.0,0.0,
PatientID_0041_T1_to_T2_t1c,FP_25,EIA_LINEAR,0.2643500034054539,0.15230606091578197,0.3540320592260152,0.21509049890316714,0.1768085971530699,2.373339538327416,24430.2,8110.0,8110.0,2.6320942225765974e-08,0.9991021633148194,0.0030822311993688,27518.16015625,0.3540320592260152,0.21509049890316714,10138.0,8110.0,4865.44658203125,108.74375915527344,22652.709375,1.0,2028.0,20260805.0,0.0,
PatientID_0041_T1_to_T2_t1c,FP_25,PCC,0.30573994555424366,0.18045633810798706,0.4442416769763106,0.2855467250481937,0.19038286265489954,2.4126845925982936,19894.2,8110.0,8110.0,8.217089634854346e-06,0.9988024473190308,0.00249635414220388,22287.449609375,0.4442416769763106,0.2855467250481937,10138.0,8110.0,4243.1478515625,74.05372009277343,18044.303515625,1.0,2028.0,20260805.0,0.0,0.9835653835676268
PatientID_0041_T1_to_T2_t1c,MIXED,EIA_BLEND_075,0.2660680386483282,0.15344783111631216,0.42694204689106396,0.27145640427824985,0.16908314319410878,2.3498719268822392,23103.8,8110.0,8110.0,2.1000751360134018e-08,0.990606431166331,0.002543178852647483,22705.50078125,0.42694204689106396,0.27145640427824985,6083.0,8110.0,3839.117439778646,406.8029327392578,18866.4009765625,0.5,2028.0,20260805.0,0.0,
PatientID_0041_T1_to_T2_t1c,MIXED,EIA_LINEAR,0.26241131936988976,0.15102042960599552,0.34324702018023545,0.2071832058328768,0.1688152095483442,2.349048793178126,24302.0,8110.0,8110.0,2.0440731596238493e-08,0.9990993201732635,0.0029959863517432933,26748.165950520834,0.34324702018023545,0.2071832058328768,6083.0,8110.0,4515.527555338542,493.21863606770836,22232.6302734375,0.5,2028.0,20260805.0,0.0,
PatientID_0041_T1_to_T2_t1c,MIXED,PCC,0.2923355169856201,0.17119090352741764,0.38198109333855434,0.23613286078679754,0.17810050423016593,2.3771741290993043,19450.033333333333,8110.0,8110.0,8.21291038543374e-06,0.9983559171358745,0.0024240940343588,21642.311458333334,0.38198109333855434,0.23613286078679754,6083.0,8110.0,3854.5490559895834,357.36073913574216,17787.769401041667,0.5,2028.0,20260805.0,0.0,0.845718445739505
PatientID_0041_T1_to_T2_t1c,PARTIAL_25,EIA_BLEND_075,0.265312027802292,0.1529451014140584,0.4002466091615138,0.2501926931362577,0.1681927275561568,2.3471205429914,22993.0,8110.0,8110.0,6.717602862860159e-11,0.9847997426986694,0.002429949119687,21694.5859375,0.4002466091615138,0.2501926931362577,2027.0,8110.0,3648.87158203125,0.0,18045.732421875,0.2499383477188656,0.0,,,
PatientID_0041_T1_to_T2_t1c,PARTIAL_25,EIA_LINEAR,0.2631856704043961,0.1515335669138652,0.3528976572532122,0.2142536308418735,0.1732062858197764,2.362503706348735,24103.0,8110.0,8110.0,8.956804048443344e-11,0.9990895986557008,0.0028481201734393,25428.017578125,0.3528976572532122,0.2142536308418735,2027.0,8110.0,4404.29248046875,0.0,21023.705078125,0.2499383477188656,0.0,,,
PatientID_0041_T1_to_T2_t1c,PARTIAL_25,PCC,0.2915574587732453,0.1706568712545092,0.3789149198903258,0.2337415380517424,0.1764969455633613,2.372408111100265,18979.0,8110.0,8110.0,8.19342221802799e-06,0.9968848824501038,0.0023635884281247,21102.1171875,0.3789149198903258,0.2337415380517424,2027.0,8110.0,3724.459228515625,0.0,17377.669921875,0.2499383477188656,0.0,,,0.8389298389518248
PatientID_0041_T1_to_T2_t1c,PARTIAL_50,EIA_BLEND_075,0.2672441450347371,0.1542306980502044,0.4477188656320765,0.2884264040600185,0.1783568036938097,2.3779423807068167,23060.0,8110.0,8110.0,1.9729223810216467e-10,0.990393042564392,0.002483015647158,22168.36328125,0.4477188656320765,0.2884264040600185,4055.0,8110.0,3953.87841796875,0.0,18214.5078125,0.5,0.0,,,
PatientID_0041_T1_to_T2_t1c,PARTIAL_50,EIA_LINEAR,0.2638630443101394,0.1519828510485179,0.3588162762417499,0.2186326071210644,0.1778567146848428,2.376460121705661,24134.0,8110.0,8110.0,2.5066226871928166e-10,0.9990915060043336,0.0028841730672866,25749.896484375,0.3588162762417499,0.2186326071210644,4055.0,8110.0,4579.7919921875,0.0,21170.078125,0.5,0.0,,,
PatientID_0041_T1_to_T2_t1c,PARTIAL_50,PCC,0.2976413191263108,0.1748405447692277,0.4139334155725072,0.2609811086635325,0.1834202129266335,2.3927848073158784,19151.0,8110.0,8110.0,8.192922905436717e-06,0.998082160949707,0.0023958689998835,21390.318359375,0.4139334155725072,0.2609811086635325,4055.0,8110.0,3923.416748046875,0.0,17466.91015625,0.5,0.0,,,0.9164619164733193
PatientID_0041_T1_to_T2_t1c,SHIFT_3,EIA_BLEND_075,0.2693205481067182,0.15561557894653238,0.47190711059564894,0.3088477924012471,0.1828272493332094,2.3910528418205717,23220.666666666668,8110.0,8110.0,1.2337251812747732e-08,0.9948608676592509,0.0025939416373148166,23158.711588541668,0.47190711059564894,0.3088477924012471,8110.0,8110.0,4234.043538411458,1014.4485982259115,18924.692057291668,0.6360871352240033,2951.3333333333335,,,
PatientID_0041_T1_to_T2_t1c,SHIFT_3,EIA_LINEAR,0.26542858211397957,0.1530225948722407,0.36027538022850747,0.2197197961771121,0.17896329900695387,2.3797305541377827,24216.333333333332,8110.0,8110.0,1.2023744009696339e-08,0.9991122186183929,0.00297293055336915,26542.323567708332,0.36027538022850747,0.2197197961771121,8110.0,8110.0,4750.134521484375,1165.0314331054688,21792.171875,0.6360871352240033,2951.3333333333335,,,
PatientID_0041_T1_to_T2_t1c,SHIFT_3,PCC,0.3040854135469462,0.179304913243719,0.42986025486457907,0.27382376658473356,0.18826241281180867,2.406678104670489,19549.833333333332,8110.0,8110.0,8.207198334275745e-06,0.9989060759544373,0.0024587304020920833,21951.545247395832,0.42986025486457907,0.27382376658473356,8110.0,8110.0,4132.694580078125,859.3766581217448,17818.862955729168,0.6360871352240033,2951.3333333333335,,,0.9517244517310413
PatientID_0044_T1_to_T2_t1c,FP_25,EIA_BLEND_075,0.0402535809721168,0.02054019877167154,0.6904326631046823,0.5272222284811412,0.02035859818538708,2.053246022435352,70004.8,1641.0,1641.0,1.757512711753062e-11,0.998521089553833,0.00688441162928934,61464.02734375,0.6904326631046823,0.5272222284811412,2051.0,1641.0,1251.321435546875,69.32646102905274,60212.684375,1.0,410.0,20260805.0,0.0,
PatientID_0044_T1_to_T2_t1c,FP_25,EIA_LINEAR,0.038027726283151764,0.01938239752086668,0.1779402805673552,0.0976588631780405,0.01831349859588638,2.006363922950919,75260.8,1641.0,1641.0,2.343350340161532e-11,0.9999631881713867,0.00891275629401202,79573.0875,0.1779402805673552,0.0976588631780405,2051.0,1641.0,1457.261279296875,91.86011962890625,78115.7921875,1.0,410.0,20260805.0,0.0,
PatientID_0044_T1_to_T2_t1c,FP_25,PCC,0.04431834732474428,0.02266133016852436,0.3217550276289595,0.1917211331910961,0.02169065582371834,2.081361805201688,63839.8,1641.0,1641.0,8.058898674789817e-06,0.999956488609314,0.007367786578834,65779.5984375,0.3217550276289595,0.1917211331910961,2051.0,1641.0,1426.802490234375,74.0650390625,64352.76953125,1.0,410.0,20260805.0,0.0,1.0
PatientID_0044_T1_to_T2_t1c,MIXED,EIA_BLEND_075,0.040212607581323764,0.02051886320460804,0.5407678246371823,0.37166844456113707,0.01924289215521801,2.02822937944974,70019.76666666666,1641.0,1641.0,1.8128611054453923e-11,0.9963840087254842,0.0068778455723076505,61405.405598958336,0.5407678246371823,0.37166844456113707,1236.0,1641.0,1181.6175984700521,239.78892669677734,60223.75299479167,0.5033516148689823,410.0,20260805.0,0.0,
PatientID_0044_T1_to_T2_t1c,MIXED,EIA_LINEAR,0.03798742165850246,0.019361458066668977,0.17030266123188012,0.09307820044999104,0.018269558506402727,2.0052997878639935,75209.06666666667,1641.0,1641.0,2.410280950521093e-11,0.9999638378620148,0.008910804303983796,79555.66015625,0.17030266123188012,0.09307820044999104,1236.0,1641.0,1453.4432576497395,294.1601028442383,78102.20703125,0.5033516148689823,410.0,20260805.0,0.0,
PatientID_0044_T1_to_T2_t1c,MIXED,PCC,0.04382986263910095,0.022405961755712352,0.22746292934365334,0.12838951413463215,0.021384323233991132,2.0750473004213075,63748.2,1641.0,1641.0,8.058166895352769e-06,0.999929666519165,0.007358394827072774,65695.74921875,0.22746292934365334,0.12838951413463215,1236.0,1641.0,1404.8595092773437,213.66669336954752,64290.871744791664,0.5033516148689823,410.0,20260805.0,0.0,0.7069444447219589
PatientID_0044_T1_to_T2_t1c,PARTIAL_25,EIA_BLEND_075,0.0401340595023022,0.0204779616231245,0.5953686777588761,0.4238611716165461,0.0194305576694439,2.032572191519569,69969.0,1641.0,1641.0,2.546442440590213e-12,0.998437225818634,0.0068388814106583,61057.53515625,0.5953686777588761,0.4238611716165461,420.0,1641.0,1186.3819580078125,0.0,59871.1328125,0.2559414990859232,0.0,,,
PatientID_0044_T1_to_T2_t1c,PARTIAL_25,EIA_LINEAR,0.0385733925677007,0.0196659882324918,0.1724558198743279,0.0943647885647333,0.0188438486678596,2.0189965312725184,74007.0,1641.0,1641.0,3.395256515173473e-12,0.9999631643295288,0.0086203794926404,76962.75,0.1724558198743279,0.0943647885647333,420.0,1641.0,1450.2744140625,0.0,75512.5078125,0.2559414990859232,0.0,,,
PatientID_0044_T1_to_T2_t1c,PARTIAL_25,PCC,0.044375741692518,0.0226913434517239,0.2157221208970987,0.1209016396445008,0.0215592258914802,2.078663935804979,62403.0,1641.0,1641.0,8.057671038841363e-06,0.9999159574508668,0.007261392660439,64829.71484375,0.2157221208970987,0.1209016396445008,420.0,1641.0,1397.678466796875,0.0,63432.01171875,0.2559414990859232,0.0,,,0.6704545457666149
PatientID_0044_T1_to_T2_t1c,PARTIAL_50,EIA_BLEND_075,0.0403166138645552,0.0205730242770153,0.6154783669666428,0.4445422537656064,0.0199639183395062,2.044568840148535,69992.0,1641.0,1641.0,2.546442440590213e-12,0.998521089553833,0.0068540070205926,61192.57421875,0.6154783669666428,0.4445422537656064,826.0,1641.0,1221.6435546875,0.0,59970.93359375,0.5033516148689823,0.0,,,
PatientID_0044_T1_to_T2_t1c,PARTIAL_50,EIA_LINEAR,0.0386490020864827,0.019705296064063,0.1742839734386703,0.0954606144541186,0.018902597569314,2.020374787528026,74066.0,1641.0,1641.0,3.395256515173473e-12,0.9999631643295288,0.0086398823186755,77136.8671875,0.1742839734386703,0.0954606144541186,826.0,1641.0,1458.087158203125,0.0,75678.75,0.5033516148689823,0.0,,,
PatientID_0044_T1_to_T2_t1c,PARTIAL_50,PCC,0.0449869061129039,0.0230110510608842,0.2486288850552623,0.1419624220104515,0.0217931562961027,2.0834543614116985,62511.0,1641.0,1641.0,8.057671038841363e-06,0.9999260902404784,0.007269618101418,64903.1484375,0.2486288850552623,0.1419624220104515,826.0,1641.0,1414.4444580078125,0.0,63488.73828125,0.5033516148689823,0.0,,,0.7727272729424927
PatientID_0044_T1_to_T2_t1c,SHIFT_3,EIA_BLEND_075,0.04016230196939537,0.020492668800815652,0.5674385538592002,0.3983032585740402,0.019638880731818784,2.0372461673620217,69993.33333333333,1641.0,1641.0,5.038037839919888e-12,0.9968656400839487,0.00686873301553225,61324.049479166664,0.5674385538592002,0.3983032585740402,1641.0,1641.0,1204.335693359375,359.32500712076825,60119.692057291664,0.3398334348974202,1083.3333333333333,,,
PatientID_0044_T1_to_T2_t1c,SHIFT_3,EIA_LINEAR,0.0385210640246125,0.0196387866350506,0.17296364030886743,0.09467024004975509,0.018819462632615917,2.018414927931787,74092.66666666667,1641.0,1641.0,6.717383738373088e-12,0.99996417760849,0.008648062435289166,77209.90104166667,0.17296364030886743,0.09467024004975509,1641.0,1641.0,1452.9911092122395,432.09247334798175,75756.94661458333,0.3398334348974202,1083.3333333333333,,,
PatientID_0044_T1_to_T2_t1c,SHIFT_3,PCC,0.0447592841520387,0.022891961289100884,0.2790981111276361,0.16245138241429619,0.02177151110146802,2.0830110160454725,62599.0,1641.0,1641.0,8.057671038841363e-06,0.9999417066574097,0.007277367558951133,64972.337239583336,0.2790981111276361,0.16245138241429619,1641.0,1641.0,1414.547831217448,333.04588572184247,63557.794270833336,0.3398334348974202,1083.3333333333333,,,0.8674242425497873
PatientID_0045_T1_to_T2_t1c,FP_25,EIA_BLEND_075,0.2703039377672431,0.156272505808035,0.5092633060529163,0.3416185601985739,0.4197647202307374,2.075141909204192,28848.0,53998.0,53998.0,7.502497512135162e-10,0.9904553890228271,0.0048243572004138795,43071.8609375,0.5092633060529163,0.3416185601985739,67498.0,53998.0,18080.04765625,344.83349609375,24991.825390625,1.0,13500.0,20260805.0,0.0,
PatientID_0045_T1_to_T2_t1c,FP_25,EIA_LINEAR,0.27473511277014595,0.15924227930113144,0.5166450609326583,0.3482949707427708,0.41255054001641633,2.0622470497813605,30905.6,53998.0,53998.0,7.002330937311283e-10,0.9998484492301941,0.0055826896801590194,49842.25390625,0.5166450609326583,0.3482949707427708,67498.0,53998.0,20562.44765625,433.8657958984375,29279.81640625,1.0,13500.0,20260805.0,0.0,
PatientID_0045_T1_to_T2_t1c,FP_25,PCC,0.32181716611836597,0.19176526165161978,0.3799066632154903,0.2344967753638283,0.42870190796629243,2.0910320727794978,27967.8,53998.0,53998.0,8.564416202716529e-06,0.9998028635978699,0.00366260888986284,32699.772265625,0.3799066632154903,0.2344967753638283,67498.0,53998.0,14018.453125,198.98803100585937,18681.334765625,1.0,13500.0,20260805.0,0.0,1.000058499488128
PatientID_0045_T1_to_T2_t1c,MIXED,EIA_BLEND_075,0.2552239708277484,0.1462801673984922,0.4571731051817613,0.29634287693946704,0.37723620418582754,1.9980268183336969,27976.166666666668,53998.0,53998.0,7.502497512135162e-10,0.9798428535461425,0.004069029213860593,36328.292578125,0.4571731051817613,0.29634287693946704,40500.0,53998.0,13704.347200520833,767.8962015787761,22623.963606770834,0.500018519204415,13500.0,20260805.0,0.0,
PatientID_0045_T1_to_T2_t1c,MIXED,EIA_LINEAR,0.2655155137733204,0.1530812087235721,0.4637381631468103,0.3018775333942215,0.3826198265152694,2.007951969007294,30295.133333333335,53998.0,53998.0,7.002330937311283e-10,0.9998353163401286,0.00479516301614538,42811.21536458333,0.4637381631468103,0.3018775333942215,40500.0,53998.0,16380.641796875,948.2129048665364,26430.584309895832,0.500018519204415,13500.0,20260805.0,0.0,
PatientID_0045_T1_to_T2_t1c,MIXED,PCC,0.28279886769091456,0.16469543487437105,0.33613899280834963,0.20202703348048817,0.39221547223602177,2.025497094048663,25666.7,53998.0,53998.0,8.577127421934469e-06,0.999646915992101,0.00336964482751981,30084.1890625,0.33613899280834963,0.20202703348048817,40500.0,53998.0,11800.156705729167,409.9625712076823,18284.046940104166,0.500018519204415,13500.0,20260805.0,0.0,0.8848453826057092
PatientID_0045_T1_to_T2_t1c,PARTIAL_25,EIA_BLEND_075,0.2477934768023791,0.1414179627414681,0.4114411644930235,0.2590027862383683,0.3867675462799074,2.015564086892592,27465.0,53998.0,53998.0,2.4033670886769443e-11,0.9617653489112854,0.0033140734303742,29588.046875,0.4114411644930235,0.2590027862383683,13500.0,53998.0,11443.6962890625,0.0,18144.373046875,0.2500092596022075,0.0,,,
PatientID_0045_T1_to_T2_t1c,PARTIAL_25,EIA_LINEAR,0.2629405550842344,0.1513710747574169,0.422219341462441,0.2676033193743019,0.4114195386026001,2.060218978329893,29306.0,53998.0,53998.0,3.204489451569259e-11,0.9998249411582948,0.0038695379626005,34547.234375,0.422219341462441,0.2676033193743019,13500.0,53998.0,14213.4072265625,0.0,20333.830078125,0.2500092596022075,0.0,,,
PatientID_0045_T1_to_T2_t1c,PARTIAL_25,PCC,0.2662916564622651,0.1535965708798524,0.3154746472154943,0.1872780642342622,0.380990550238061,2.0049563632500096,23511.0,53998.0,53998.0,8.504676770826336e-06,0.9992812275886536,0.0031513227149844,28135.009765625,0.3154746472154943,0.1872780642342622,13500.0,53998.0,10719.1728515625,0.0,17415.845703125,0.2500092596022075,0.0,,,0.8304489835755265
PatientID_0045_T1_to_T2_t1c,PARTIAL_50,EIA_BLEND_075,0.2572558400754601,0.1476153792401763,0.4659246638813852,0.3037169380916292,0.4308996522193661,2.0949258241761384,27936.0,53998.0,53998.0,4.425767044513584e-11,0.979692816734314,0.0036907643079757,32951.14453125,0.4659246638813852,0.3037169380916292,27000.0,53998.0,14198.63671875,0.0,18752.564453125,0.500018519204415,0.0,,,
PatientID_0045_T1_to_T2_t1c,PARTIAL_50,EIA_LINEAR,0.2687523918954655,0.1552362531202648,0.4788325493585056,0.3147796445177164,0.445327046632263,2.1203815698378063,29618.0,53998.0,53998.0,5.901022726018113e-11,0.9998310804367064,0.0042512826621532,37955.453125,0.4788325493585056,0.3147796445177164,27000.0,53998.0,16902.58984375,0.0,21052.890625,0.500018519204415,0.0,,,
PatientID_0045_T1_to_T2_t1c,PARTIAL_50,PCC,0.2909728308591374,0.1702564102687438,0.3432904922465342,0.2072122424886572,0.4079351120348061,2.0539612519574617,24731.0,53998.0,53998.0,8.504669494868722e-06,0.999482274055481,0.0033109954092651,29560.56640625,0.3432904922465342,0.2072122424886572,27000.0,53998.0,12058.79296875,0.0,17501.78125,0.500018519204415,0.0,,,0.9036708428824728
PatientID_0045_T1_to_T2_t1c,SHIFT_3,EIA_BLEND_075,0.2672184056806827,0.1542144691712861,0.5020401990243277,0.3351623881548804,0.43097570394755347,2.095058591475148,28653.0,53998.0,53998.0,2.0398137924130622e-10,0.9910557170708975,0.0044463209342211,39696.751953125,0.5020401990243277,0.3351623881548804,53998.0,53998.0,17108.335611979168,2545.046875,22588.454752604168,0.740836080348655,13994.333333333334,,,
PatientID_0045_T1_to_T2_t1c,SHIFT_3,EIA_LINEAR,0.275262233302576,0.15959717349158276,0.5158246601770823,0.34756228668825134,0.43521588892852314,2.1025593239849223,30087.666666666668,53998.0,53998.0,2.2154836992749336e-10,0.9998479982217153,0.00505062922214465,45092.017578125,0.5158246601770823,0.34756228668825134,53998.0,53998.0,19624.910807291668,3017.689412434896,25467.117838541668,0.740836080348655,13994.333333333334,,,
PatientID_0045_T1_to_T2_t1c,SHIFT_3,PCC,0.3167459557220605,0.1881820356058337,0.3683438892856988,0.22575218225798108,0.42751210516439647,2.0889152245125064,26539.5,53998.0,53998.0,8.52896406892493e-06,0.9998506605625153,0.0035451027021432334,31650.6767578125,0.3683438892856988,0.22575218225798108,53998.0,53998.0,13531.59375,938.1163838704427,18119.091796875,0.740836080348655,13994.333333333334,,,0.969620890817946
PatientID_0051_T1_to_T3_t1c,FP_25,EIA_BLEND_075,0.18623571260739402,0.10267911542471919,0.7755254494879866,0.6333536699727305,0.10998608720175729,1.843378355035659,128999.0,15796.0,15796.0,5.1210015394875796e-11,0.9947076082229616,0.01248732376843688,111486.828125,0.7755254494879866,0.6333536699727305,19745.0,15796.0,12262.0,613.7878784179687,99224.8765625,1.0,3949.0,20260805.0,0.0,
PatientID_0051_T1_to_T3_t1c,FP_25,EIA_LINEAR,0.1778378402749722,0.0975971536692835,0.2963788301058376,0.1739699160452789,0.09766264471505037,1.7857984335610595,136342.6,15796.0,15796.0,6.828002052650106e-11,0.9999984502792358,0.01575898975133892,140696.25625,0.2963788301058376,0.1739699160452789,19745.0,15796.0,13740.768359375,810.865185546875,126955.134375,1.0,3949.0,20260805.0,0.0,
PatientID_0051_T1_to_T3_t1c,FP_25,PCC,0.2018626840359259,0.11226210738209105,0.45653329958671396,0.295784372868985,0.11361384452982086,1.8592459389696157,117968.2,15796.0,15796.0,7.927100341476034e-06,0.999987006187439,0.01310886014252898,117035.9015625,0.45653329958671396,0.295784372868985,19745.0,15796.0,13296.8986328125,651.4787719726562,103738.9984375,1.0,3949.0,20260805.0,0.0,0.9898970487309612
PatientID_0051_T1_to_T3_t1c,MIXED,EIA_BLEND_075,0.185401399533782,0.10217213563808385,0.6893791677316183,0.5260356657637969,0.10231044113904561,1.8082302966108685,128867.43333333333,15796.0,15796.0,6.115192958492759e-11,0.9918717761834462,0.012273483319828856,109577.65911458334,0.6893791677316183,0.5260356657637969,11850.0,15796.0,11210.938639322916,1537.9274983723958,98366.74791666666,0.5001899214991137,3949.0,20260805.0,0.0,
PatientID_0051_T1_to_T3_t1c,MIXED,EIA_LINEAR,0.1774679233234636,0.0973743789277836,0.28676036129547267,0.1673794769209329,0.09676142137679188,1.7813366378584852,136257.43333333332,15796.0,15796.0,8.153590534224857e-11,0.9999984602133433,0.015654480767746726,139763.20416666666,0.28676036129547267,0.1673794769209329,11850.0,15796.0,13523.668391927084,1919.9123942057292,126239.26770833334,0.5001899214991137,3949.0,20260805.0,0.0,
PatientID_0051_T1_to_T3_t1c,MIXED,PCC,0.19960747298793768,0.11086891258069259,0.37323584031696094,0.2294571433285195,0.11103336636084518,1.848004494006858,117552.2,15796.0,15796.0,7.849038411222864e-06,0.9999876022338867,0.013022590739031574,116265.69010416667,0.37323584031696094,0.2294571433285195,11850.0,15796.0,12909.380338541667,1546.9357828776042,103356.33177083333,0.5001899214991137,3949.0,20260805.0,0.0,0.8092839167369514
PatientID_0051_T1_to_T3_t1c,PARTIAL_25,EIA_BLEND_075,0.1853210755186129,0.1021233415039474,0.6711825778782229,0.5050976655786042,0.1008900291659467,1.8014730614361747,128656.0,15796.0,15796.0,2.025000306327129e-11,0.9879963397979736,0.0120541648939251,107619.5859375,0.6711825778782229,0.5050976655786042,3955.0,15796.0,10857.7431640625,0.0,96761.84375,0.2503798429982274,0.0,,,
PatientID_0051_T1_to_T3_t1c,PARTIAL_25,EIA_LINEAR,0.1792636625429424,0.098456684178285,0.2887439858417085,0.1687321963978864,0.0996313036416027,1.7954113101554623,134597.0,15796.0,15796.0,2.7000004662602883e-11,0.9999984502792358,0.0151188960298895,134981.5,0.2887439858417085,0.1687321963978864,3955.0,15796.0,13448.3828125,0.0,121533.625,0.2503798429982274,0.0,,,
PatientID_0051_T1_to_T3_t1c,PARTIAL_25,PCC,0.2023391544530192,0.1125569124793621,0.3512281590481378,0.2130241130696888,0.1117952884918789,1.85134793142277,114935.0,15796.0,15796.0,7.797923899488524e-06,0.999987006187439,0.0127802714705467,114102.265625,0.3512281590481378,0.2130241130696888,3955.0,15796.0,12756.095703125,0.0,101346.1953125,0.2503798429982274,0.0,,,0.761564859316296
PatientID_0051_T1_to_T3_t1c,PARTIAL_50,EIA_BLEND_075,0.1857301979398121,0.1023718731001954,0.7481007850168365,0.597572692814282,0.1052739759152584,1.822068682052523,128747.0,15796.0,15796.0,2.025000306327129e-11,0.9919189810752868,0.0121588539332151,108554.25,0.7481007850168365,0.597572692814282,7901.0,15796.0,11427.9375,0.0,97126.28125,0.5001899214991137,0.0,,,
PatientID_0051_T1_to_T3_t1c,PARTIAL_50,EIA_LINEAR,0.1793921029253259,0.0985341781827712,0.2934920233194007,0.1719839739140828,0.1000547982268435,1.797457467460958,134690.0,15796.0,15796.0,2.7000004662602883e-11,0.9999984502792358,0.0151750482618808,135482.828125,0.2934920233194007,0.1719839739140828,7901.0,15796.0,13555.70703125,0.0,121927.703125,0.5001899214991137,0.0,,,
PatientID_0051_T1_to_T3_t1c,PARTIAL_50,PCC,0.2038283647081877,0.1134793361113506,0.4024436566408444,0.2519120269763459,0.1135761708610413,1.859082908107765,115226.0,15796.0,15796.0,7.826031833246816e-06,0.999987006187439,0.0128340208902955,114582.140625,0.4024436566408444,0.2519120269763459,7901.0,15796.0,13013.80078125,0.0,101568.4609375,0.5001899214991137,0.0,,,0.8726149622599442
PatientID_0051_T1_to_T3_t1c,SHIFT_3,EIA_BLEND_075,0.18601413396977665,0.10254442783641887,0.7011057651820787,0.5399510669405724,0.10792360963543984,1.834150530806937,128918.83333333333,15796.0,15796.0,3.069237688076616e-11,0.9956534703572592,0.012375759736945184,110490.77994791667,0.7011057651820787,0.5399510669405724,15796.0,15796.0,11924.563802083334,2603.8341064453125,98566.22916666667,0.5914999577952225,6452.666666666667,,,
PatientID_0051_T1_to_T3_t1c,SHIFT_3,EIA_LINEAR,0.17950331339999248,0.09860130498481363,0.29587659325264165,0.17362455086611436,0.10001601646338638,1.7972665378797537,134818.0,15796.0,15796.0,4.0923167632378465e-11,0.9999984602133433,0.015323809813708032,136810.97395833334,0.29587659325264165,0.17362455086611436,15796.0,15796.0,13683.110514322916,3040.8558349609375,123128.27994791667,0.5914999577952225,6452.666666666667,,,
PatientID_0051_T1_to_T3_t1c,SHIFT_3,PCC,0.20437328410264288,0.11381729959216726,0.42838904365783353,0.2725983134075098,0.11416319661426161,1.8616083840543942,115692.66666666667,15796.0,15796.0,7.93564398312204e-06,0.999988853931427,0.012924838500718216,115392.95703125,0.42838904365783353,0.2725983134075098,15796.0,15796.0,13173.613606770834,2427.963907877604,102219.43880208333,0.5914999577952225,6452.666666666667,,,0.9288721116498143
PatientID_0052_T1_to_T2_t1c,FP_25,EIA_BLEND_075,0.21416961643202637,0.11992718836822709,0.2024934152940629,0.11265239150014991,0.21715295844349583,2.0351770920363905,30745.8,22780.0,22780.0,2.026289726286823e-12,0.9656892061233521,0.00406218739226458,36267.20859375,0.2024934152940629,0.11265239150014991,28475.0,22780.0,7875.531640625,158.68841552734375,28391.763671875,1.0,5695.0,20260805.0,0.0,
PatientID_0052_T1_to_T2_t1c,FP_25,EIA_LINEAR,0.2133786282802274,0.11943136452736125,0.184196663758029,0.1014408664756445,0.20294643954179384,1.99798372022769,34798.4,22780.0,22780.0,2.701719707329242e-12,0.9988617897033694,0.00501977307721968,44816.534375,0.184196663758029,0.1014408664756445,28475.0,22780.0,9095.3560546875,205.58274841308594,35721.18359375,1.0,5695.0,20260805.0,0.0,
PatientID_0052_T1_to_T2_t1c,FP_25,PCC,0.2741744031764472,0.15886564957434815,0.25687445128935743,0.14736428642058014,0.23062311529713883,2.0688553712691693,29436.4,22780.0,22780.0,8.40038283058675e-06,0.9976853847503662,0.00374484113417562,33433.94140625,0.25687445128935743,0.14736428642058014,28475.0,22780.0,7710.6396484375,129.82733764648438,25723.169140625,1.0,5695.0,20260805.0,0.0,0.9696106048078204
PatientID_0052_T1_to_T2_t1c,MIXED,EIA_BLEND_075,0.1962921105426454,0.10883149408870393,0.18110477028428945,0.0995754296150226,0.18680194084493895,1.9532594059733936,30116.2,22780.0,22780.0,1.915988684802044e-12,0.9349386672178904,0.0037726761074736268,33682.45221354167,0.18110477028428945,0.0995754296150226,17086.0,22780.0,6291.947444661459,613.0180491129557,27390.595703125,0.5000438981562775,5695.0,20260805.0,0.0,
PatientID_0052_T1_to_T2_t1c,MIXED,EIA_LINEAR,0.20371576345867334,0.11341097023520862,0.1800512145336541,0.09893227820149514,0.18187652102270135,1.9390309347136134,34414.13333333333,22780.0,22780.0,2.5546516471975274e-12,0.9988617897033693,0.004735524486750316,42278.762369791664,0.1800512145336541,0.09893227820149514,17086.0,22780.0,7689.6361328125,756.1896443684896,34589.10859375,0.5000438981562775,5695.0,20260805.0,0.0,
PatientID_0052_T1_to_T2_t1c,MIXED,PCC,0.22678582507709139,0.12791678945600565,0.21260608722828636,0.11897122084844909,0.19491309706925264,1.9759630562856274,27801.5,22780.0,22780.0,8.394934108461408e-06,0.996378481388092,0.0035437368554994035,31638.482552083333,0.21260608722828636,0.11897122084844909,17086.0,22780.0,6167.853352864583,310.9055236816406,25470.622916666667,0.5000438981562775,5695.0,20260805.0,0.0,0.8025131179395876
PatientID_0052_T1_to_T2_t1c,PARTIAL_25,EIA_BLEND_075,0.191230970994332,0.1057243727334568,0.1753292361901815,0.0960881489896528,0.186520062442483,1.952468455582212,29837.0,22780.0,22780.0,3.023956139745071e-13,0.9174323081970216,0.00343673909083,30683.20703125,0.1753292361901815,0.0960881489896528,5696.0,22780.0,5723.03369140625,0.0,24960.15234375,0.2500438981562774,0.0,,,
PatientID_0052_T1_to_T2_t1c,PARTIAL_25,EIA_LINEAR,0.2036204722033074,0.1133504747010809,0.2054433713958419,0.1144814090236183,0.1919537331563376,1.9678516648723263,33511.0,22780.0,22780.0,4.031941610010276e-13,0.9987061023712158,0.0041765356436371,37288.109375,0.2054433713958419,0.1144814090236183,5696.0,22780.0,7157.591796875,0.0,30130.40234375,0.2500438981562774,0.0,,,
PatientID_0052_T1_to_T2_t1c,PARTIAL_25,PCC,0.215982282560579,0.1210650995599046,0.2057945566460536,0.1146995498357139,0.1873529722198558,1.9548479860800096,26437.0,22780.0,22780.0,8.366328074771445e-06,0.9944158792495728,0.0034115901216864,30458.67578125,0.2057945566460536,0.1146995498357139,5696.0,22780.0,5706.5234375,0.0,24752.154296875,0.2500438981562774,0.0,,,0.776801988419486
PatientID_0052_T1_to_T2_t1c,PARTIAL_50,EIA_BLEND_075,0.199788303799195,0.1109804498202267,0.1860403863216409,0.102560379480602,0.2067478851860917,2.0081195568924324,30126.0,22780.0,22780.0,3.023956139745071e-13,0.9311879277229308,0.003599346615374,32134.966796875,0.1860403863216409,0.102560379480602,11391.0,22780.0,6643.83642578125,0.0,25491.11328125,0.5000438981562775,0.0,,,
PatientID_0052_T1_to_T2_t1c,PARTIAL_50,EIA_LINEAR,0.2084955752352478,0.1163801620407749,0.208428446022642,0.1163383318848295,0.2069292395917981,2.008601050910786,33720.0,22780.0,22780.0,4.031941610010276e-13,0.9987061023712158,0.0043483455665409,38822.02734375,0.208428446022642,0.1163383318848295,11391.0,22780.0,8033.41259765625,0.0,30788.513671875,0.5000438981562775,0.0,,,
PatientID_0052_T1_to_T2_t1c,PARTIAL_50,PCC,0.2391147751072692,0.1357923683749053,0.228665496066096,0.129092215827883,0.2059254078525608,2.005938175120347,27196.0,22780.0,22780.0,8.366328074771445e-06,0.994721293449402,0.0035032320301979,31276.85546875,0.228665496066096,0.129092215827883,11391.0,22780.0,6440.69921875,0.0,24836.146484375,0.5000438981562775,0.0,,,0.8631317315772056
PatientID_0052_T1_to_T2_t1c,SHIFT_3,EIA_BLEND_075,0.20826022469568006,0.11623797373718824,0.19588820604632962,0.10858561089956907,0.21052749760257705,2.0180346553505277,30505.333333333332,22780.0,22780.0,3.1239350751042827e-13,0.964284727970759,0.0039002748283867503,34821.653645833336,0.19588820604632962,0.10858561089956907,22780.0,22780.0,7330.915608723958,1544.456807454427,27490.8203125,0.6122183201638864,8833.666666666666,,,
PatientID_0052_T1_to_T2_t1c,SHIFT_3,EIA_LINEAR,0.21274579808679872,0.11903611525225843,0.21038923033632448,0.11756199243449926,0.20554940470209937,2.0048789043321897,34034.5,22780.0,22780.0,4.1652468420975286e-13,0.9987061023712158,0.004686853848397683,41844.231119791664,0.21038923033632448,0.11756199243449926,22780.0,22780.0,8600.830729166666,1842.0159505208333,33243.384114583336,0.6122183201638864,8833.666666666666,,,
PatientID_0052_T1_to_T2_t1c,SHIFT_3,PCC,0.26271002329016413,0.15123474661118316,0.24980245831321765,0.14275112949847527,0.22248511829049844,2.048608621588939,28298.333333333332,22780.0,22780.0,8.366328074771445e-06,0.9978075424830118,0.0036341200272241836,32445.423177083332,0.24980245831321765,0.14275112949847527,22780.0,22780.0,7219.867919921875,632.1857604980469,25225.541015625,0.6122183201638864,8833.666666666666,,,0.9429163214628903
PatientID_0053_T1_to_T3_t1c,FP_25,EIA_BLEND_075,0.30370248856830295,0.17903845677690572,0.8124190158589425,0.6840956790481204,0.6051712575209939,2.069334614940214,33532.4,115146.0,115146.0,4.958538468713414e-09,0.9964659810066225,0.0071930352598428395,64219.41953125,0.8124190158589425,0.6840956790481204,143932.0,115146.0,38863.746875,697.4972290039062,25355.740234375,1.0,28786.0,20260805.0,0.0,
PatientID_0053_T1_to_T3_t1c,FP_25,EIA_LINEAR,0.31128877422286766,0.18433511278041043,0.812465912841903,0.6841621834703968,0.5897878985084908,2.04155338585703,36301.8,115146.0,115146.0,4.6279691190420635e-09,0.9999186396598816,0.008320695348083901,74287.1671875,0.812465912841903,0.6841621834703968,143932.0,115146.0,43813.671875,856.6183959960938,30473.52890625,1.0,28786.0,20260805.0,0.0,
PatientID_0053_T1_to_T3_t1c,FP_25,PCC,0.3472918125715847,0.21013498673475778,0.5053966268932252,0.33814765785993034,0.6810648254830293,2.2133520696675633,36379.6,115146.0,115146.0,9.001847683975938e-06,0.9999058246612549,0.00463668620213862,41396.33515625,0.5053966268932252,0.33814765785993034,143932.0,115146.0,28193.5875,214.4591827392578,13202.7115234375,1.0,28786.0,20260805.0,0.0,0.9956099981181197
PatientID_0053_T1_to_T3_t1c,MIXED,EIA_BLEND_075,0.2817696675903155,0.16398919336982046,0.7120062066143042,0.5529816617095852,0.584317545959454,2.0317643256749793,31259.2,115146.0,115146.0,4.958538468713414e-09,0.9822830537954966,0.0055809151536474165,49826.41015625,0.7120062066143042,0.5529816617095852,86360.0,115146.0,29114.445703125,1310.9247884114584,20712.03515625,0.5000086846264742,28786.0,20260805.0,0.0,
PatientID_0053_T1_to_T3_t1c,MIXED,EIA_LINEAR,0.29688425818591285,0.1743187257017084,0.7119234131752503,0.5528794881015483,0.5801479700440425,2.0243200215732915,34707.066666666666,115146.0,115146.0,4.6279691190420635e-09,0.9999114235242208,0.006682060208792433,59657.433333333334,0.7119234131752503,0.5528794881015483,86360.0,115146.0,34609.74010416667,1600.043839518229,25047.729622395833,0.5000086846264742,28786.0,20260805.0,0.0,
PatientID_0053_T1_to_T3_t1c,MIXED,PCC,0.29379547779893284,0.17219860222361175,0.4631415767831138,0.3013667021716599,0.6493247170525392,2.1514450884947247,30642.2,115146.0,115146.0,8.668764621688752e-06,0.9997831642627716,0.003912308462895403,34929.08971354167,0.4631415767831138,0.3013667021716599,86360.0,115146.0,22681.643619791666,482.3104939778646,12247.38095703125,0.5000086846264742,28786.0,20260805.0,0.0,0.9123693349992954
PatientID_0053_T1_to_T3_t1c,PARTIAL_25,EIA_BLEND_075,0.270629881136137,0.1564904344014807,0.6820818786597794,0.5175449579282284,0.6644872193154435,2.180640316848487,30056.0,115146.0,115146.0,1.9472285925619531e-13,0.9516176581382751,0.0039687962271273,35433.4140625,0.6820818786597794,0.5175449579282284,28788.0,115146.0,23545.05078125,0.0,11888.412109375,0.2500130269397113,0.0,,,
PatientID_0053_T1_to_T3_t1c,PARTIAL_25,EIA_LINEAR,0.2914954157493122,0.1706143597400616,0.6839838118576244,0.5197381445779842,0.6789800376193577,2.20918937319446,33515.0,115146.0,115146.0,2.596304790082604e-13,0.999906599521637,0.0048489239998161,43291.1953125,0.6839838118576244,0.5197381445779842,28788.0,115146.0,29393.857421875,0.0,13897.3564453125,0.2500130269397113,0.0,,,
PatientID_0053_T1_to_T3_t1c,PARTIAL_25,PCC,0.2678113517780242,0.154608651926487,0.4385041599385193,0.2808231368226873,0.6390382554206616,2.1319306908044124,27193.0,115146.0,115146.0,8.407158929912839e-06,0.9996799230575562,0.0034977779723703,31228.162109375,0.4385041599385193,0.2808231368226873,28788.0,115146.0,19955.990234375,0.0,11272.1552734375,0.2500130269397113,0.0,,,0.8638346649341857
PatientID_0053_T1_to_T3_t1c,PARTIAL_50,EIA_BLEND_075,0.2828648766932597,0.1647307034022154,0.768398381186631,0.623901730438293,0.6994225736357629,2.250645817135519,31150.0,115146.0,115146.0,9.716112463198368e-12,0.9810996651649476,0.0047748535871505,42629.89453125,0.768398381186631,0.623901730438293,57574.0,115146.0,29816.310546875,0.0,12813.6494140625,0.5000086846264742,0.0,,,
PatientID_0053_T1_to_T3_t1c,PARTIAL_50,EIA_LINEAR,0.298220497730143,0.1752403865118189,0.7689802511604008,0.6246693051731276,0.7002977720088894,2.252456193429798,34334.0,115146.0,115146.0,1.2954816906718404e-11,0.9999094605445862,0.0056475512683391,50421.3359375,0.7689802511604008,0.6246693051731276,57574.0,115146.0,35309.94921875,0.0,15111.4482421875,0.5000086846264742,0.0,,,
PatientID_0053_T1_to_T3_t1c,PARTIAL_50,PCC,0.2976759564169662,0.1748644493066694,0.4724089416937088,0.309250921002699,0.666866412274515,2.1852872702073736,30032.0,115146.0,115146.0,8.705187610758003e-06,0.9997512698173524,0.003862086450681,34480.70703125,0.4724089416937088,0.309250921002699,57574.0,115146.0,22994.025390625,0.0,11486.6162109375,0.5000086846264742,0.0,,,0.9306256522563291
PatientID_0053_T1_to_T3_t1c,SHIFT_3,EIA_BLEND_075,0.30049893085265234,0.17681695739133585,0.7538443946536549,0.605202588612678,0.6533985819036792,2.15926980807686,33256.333333333336,115146.0,115146.0,2.72991299863611e-09,0.9960005184014639,0.006386973817522267,57022.90234375,0.7538443946536549,0.605202588612678,115146.0,115146.0,37258.68359375,4342.9750569661455,19764.297526041668,0.7986729890747398,23182.0,,,
PatientID_0053_T1_to_T3_t1c,SHIFT_3,EIA_LINEAR,0.30995879502228674,0.1834038741024553,0.7548474690114224,0.6064971501097374,0.6463668330087571,2.1458399748062003,35790.666666666664,115146.0,115146.0,2.61907928894925e-09,0.9999179641405741,0.007324288443972617,65391.247395833336,0.7548474690114224,0.6064971501097374,115146.0,115146.0,42266.159505208336,5117.431315104167,23125.12109375,0.7986729890747398,23182.0,,,
PatientID_0053_T1_to_T3_t1c,SHIFT_3,PCC,0.34020846889418216,0.20497914665628233,0.4987045432197729,0.33218827784635124,0.6792600522699379,2.209790652625808,35275.166666666664,115146.0,115146.0,8.890879144018982e-06,0.9998698433240255,0.004511237610131467,40276.329427083336,0.4987045432197729,0.33218827784635124,115146.0,115146.0,27357.187825520832,1587.5555216471355,12919.069498697916,0.7986729890747398,23182.0,,,0.9824268760729863
PatientID_0054_T1_to_T2_t1c,FP_25,EIA_BLEND_075,0.10090862846310163,0.05313521507844569,0.6667130144836824,0.5000521431327508,0.05683424669745207,1.873575833343287,99320.2,7192.0,7192.0,5.168781028186409e-11,0.981613278388977,0.009590641595423142,85625.25,0.6667130144836824,0.5000521431327508,8990.0,7192.0,4866.44658203125,237.51882934570312,80758.8578125,1.0,1798.0,20260805.0,0.0,
PatientID_0054_T1_to_T2_t1c,FP_25,EIA_LINEAR,0.09607632381995522,0.05046227701504732,0.1258342603499837,0.0671414794074381,0.0514940650827566,1.828271481223282,105972.2,7192.0,7192.0,4.824195556918376e-11,0.9999942779541016,0.01228229552507396,109656.334375,0.1258342603499837,0.0671414794074381,8990.0,7192.0,5646.65029296875,314.29636840820314,104009.6296875,1.0,1798.0,20260805.0,0.0,
PatientID_0054_T1_to_T2_t1c,FP_25,PCC,0.11060208338109087,0.05853826933581242,0.2590934372039006,0.14882674123272116,0.059428610433406616,1.8941576176197414,90726.6,7192.0,7192.0,8.088129470706918e-06,0.9999750852584841,0.01003895942121738,89627.828125,0.2590934372039006,0.14882674123272116,8990.0,7192.0,5326.4572265625,246.50609130859374,84301.4203125,1.0,1798.0,20260805.0,0.0,0.9843634442724873
PatientID_0054_T1_to_T2_t1c,MIXED,EIA_BLEND_075,0.09956442674768805,0.052390329642523346,0.5301353355906933,0.36119489756240825,0.05246636964602796,1.836821370682336,99178.6,7192.0,7192.0,5.168781028186409e-11,0.9771376848220825,0.009513752348720978,84938.77994791667,0.5301353355906933,0.36119489756240825,5398.0,7192.0,4456.429427083333,789.1861877441406,80482.37578125,0.5005561735261401,1798.0,20260805.0,0.0,
PatientID_0054_T1_to_T2_t1c,MIXED,EIA_LINEAR,0.09535131681999905,0.05006242365492405,0.12184835007958968,0.06487755230845739,0.05034195632472933,1.8179006157397688,105883.93333333333,7192.0,7192.0,5.168780970362293e-11,0.9999936719735464,0.01223662461464599,109248.58463541667,0.12184835007958968,0.06487755230845739,5398.0,7192.0,5499.734700520833,982.6417358398437,103748.82135416666,0.5005561735261401,1798.0,20260805.0,0.0,
PatientID_0054_T1_to_T2_t1c,MIXED,PCC,0.10711288899185467,0.05658711147188311,0.2007137560807809,0.11159198822727955,0.05690317268164557,1.8741278624622792,90340.03333333334,7192.0,7192.0,8.092854538214548e-06,0.999967900911967,0.009985617206742316,89151.59140625,0.2007137560807809,0.11159198822727955,5398.0,7192.0,5073.013981119791,742.7460662841797,84078.61692708333,0.5005561735261401,1798.0,20260805.0,0.0,0.762563831723218
PatientID_0054_T1_to_T2_t1c,PARTIAL_25,EIA_BLEND_075,0.0995445306115001,0.0523793018167627,0.5661846496408381,0.3948797518042203,0.0528423769933738,1.840113796599896,99072.0,7192.0,7192.0,5.168781028186409e-11,0.995967984199524,0.0094001740217208,83924.7578125,0.5661846496408381,0.3948797518042203,1806.0,7192.0,4434.78369140625,0.0,79490.03125,0.2511123470522803,0.0,,,
PatientID_0054_T1_to_T2_t1c,PARTIAL_25,EIA_LINEAR,0.0964582438127018,0.0506730380395764,0.1275027809282881,0.0680923740203391,0.0523168907706021,1.83553338947468,104504.0,7192.0,7192.0,4.824195556918376e-11,0.9999938011169434,0.0117514189332723,104916.671875,0.1275027809282881,0.0680923740203391,1806.0,7192.0,5488.9140625,0.0,99427.6484375,0.2511123470522803,0.0,,,
PatientID_0054_T1_to_T2_t1c,PARTIAL_25,PCC,0.108701797745671,0.0574747005131039,0.1928531702452132,0.1067169347459631,0.0573956126447021,1.8781032614248607,88317.0,7192.0,7192.0,8.080247425823472e-06,0.9999675750732422,0.0098070539534091,87557.375,0.1928531702452132,0.1067169347459631,1806.0,7192.0,5025.4091796875,0.0,82531.96875,0.2511123470522803,0.0,,,0.7326994189823827
PatientID_0054_T1_to_T2_t1c,PARTIAL_50,EIA_BLEND_075,0.0999012461876332,0.0525768705421765,0.6012235817852319,0.4298210736153259,0.0544096215583667,1.8535262588101724,99133.0,7192.0,7192.0,5.168781028186409e-11,0.9795161485671996,0.0094468370079994,84341.359375,0.6012235817852319,0.4298210736153259,3600.0,7192.0,4588.9814453125,0.0,79752.453125,0.5005561735261401,0.0,,,
PatientID_0054_T1_to_T2_t1c,PARTIAL_50,EIA_LINEAR,0.0966639224049051,0.0507865760289356,0.1286151279804911,0.0687272457783841,0.0527050569316648,1.8389209096429089,104556.0,7192.0,7192.0,4.824195556918376e-11,0.9999937415122986,0.0117883943021297,105246.78125,0.1286151279804911,0.0687272457783841,3600.0,7192.0,5547.03759765625,0.0,99699.8125,0.5005561735261401,0.0,,,
PatientID_0054_T1_to_T2_t1c,PARTIAL_50,PCC,0.1098813816260659,0.0581346485705961,0.2169076752491026,0.121646912108418,0.0584252083051608,1.8862991575804149,88493.0,7192.0,7192.0,8.080593943304848e-06,0.9999675750732422,0.0098317433148622,87777.8046875,0.2169076752491026,0.121646912108418,3600.0,7192.0,5128.4365234375,0.0,82649.4296875,0.5005561735261401,0.0,,,0.824088748065481
PatientID_0054_T1_to_T2_t1c,SHIFT_3,EIA_BLEND_075,0.10035025266153134,0.05282568278275293,0.5957777160088216,0.42470823935044244,0.05497929516950725,1.8582794959659459,99261.66666666667,7192.0,7192.0,5.168781028186409e-11,0.9792245626449585,0.009535087117304367,85129.25651041667,0.5957777160088216,0.42470823935044244,7192.0,7192.0,4680.346516927083,1220.077372233073,80448.95182291667,0.4398869113830181,4028.3333333333335,,,
PatientID_0054_T1_to_T2_t1c,SHIFT_3,EIA_LINEAR,0.09697244415201194,0.0509569750351072,0.13046903973416277,0.06978807178156432,0.0527118551872203,1.8389330238522235,104579.5,7192.0,7192.0,4.824195556918376e-11,0.9999940196673075,0.011864993255585368,105930.65885416667,0.13046903973416277,0.06978807178156432,7192.0,7192.0,5583.27392578125,1458.7936503092449,100347.34244791667,0.4398869113830181,4028.3333333333335,,,
PatientID_0054_T1_to_T2_t1c,SHIFT_3,PCC,0.11154722166904878,0.0590683592705337,0.23753244350869948,0.1349003676151259,0.05937893663232733,1.893754773440298,88816.16666666667,7192.0,7192.0,8.08484825635484e-06,0.9999703963597616,0.0098762897153695,88175.51302083333,0.23753244350869948,0.1349003676151259,7192.0,7192.0,5235.767496744792,1070.7222239176433,82939.80729166667,0.4398869113830181,4028.3333333333335,,,0.9024476140423188
PatientID_0055_T1_to_T4_t1c,FP_25,EIA_BLEND_075,0.2319134862701761,0.1311663680102871,0.614835811327018,0.4438721538187969,0.15255626495990637,1.9333666336354653,86496.4,18698.0,18698.0,5.098235028588859e-11,0.9989640712738035,0.00891286358237262,79574.0453125,0.614835811327018,0.4438721538187969,23372.0,18698.0,12139.519140625,358.3627502441406,67434.6046875,1.0,4674.0,20260805.0,0.0,
PatientID_0055_T1_to_T4_t1c,FP_25,EIA_LINEAR,0.225922896581372,0.12734671803770564,0.4097336613699397,0.25765100626559145,0.14204847435874665,1.8970218111922186,90339.2,18698.0,18698.0,6.797646473488683e-11,0.9999984502792358,0.0105595519766211,94275.68125,0.4097336613699397,0.25765100626559145,23372.0,18698.0,13391.714453125,468.34760131835935,80883.971875,1.0,4674.0,20260805.0,0.0,
PatientID_0055_T1_to_T4_t1c,FP_25,PCC,0.26278413186265154,0.15126740505408948,0.5255856241436094,0.3564707722023525,0.15824687398994194,1.9521976474754035,76064.2,18698.0,18698.0,7.960086077218875e-06,0.9999905824661257,0.008780571445822661,78392.9421875,0.5255856241436094,0.3564707722023525,23372.0,18698.0,12405.437890625,363.6187438964844,65987.609375,1.0,4674.0,20260805.0,0.0,0.9710869565231678
PatientID_0055_T1_to_T4_t1c,MIXED,EIA_BLEND_075,0.2285467726686909,0.12901662788760043,0.5591685385364076,0.3882515762917891,0.13878654855374142,1.8852715791684054,86228.96666666666,18698.0,18698.0,5.0982350285888594e-11,0.997774048646291,0.008665147951493623,77362.44270833333,0.5591685385364076,0.3882515762917891,14030.0,18698.0,10736.86640625,714.6381632486979,66625.67864583334,0.5003743715905444,4674.0,20260805.0,0.0,
PatientID_0055_T1_to_T4_t1c,MIXED,EIA_LINEAR,0.2256786147454933,0.12719172705407442,0.40220522695647826,0.2517259758014296,0.14075572311825132,1.8923533384625453,89450.5,18698.0,18698.0,5.0072282662775674e-11,0.9999983509381614,0.01021092776209111,91163.16302083334,0.40220522695647826,0.2517259758014296,14030.0,18698.0,12830.926595052084,893.3811747233073,78332.24947916667,0.5003743715905444,4674.0,20260805.0,0.0,
PatientID_0055_T1_to_T4_t1c,MIXED,PCC,0.2560634074098838,0.14683135446029735,0.45636431705379277,0.2957774934556177,0.1528156364267746,1.9342321734508197,74996.56666666667,18698.0,18698.0,7.886399513760504e-06,0.9999890128771464,0.00865414512033259,77264.20755208333,0.45636431705379277,0.2957774934556177,14030.0,18698.0,11807.2234375,596.9632680257162,65457.049088541666,0.5003743715905444,4674.0,20260805.0,0.0,0.8431916996124904
PatientID_0055_T1_to_T4_t1c,PARTIAL_25,EIA_BLEND_075,0.2276289289640094,0.1284318688632591,0.526740827908687,0.3575343957832964,0.135432431278638,1.8729727442967807,86069.0,18698.0,18698.0,4.826037486305168e-11,0.9976572394371032,0.0084041999652981,75032.6953125,0.526740827908687,0.3575343957832964,4684.0,18698.0,10161.8603515625,0.0,64870.67578125,0.2505080757300246,0.0,,,
PatientID_0055_T1_to_T4_t1c,PARTIAL_25,EIA_LINEAR,0.2306138895545806,0.1303355373942501,0.433575783521404,0.2767933354065761,0.1530933183883066,1.9351684669661648,86777.0,18698.0,18698.0,4.7583523926642e-11,0.9999983310699464,0.0091973049566149,82113.5390625,0.433575783521404,0.2767933354065761,4684.0,18698.0,12571.0341796875,0.0,69542.53125,0.2505080757300246,0.0,,,
PatientID_0055_T1_to_T4_t1c,PARTIAL_25,PCC,0.2611906472913472,0.1502123547322015,0.4580169002177234,0.2970310766059575,0.1551999968491819,1.942185744697748,71757.0,18698.0,18698.0,7.782729881000705e-06,0.9999864101409912,0.0083317579701542,74385.9375,0.4580169002177234,0.2970310766059575,4684.0,18698.0,11544.697265625,0.0,62841.23828125,0.2505080757300246,0.0,,,0.8462450592961341
PatientID_0055_T1_to_T4_t1c,PARTIAL_50,EIA_BLEND_075,0.2294125498195377,0.1295686071899209,0.5790993689277169,0.4075579644908326,0.1440506427046548,1.9041160613960173,86196.0,18698.0,18698.0,4.826037486305168e-11,0.9975249767303468,0.0085280919447541,76138.8046875,0.5790993689277169,0.4075579644908326,9356.0,18698.0,10967.84375,0.0,65170.80859375,0.5003743715905444,0.0,,,
PatientID_0055_T1_to_T4_t1c,PARTIAL_50,EIA_LINEAR,0.2311408609237774,0.130672282391411,0.4343780083582635,0.2774475644162927,0.1553938676921242,1.9428274887999868,87073.0,18698.0,18698.0,4.7583523926642e-11,0.9999983310699464,0.0093427943065762,83412.46875,0.4343780083582635,0.2774475644162927,9356.0,18698.0,12961.7861328125,0.0,70450.7109375,0.5003743715905444,0.0,,,
PatientID_0055_T1_to_T4_t1c,PARTIAL_50,PCC,0.2653771420497143,0.1529883806400401,0.4938496095974476,0.3278886442962897,0.1588866623383047,1.9542806467416267,72395.0,18698.0,18698.0,7.869934961490799e-06,0.9999879598617554,0.0084088798612356,75074.4765625,0.4938496095974476,0.3278886442962897,9356.0,18698.0,11928.3330078125,0.0,63146.17578125,0.5003743715905444,0.0,,,0.9124505928897011
PatientID_0055_T1_to_T4_t1c,SHIFT_3,EIA_BLEND_075,0.2310248583403888,0.13059821538788785,0.6063660997716415,0.43511079657742435,0.15011371540258403,1.9250889051797557,86390.16666666667,18698.0,18698.0,4.826037486305168e-11,0.998871366182963,0.0087810531258583,78397.2421875,0.6063660997716415,0.43511079657742435,18698.0,18698.0,11768.501302083334,1514.4309895833333,66628.83463541667,0.6866153242771063,5859.666666666667,,,
PatientID_0055_T1_to_T4_t1c,SHIFT_3,EIA_LINEAR,0.23116326569341816,0.13068671588800948,0.4306342924529192,0.27440413349642345,0.15312876279207546,1.9352207936756758,87580.66666666667,18698.0,18698.0,4.7583523926642e-11,0.9999984204769135,0.009671975237627783,86351.39583333333,0.4306342924529192,0.27440413349642345,18698.0,18698.0,13221.729329427084,1767.2548421223958,73129.69270833333,0.6866153242771063,5859.666666666667,,,
PatientID_0055_T1_to_T4_t1c,SHIFT_3,PCC,0.26903968037622644,0.1554285212823386,0.5211787357064611,0.3525366632646041,0.16125005482374144,1.9619094376757964,72975.66666666667,18698.0,18698.0,7.88687445189377e-06,0.9999909003575643,0.008507387246936499,75953.95182291667,0.5211787357064611,0.3525366632646041,18698.0,18698.0,12247.609049479166,986.4941202799479,63706.341145833336,0.6866153242771063,5859.666666666667,,,0.9629446640334512
PatientID_0059_T1_to_T2_t1c,FP_25,EIA_BLEND_075,0.055186445308434015,0.02837621386104346,0.2787878789439853,0.1619718311966871,0.03446549727047032,2.139645414218468,29147.0,2310.0,2310.0,7.26656845806417e-10,0.9277094006538391,0.0030984926968812597,27663.34296875,0.2787878789439853,0.1619718311966871,2888.0,2310.0,953.4308715820313,20.96712646484375,26709.89453125,1.0,578.0,20260805.0,0.0,
PatientID_0059_T1_to_T2_t1c,FP_25,EIA_LINEAR,0.055400528116138416,0.02848942896072822,0.025454545665485977,0.012891488765596601,0.03274574673412698,2.116642175891497,31516.4,2310.0,2310.0,9.68875757401122e-10,0.9999679327011108,0.0038515803869813,34386.909375,0.025454545665485977,0.012891488765596601,2888.0,2310.0,1126.021826171875,27.465121459960937,33260.896875,1.0,578.0,20260805.0,0.0,
PatientID_0059_T1_to_T2_t1c,FP_25,PCC,0.06788108737448081,0.03513297997250186,0.0923809525774067,0.04842832272992008,0.03563115470123796,2.154614986609442,25768.6,2310.0,2310.0,8.2312448284938e-06,0.9999206066131592,0.0031569769140332403,28185.48984375,0.0923809525774067,0.04842832272992008,2888.0,2310.0,1004.2810302734375,20.02096939086914,27181.209765625,1.0,578.0,20260805.0,0.0,0.7962686570965138
PatientID_0059_T1_to_T2_t1c,MIXED,EIA_BLEND_075,0.05235408022839526,0.02688072285418868,0.20767676784826616,0.1159783584275387,0.03004807058628788,2.077999225143413,29101.766666666666,2310.0,2310.0,7.011244584909092e-10,0.9462922791639964,0.0030694582421953,27404.122981770834,0.20767676784826616,0.1159783584275387,1734.0,2310.0,823.4410217285156,197.61810557047525,26580.662109375,0.5004329004329005,578.0,20260805.0,0.0,
PatientID_0059_T1_to_T2_t1c,MIXED,EIA_LINEAR,0.05389840649480505,0.027695609658798512,0.028629148839402006,0.014524547628022529,0.030547988532623496,2.0854353341679195,31298.033333333333,2310.0,2310.0,7.738206927084452e-10,0.9999679327011108,0.0037583216636751637,33554.295703125,0.028629148839402006,0.014524547628022529,1734.0,2310.0,1024.8752298990885,238.60852864583333,32529.442317708334,0.5004329004329005,578.0,20260805.0,0.0,
PatientID_0059_T1_to_T2_t1c,MIXED,PCC,0.06147240916574066,0.03171092965529157,0.07086580106691212,0.03673835375386816,0.03235433896594782,2.1112306517393673,25406.466666666667,2310.0,2310.0,8.229092964029406e-06,0.9999206066131592,0.0031222221441566437,27875.199283854166,0.07086580106691212,0.03673835375386816,1734.0,2310.0,901.8922078450521,127.45058886210124,26973.307552083334,0.5004329004329005,578.0,20260805.0,0.0,0.6108208962484685
PatientID_0059_T1_to_T2_t1c,PARTIAL_25,EIA_BLEND_075,0.0525846134536113,0.0270022584025463,0.2086580088292947,0.1164813921903138,0.0312650320803924,2.095882605682795,29068.0,2310.0,2310.0,1.4336859477381836e-10,0.953334391117096,0.0030165934003889,26932.146484375,0.2086580088292947,0.1164813921903138,579.0,2310.0,842.034423828125,0.0,26090.08984375,0.2506493506493506,0.0,,,
PatientID_0059_T1_to_T2_t1c,PARTIAL_25,EIA_LINEAR,0.0562911868246507,0.0289607097899568,0.0640692642718464,0.0330948123807927,0.0349146796272713,2.14547127123923,30164.0,2310.0,2310.0,1.9115811711323255e-10,0.9999679327011108,0.0033575075212866,29975.828125,0.0640692642718464,0.0330948123807927,579.0,2310.0,1046.596435546875,0.0,28929.203125,0.2506493506493506,0.0,,,
PatientID_0059_T1_to_T2_t1c,PARTIAL_25,PCC,0.063471746449442,0.0327760498043244,0.0848484850465695,0.0443037976843797,0.0328985060508629,2.11873216440133,24253.0,2310.0,2310.0,8.223874829127453e-06,0.9999443292617798,0.0030321006197482,27070.59375,0.0848484850465695,0.0443037976843797,579.0,2310.0,890.5820922851562,0.0,26180.029296875,0.2506493506493506,0.0,,,0.7313432840833144
PatientID_0059_T1_to_T2_t1c,PARTIAL_50,EIA_BLEND_075,0.0532985226995256,0.0273788885209061,0.2493506495131275,0.142433234633424,0.0323836162372484,2.1116509430736548,29098.0,2310.0,2310.0,1.4336859477381836e-10,0.951583981513977,0.0030361427925527,27106.68359375,0.2493506495131275,0.142433234633424,1156.0,2310.0,877.8124389648438,0.0,26228.84375,0.5004329004329005,0.0,,,
PatientID_0059_T1_to_T2_t1c,PARTIAL_50,EIA_LINEAR,0.056833558892335,0.0292479108942375,0.0588744590781656,0.0303300626604973,0.0351680003469117,2.148724835484421,30206.0,2310.0,2310.0,1.9115811711323255e-10,0.9999679327011108,0.0033900146372616,30266.05078125,0.0588744590781656,0.0303300626604973,1156.0,2310.0,1064.396484375,0.0,29201.630859375,0.5004329004329005,0.0,,,
PatientID_0059_T1_to_T2_t1c,PARTIAL_50,PCC,0.065911817671494,0.0340790137233327,0.096969697165158,0.050955414228627,0.0341259231690529,2.135191969837724,24362.0,2310.0,2310.0,8.223874829127453e-06,0.9999364614486694,0.0030424369033426,27162.876953125,0.096969697165158,0.050955414228627,1156.0,2310.0,926.958251953125,0.0,26235.9375,0.5004329004329005,0.0,,,0.8358208958286922
PatientID_0059_T1_to_T2_t1c,SHIFT_3,EIA_BLEND_075,0.053579241221729,0.027527114797461352,0.24300144316529548,0.13833477618755685,0.031969913965500765,2.1057102015811613,29113.833333333332,2310.0,2310.0,2.7202142390455225e-10,0.9173045555750529,0.0030726783831293,27432.873372395832,0.24300144316529548,0.13833477618755685,2310.0,2310.0,877.026601155599,318.35756429036456,26555.825520833332,0.27633477633477627,1671.6666666666667,,,
PatientID_0059_T1_to_T2_t1c,SHIFT_3,EIA_LINEAR,0.056074096430538865,0.028845889106091482,0.051010101215510036,0.0261825133296345,0.03430681192875795,2.1374500899746116,30438.5,2310.0,2310.0,3.626952442085476e-10,0.9999679327011108,0.0034924766126398833,31180.8310546875,0.051010101215510036,0.0261825133296345,2310.0,2310.0,1069.5408732096355,380.9720001220703,30111.2724609375,0.27633477633477627,1671.6666666666667,,,
PatientID_0059_T1_to_T2_t1c,SHIFT_3,PCC,0.06697053930035983,0.034645813833095084,0.09646464666021681,0.050686334922345117,0.03489866212260242,2.145196526233996,24641.333333333332,2310.0,2310.0,8.223952439342005e-06,0.9999227523803711,0.0030664460500701833,27377.230143229168,0.09646464666021681,0.050686334922345117,2310.0,2310.0,955.4484354654948,200.46868260701498,26421.787760416668,0.27633477633477627,1671.6666666666667,,,0.8314676620059681
PatientID_0060_T1_to_T2_t1c,FP_25,EIA_BLEND_075,0.6543834217154805,0.48630749126602896,0.9016396529278268,0.820896035204463,0.4658436983192563,2.0838496947073057,125902.0,63733.0,63733.0,1.0430719044052242e-07,0.9998583793640134,0.013467888534069019,120241.309375,0.9016396529278268,0.820896035204463,79666.0,63733.0,56013.65625,524.5476440429687,64227.659375,1.0,15933.0,20260805.0,0.0,
PatientID_0060_T1_to_T2_t1c,FP_25,EIA_LINEAR,0.6367193613198369,0.46704936857347823,0.735907614581646,0.5821628413168419,0.4351407224446294,2.029966710478633,131872.8,63733.0,63733.0,9.735337158645055e-08,0.9999974370002749,0.01582268066704268,141264.89375,0.735907614581646,0.5821628413168419,79666.0,63733.0,61470.1078125,668.44599609375,79794.925,1.0,15933.0,20260805.0,0.0,
PatientID_0060_T1_to_T2_t1c,FP_25,PCC,0.677157414336019,0.5118956881972627,0.8194216496962372,0.6940849439441031,0.507952616743735,2.1570936063015385,119488.8,63733.0,63733.0,8.290295954793692e-06,0.9999887943267822,0.0133905569091439,119550.8921875,0.8194216496962372,0.6940849439441031,79666.0,63733.0,60726.18828125,377.9066162109375,58824.76953125,1.0,15933.0,20260805.0,0.0,0.9970255822833426
PatientID_0060_T1_to_T2_t1c,MIXED,EIA_BLEND_075,0.6540918573636334,0.4859856253348739,0.816826970853795,0.6904975518465742,0.455795056153679,2.066284284272002,124998.03333333334,63733.0,63733.0,1.043071904405224e-07,0.9997593065102895,0.01258870332191383,112391.94348958334,0.816826970853795,0.6904975518465742,47802.0,63733.0,51227.6921875,3524.5547444661456,61164.273697916666,0.5000392261465803,15933.0,20260805.0,0.0,
PatientID_0060_T1_to_T2_t1c,MIXED,EIA_LINEAR,0.636950348876695,0.4672980813268003,0.7292135419139545,0.5738286673077775,0.44265929645320923,2.0432255440100224,131400.1,63733.0,63733.0,9.735337158645053e-08,0.9999971687793732,0.01549388694887355,138329.4234375,0.7292135419139545,0.5738286673077775,47802.0,63733.0,61232.608072916664,4215.330078125,77096.98255208334,0.5000392261465803,15933.0,20260805.0,0.0,
PatientID_0060_T1_to_T2_t1c,MIXED,PCC,0.6760080808846088,0.5105842154717362,0.7613313877183354,0.614650992168155,0.5063403882514367,2.154292560144219,117063.23333333334,63733.0,63733.0,8.134195559250656e-06,0.9999888857205709,0.012983219791203694,115914.18567708334,0.7613313877183354,0.614650992168155,47802.0,63733.0,58691.81158854167,3177.8074584960937,57222.410546875,0.5000392261465803,15933.0,20260805.0,0.0,0.9263446608127179
PatientID_0060_T1_to_T2_t1c,PARTIAL_25,EIA_BLEND_075,0.6557230454796046,0.4877886534298855,0.8011705082155149,0.6682939598237251,0.4731355764544749,2.0965643202184543,124139.0,63733.0,63733.0,1.4188111796542555e-10,0.9998080134391784,0.0116991614922881,104450.1171875,0.8011705082155149,0.6682939598237251,15938.0,63733.0,49419.06640625,0.0,55031.0703125,0.2500745296785025,0.0,,,
PatientID_0060_T1_to_T2_t1c,PARTIAL_25,EIA_LINEAR,0.6421457602947361,0.4729121444116462,0.7423312883455797,0.5902439024441365,0.4743783439359582,2.0987293498196467,129653.0,63733.0,63733.0,1.8917481470204223e-10,0.9999969601631165,0.0144363129511475,128887.3984375,0.7423312883455797,0.5902439024441365,15938.0,63733.0,61141.390625,0.0,67746.03125,0.2500745296785025,0.0,,,
PatientID_0060_T1_to_T2_t1c,PARTIAL_25,PCC,0.6869925828716513,0.5232206413402113,0.7554014403860213,0.6069438491262583,0.515910616889482,2.170926461352599,113020.0,63733.0,63733.0,8.046758921409491e-06,0.999974250793457,0.0125543940812349,112085.6328125,0.7554014403860213,0.6069438491262583,15938.0,63733.0,57826.16796875,0.0,54259.48828125,0.2500745296785025,0.0,,,0.9191294387178395
PatientID_0060_T1_to_T2_t1c,PARTIAL_50,EIA_BLEND_075,0.655679036601893,0.4877399478672269,0.8634145576085904,0.7596565338667598,0.4803625507260731,2.109146098208185,124600.0,63733.0,63733.0,1.4188111796542555e-10,0.9999027252197266,0.0121355820447206,108346.4765625,0.8634145576085904,0.7596565338667598,31869.0,63733.0,52045.58984375,0.0,56300.9375,0.5000392261465803,0.0,,,
PatientID_0060_T1_to_T2_t1c,PARTIAL_50,EIA_LINEAR,0.6417311047580514,0.472462490313056,0.7422528360524199,0.5901447105839553,0.469391310678448,2.090038373815245,129993.0,63733.0,63733.0,1.8917481470204223e-10,0.9999971985816956,0.014615804888308,130489.90625,0.7422528360524199,0.5901447105839553,31869.0,63733.0,61250.828125,0.0,69239.1171875,0.5000392261465803,0.0,,,
PatientID_0060_T1_to_T2_t1c,PARTIAL_50,PCC,0.6873208465875316,0.5236015554931533,0.784836740779621,0.6458693799596381,0.5168227804233095,2.172513085066565,114536.0,63733.0,63733.0,8.125096428557299e-06,0.999980926513672,0.0128043433651328,114317.1796875,0.784836740779621,0.6458693799596381,31869.0,63733.0,59081.72265625,0.0,55235.44140625,0.5000392261465803,0.0,,,0.9549446353574366
PatientID_0060_T1_to_T2_t1c,SHIFT_3,EIA_BLEND_075,0.653522711353184,0.48535771588454074,0.8408673685544312,0.7255867423867238,0.46984241500190654,2.0908237309079385,125896.83333333333,63733.0,63733.0,1.70567879265171e-10,0.999766339858373,0.013020165109386016,116244.03385416667,0.8408673685544312,0.7255867423867238,63733.0,63733.0,54616.377604166664,8800.333414713541,61627.689453125,0.6462586101391744,22545.0,,,
PatientID_0060_T1_to_T2_t1c,SHIFT_3,EIA_LINEAR,0.6402749724918568,0.47088569414161124,0.7409348375273334,0.5884915116023389,0.45256671212331434,2.060626602519957,130700.66666666667,63733.0,63733.0,2.274238297683695e-10,0.9999973674615225,0.015197676140814966,135684.85416666666,0.7409348375273334,0.5884915116023389,63733.0,63733.0,61405.158203125,10065.501139322916,74279.90104166667,0.6462586101391744,22545.0,,,
PatientID_0060_T1_to_T2_t1c,SHIFT_3,PCC,0.6809586907045325,0.5162540208245662,0.7951845982474136,0.660057232525468,0.5088072529908642,2.158578957161919,117696.66666666667,63733.0,63733.0,8.247729662495354e-06,0.99999072154363,0.01323961047455665,118203.2421875,0.7951845982474136,0.660057232525468,63733.0,63733.0,60142.585286458336,7764.911946614583,58060.697916666664,0.6462586101391744,22545.0,,,0.9675353188242887
PatientID_0062_T1_to_T2_t1c,FP_25,EIA_BLEND_075,0.6883363890313748,0.5247811889179385,0.8822320677124939,0.7892801738682337,0.49347603138063134,2.137192084123807,111796.2,62973.0,62973.0,1.7530910056962054e-10,0.9997018575668337,0.0123662211000919,110405.621875,0.8822320677124939,0.7892801738682337,78716.0,62973.0,54482.528125,398.0710754394531,55922.96015625,1.0,15743.0,20260805.0,0.0,
PatientID_0062_T1_to_T2_t1c,FP_25,EIA_LINEAR,0.677801321680753,0.5126319765339834,0.7798516824688371,0.6391449887555123,0.4756275249831404,2.106152206142222,115796.2,62973.0,62973.0,2.3374546742616076e-10,0.9999929070472715,0.0140797901898622,125704.3671875,0.7798516824688371,0.6391449887555123,78716.0,62973.0,59788.45703125,502.6418151855469,65915.9078125,1.0,15743.0,20260805.0,0.0,
PatientID_0062_T1_to_T2_t1c,FP_25,PCC,0.7222603269942851,0.565264069339384,0.8333920886742462,0.7143720544627796,0.5494197569878019,2.234654809380266,104110.8,62973.0,62973.0,8.273542880488094e-06,0.9999899864196775,0.01204448807984584,107533.1890625,0.8333920886742462,0.7143720544627796,78716.0,62973.0,59080.85859375,236.87653503417968,48452.57578125,1.0,15743.0,20260805.0,0.0,0.9987858026453632
PatientID_0062_T1_to_T2_t1c,MIXED,EIA_BLEND_075,0.6867277768375911,0.522913942581244,0.8129489357887802,0.684927412211372,0.4848737183383337,2.122240921792005,110778.46666666666,62973.0,62973.0,1.7530910056962054e-10,0.9995319545269012,0.011497654952108817,102651.06276041667,0.8129489357887802,0.684927412211372,47231.0,62973.0,49772.802473958334,3296.9665690104166,52878.109375,0.5000238197322662,15743.0,20260805.0,0.0,
PatientID_0062_T1_to_T2_t1c,MIXED,EIA_LINEAR,0.6764365130302789,0.5110722822445274,0.774723029448271,0.6322842834761564,0.4844022673054508,2.121419978387251,115265.16666666667,62973.0,62973.0,1.9634619115767764e-10,0.9999924798806509,0.013741294201463417,122682.275,0.774723029448271,0.6322842834761564,47231.0,62973.0,59427.37447916667,3925.4786458333333,63254.925130208336,0.5000238197322662,15743.0,20260805.0,0.0,
PatientID_0062_T1_to_T2_t1c,MIXED,PCC,0.7176562582231499,0.5596472870357414,0.7895314923343639,0.6522676851727824,0.5473839098322612,2.231085612111217,101394.6,62973.0,62973.0,8.08309305284638e-06,0.9999836564064026,0.011634478376557376,103872.62239583333,0.7895314923343639,0.6522676851727824,47231.0,62973.0,56857.795572916664,2922.482043457031,47015.058984375,0.5000238197322662,15743.0,20260805.0,0.0,0.946220699718214
PatientID_0062_T1_to_T2_t1c,PARTIAL_25,EIA_BLEND_075,0.6877284293332886,0.5240747759144354,0.8058056627458926,0.6747692880551746,0.5061587497064698,2.1592259179052924,109947.0,62973.0,62973.0,3.760590471836578e-13,0.9996997117996216,0.0106185311451554,94802.2421875,0.8058056627458926,0.6747692880551746,15746.0,62973.0,47984.984375,0.0,46817.078125,0.2500436695091547,0.0,,,
PatientID_0062_T1_to_T2_t1c,PARTIAL_25,EIA_LINEAR,0.6778918687671536,0.5127355718913645,0.7743000968687033,0.6317207783842702,0.5113810778642098,2.168299470909642,114663.0,62973.0,62973.0,5.014120629115437e-13,0.9999920725822448,0.0129902753978967,115977.1796875,0.7743000968687033,0.6317207783842702,15746.0,62973.0,59308.53515625,0.0,56668.6328125,0.2500436695091547,0.0,,,
PatientID_0062_T1_to_T2_t1c,PARTIAL_25,PCC,0.7212596675551581,0.56403919486833,0.7833515951297909,0.6438602902834414,0.5530885384207741,2.2410948314958152,99038.0,62973.0,62973.0,7.972322237037588e-06,0.9999748468399048,0.0113229164853692,101091.0,0.7833515951297909,0.6438602902834414,15746.0,62973.0,55912.2734375,0.0,45179.0546875,0.2500436695091547,0.0,,,0.9388143496056827
PatientID_0062_T1_to_T2_t1c,PARTIAL_50,EIA_BLEND_075,0.6885347968472505,0.5250118685533997,0.8453305384859755,0.7320974241231679,0.5127058609619,2.170603666928827,110491.0,62973.0,62973.0,3.760590471836578e-13,0.9997069835662842,0.0110498899593949,98653.4140625,0.8453305384859755,0.7320974241231679,31488.0,62973.0,50580.18359375,0.0,48073.04296875,0.5000238197322662,0.0,,,
PatientID_0062_T1_to_T2_t1c,PARTIAL_50,EIA_LINEAR,0.6780192720708027,0.5128813588195175,0.7768567481319227,0.6351314508323904,0.5073766057313055,2.1613401895668902,114901.0,62973.0,62973.0,5.014120629115437e-13,0.9999924302101136,0.0131256515160202,117185.8203125,0.7768567481319227,0.6351314508323904,31488.0,62973.0,59457.34375,0.0,57728.5078125,0.5000238197322662,0.0,,,
PatientID_0062_T1_to_T2_t1c,PARTIAL_50,PCC,0.7238583274238445,0.5672241123238563,0.8079494386498345,0.6777811821482439,0.5547916404344478,2.24408912546596,100559.0,62973.0,62973.0,8.066081136348657e-06,0.9999837875366212,0.0115641523152589,103244.75,0.8079494386498345,0.6777811821482439,31488.0,62973.0,57279.32421875,0.0,45965.66796875,0.5000238197322662,0.0,,,0.9682938433726492
PatientID_0062_T1_to_T2_t1c,SHIFT_3,EIA_BLEND_075,0.6870103486494558,0.5232422591238433,0.832848998778581,0.7136801272805767,0.49878180556373275,2.146410397520364,111765.33333333333,62973.0,62973.0,3.262668175632704e-12,0.9996516108512878,0.011923847720026933,106456.11067708333,0.832848998778581,0.7136801272805767,62973.0,62973.0,53098.37109375,8422.010986328125,53357.527994791664,0.6455200376881097,22322.666666666668,,,
PatientID_0062_T1_to_T2_t1c,SHIFT_3,EIA_LINEAR,0.6774154971723506,0.5121911194832128,0.777788364327216,0.6363783757653985,0.4885870664120276,2.128695019615795,115632.33333333333,62973.0,62973.0,4.350224246223629e-12,0.9999928871790568,0.0136838954252501,122169.81901041667,0.777788364327216,0.6363783757653985,62973.0,62973.0,59690.094401041664,9632.212320963541,62479.740234375,0.6455200376881097,22322.666666666668,,,
PatientID_0062_T1_to_T2_t1c,SHIFT_3,PCC,0.7190265591505954,0.5613181794465142,0.8115673913173511,0.6829213899215683,0.5462896663597782,2.2291681443301266,103768.33333333333,62973.0,62973.0,8.253920592930323e-06,0.9999894301096598,0.011981454988320617,106970.4296875,0.8115673913173511,0.6829213899215683,62973.0,62973.0,58436.522135416664,7310.614583333333,48534.16796875,0.6455200376881097,22322.666666666668,,,0.9726298093700071
PatientID_0003_T1_to_T2_t1c,CLEAN,EIA_LINEAR,,,,,,,,,,,,,,0.432332507223168,0.2757807438311317,,,,,,,,,,
PatientID_0003_T1_to_T2_t1c,CLEAN,EIA_BLEND_075,,,,,,,,,,,,,,0.6749278836453312,0.509351812120275,,,,,,,,,,
PatientID_0003_T1_to_T2_t1c,CLEAN,PCC,,,,,,,,,,,,,,0.6074838500059423,0.4362490517757995,,,,,,,,,,1.0
PatientID_0005_T3_to_T4_t1c,CLEAN,EIA_LINEAR,,,,,,,,,,,,,,0.2554818157882803,0.1464483535471895,,,,,,,,,,
PatientID_0005_T3_to_T4_t1c,CLEAN,EIA_BLEND_075,,,,,,,,,,,,,,0.5748340854904477,0.4033453787056832,,,,,,,,,,
PatientID_0005_T3_to_T4_t1c,CLEAN,PCC,,,,,,,,,,,,,,0.4502256437629353,0.290510448808136,,,,,,,,,,1.0
PatientID_0006_T2_to_T4_t1c,CLEAN,EIA_LINEAR,,,,,,,,,,,,,,0.453735213104567,0.293439530515263,,,,,,,,,,
PatientID_0006_T2_to_T4_t1c,CLEAN,EIA_BLEND_075,,,,,,,,,,,,,,0.8671609139550486,0.7654758073251985,,,,,,,,,,
PatientID_0006_T2_to_T4_t1c,CLEAN,PCC,,,,,,,,,,,,,,0.6406579160662644,0.4712999940552155,,,,,,,,,,1.0
PatientID_0007_T2_to_T3_t1c,CLEAN,EIA_LINEAR,,,,,,,,,,,,,,0.3388500674672766,0.2039852399111449,,,,,,,,,,
PatientID_0007_T2_to_T3_t1c,CLEAN,EIA_BLEND_075,,,,,,,,,,,,,,0.7111683217045992,0.5517930182106161,,,,,,,,,,
PatientID_0007_T2_to_T3_t1c,CLEAN,PCC,,,,,,,,,,,,,,0.4406031629618362,0.2825471698677242,,,,,,,,,,1.0
PatientID_0008_T4_to_T6_t1c,CLEAN,EIA_LINEAR,,,,,,,,,,,,,,0.1720876586883405,0.0941443716438485,,,,,,,,,,
PatientID_0008_T4_to_T6_t1c,CLEAN,EIA_BLEND_075,,,,,,,,,,,,,,0.4059976932634374,0.2547033286172643,,,,,,,,,,
PatientID_0008_T4_to_T6_t1c,CLEAN,PCC,,,,,,,,,,,,,,0.2770472895874224,0.1607979650340343,,,,,,,,,,1.0
PatientID_0010_T1_to_T4_t1c,CLEAN,EIA_LINEAR,,,,,,,,,,,,,,0.5795811672162073,0.4080354004382036,,,,,,,,,,
PatientID_0010_T1_to_T4_t1c,CLEAN,EIA_BLEND_075,,,,,,,,,,,,,,0.6361206567445573,0.4664053751514685,,,,,,,,,,
PatientID_0010_T1_to_T4_t1c,CLEAN,PCC,,,,,,,,,,,,,,0.6343877581044676,0.4645445746969665,,,,,,,,,,1.0
PatientID_0011_T1_to_T2_t1c,CLEAN,EIA_LINEAR,,,,,,,,,,,,,,0.4458825615363559,0.2869040334447889,,,,,,,,,,
PatientID_0011_T1_to_T2_t1c,CLEAN,EIA_BLEND_075,,,,,,,,,,,,,,0.4585516029765917,0.2974809950613545,,,,,,,,,,
PatientID_0011_T1_to_T2_t1c,CLEAN,PCC,,,,,,,,,,,,,,0.4890475653238258,0.3236684055074763,,,,,,,,,,1.0
PatientID_0012_T2_to_T3_t1c,CLEAN,EIA_LINEAR,,,,,,,,,,,,,,0.3018072918541125,0.1777226403184764,,,,,,,,,,
PatientID_0012_T2_to_T3_t1c,CLEAN,EIA_BLEND_075,,,,,,,,,,,,,,0.3549987812153515,0.2158045703360979,,,,,,,,,,
PatientID_0012_T2_to_T3_t1c,CLEAN,PCC,,,,,,,,,,,,,,0.360814151901654,0.2201179032426563,,,,,,,,,,1.0
PatientID_0013_T1_to_T2_t1c,CLEAN,EIA_LINEAR,,,,,,,,,,,,,,0.2145232563615661,0.1201490062225359,,,,,,,,,,
PatientID_0013_T1_to_T2_t1c,CLEAN,EIA_BLEND_075,,,,,,,,,,,,,,0.2071431825609962,0.1155380510960351,,,,,,,,,,
PatientID_0013_T1_to_T2_t1c,CLEAN,PCC,,,,,,,,,,,,,,0.2362990296743588,0.133979077899161,,,,,,,,,,1.0
PatientID_0014_T1_to_T2_t1c,CLEAN,EIA_LINEAR,,,,,,,,,,,,,,0.242222222432716,0.1378002531170037,,,,,,,,,,
PatientID_0014_T1_to_T2_t1c,CLEAN,EIA_BLEND_075,,,,,,,,,,,,,,0.6177777778839506,0.4469453378428677,,,,,,,,,,
PatientID_0014_T1_to_T2_t1c,CLEAN,PCC,,,,,,,,,,,,,,0.3461111112927469,0.2092710785323241,,,,,,,,,,1.0
PatientID_0018_T1_to_T2_t1c,CLEAN,EIA_LINEAR,,,,,,,,,,,,,,0.040084388523177,0.0204520993826867,,,,,,,,,,
PatientID_0018_T1_to_T2_t1c,CLEAN,EIA_BLEND_075,,,,,,,,,,,,,,0.6666666667838725,0.500000000263713,,,,,,,,,,
PatientID_0018_T1_to_T2_t1c,CLEAN,PCC,,,,,,,,,,,,,,0.0921237696581843,0.0482860305756409,,,,,,,,,,1.0
PatientID_0019_T4_to_T5_t1c,CLEAN,EIA_LINEAR,,,,,,,,,,,,,,0.1822184458835849,0.1002422131007418,,,,,,,,,,
PatientID_0019_T4_to_T5_t1c,CLEAN,EIA_BLEND_075,,,,,,,,,,,,,,0.1781245172571402,0.0977698635165873,,,,,,,,,,
PatientID_0019_T4_to_T5_t1c,CLEAN,PCC,,,,,,,,,,,,,,0.2318090530190094,0.1310995588165174,,,,,,,,,,1.0
PatientID_0020_T1_to_T2_t1c,CLEAN,EIA_LINEAR,,,,,,,,,,,,,,0.3596798636256942,0.2192741865860417,,,,,,,,,,
PatientID_0020_T1_to_T2_t1c,CLEAN,EIA_BLEND_075,,,,,,,,,,,,,,0.3734135253037172,0.2295688124369066,,,,,,,,,,
PatientID_0020_T1_to_T2_t1c,CLEAN,PCC,,,,,,,,,,,,,,0.2176548588933118,0.122117121927885,,,,,,,,,,1.0
PatientID_0021_T2_to_T3_t1c,CLEAN,EIA_LINEAR,,,,,,,,,,,,,,0.1035757537413609,0.0546163412410642,,,,,,,,,,
PatientID_0021_T2_to_T3_t1c,CLEAN,EIA_BLEND_075,,,,,,,,,,,,,,0.1056791382782306,0.0557873486185805,,,,,,,,,,
PatientID_0021_T2_to_T3_t1c,CLEAN,PCC,,,,,,,,,,,,,,0.1346166103915285,0.0721656530078532,,,,,,,,,,1.0
PatientID_0022_T1_to_T2_t1c,CLEAN,EIA_LINEAR,,,,,,,,,,,,,,0.5463750136847046,0.3758706811118621,,,,,,,,,,
PatientID_0022_T1_to_T2_t1c,CLEAN,EIA_BLEND_075,,,,,,,,,,,,,,0.5404732367664261,0.370307177904626,,,,,,,,,,
PatientID_0022_T1_to_T2_t1c,CLEAN,PCC,,,,,,,,,,,,,,0.5108822563600955,0.3430771398333645,,,,,,,,,,1.0
PatientID_0024_T2_to_T3_t1c,CLEAN,EIA_LINEAR,,,,,,,,,,,,,,0.7926340404226437,0.6564985820065505,,,,,,,,,,
PatientID_0024_T2_to_T3_t1c,CLEAN,EIA_BLEND_075,,,,,,,,,,,,,,0.7927843661283381,0.6567048536214414,,,,,,,,,,
PatientID_0024_T2_to_T3_t1c,CLEAN,PCC,,,,,,,,,,,,,,0.5226991815640329,0.3538204102010965,,,,,,,,,,1.0
PatientID_0025_T1_to_T2_t1c,CLEAN,EIA_LINEAR,,,,,,,,,,,,,,0.4262941378226552,0.2708855244685571,,,,,,,,,,
PatientID_0025_T1_to_T2_t1c,CLEAN,EIA_BLEND_075,,,,,,,,,,,,,,0.429002399735533,0.2730764195157099,,,,,,,,,,
PatientID_0025_T1_to_T2_t1c,CLEAN,PCC,,,,,,,,,,,,,,0.4687692835195617,0.3061388976110209,,,,,,,,,,1.0
PatientID_0026_T1_to_T2_t1c,CLEAN,EIA_LINEAR,,,,,,,,,,,,,,0.3248498593158115,0.1939228320105056,,,,,,,,,,
PatientID_0026_T1_to_T2_t1c,CLEAN,EIA_BLEND_075,,,,,,,,,,,,,,0.3603586577699345,0.2197789531752138,,,,,,,,,,
PatientID_0026_T1_to_T2_t1c,CLEAN,PCC,,,,,,,,,,,,,,0.3772836084228163,0.2325012617048734,,,,,,,,,,1.0
PatientID_0029_T1_to_T3_t1c,CLEAN,EIA_LINEAR,,,,,,,,,,,,,,0.1697553357734285,0.0927500782290061,,,,,,,,,,
PatientID_0029_T1_to_T3_t1c,CLEAN,EIA_BLEND_075,,,,,,,,,,,,,,0.183992712139719,0.1013171661707397,,,,,,,,,,
PatientID_0029_T1_to_T3_t1c,CLEAN,PCC,,,,,,,,,,,,,,0.2109318063611279,0.1179003724523117,,,,,,,,,,1.0
PatientID_0030_T1_to_T3_t1c,CLEAN,EIA_LINEAR,,,,,,,,,,,,,,0.8499613611543024,0.7390720037103741,,,,,,,,,,
PatientID_0030_T1_to_T3_t1c,CLEAN,EIA_BLEND_075,,,,,,,,,,,,,,0.8510139366332838,0.7406651514478796,,,,,,,,,,
PatientID_0030_T1_to_T3_t1c,CLEAN,PCC,,,,,,,,,,,,,,0.5266608042241142,0.3574606619699995,,,,,,,,,,1.0
PatientID_0031_T2_to_T3_t1c,CLEAN,EIA_LINEAR,,,,,,,,,,,,,,0.2138016715830754,0.1196964907012426,,,,,,,,,,
PatientID_0031_T2_to_T3_t1c,CLEAN,EIA_BLEND_075,,,,,,,,,,,,,,0.3124011746297605,0.185115781047212,,,,,,,,,,
PatientID_0031_T2_to_T3_t1c,CLEAN,PCC,,,,,,,,,,,,,,0.3009374294301746,0.177119686270578,,,,,,,,,,1.0
PatientID_0032_T1_to_T2_t1c,CLEAN,EIA_LINEAR,,,,,,,,,,,,,,0.1052195529804393,0.0555312640771616,,,,,,,,,,
PatientID_0032_T1_to_T2_t1c,CLEAN,EIA_BLEND_075,,,,,,,,,,,,,,0.6743993373345488,0.5087500003070312,,,,,,,,,,
PatientID_0032_T1_to_T2_t1c,CLEAN,PCC,,,,,,,,,,,,,,0.1690140848512783,0.0923076927184128,,,,,,,,,,1.0
PatientID_0033_T1_to_T2_t1c,CLEAN,EIA_LINEAR,,,,,,,,,,,,,,0.1563833915814715,0.0848242475749934,,,,,,,,,,
PatientID_0033_T1_to_T2_t1c,CLEAN,EIA_BLEND_075,,,,,,,,,,,,,,0.2083818393864774,0.116309291795738,,,,,,,,,,
PatientID_0033_T1_to_T2_t1c,CLEAN,PCC,,,,,,,,,,,,,,0.1955762514941998,0.1083870968221297,,,,,,,,,,1.0
PatientID_0034_T1_to_T2_t1c,CLEAN,EIA_LINEAR,,,,,,,,,,,,,,0.1717760325346116,0.0939578715224559,,,,,,,,,,
PatientID_0034_T1_to_T2_t1c,CLEAN,EIA_BLEND_075,,,,,,,,,,,,,,0.7215606790319786,0.5644074515330147,,,,,,,,,,
PatientID_0034_T1_to_T2_t1c,CLEAN,PCC,,,,,,,,,,,,,,0.3422852800427811,0.2064802079770013,,,,,,,,,,1.0
PatientID_0035_T1_to_T2_t1c,CLEAN,EIA_LINEAR,,,,,,,,,,,,,,0.2748063446560667,0.1592901434339768,,,,,,,,,,
PatientID_0035_T1_to_T2_t1c,CLEAN,EIA_BLEND_075,,,,,,,,,,,,,,0.6285503504927055,0.4583109199950751,,,,,,,,,,
PatientID_0035_T1_to_T2_t1c,CLEAN,PCC,,,,,,,,,,,,,,0.3932128367035756,0.2447199267114968,,,,,,,,,,1.0
PatientID_0036_T1_to_T2_t1c,CLEAN,EIA_LINEAR,,,,,,,,,,,,,,0.5681682024393905,0.3968121139729347,,,,,,,,,,
PatientID_0036_T1_to_T2_t1c,CLEAN,EIA_BLEND_075,,,,,,,,,,,,,,0.5652297948851365,0.3939514445410499,,,,,,,,,,
PatientID_0036_T1_to_T2_t1c,CLEAN,PCC,,,,,,,,,,,,,,0.3912218640388039,0.2431795008268548,,,,,,,,,,1.0
PatientID_0037_T1_to_T2_t1c,CLEAN,EIA_LINEAR,,,,,,,,,,,,,,0.3361600044724238,0.202038660801012,,,,,,,,,,
PatientID_0037_T1_to_T2_t1c,CLEAN,EIA_BLEND_075,,,,,,,,,,,,,,0.3543752963910517,0.2153439332946512,,,,,,,,,,
PatientID_0037_T1_to_T2_t1c,CLEAN,PCC,,,,,,,,,,,,,,0.377639543650065,0.232771664387332,,,,,,,,,,1.0
PatientID_0038_T1_to_T2_t1c,CLEAN,EIA_LINEAR,,,,,,,,,,,,,,0.2833208114334463,0.1650400455344864,,,,,,,,,,
PatientID_0038_T1_to_T2_t1c,CLEAN,EIA_BLEND_075,,,,,,,,,,,,,,0.2885424492996141,0.1685945696971269,,,,,,,,,,
PatientID_0038_T1_to_T2_t1c,CLEAN,PCC,,,,,,,,,,,,,,0.3394815927997843,0.204443137361617,,,,,,,,,,1.0
PatientID_0039_T1_to_T2_t1c,CLEAN,EIA_LINEAR,,,,,,,,,,,,,,0.1195219125100467,0.0635593222142605,,,,,,,,,,
PatientID_0039_T1_to_T2_t1c,CLEAN,EIA_BLEND_075,,,,,,,,,,,,,,0.7450199203649004,0.5936507937680662,,,,,,,,,,
PatientID_0039_T1_to_T2_t1c,CLEAN,PCC,,,,,,,,,,,,,,0.2875769649968169,0.1679357023756481,,,,,,,,,,1.0
PatientID_0041_T1_to_T2_t1c,CLEAN,EIA_LINEAR,,,,,,,,,,,,,,0.3642416769812428,0.2226745063151911,,,,,,,,,,
PatientID_0041_T1_to_T2_t1c,CLEAN,EIA_BLEND_075,,,,,,,,,,,,,,0.4849568434349595,0.3200944087800036,,,,,,,,,,
PatientID_0041_T1_to_T2_t1c,CLEAN,PCC,,,,,,,,,,,,,,0.451664611624435,0.2917098033533718,,,,,,,,,,1.0
PatientID_0044_T1_to_T2_t1c,CLEAN,EIA_LINEAR,,,,,,,,,,,,,,0.1779402805673552,0.0976588631780405,,,,,,,,,,
PatientID_0044_T1_to_T2_t1c,CLEAN,EIA_BLEND_075,,,,,,,,,,,,,,0.6910420476261298,0.5279329611136253,,,,,,,,,,
PatientID_0044_T1_to_T2_t1c,CLEAN,PCC,,,,,,,,,,,,,,0.3217550276289595,0.1917211331910961,,,,,,,,,,1.0
PatientID_0045_T1_to_T2_t1c,CLEAN,EIA_LINEAR,,,,,,,,,,,,,,0.5266491351575369,0.3574499107650086,,,,,,,,,,
PatientID_0045_T1_to_T2_t1c,CLEAN,EIA_BLEND_075,,,,,,,,,,,,,,0.5109633690181955,0.3431503016063286,,,,,,,,,,
PatientID_0045_T1_to_T2_t1c,CLEAN,PCC,,,,,,,,,,,,,,0.3798844401701925,0.2344798418065855,,,,,,,,,,1.0
PatientID_0051_T1_to_T3_t1c,CLEAN,EIA_LINEAR,,,,,,,,,,,,,,0.2996961256235852,0.1762603321477303,,,,,,,,,,
PatientID_0051_T1_to_T3_t1c,CLEAN,EIA_BLEND_075,,,,,,,,,,,,,,0.7756394023874513,0.6335056877128488,,,,,,,,,,
PatientID_0051_T1_to_T3_t1c,CLEAN,PCC,,,,,,,,,,,,,,0.4611927070314892,0.2997079031019991,,,,,,,,,,1.0
PatientID_0052_T1_to_T2_t1c,CLEAN,EIA_LINEAR,,,,,,,,,,,,,,0.2138279192446482,0.1197129445520973,,,,,,,,,,
PatientID_0052_T1_to_T2_t1c,CLEAN,EIA_BLEND_075,,,,,,,,,,,,,,0.2030728709569123,0.1130111887645231,,,,,,,,,,
PatientID_0052_T1_to_T2_t1c,CLEAN,PCC,,,,,,,,,,,,,,0.2649253731504625,0.1526881720644481,,,,,,,,,,1.0
PatientID_0053_T1_to_T3_t1c,CLEAN,EIA_LINEAR,,,,,,,,,,,,,,0.8152953641471901,0.688184497194656,,,,,,,,,,
PatientID_0053_T1_to_T3_t1c,CLEAN,EIA_BLEND_075,,,,,,,,,,,,,,0.8135844927317771,0.6857500494126698,,,,,,,,,,
PatientID_0053_T1_to_T3_t1c,CLEAN,PCC,,,,,,,,,,,,,,0.507625102046499,0.3401458324885205,,,,,,,,,,1.0
PatientID_0054_T1_to_T2_t1c,CLEAN,EIA_LINEAR,,,,,,,,,,,,,,0.1316740823740493,0.0704770410753533,,,,,,,,,,
PatientID_0054_T1_to_T2_t1c,CLEAN,EIA_BLEND_075,,,,,,,,,,,,,,0.6669911012467331,0.5003650777615141,,,,,,,,,,
PatientID_0054_T1_to_T2_t1c,CLEAN,PCC,,,,,,,,,,,,,,0.2632091212970516,0.1515491154309864,,,,,,,,,,1.0
PatientID_0055_T1_to_T4_t1c,CLEAN,EIA_LINEAR,,,,,,,,,,,,,,0.4323991870940101,0.2758350107715248,,,,,,,,,,
PatientID_0055_T1_to_T4_t1c,CLEAN,EIA_BLEND_075,,,,,,,,,,,,,,0.6158412664558819,0.4449209845274556,,,,,,,,,,
PatientID_0055_T1_to_T4_t1c,CLEAN,PCC,,,,,,,,,,,,,,0.5412343566279486,0.3710221440324453,,,,,,,,,,1.0
PatientID_0059_T1_to_T2_t1c,CLEAN,EIA_LINEAR,,,,,,,,,,,,,,0.0515151517204512,0.0264385694231418,,,,,,,,,,
PatientID_0059_T1_to_T2_t1c,CLEAN,EIA_BLEND_075,,,,,,,,,,,,,,0.2787878789439853,0.1619718311966871,,,,,,,,,,
PatientID_0059_T1_to_T2_t1c,CLEAN,PCC,,,,,,,,,,,,,,0.1160173162086542,0.0615808825685705,,,,,,,,,,1.0
PatientID_0060_T1_to_T2_t1c,CLEAN,EIA_LINEAR,,,,,,,,,,,,,,0.7433354776980267,0.5915146520883556,,,,,,,,,,
PatientID_0060_T1_to_T2_t1c,CLEAN,EIA_BLEND_075,,,,,,,,,,,,,,0.901762038505156,0.8210989513412422,,,,,,,,,,
PatientID_0060_T1_to_T2_t1c,CLEAN,PCC,,,,,,,,,,,,,,0.8218662231511001,0.6976000852396239,,,,,,,,,,1.0
PatientID_0062_T1_to_T2_t1c,CLEAN,EIA_LINEAR,,,,,,,,,,,,,,0.780223270292187,0.6396443310424064,,,,,,,,,,
PatientID_0062_T1_to_T2_t1c,CLEAN,EIA_BLEND_075,,,,,,,,,,,,,,0.8823464024273708,0.7894632150295607,,,,,,,,,,
PatientID_0062_T1_to_T2_t1c,CLEAN,PCC,,,,,,,,,,,,,,0.8344052212866275,0.7158621817180167,,,,,,,,,,1.0
