patient_id,case_id,shard,method,Dice_0.5,IoU_0.5,precision_0.5,recall_0.5,soft_Dice,Brier,average_precision,predicted_positive_volume,target_volume,target_to_predicted_volume_ratio,topk_Dice,topk_IoU,numeric_status,failure_status,attempt_id,method_code_hash,P0_hash,target_hash,method_primary_source,method_source_sha256,method_effective_provenance_sha256,stage_b_execution_commit
PatientID_0064,PatientID_0064_T1_to_T2_t1c,0,Fixed,0.0617726875488707,0.0318707135907354,0.0328546615456124,0.5155470249520153,0.0458057112291523,0.0035409354148733,0.0452144746600733,40877,2605,0.0637277686718692,0.0786948178351833,0.0409590411506575,PASS,,shard0_attempt1,1ce4cc7063e01bf7896fcc87d293d33d187674a1b44868f4216da54e414f8597,c9b1211ea167d9d81a64c8a3451e85211185a8b62deaa4d97e20d118b7543c2c,3438a6a64bd38e4247a94e86e353eee320553d28d30f004e2bea83f816e20dcf,src/models/pcc.py,123122d313885dc1d5736a3ef0c2b739b84988a4c4e9f17137f25ef724a13dc4,1ce4cc7063e01bf7896fcc87d293d33d187674a1b44868f4216da54e414f8597,82730934288f233e80b9367b778c86f943d18fa4
PatientID_0064,PatientID_0064_T1_to_T2_t1c,0,Naive,0.0617726875488707,0.0318707135907354,0.0328546615456124,0.5155470249520153,0.0595568647597124,0.0037467019466314,0.0453077638788026,40877,2605,0.0637277686718692,0.0786948178351833,0.0409590411506575,PASS,,shard0_attempt1,55571640a310a07ad9308efdca53e052351467d1c3f7fa58b36754d53d564135,c9b1211ea167d9d81a64c8a3451e85211185a8b62deaa4d97e20d118b7543c2c,3438a6a64bd38e4247a94e86e353eee320553d28d30f004e2bea83f816e20dcf,src/models/naive_self_tightening.py,131759341c8cebad65044361f13f5ed778994c76eee669c99a818025b0a8c634,55571640a310a07ad9308efdca53e052351467d1c3f7fa58b36754d53d564135,82730934288f233e80b9367b778c86f943d18fa4
PatientID_0064,PatientID_0064_T1_to_T2_t1c,0,EIA-linear,0.08690992351537,0.0454290807231983,0.0463991261151135,0.6848368522072936,0.0540602341073966,0.0032799243600324,0.0562747716776168,38449,2605,0.0677520871804208,0.082917466586772,0.0432519024743188,PASS,,shard0_attempt1,996d63d2f7ef590801341ec3f945cb2ce0e40c70c4ebdd2b479db41f7da6d3ae,c9b1211ea167d9d81a64c8a3451e85211185a8b62deaa4d97e20d118b7543c2c,3438a6a64bd38e4247a94e86e353eee320553d28d30f004e2bea83f816e20dcf,src/models/eia.py,2136540541c6d42e78a879ce83728886e644dfd3ace819d36766c1d7e5018dbd,996d63d2f7ef590801341ec3f945cb2ce0e40c70c4ebdd2b479db41f7da6d3ae,82730934288f233e80b9367b778c86f943d18fa4
PatientID_0064,PatientID_0064_T1_to_T2_t1c,0,EIA-blend-0.90,0.0693952478217028,0.0359448238917905,0.0372033710357063,0.5151631477927063,0.0492391428791165,0.0028945673295055,0.1576088316939705,36072,2605,0.0722166777555999,0.1654510558223702,0.0901862316195467,PASS,,shard0_attempt1,996d63d2f7ef590801341ec3f945cb2ce0e40c70c4ebdd2b479db41f7da6d3ae,c9b1211ea167d9d81a64c8a3451e85211185a8b62deaa4d97e20d118b7543c2c,3438a6a64bd38e4247a94e86e353eee320553d28d30f004e2bea83f816e20dcf,src/models/eia.py,2136540541c6d42e78a879ce83728886e644dfd3ace819d36766c1d7e5018dbd,996d63d2f7ef590801341ec3f945cb2ce0e40c70c4ebdd2b479db41f7da6d3ae,82730934288f233e80b9367b778c86f943d18fa4
PatientID_0064,PatientID_0064_T1_to_T2_t1c,0,EIA-blend-0.75,0.1007219705549263,0.0530317146796854,0.055475420061596,0.5462571976967371,0.0558904458612846,0.0020531934725119,0.2255180182940456,25651,2605,0.101555494912479,0.2383877160770849,0.1353236001012587,PASS,,shard0_attempt1,996d63d2f7ef590801341ec3f945cb2ce0e40c70c4ebdd2b479db41f7da6d3ae,c9b1211ea167d9d81a64c8a3451e85211185a8b62deaa4d97e20d118b7543c2c,3438a6a64bd38e4247a94e86e353eee320553d28d30f004e2bea83f816e20dcf,src/models/eia.py,2136540541c6d42e78a879ce83728886e644dfd3ace819d36766c1d7e5018dbd,996d63d2f7ef590801341ec3f945cb2ce0e40c70c4ebdd2b479db41f7da6d3ae,82730934288f233e80b9367b778c86f943d18fa4
PatientID_0064,PatientID_0064_T1_to_T2_t1c,0,EIA-morph,0.0674056321150389,0.0348783134397767,0.0360471015460201,0.5182341650671785,0.0674056321150389,0.0041841397849462,0.0188214085692093,37451,2605,0.0695575552054684,0.0383877161154726,0.0195694718161312,PASS,,shard0_attempt1,996d63d2f7ef590801341ec3f945cb2ce0e40c70c4ebdd2b479db41f7da6d3ae,c9b1211ea167d9d81a64c8a3451e85211185a8b62deaa4d97e20d118b7543c2c,3438a6a64bd38e4247a94e86e353eee320553d28d30f004e2bea83f816e20dcf,src/models/eia.py,2136540541c6d42e78a879ce83728886e644dfd3ace819d36766c1d7e5018dbd,996d63d2f7ef590801341ec3f945cb2ce0e40c70c4ebdd2b479db41f7da6d3ae,82730934288f233e80b9367b778c86f943d18fa4
PatientID_0064,PatientID_0064_T1_to_T2_t1c,0,Full PCC,0.1464868701206529,0.0790320110277224,0.0835402050728548,0.5942418426103647,0.0660073919868671,0.0018637985695674,0.0993259608564351,18530,2605,0.1405828386400431,0.1293666028542482,0.0691565772482748,PASS,,shard0_attempt1,1ce4cc7063e01bf7896fcc87d293d33d187674a1b44868f4216da54e414f8597,c9b1211ea167d9d81a64c8a3451e85211185a8b62deaa4d97e20d118b7543c2c,3438a6a64bd38e4247a94e86e353eee320553d28d30f004e2bea83f816e20dcf,src/models/pcc.py,123122d313885dc1d5736a3ef0c2b739b84988a4c4e9f17137f25ef724a13dc4,1ce4cc7063e01bf7896fcc87d293d33d187674a1b44868f4216da54e414f8597,82730934288f233e80b9367b778c86f943d18fa4
PatientID_0064,PatientID_0064_T1_to_T2_t1c,0,No-smoothing PCC,0.3347761299936138,0.2010397136526333,0.2053447075208913,0.9055662188099808,0.0942985150994831,0.001297601888488,0.3795531034267875,11488,2605,0.226758356545961,0.3117082534910348,0.1846293771749364,PASS,,shard0_attempt1,a98cff9de3cd973fac6fd4129a2a0437abb1490f192afe845d096994cd98b126,c9b1211ea167d9d81a64c8a3451e85211185a8b62deaa4d97e20d118b7543c2c,3438a6a64bd38e4247a94e86e353eee320553d28d30f004e2bea83f816e20dcf,src/analysis/internal_completion.py,d72550e520742f4fd2a3fe63f61d29804bdd17c303016b7e3a48452ae6cd62f9;123122d313885dc1d5736a3ef0c2b739b84988a4c4e9f17137f25ef724a13dc4,a98cff9de3cd973fac6fd4129a2a0437abb1490f192afe845d096994cd98b126,82730934288f233e80b9367b778c86f943d18fa4
PatientID_0065,PatientID_0065_T1_to_T2_t1c,0,Fixed,0.3750353563303203,0.2307960101109479,0.7163730326521024,0.2540063301682492,0.3907349114752687,0.0042520790696802,0.5633151439407689,21285,60030,2.8202959830866807,0.5601199400336488,0.3890045814314753,PASS,,shard0_attempt1,1ce4cc7063e01bf7896fcc87d293d33d187674a1b44868f4216da54e414f8597,22a868fd45fcc65eec9c20e4c2084f0f799b761a245cdf0fe67082ccc85b804c,176ed2242de41571d1286ec9a2d42508fec33f7d801181258a0009e7121a2ea8,src/models/pcc.py,123122d313885dc1d5736a3ef0c2b739b84988a4c4e9f17137f25ef724a13dc4,1ce4cc7063e01bf7896fcc87d293d33d187674a1b44868f4216da54e414f8597,82730934288f233e80b9367b778c86f943d18fa4
PatientID_0065,PatientID_0065_T1_to_T2_t1c,0,Naive,0.3750353563303203,0.2307960101109479,0.7163730326521024,0.2540063301682492,0.3844739749524675,0.0048680110408703,0.5633024836648173,21285,60030,2.8202959830866807,0.5601199400336488,0.3890045814314753,PASS,,shard0_attempt1,55571640a310a07ad9308efdca53e052351467d1c3f7fa58b36754d53d564135,22a868fd45fcc65eec9c20e4c2084f0f799b761a245cdf0fe67082ccc85b804c,176ed2242de41571d1286ec9a2d42508fec33f7d801181258a0009e7121a2ea8,src/models/naive_self_tightening.py,131759341c8cebad65044361f13f5ed778994c76eee669c99a818025b0a8c634,55571640a310a07ad9308efdca53e052351467d1c3f7fa58b36754d53d564135,82730934288f233e80b9367b778c86f943d18fa4
PatientID_0065,PatientID_0065_T1_to_T2_t1c,0,EIA-linear,0.5084819189201514,0.3409156921195444,0.8054973632883046,0.3714975845410628,0.4876874539106506,0.0030476736836569,0.7566003139533366,27686,60030,2.1682438777721598,0.7156088622379176,0.5571580503805718,PASS,,shard0_attempt1,996d63d2f7ef590801341ec3f945cb2ce0e40c70c4ebdd2b479db41f7da6d3ae,22a868fd45fcc65eec9c20e4c2084f0f799b761a245cdf0fe67082ccc85b804c,176ed2242de41571d1286ec9a2d42508fec33f7d801181258a0009e7121a2ea8,src/models/eia.py,2136540541c6d42e78a879ce83728886e644dfd3ace819d36766c1d7e5018dbd,996d63d2f7ef590801341ec3f945cb2ce0e40c70c4ebdd2b479db41f7da6d3ae,82730934288f233e80b9367b778c86f943d18fa4
PatientID_0065,PatientID_0065_T1_to_T2_t1c,0,EIA-blend-0.90,0.3910978860579009,0.2430837045142795,0.7647030303030303,0.2627352990171581,0.4185399857370204,0.0037962383486537,0.6595420390287212,20625,60030,2.9105454545454545,0.6418957188102458,0.4726409655761571,PASS,,shard0_attempt1,996d63d2f7ef590801341ec3f945cb2ce0e40c70c4ebdd2b479db41f7da6d3ae,22a868fd45fcc65eec9c20e4c2084f0f799b761a245cdf0fe67082ccc85b804c,176ed2242de41571d1286ec9a2d42508fec33f7d801181258a0009e7121a2ea8,src/models/eia.py,2136540541c6d42e78a879ce83728886e644dfd3ace819d36766c1d7e5018dbd,996d63d2f7ef590801341ec3f945cb2ce0e40c70c4ebdd2b479db41f7da6d3ae,82730934288f233e80b9367b778c86f943d18fa4
PatientID_0065,PatientID_0065_T1_to_T2_t1c,0,EIA-blend-0.75,0.4423172550969667,0.2839584996009577,0.8716315531602156,0.296351824087956,0.458083735420342,0.0032030881514545,0.7764997422596333,20410,60030,2.941205291523763,0.7076794935889749,0.5476037020863183,PASS,,shard0_attempt1,996d63d2f7ef590801341ec3f945cb2ce0e40c70c4ebdd2b479db41f7da6d3ae,22a868fd45fcc65eec9c20e4c2084f0f799b761a245cdf0fe67082ccc85b804c,176ed2242de41571d1286ec9a2d42508fec33f7d801181258a0009e7121a2ea8,src/models/eia.py,2136540541c6d42e78a879ce83728886e644dfd3ace819d36766c1d7e5018dbd,996d63d2f7ef590801341ec3f945cb2ce0e40c70c4ebdd2b479db41f7da6d3ae,82730934288f233e80b9367b778c86f943d18fa4
PatientID_0065,PatientID_0065_T1_to_T2_t1c,0,EIA-morph,0.3818036950351078,0.2359439913832897,0.7555927860451365,0.2554389471930701,0.3818036950351078,0.0055618279569892,0.198014098175482,20294,60030,2.9580171479254957,0.2626186906608144,0.1511577736310354,PASS,,shard0_attempt1,996d63d2f7ef590801341ec3f945cb2ce0e40c70c4ebdd2b479db41f7da6d3ae,22a868fd45fcc65eec9c20e4c2084f0f799b761a245cdf0fe67082ccc85b804c,176ed2242de41571d1286ec9a2d42508fec33f7d801181258a0009e7121a2ea8,src/models/eia.py,2136540541c6d42e78a879ce83728886e644dfd3ace819d36766c1d7e5018dbd,996d63d2f7ef590801341ec3f945cb2ce0e40c70c4ebdd2b479db41f7da6d3ae,82730934288f233e80b9367b778c86f943d18fa4
PatientID_0065,PatientID_0065_T1_to_T2_t1c,0,Full PCC,0.6876203098867115,0.5239492161200346,0.9328709649798784,0.5444777611194402,0.5499343418098724,0.0027804763183748,0.8004461051675277,35037,60030,1.71333162085795,0.7513243378331557,0.6016969502974774,PASS,,shard0_attempt1,1ce4cc7063e01bf7896fcc87d293d33d187674a1b44868f4216da54e414f8597,22a868fd45fcc65eec9c20e4c2084f0f799b761a245cdf0fe67082ccc85b804c,176ed2242de41571d1286ec9a2d42508fec33f7d801181258a0009e7121a2ea8,src/models/pcc.py,123122d313885dc1d5736a3ef0c2b739b84988a4c4e9f17137f25ef724a13dc4,1ce4cc7063e01bf7896fcc87d293d33d187674a1b44868f4216da54e414f8597,82730934288f233e80b9367b778c86f943d18fa4
PatientID_0065,PatientID_0065_T1_to_T2_t1c,0,No-smoothing PCC,0.844418905329694,0.7307309796121333,0.9932409597837109,0.7343828085957022,0.645460016050926,0.0018812145707074,0.9096921035471116,44385,60030,1.3524839472794865,0.8485757121451892,0.736979166670472,PASS,,shard0_attempt1,a98cff9de3cd973fac6fd4129a2a0437abb1490f192afe845d096994cd98b126,22a868fd45fcc65eec9c20e4c2084f0f799b761a245cdf0fe67082ccc85b804c,176ed2242de41571d1286ec9a2d42508fec33f7d801181258a0009e7121a2ea8,src/analysis/internal_completion.py,d72550e520742f4fd2a3fe63f61d29804bdd17c303016b7e3a48452ae6cd62f9;123122d313885dc1d5736a3ef0c2b739b84988a4c4e9f17137f25ef724a13dc4,a98cff9de3cd973fac6fd4129a2a0437abb1490f192afe845d096994cd98b126,82730934288f233e80b9367b778c86f943d18fa4
PatientID_0066,PatientID_0066_T1_to_T2_t1c,0,Fixed,0.256042396138923,0.146816869614291,0.1617291920713483,0.6142390119869233,0.162959210151259,0.0033390884719703,0.1948527699492855,41823,11012,0.2633000980321832,0.2437341082798886,0.138779731171728,PASS,,shard0_attempt1,1ce4cc7063e01bf7896fcc87d293d33d187674a1b44868f4216da54e414f8597,37f57e993bf157c21475484cb6cdea4bcebce5707ffac502fa40adc04c904c05,31346e801782a0c68b0236452d4218e8dc1482500288d951e0f57c68f53eb6bb,src/models/pcc.py,123122d313885dc1d5736a3ef0c2b739b84988a4c4e9f17137f25ef724a13dc4,1ce4cc7063e01bf7896fcc87d293d33d187674a1b44868f4216da54e414f8597,82730934288f233e80b9367b778c86f943d18fa4
PatientID_0066,PatientID_0066_T1_to_T2_t1c,0,Naive,0.256042396138923,0.146816869614291,0.1617291920713483,0.6142390119869233,0.2279456091117117,0.0034336258672201,0.1946167688357929,41823,11012,0.2633000980321832,0.2437341082798886,0.138779731171728,PASS,,shard0_attempt1,55571640a310a07ad9308efdca53e052351467d1c3f7fa58b36754d53d564135,37f57e993bf157c21475484cb6cdea4bcebce5707ffac502fa40adc04c904c05,31346e801782a0c68b0236452d4218e8dc1482500288d951e0f57c68f53eb6bb,src/models/naive_self_tightening.py,131759341c8cebad65044361f13f5ed778994c76eee669c99a818025b0a8c634,55571640a310a07ad9308efdca53e052351467d1c3f7fa58b36754d53d564135,82730934288f233e80b9367b778c86f943d18fa4
PatientID_0066,PatientID_0066_T1_to_T2_t1c,0,EIA-linear,0.2802261147681208,0.1629435806500443,0.1761913669737642,0.6842535415909916,0.177690518042011,0.0032305488414585,0.2287742701809026,42766,11012,0.2574942711499789,0.2751543770761372,0.1595240602737957,PASS,,shard0_attempt1,996d63d2f7ef590801341ec3f945cb2ce0e40c70c4ebdd2b479db41f7da6d3ae,37f57e993bf157c21475484cb6cdea4bcebce5707ffac502fa40adc04c904c05,31346e801782a0c68b0236452d4218e8dc1482500288d951e0f57c68f53eb6bb,src/models/eia.py,2136540541c6d42e78a879ce83728886e644dfd3ace819d36766c1d7e5018dbd,996d63d2f7ef590801341ec3f945cb2ce0e40c70c4ebdd2b479db41f7da6d3ae,82730934288f233e80b9367b778c86f943d18fa4
PatientID_0066,PatientID_0066_T1_to_T2_t1c,0,EIA-blend-0.90,0.2797360980207352,0.1626123164584703,0.1817983829254349,0.6064293498002179,0.1695990621048745,0.002815814765394,0.2817585561863432,36733,11012,0.2997849345275366,0.291863421753911,0.1708665603843239,PASS,,shard0_attempt1,996d63d2f7ef590801341ec3f945cb2ce0e40c70c4ebdd2b479db41f7da6d3ae,37f57e993bf157c21475484cb6cdea4bcebce5707ffac502fa40adc04c904c05,31346e801782a0c68b0236452d4218e8dc1482500288d951e0f57c68f53eb6bb,src/models/eia.py,2136540541c6d42e78a879ce83728886e644dfd3ace819d36766c1d7e5018dbd,996d63d2f7ef590801341ec3f945cb2ce0e40c70c4ebdd2b479db41f7da6d3ae,82730934288f233e80b9367b778c86f943d18fa4
PatientID_0066,PatientID_0066_T1_to_T2_t1c,0,EIA-blend-0.75,0.351462845356348,0.2131967995785453,0.2506386931950143,0.5879949146385761,0.1814817739550882,0.0021401226823965,0.3606361229707996,25834,11012,0.42625996748471,0.3527969488125319,0.2141793925125872,PASS,,shard0_attempt1,996d63d2f7ef590801341ec3f945cb2ce0e40c70c4ebdd2b479db41f7da6d3ae,37f57e993bf157c21475484cb6cdea4bcebce5707ffac502fa40adc04c904c05,31346e801782a0c68b0236452d4218e8dc1482500288d951e0f57c68f53eb6bb,src/models/eia.py,2136540541c6d42e78a879ce83728886e644dfd3ace819d36766c1d7e5018dbd,996d63d2f7ef590801341ec3f945cb2ce0e40c70c4ebdd2b479db41f7da6d3ae,82730934288f233e80b9367b778c86f943d18fa4
PatientID_0066,PatientID_0066_T1_to_T2_t1c,0,EIA-morph,0.2543067780034604,0.1456766714787442,0.160365275142315,0.6139665819106429,0.2543067780034604,0.0044410842293906,0.0989350623094052,42160,11012,0.2611954459203036,0.161732655323205,0.0879810305247255,PASS,,shard0_attempt1,996d63d2f7ef590801341ec3f945cb2ce0e40c70c4ebdd2b479db41f7da6d3ae,37f57e993bf157c21475484cb6cdea4bcebce5707ffac502fa40adc04c904c05,31346e801782a0c68b0236452d4218e8dc1482500288d951e0f57c68f53eb6bb,src/models/eia.py,2136540541c6d42e78a879ce83728886e644dfd3ace819d36766c1d7e5018dbd,996d63d2f7ef590801341ec3f945cb2ce0e40c70c4ebdd2b479db41f7da6d3ae,82730934288f233e80b9367b778c86f943d18fa4
PatientID_0066,PatientID_0066_T1_to_T2_t1c,0,Full PCC,0.4363636363636363,0.2790697674418604,0.3413109209245119,0.6047947693425354,0.2116279748115234,0.0018342771795967,0.3568774552326467,19513,11012,0.5643417209040127,0.4003814021340183,0.2502980414845133,PASS,,shard0_attempt1,1ce4cc7063e01bf7896fcc87d293d33d187674a1b44868f4216da54e414f8597,37f57e993bf157c21475484cb6cdea4bcebce5707ffac502fa40adc04c904c05,31346e801782a0c68b0236452d4218e8dc1482500288d951e0f57c68f53eb6bb,src/models/pcc.py,123122d313885dc1d5736a3ef0c2b739b84988a4c4e9f17137f25ef724a13dc4,1ce4cc7063e01bf7896fcc87d293d33d187674a1b44868f4216da54e414f8597,82730934288f233e80b9367b778c86f943d18fa4
PatientID_0066,PatientID_0066_T1_to_T2_t1c,0,No-smoothing PCC,0.7685824918381292,0.6241445218570812,0.6603392041748206,0.9192698873955684,0.2973980407423001,0.0011204870556201,0.775379088631136,15330,11012,0.7183300717547293,0.7551761714604442,0.6066530493429637,PASS,,shard0_attempt1,a98cff9de3cd973fac6fd4129a2a0437abb1490f192afe845d096994cd98b126,37f57e993bf157c21475484cb6cdea4bcebce5707ffac502fa40adc04c904c05,31346e801782a0c68b0236452d4218e8dc1482500288d951e0f57c68f53eb6bb,src/analysis/internal_completion.py,d72550e520742f4fd2a3fe63f61d29804bdd17c303016b7e3a48452ae6cd62f9;123122d313885dc1d5736a3ef0c2b739b84988a4c4e9f17137f25ef724a13dc4,a98cff9de3cd973fac6fd4129a2a0437abb1490f192afe845d096994cd98b126,82730934288f233e80b9367b778c86f943d18fa4
PatientID_0067,PatientID_0067_T1_to_T2_t1c,0,Fixed,0.1887960569814269,0.1042378787375966,0.1299007444168734,0.3453925665273807,0.1191372587464731,0.0023734913809439,0.1044453470477994,24180,9094,0.376095947063689,0.1828678249844475,0.10063540096214,PASS,,shard0_attempt1,1ce4cc7063e01bf7896fcc87d293d33d187674a1b44868f4216da54e414f8597,5b687efa613e57463708bd7709d6bdc77e0317f64158405f1a6578d47335b351,fb8701487595ef3ce810ae13cc0508007d4c4a75780a0d83552c63c105f1763b,src/models/pcc.py,123122d313885dc1d5736a3ef0c2b739b84988a4c4e9f17137f25ef724a13dc4,1ce4cc7063e01bf7896fcc87d293d33d187674a1b44868f4216da54e414f8597,82730934288f233e80b9367b778c86f943d18fa4
PatientID_0067,PatientID_0067_T1_to_T2_t1c,0,Naive,0.1887960569814269,0.1042378787375966,0.1299007444168734,0.3453925665273807,0.1651648167666985,0.0023923333584683,0.1043453544200159,24180,9094,0.376095947063689,0.1828678249844475,0.10063540096214,PASS,,shard0_attempt1,55571640a310a07ad9308efdca53e052351467d1c3f7fa58b36754d53d564135,5b687efa613e57463708bd7709d6bdc77e0317f64158405f1a6578d47335b351,fb8701487595ef3ce810ae13cc0508007d4c4a75780a0d83552c63c105f1763b,src/models/naive_self_tightening.py,131759341c8cebad65044361f13f5ed778994c76eee669c99a818025b0a8c634,55571640a310a07ad9308efdca53e052351467d1c3f7fa58b36754d53d564135,82730934288f233e80b9367b778c86f943d18fa4
PatientID_0067,PatientID_0067_T1_to_T2_t1c,0,EIA-linear,0.2330817530284772,0.1319142826375677,0.1637700534759358,0.4041126017154167,0.1634737325083596,0.0020494761177198,0.1681433430645916,22440,9094,0.4052584670231729,0.2127776556403794,0.119054943756903,PASS,,shard0_attempt1,996d63d2f7ef590801341ec3f945cb2ce0e40c70c4ebdd2b479db41f7da6d3ae,5b687efa613e57463708bd7709d6bdc77e0317f64158405f1a6578d47335b351,fb8701487595ef3ce810ae13cc0508007d4c4a75780a0d83552c63c105f1763b,src/models/eia.py,2136540541c6d42e78a879ce83728886e644dfd3ace819d36766c1d7e5018dbd,996d63d2f7ef590801341ec3f945cb2ce0e40c70c4ebdd2b479db41f7da6d3ae,82730934288f233e80b9367b778c86f943d18fa4
PatientID_0067,PatientID_0067_T1_to_T2_t1c,0,EIA-blend-0.90,0.2121283863767037,0.1186485566191214,0.1531773555414448,0.3448427534638223,0.1355289226344376,0.0019863280374195,0.1679752592968635,20473,9094,0.4441947931421873,0.2053001979763965,0.1143925005137925,PASS,,shard0_attempt1,996d63d2f7ef590801341ec3f945cb2ce0e40c70c4ebdd2b479db41f7da6d3ae,5b687efa613e57463708bd7709d6bdc77e0317f64158405f1a6578d47335b351,fb8701487595ef3ce810ae13cc0508007d4c4a75780a0d83552c63c105f1763b,src/models/eia.py,2136540541c6d42e78a879ce83728886e644dfd3ace819d36766c1d7e5018dbd,996d63d2f7ef590801341ec3f945cb2ce0e40c70c4ebdd2b479db41f7da6d3ae,82730934288f233e80b9367b778c86f943d18fa4
PatientID_0067,PatientID_0067_T1_to_T2_t1c,0,EIA-blend-0.75,0.2814500898244967,0.1637718451806583,0.242172017439556,0.3359357818341764,0.164895933823853,0.0014824549135902,0.2721032539854999,12615,9094,0.720887831946096,0.2676489993804899,0.1545004443852672,PASS,,shard0_attempt1,996d63d2f7ef590801341ec3f945cb2ce0e40c70c4ebdd2b479db41f7da6d3ae,5b687efa613e57463708bd7709d6bdc77e0317f64158405f1a6578d47335b351,fb8701487595ef3ce810ae13cc0508007d4c4a75780a0d83552c63c105f1763b,src/models/eia.py,2136540541c6d42e78a879ce83728886e644dfd3ace819d36766c1d7e5018dbd,996d63d2f7ef590801341ec3f945cb2ce0e40c70c4ebdd2b479db41f7da6d3ae,82730934288f233e80b9367b778c86f943d18fa4
PatientID_0067,PatientID_0067_T1_to_T2_t1c,0,EIA-morph,0.2061227137112466,0.114903463735628,0.1461687057308435,0.3494611831977128,0.2061227137112466,0.0027419354838709,0.051742923259781,21742,9094,0.4182687885199154,0.1564767979350958,0.0848792126999773,PASS,,shard0_attempt1,996d63d2f7ef590801341ec3f945cb2ce0e40c70c4ebdd2b479db41f7da6d3ae,5b687efa613e57463708bd7709d6bdc77e0317f64158405f1a6578d47335b351,fb8701487595ef3ce810ae13cc0508007d4c4a75780a0d83552c63c105f1763b,src/models/eia.py,2136540541c6d42e78a879ce83728886e644dfd3ace819d36766c1d7e5018dbd,996d63d2f7ef590801341ec3f945cb2ce0e40c70c4ebdd2b479db41f7da6d3ae,82730934288f233e80b9367b778c86f943d18fa4
PatientID_0067,PatientID_0067_T1_to_T2_t1c,0,Full PCC,0.4213091922005571,0.266872518747243,0.3846503178928247,0.4656916648339564,0.1883494871931704,0.0013347790712729,0.2824008440674959,11010,9094,0.8259763851044505,0.4122498350883962,0.2596440197202269,PASS,,shard0_attempt1,1ce4cc7063e01bf7896fcc87d293d33d187674a1b44868f4216da54e414f8597,5b687efa613e57463708bd7709d6bdc77e0317f64158405f1a6578d47335b351,fb8701487595ef3ce810ae13cc0508007d4c4a75780a0d83552c63c105f1763b,src/models/pcc.py,123122d313885dc1d5736a3ef0c2b739b84988a4c4e9f17137f25ef724a13dc4,1ce4cc7063e01bf7896fcc87d293d33d187674a1b44868f4216da54e414f8597,82730934288f233e80b9367b778c86f943d18fa4
PatientID_0067,PatientID_0067_T1_to_T2_t1c,0,No-smoothing PCC,0.6954482592748482,0.5330936578171092,0.7672814117022688,0.635913789311634,0.2502755636789244,0.00091499382573,0.5871899333642517,7537,9094,1.2065808677192518,0.665493732149467,0.4986816084790144,PASS,,shard0_attempt1,a98cff9de3cd973fac6fd4129a2a0437abb1490f192afe845d096994cd98b126,5b687efa613e57463708bd7709d6bdc77e0317f64158405f1a6578d47335b351,fb8701487595ef3ce810ae13cc0508007d4c4a75780a0d83552c63c105f1763b,src/analysis/internal_completion.py,d72550e520742f4fd2a3fe63f61d29804bdd17c303016b7e3a48452ae6cd62f9;123122d313885dc1d5736a3ef0c2b739b84988a4c4e9f17137f25ef724a13dc4,a98cff9de3cd973fac6fd4129a2a0437abb1490f192afe845d096994cd98b126,82730934288f233e80b9367b778c86f943d18fa4
PatientID_0068,PatientID_0068_T1_to_T2_t1c,0,Fixed,0.3555733333333333,0.2162293646417799,0.5163413878562577,0.2711485277371075,0.278726786283597,0.0023341312154041,0.2760910995608808,12912,24588,1.904275092936803,0.4151211973439255,0.2619261464430207,PASS,,shard0_attempt1,1ce4cc7063e01bf7896fcc87d293d33d187674a1b44868f4216da54e414f8597,b7b22b0ceca1abb019173c638b4339f10a579d8202753a51bc758da81f9765f4,baf8a76415444aa6a3ac2156c32a7a695dfcdab2f3fc145139bdeac46417c496,src/models/pcc.py,123122d313885dc1d5736a3ef0c2b739b84988a4c4e9f17137f25ef724a13dc4,1ce4cc7063e01bf7896fcc87d293d33d187674a1b44868f4216da54e414f8597,82730934288f233e80b9367b778c86f943d18fa4
PatientID_0068,PatientID_0068_T1_to_T2_t1c,0,Naive,0.3555733333333333,0.2162293646417799,0.5163413878562577,0.2711485277371075,0.3379620473143618,0.0023609411489148,0.2760926225445891,12912,24588,1.904275092936803,0.4151211973439255,0.2619261464430207,PASS,,shard0_attempt1,55571640a310a07ad9308efdca53e052351467d1c3f7fa58b36754d53d564135,b7b22b0ceca1abb019173c638b4339f10a579d8202753a51bc758da81f9765f4,baf8a76415444aa6a3ac2156c32a7a695dfcdab2f3fc145139bdeac46417c496,src/models/naive_self_tightening.py,131759341c8cebad65044361f13f5ed778994c76eee669c99a818025b0a8c634,55571640a310a07ad9308efdca53e052351467d1c3f7fa58b36754d53d564135,82730934288f233e80b9367b778c86f943d18fa4
PatientID_0068,PatientID_0068_T1_to_T2_t1c,0,EIA-linear,0.5000629802242096,0.3333893181054753,0.6569802078506652,0.4036521880592159,0.426613498433509,0.0015370735656547,0.5880976562861935,15107,24588,1.627589859005759,0.528631852945977,0.3592791199248361,PASS,,shard0_attempt1,996d63d2f7ef590801341ec3f945cb2ce0e40c70c4ebdd2b479db41f7da6d3ae,b7b22b0ceca1abb019173c638b4339f10a579d8202753a51bc758da81f9765f4,baf8a76415444aa6a3ac2156c32a7a695dfcdab2f3fc145139bdeac46417c496,src/models/eia.py,2136540541c6d42e78a879ce83728886e644dfd3ace819d36766c1d7e5018dbd,996d63d2f7ef590801341ec3f945cb2ce0e40c70c4ebdd2b479db41f7da6d3ae,82730934288f233e80b9367b778c86f943d18fa4
PatientID_0068,PatientID_0068_T1_to_T2_t1c,0,EIA-blend-0.90,0.388091125026992,0.2407649284972705,0.5769662921348314,0.2923783959655116,0.3299763066610845,0.0019798160423048,0.4375981004111866,12460,24588,1.973354735152488,0.4509110135136873,0.2910814146002499,PASS,,shard0_attempt1,996d63d2f7ef590801341ec3f945cb2ce0e40c70c4ebdd2b479db41f7da6d3ae,b7b22b0ceca1abb019173c638b4339f10a579d8202753a51bc758da81f9765f4,baf8a76415444aa6a3ac2156c32a7a695dfcdab2f3fc145139bdeac46417c496,src/models/eia.py,2136540541c6d42e78a879ce83728886e644dfd3ace819d36766c1d7e5018dbd,996d63d2f7ef590801341ec3f945cb2ce0e40c70c4ebdd2b479db41f7da6d3ae,82730934288f233e80b9367b778c86f943d18fa4
PatientID_0068,PatientID_0068_T1_to_T2_t1c,0,EIA-blend-0.75,0.4781579162243815,0.3141968022319991,0.7227844976549,0.3572474377745241,0.4067448499107793,0.0015144842184215,0.6478320149007442,12153,24588,2.023204147124167,0.5263136489440721,0.3571408859015554,PASS,,shard0_attempt1,996d63d2f7ef590801341ec3f945cb2ce0e40c70c4ebdd2b479db41f7da6d3ae,b7b22b0ceca1abb019173c638b4339f10a579d8202753a51bc758da81f9765f4,baf8a76415444aa6a3ac2156c32a7a695dfcdab2f3fc145139bdeac46417c496,src/models/eia.py,2136540541c6d42e78a879ce83728886e644dfd3ace819d36766c1d7e5018dbd,996d63d2f7ef590801341ec3f945cb2ce0e40c70c4ebdd2b479db41f7da6d3ae,82730934288f233e80b9367b778c86f943d18fa4
PatientID_0068,PatientID_0068_T1_to_T2_t1c,0,EIA-morph,0.3770760884684935,0.2323436642896324,0.5967244871004667,0.2756222547584187,0.3770760884684935,0.0025079525089605,0.1664655082816109,11357,24588,2.165008364885093,0.275622254773149,0.1598386754602741,PASS,,shard0_attempt1,996d63d2f7ef590801341ec3f945cb2ce0e40c70c4ebdd2b479db41f7da6d3ae,b7b22b0ceca1abb019173c638b4339f10a579d8202753a51bc758da81f9765f4,baf8a76415444aa6a3ac2156c32a7a695dfcdab2f3fc145139bdeac46417c496,src/models/eia.py,2136540541c6d42e78a879ce83728886e644dfd3ace819d36766c1d7e5018dbd,996d63d2f7ef590801341ec3f945cb2ce0e40c70c4ebdd2b479db41f7da6d3ae,82730934288f233e80b9367b778c86f943d18fa4
PatientID_0068,PatientID_0068_T1_to_T2_t1c,0,Full PCC,0.6107912357033062,0.4396684295412775,0.8497281623776731,0.4767366194891817,0.4144647403614848,0.001670918697601,0.5378896777355208,13795,24588,1.7823849220732149,0.5632422319919627,0.3920230984971262,PASS,,shard0_attempt1,1ce4cc7063e01bf7896fcc87d293d33d187674a1b44868f4216da54e414f8597,b7b22b0ceca1abb019173c638b4339f10a579d8202753a51bc758da81f9765f4,baf8a76415444aa6a3ac2156c32a7a695dfcdab2f3fc145139bdeac46417c496,src/models/pcc.py,123122d313885dc1d5736a3ef0c2b739b84988a4c4e9f17137f25ef724a13dc4,1ce4cc7063e01bf7896fcc87d293d33d187674a1b44868f4216da54e414f8597,82730934288f233e80b9367b778c86f943d18fa4
PatientID_0068,PatientID_0068_T1_to_T2_t1c,0,No-smoothing PCC,0.6908654097247611,0.5277268012447139,0.965124762877572,0.537986009435497,0.4566283381816038,0.0014588044878821,0.6231075693118622,13706,24588,1.7939588501386254,0.5981373027574806,0.42667324264044,PASS,,shard0_attempt1,a98cff9de3cd973fac6fd4129a2a0437abb1490f192afe845d096994cd98b126,b7b22b0ceca1abb019173c638b4339f10a579d8202753a51bc758da81f9765f4,baf8a76415444aa6a3ac2156c32a7a695dfcdab2f3fc145139bdeac46417c496,src/analysis/internal_completion.py,d72550e520742f4fd2a3fe63f61d29804bdd17c303016b7e3a48452ae6cd62f9;123122d313885dc1d5736a3ef0c2b739b84988a4c4e9f17137f25ef724a13dc4,a98cff9de3cd973fac6fd4129a2a0437abb1490f192afe845d096994cd98b126,82730934288f233e80b9367b778c86f943d18fa4
PatientID_0069,PatientID_0069_T2_to_T3_t1c,0,Fixed,0.2796464846326342,0.1625517558656647,0.1665226612206425,0.872069107363225,0.1192861124379578,0.0010008213933718,0.3120157770375319,12731,2431,0.1909512214280103,0.3492389964316661,0.2115624223245546,PASS,,shard0_attempt1,1ce4cc7063e01bf7896fcc87d293d33d187674a1b44868f4216da54e414f8597,ac306297bed234d3d43e4a07e3b020f4c4084ed1fec3767f7cfdef8badea42d2,3f32c2833027777d5032b41f54d32e3bd85185abb721e1b03e6df8416165e3c0,src/models/pcc.py,123122d313885dc1d5736a3ef0c2b739b84988a4c4e9f17137f25ef724a13dc4,1ce4cc7063e01bf7896fcc87d293d33d187674a1b44868f4216da54e414f8597,82730934288f233e80b9367b778c86f943d18fa4
PatientID_0069,PatientID_0069_T2_to_T3_t1c,0,Naive,0.2796464846326342,0.1625517558656647,0.1665226612206425,0.872069107363225,0.219929420916616,0.0009073501723617,0.3116565402517898,12731,2431,0.1909512214280103,0.3492389964316661,0.2115624223245546,PASS,,shard0_attempt1,55571640a310a07ad9308efdca53e052351467d1c3f7fa58b36754d53d564135,ac306297bed234d3d43e4a07e3b020f4c4084ed1fec3767f7cfdef8badea42d2,3f32c2833027777d5032b41f54d32e3bd85185abb721e1b03e6df8416165e3c0,src/models/naive_self_tightening.py,131759341c8cebad65044361f13f5ed778994c76eee669c99a818025b0a8c634,55571640a310a07ad9308efdca53e052351467d1c3f7fa58b36754d53d564135,82730934288f233e80b9367b778c86f943d18fa4
PatientID_0069,PatientID_0069_T2_to_T3_t1c,0,EIA-linear,0.3187592111727139,0.1895975955919185,0.1921644948383821,0.9341834635952284,0.1339156644360345,0.0009172721837358,0.3871118571009135,11818,2431,0.2057031646640717,0.4409707940269496,0.2828496044108576,PASS,,shard0_attempt1,996d63d2f7ef590801341ec3f945cb2ce0e40c70c4ebdd2b479db41f7da6d3ae,ac306297bed234d3d43e4a07e3b020f4c4084ed1fec3767f7cfdef8badea42d2,3f32c2833027777d5032b41f54d32e3bd85185abb721e1b03e6df8416165e3c0,src/models/eia.py,2136540541c6d42e78a879ce83728886e644dfd3ace819d36766c1d7e5018dbd,996d63d2f7ef590801341ec3f945cb2ce0e40c70c4ebdd2b479db41f7da6d3ae,82730934288f233e80b9367b778c86f943d18fa4
PatientID_0069,PatientID_0069_T2_to_T3_t1c,0,EIA-blend-0.90,0.3186755562214398,0.1895384067011228,0.1948159003480491,0.8749485808309337,0.1241084564935756,0.000844030880832,0.4061243348547169,10918,2431,0.2226598278072907,0.4730563555176765,0.3098060346686945,PASS,,shard0_attempt1,996d63d2f7ef590801341ec3f945cb2ce0e40c70c4ebdd2b479db41f7da6d3ae,ac306297bed234d3d43e4a07e3b020f4c4084ed1fec3767f7cfdef8badea42d2,3f32c2833027777d5032b41f54d32e3bd85185abb721e1b03e6df8416165e3c0,src/models/eia.py,2136540541c6d42e78a879ce83728886e644dfd3ace819d36766c1d7e5018dbd,996d63d2f7ef590801341ec3f945cb2ce0e40c70c4ebdd2b479db41f7da6d3ae,82730934288f233e80b9367b778c86f943d18fa4
PatientID_0069,PatientID_0069_T2_to_T3_t1c,0,EIA-blend-0.75,0.4285134861082945,0.2726803458510775,0.2843493473287579,0.8691896338955163,0.1329192310037339,0.0006417474925932,0.5361369323379619,7431,2431,0.3271430493877001,0.5656108598178504,0.3943217667352103,PASS,,shard0_attempt1,996d63d2f7ef590801341ec3f945cb2ce0e40c70c4ebdd2b479db41f7da6d3ae,ac306297bed234d3d43e4a07e3b020f4c4084ed1fec3767f7cfdef8badea42d2,3f32c2833027777d5032b41f54d32e3bd85185abb721e1b03e6df8416165e3c0,src/models/eia.py,2136540541c6d42e78a879ce83728886e644dfd3ace819d36766c1d7e5018dbd,996d63d2f7ef590801341ec3f945cb2ce0e40c70c4ebdd2b479db41f7da6d3ae,82730934288f233e80b9367b778c86f943d18fa4
PatientID_0069,PatientID_0069_T2_to_T3_t1c,0,EIA-morph,0.3029492503695361,0.1785151389464952,0.1827445652173913,0.8852324146441793,0.3029492503695361,0.0011092069892473,0.161802662730492,11776,2431,0.2064368206521739,0.1777046484620105,0.0975169302262941,PASS,,shard0_attempt1,996d63d2f7ef590801341ec3f945cb2ce0e40c70c4ebdd2b479db41f7da6d3ae,ac306297bed234d3d43e4a07e3b020f4c4084ed1fec3767f7cfdef8badea42d2,3f32c2833027777d5032b41f54d32e3bd85185abb721e1b03e6df8416165e3c0,src/models/eia.py,2136540541c6d42e78a879ce83728886e644dfd3ace819d36766c1d7e5018dbd,996d63d2f7ef590801341ec3f945cb2ce0e40c70c4ebdd2b479db41f7da6d3ae,82730934288f233e80b9367b778c86f943d18fa4
PatientID_0069,PatientID_0069_T2_to_T3_t1c,0,Full PCC,0.5153753189203706,0.3471418234442836,0.3825757575757575,0.7893870835047305,0.1487377488883705,0.0004796303823749,0.5249764333046805,5016,2431,0.4846491228070175,0.5816536405632139,0.4100928075956808,PASS,,shard0_attempt1,1ce4cc7063e01bf7896fcc87d293d33d187674a1b44868f4216da54e414f8597,ac306297bed234d3d43e4a07e3b020f4c4084ed1fec3767f7cfdef8badea42d2,3f32c2833027777d5032b41f54d32e3bd85185abb721e1b03e6df8416165e3c0,src/models/pcc.py,123122d313885dc1d5736a3ef0c2b739b84988a4c4e9f17137f25ef724a13dc4,1ce4cc7063e01bf7896fcc87d293d33d187674a1b44868f4216da54e414f8597,82730934288f233e80b9367b778c86f943d18fa4
PatientID_0069,PatientID_0069_T2_to_T3_t1c,0,No-smoothing PCC,0.95,0.9047619047619048,0.9109097772744432,0.9925956396544632,0.2071483697437918,0.0003011588815274,0.94260168316216,2649,2431,0.9177047942619856,0.9555738379359164,0.914927136701486,PASS,,shard0_attempt1,a98cff9de3cd973fac6fd4129a2a0437abb1490f192afe845d096994cd98b126,ac306297bed234d3d43e4a07e3b020f4c4084ed1fec3767f7cfdef8badea42d2,3f32c2833027777d5032b41f54d32e3bd85185abb721e1b03e6df8416165e3c0,src/analysis/internal_completion.py,d72550e520742f4fd2a3fe63f61d29804bdd17c303016b7e3a48452ae6cd62f9;123122d313885dc1d5736a3ef0c2b739b84988a4c4e9f17137f25ef724a13dc4,a98cff9de3cd973fac6fd4129a2a0437abb1490f192afe845d096994cd98b126,82730934288f233e80b9367b778c86f943d18fa4
PatientID_0070,PatientID_0070_T1_to_T2_t1c,0,Fixed,0.2337179389215761,0.1323219796383353,0.7419146183699871,0.1387066541705717,0.2574886577315425,0.0088957711523859,0.3925332549496849,18552,99231,5.348803363518758,0.4011145710544027,0.250871365637935,PASS,,shard0_attempt1,1ce4cc7063e01bf7896fcc87d293d33d187674a1b44868f4216da54e414f8597,f637c5506818963d0c32a311feae1bd0affcb095d6e620d7e13657b5e61a8345,2445a8d229ca1e1b48a7ffd079c12f304337cf5d7c284cba87593e0f0728d24a,src/models/pcc.py,123122d313885dc1d5736a3ef0c2b739b84988a4c4e9f17137f25ef724a13dc4,1ce4cc7063e01bf7896fcc87d293d33d187674a1b44868f4216da54e414f8597,82730934288f233e80b9367b778c86f943d18fa4
PatientID_0070,PatientID_0070_T1_to_T2_t1c,0,Naive,0.2337179389215761,0.1323219796383353,0.7419146183699871,0.1387066541705717,0.24189624454022,0.009467860870633,0.3925297941238034,18552,99231,5.348803363518758,0.4011145710544027,0.250871365637935,PASS,,shard0_attempt1,55571640a310a07ad9308efdca53e052351467d1c3f7fa58b36754d53d564135,f637c5506818963d0c32a311feae1bd0affcb095d6e620d7e13657b5e61a8345,2445a8d229ca1e1b48a7ffd079c12f304337cf5d7c284cba87593e0f0728d24a,src/models/naive_self_tightening.py,131759341c8cebad65044361f13f5ed778994c76eee669c99a818025b0a8c634,55571640a310a07ad9308efdca53e052351467d1c3f7fa58b36754d53d564135,82730934288f233e80b9367b778c86f943d18fa4
PatientID_0070,PatientID_0070_T1_to_T2_t1c,0,EIA-linear,0.3294681609120943,0.1972235148130913,0.8384092314032557,0.2050165774808275,0.4674662976738474,0.0054090895872232,0.8157450436579639,24265,99231,4.089470430661446,0.8130322177554744,0.6849656999279616,PASS,,shard0_attempt1,996d63d2f7ef590801341ec3f945cb2ce0e40c70c4ebdd2b479db41f7da6d3ae,f637c5506818963d0c32a311feae1bd0affcb095d6e620d7e13657b5e61a8345,2445a8d229ca1e1b48a7ffd079c12f304337cf5d7c284cba87593e0f0728d24a,src/models/eia.py,2136540541c6d42e78a879ce83728886e644dfd3ace819d36766c1d7e5018dbd,996d63d2f7ef590801341ec3f945cb2ce0e40c70c4ebdd2b479db41f7da6d3ae,82730934288f233e80b9367b778c86f943d18fa4
PatientID_0070,PatientID_0070_T1_to_T2_t1c,0,EIA-blend-0.90,0.2482389429409015,0.1417082209588855,0.7915357104150862,0.1472019832512017,0.3308768668796883,0.0075895998535277,0.6366594472507906,18454,99231,5.377208193345616,0.5023127853216116,0.3353923171687263,PASS,,shard0_attempt1,996d63d2f7ef590801341ec3f945cb2ce0e40c70c4ebdd2b479db41f7da6d3ae,f637c5506818963d0c32a311feae1bd0affcb095d6e620d7e13657b5e61a8345,2445a8d229ca1e1b48a7ffd079c12f304337cf5d7c284cba87593e0f0728d24a,src/models/eia.py,2136540541c6d42e78a879ce83728886e644dfd3ace819d36766c1d7e5018dbd,996d63d2f7ef590801341ec3f945cb2ce0e40c70c4ebdd2b479db41f7da6d3ae,82730934288f233e80b9367b778c86f943d18fa4
PatientID_0070,PatientID_0070_T1_to_T2_t1c,0,EIA-blend-0.75,0.2888037275888848,0.1687729994771164,0.8892758746166242,0.1723957231107214,0.4287232762239146,0.0058768155451899,0.8226685497375607,19237,99231,5.158340697613973,0.8097469540778096,0.6803149606326279,PASS,,shard0_attempt1,996d63d2f7ef590801341ec3f945cb2ce0e40c70c4ebdd2b479db41f7da6d3ae,f637c5506818963d0c32a311feae1bd0affcb095d6e620d7e13657b5e61a8345,2445a8d229ca1e1b48a7ffd079c12f304337cf5d7c284cba87593e0f0728d24a,src/models/eia.py,2136540541c6d42e78a879ce83728886e644dfd3ace819d36766c1d7e5018dbd,996d63d2f7ef590801341ec3f945cb2ce0e40c70c4ebdd2b479db41f7da6d3ae,82730934288f233e80b9367b778c86f943d18fa4
PatientID_0070,PatientID_0070_T1_to_T2_t1c,0,EIA-morph,0.2391285760700422,0.1358012702235515,0.7888531618435155,0.1409237032782094,0.2391285760700422,0.0099675179211469,0.1207163839993186,17727,99231,5.597732272804197,0.1578438189721062,0.0856842761771908,PASS,,shard0_attempt1,996d63d2f7ef590801341ec3f945cb2ce0e40c70c4ebdd2b479db41f7da6d3ae,f637c5506818963d0c32a311feae1bd0affcb095d6e620d7e13657b5e61a8345,2445a8d229ca1e1b48a7ffd079c12f304337cf5d7c284cba87593e0f0728d24a,src/models/eia.py,2136540541c6d42e78a879ce83728886e644dfd3ace819d36766c1d7e5018dbd,996d63d2f7ef590801341ec3f945cb2ce0e40c70c4ebdd2b479db41f7da6d3ae,82730934288f233e80b9367b778c86f943d18fa4
PatientID_0070,PatientID_0070_T1_to_T2_t1c,0,Full PCC,0.4769736593477193,0.3131749245672542,0.9540122150329564,0.3179752295149701,0.4124285912227692,0.0070008595220944,0.6230479740587449,33074,99231,3.000272117070811,0.5204825105082056,0.3517920634316087,PASS,,shard0_attempt1,1ce4cc7063e01bf7896fcc87d293d33d187674a1b44868f4216da54e414f8597,f637c5506818963d0c32a311feae1bd0affcb095d6e620d7e13657b5e61a8345,2445a8d229ca1e1b48a7ffd079c12f304337cf5d7c284cba87593e0f0728d24a,src/models/pcc.py,123122d313885dc1d5736a3ef0c2b739b84988a4c4e9f17137f25ef724a13dc4,1ce4cc7063e01bf7896fcc87d293d33d187674a1b44868f4216da54e414f8597,82730934288f233e80b9367b778c86f943d18fa4
PatientID_0070,PatientID_0070_T1_to_T2_t1c,0,No-smoothing PCC,0.5482435665519052,0.3776415615736321,0.9924996698798364,0.378722375064244,0.4581643333824972,0.0063765322078417,0.6950302071620852,37865,99231,2.620652317443549,0.5655087623849123,0.3942225282101764,PASS,,shard0_attempt1,a98cff9de3cd973fac6fd4129a2a0437abb1490f192afe845d096994cd98b126,f637c5506818963d0c32a311feae1bd0affcb095d6e620d7e13657b5e61a8345,2445a8d229ca1e1b48a7ffd079c12f304337cf5d7c284cba87593e0f0728d24a,src/analysis/internal_completion.py,d72550e520742f4fd2a3fe63f61d29804bdd17c303016b7e3a48452ae6cd62f9;123122d313885dc1d5736a3ef0c2b739b84988a4c4e9f17137f25ef724a13dc4,a98cff9de3cd973fac6fd4129a2a0437abb1490f192afe845d096994cd98b126,82730934288f233e80b9367b778c86f943d18fa4
PatientID_0072,PatientID_0072_T1_to_T2_t1c,0,Fixed,0.1685477802859292,0.0920295809367296,0.0985813399606503,0.5806648368405002,0.1065610025201883,0.0016272471458048,0.1669314116710421,19314,3279,0.1697732214973594,0.2153095457128225,0.1206425155296236,PASS,,shard0_attempt1,1ce4cc7063e01bf7896fcc87d293d33d187674a1b44868f4216da54e414f8597,b8122a2d5677a4625b84fe2e21cbae3353d12727c2b172680ca39d6bd7ebfe86,49bbfa9bdb381faaa5fc7560f701828d077585a105a5048126b027cacc1e7de2,src/models/pcc.py,123122d313885dc1d5736a3ef0c2b739b84988a4c4e9f17137f25ef724a13dc4,1ce4cc7063e01bf7896fcc87d293d33d187674a1b44868f4216da54e414f8597,82730934288f233e80b9367b778c86f943d18fa4
PatientID_0072,PatientID_0072_T1_to_T2_t1c,0,Naive,0.1685477802859292,0.0920295809367296,0.0985813399606503,0.5806648368405002,0.154692578794217,0.0016741759659677,0.1663907219669094,19314,3279,0.1697732214973594,0.2153095457128225,0.1206425155296236,PASS,,shard0_attempt1,55571640a310a07ad9308efdca53e052351467d1c3f7fa58b36754d53d564135,b8122a2d5677a4625b84fe2e21cbae3353d12727c2b172680ca39d6bd7ebfe86,49bbfa9bdb381faaa5fc7560f701828d077585a105a5048126b027cacc1e7de2,src/models/naive_self_tightening.py,131759341c8cebad65044361f13f5ed778994c76eee669c99a818025b0a8c634,55571640a310a07ad9308efdca53e052351467d1c3f7fa58b36754d53d564135,82730934288f233e80b9367b778c86f943d18fa4
PatientID_0072,PatientID_0072_T1_to_T2_t1c,0,EIA-linear,0.2156084656084656,0.1208302446256486,0.1293887769432741,0.6462336078072584,0.1227942150071677,0.0014348103582565,0.2016229564215079,16377,3279,0.2002198204799413,0.2250686185994101,0.1268041238613738,PASS,,shard0_attempt1,996d63d2f7ef590801341ec3f945cb2ce0e40c70c4ebdd2b479db41f7da6d3ae,b8122a2d5677a4625b84fe2e21cbae3353d12727c2b172680ca39d6bd7ebfe86,49bbfa9bdb381faaa5fc7560f701828d077585a105a5048126b027cacc1e7de2,src/models/eia.py,2136540541c6d42e78a879ce83728886e644dfd3ace819d36766c1d7e5018dbd,996d63d2f7ef590801341ec3f945cb2ce0e40c70c4ebdd2b479db41f7da6d3ae,82730934288f233e80b9367b778c86f943d18fa4
PatientID_0072,PatientID_0072_T1_to_T2_t1c,0,EIA-blend-0.90,0.1845572515288619,0.1016596373993536,0.1102530592847808,0.5660262275083867,0.1117006155240426,0.0013517748474535,0.2733833291371791,16834,3279,0.1947843649756445,0.2485513877327613,0.1419118928884012,PASS,,shard0_attempt1,996d63d2f7ef590801341ec3f945cb2ce0e40c70c4ebdd2b479db41f7da6d3ae,b8122a2d5677a4625b84fe2e21cbae3353d12727c2b172680ca39d6bd7ebfe86,49bbfa9bdb381faaa5fc7560f701828d077585a105a5048126b027cacc1e7de2,src/models/eia.py,2136540541c6d42e78a879ce83728886e644dfd3ace819d36766c1d7e5018dbd,996d63d2f7ef590801341ec3f945cb2ce0e40c70c4ebdd2b479db41f7da6d3ae,82730934288f233e80b9367b778c86f943d18fa4
PatientID_0072,PatientID_0072_T1_to_T2_t1c,0,EIA-blend-0.75,0.2317981155696119,0.1310925622298405,0.1478399731047235,0.5364440378164075,0.1212617047598552,0.0009948709648995,0.3447231445103308,11898,3279,0.2755925365607665,0.3074107960799923,0.1816216217690771,PASS,,shard0_attempt1,996d63d2f7ef590801341ec3f945cb2ce0e40c70c4ebdd2b479db41f7da6d3ae,b8122a2d5677a4625b84fe2e21cbae3353d12727c2b172680ca39d6bd7ebfe86,49bbfa9bdb381faaa5fc7560f701828d077585a105a5048126b027cacc1e7de2,src/models/eia.py,2136540541c6d42e78a879ce83728886e644dfd3ace819d36766c1d7e5018dbd,996d63d2f7ef590801341ec3f945cb2ce0e40c70c4ebdd2b479db41f7da6d3ae,82730934288f233e80b9367b778c86f943d18fa4
PatientID_0072,PatientID_0072_T1_to_T2_t1c,0,EIA-morph,0.1918065255915771,0.1060763288366194,0.1156723455082668,0.5611466910643489,0.1918065255915771,0.0017367831541218,0.0650703322450282,15907,3279,0.2061356635443515,0.1280878317889466,0.068426197610227,PASS,,shard0_attempt1,996d63d2f7ef590801341ec3f945cb2ce0e40c70c4ebdd2b479db41f7da6d3ae,b8122a2d5677a4625b84fe2e21cbae3353d12727c2b172680ca39d6bd7ebfe86,49bbfa9bdb381faaa5fc7560f701828d077585a105a5048126b027cacc1e7de2,src/models/eia.py,2136540541c6d42e78a879ce83728886e644dfd3ace819d36766c1d7e5018dbd,996d63d2f7ef590801341ec3f945cb2ce0e40c70c4ebdd2b479db41f7da6d3ae,82730934288f233e80b9367b778c86f943d18fa4
PatientID_0072,PatientID_0072_T1_to_T2_t1c,0,Full PCC,0.3504186988129198,0.2124288742608501,0.2509225092250922,0.5806648368405002,0.1453564192961967,0.0008054569857509,0.3190370040642774,7588,3279,0.4321296784396415,0.3049710278583454,0.1799208349802229,PASS,,shard0_attempt1,1ce4cc7063e01bf7896fcc87d293d33d187674a1b44868f4216da54e414f8597,b8122a2d5677a4625b84fe2e21cbae3353d12727c2b172680ca39d6bd7ebfe86,49bbfa9bdb381faaa5fc7560f701828d077585a105a5048126b027cacc1e7de2,src/models/pcc.py,123122d313885dc1d5736a3ef0c2b739b84988a4c4e9f17137f25ef724a13dc4,1ce4cc7063e01bf7896fcc87d293d33d187674a1b44868f4216da54e414f8597,82730934288f233e80b9367b778c86f943d18fa4
PatientID_0072,PatientID_0072_T1_to_T2_t1c,0,No-smoothing PCC,0.699076110866696,0.5373689550219818,0.5467056597281954,0.9691979261970112,0.2033965638419629,0.0005407557486673,0.7311473722729132,5813,3279,0.5640805092035094,0.6407441293624971,0.471393314006867,PASS,,shard0_attempt1,a98cff9de3cd973fac6fd4129a2a0437abb1490f192afe845d096994cd98b126,b8122a2d5677a4625b84fe2e21cbae3353d12727c2b172680ca39d6bd7ebfe86,49bbfa9bdb381faaa5fc7560f701828d077585a105a5048126b027cacc1e7de2,src/analysis/internal_completion.py,d72550e520742f4fd2a3fe63f61d29804bdd17c303016b7e3a48452ae6cd62f9;123122d313885dc1d5736a3ef0c2b739b84988a4c4e9f17137f25ef724a13dc4,a98cff9de3cd973fac6fd4129a2a0437abb1490f192afe845d096994cd98b126,82730934288f233e80b9367b778c86f943d18fa4
PatientID_0073,PatientID_0073_T1_to_T2_t1c,0,Fixed,0.2948109923414014,0.17289050716214,0.2046721106384914,0.5268304107263093,0.2590155288521393,0.0065819163549653,0.2179871561519535,87926,34159,0.388497145326752,0.2627711584170677,0.1512588049079697,PASS,,shard0_attempt1,1ce4cc7063e01bf7896fcc87d293d33d187674a1b44868f4216da54e414f8597,07c049f2518d782295f943aed2b94417ce19a1d6af57b20bce2dcb4316508e08,2f93589b9bf3f15acdf1484ba96fd87978a3ae1d894cdb81f0699d8ebd880e36,src/models/pcc.py,123122d313885dc1d5736a3ef0c2b739b84988a4c4e9f17137f25ef724a13dc4,1ce4cc7063e01bf7896fcc87d293d33d187674a1b44868f4216da54e414f8597,82730934288f233e80b9367b778c86f943d18fa4
PatientID_0073,PatientID_0073_T1_to_T2_t1c,0,Naive,0.2948109923414014,0.17289050716214,0.2046721106384914,0.5268304107263093,0.2882967815882634,0.0076913878085817,0.217914502918849,87926,34159,0.388497145326752,0.2627711584170677,0.1512588049079697,PASS,,shard0_attempt1,55571640a310a07ad9308efdca53e052351467d1c3f7fa58b36754d53d564135,07c049f2518d782295f943aed2b94417ce19a1d6af57b20bce2dcb4316508e08,2f93589b9bf3f15acdf1484ba96fd87978a3ae1d894cdb81f0699d8ebd880e36,src/models/naive_self_tightening.py,131759341c8cebad65044361f13f5ed778994c76eee669c99a818025b0a8c634,55571640a310a07ad9308efdca53e052351467d1c3f7fa58b36754d53d564135,82730934288f233e80b9367b778c86f943d18fa4
PatientID_0073,PatientID_0073_T1_to_T2_t1c,0,EIA-linear,0.3292062684764296,0.1970358532385872,0.2259345310165036,0.6063702099007582,0.2826022880424702,0.0063293317020927,0.256560482101637,91677,34159,0.3726016339976221,0.2945636581970409,0.1727204064959365,PASS,,shard0_attempt1,996d63d2f7ef590801341ec3f945cb2ce0e40c70c4ebdd2b479db41f7da6d3ae,07c049f2518d782295f943aed2b94417ce19a1d6af57b20bce2dcb4316508e08,2f93589b9bf3f15acdf1484ba96fd87978a3ae1d894cdb81f0699d8ebd880e36,src/models/eia.py,2136540541c6d42e78a879ce83728886e644dfd3ace819d36766c1d7e5018dbd,996d63d2f7ef590801341ec3f945cb2ce0e40c70c4ebdd2b479db41f7da6d3ae,82730934288f233e80b9367b778c86f943d18fa4
PatientID_0073,PatientID_0073_T1_to_T2_t1c,0,EIA-blend-0.90,0.3141102156392942,0.186317171236912,0.2236032549369852,0.5277086565765977,0.2701143347249484,0.0055882780517793,0.3093891177576142,80616,34159,0.4237248188945122,0.3065078017607877,0.180991564113176,PASS,,shard0_attempt1,996d63d2f7ef590801341ec3f945cb2ce0e40c70c4ebdd2b479db41f7da6d3ae,07c049f2518d782295f943aed2b94417ce19a1d6af57b20bce2dcb4316508e08,2f93589b9bf3f15acdf1484ba96fd87978a3ae1d894cdb81f0699d8ebd880e36,src/models/eia.py,2136540541c6d42e78a879ce83728886e644dfd3ace819d36766c1d7e5018dbd,996d63d2f7ef590801341ec3f945cb2ce0e40c70c4ebdd2b479db41f7da6d3ae,82730934288f233e80b9367b778c86f943d18fa4
PatientID_0073,PatientID_0073_T1_to_T2_t1c,0,EIA-blend-0.75,0.3780361459652354,0.2330731014904187,0.2941789634841525,0.5287625515969437,0.2890396385902129,0.0043066426376079,0.3959414806929751,61398,34159,0.556353627153979,0.3700635264590582,0.2270416868863796,PASS,,shard0_attempt1,996d63d2f7ef590801341ec3f945cb2ce0e40c70c4ebdd2b479db41f7da6d3ae,07c049f2518d782295f943aed2b94417ce19a1d6af57b20bce2dcb4316508e08,2f93589b9bf3f15acdf1484ba96fd87978a3ae1d894cdb81f0699d8ebd880e36,src/models/eia.py,2136540541c6d42e78a879ce83728886e644dfd3ace819d36766c1d7e5018dbd,996d63d2f7ef590801341ec3f945cb2ce0e40c70c4ebdd2b479db41f7da6d3ae,82730934288f233e80b9367b778c86f943d18fa4
PatientID_0073,PatientID_0073_T1_to_T2_t1c,0,EIA-morph,0.2906126229717644,0.1700098098752744,0.199806748432576,0.5327146579232414,0.2906126229717644,0.0099504928315412,0.1082278420649539,91073,34159,0.3750727438428513,0.2055095289791049,0.1145224966701275,PASS,,shard0_attempt1,996d63d2f7ef590801341ec3f945cb2ce0e40c70c4ebdd2b479db41f7da6d3ae,07c049f2518d782295f943aed2b94417ce19a1d6af57b20bce2dcb4316508e08,2f93589b9bf3f15acdf1484ba96fd87978a3ae1d894cdb81f0699d8ebd880e36,src/models/eia.py,2136540541c6d42e78a879ce83728886e644dfd3ace819d36766c1d7e5018dbd,996d63d2f7ef590801341ec3f945cb2ce0e40c70c4ebdd2b479db41f7da6d3ae,82730934288f233e80b9367b778c86f943d18fa4
PatientID_0073,PatientID_0073_T1_to_T2_t1c,0,Full PCC,0.5343139619001688,0.3645487150801224,0.4542342305405793,0.6486723850229807,0.3542002148490586,0.0036458810957759,0.4402897600252459,48781,34159,0.7002521473524528,0.5080652243990155,0.3405411769452242,PASS,,shard0_attempt1,1ce4cc7063e01bf7896fcc87d293d33d187674a1b44868f4216da54e414f8597,07c049f2518d782295f943aed2b94417ce19a1d6af57b20bce2dcb4316508e08,2f93589b9bf3f15acdf1484ba96fd87978a3ae1d894cdb81f0699d8ebd880e36,src/models/pcc.py,123122d313885dc1d5736a3ef0c2b739b84988a4c4e9f17137f25ef724a13dc4,1ce4cc7063e01bf7896fcc87d293d33d187674a1b44868f4216da54e414f8597,82730934288f233e80b9367b778c86f943d18fa4
PatientID_0073,PatientID_0073_T1_to_T2_t1c,0,No-smoothing PCC,0.7874382777009679,0.6494005733646078,0.715574594361748,0.8753476389824059,0.452618817091247,0.0023086828200577,0.7497566849887184,41786,34159,0.8174747523093859,0.7554085306982727,0.606953003725668,PASS,,shard0_attempt1,a98cff9de3cd973fac6fd4129a2a0437abb1490f192afe845d096994cd98b126,07c049f2518d782295f943aed2b94417ce19a1d6af57b20bce2dcb4316508e08,2f93589b9bf3f15acdf1484ba96fd87978a3ae1d894cdb81f0699d8ebd880e36,src/analysis/internal_completion.py,d72550e520742f4fd2a3fe63f61d29804bdd17c303016b7e3a48452ae6cd62f9;123122d313885dc1d5736a3ef0c2b739b84988a4c4e9f17137f25ef724a13dc4,a98cff9de3cd973fac6fd4129a2a0437abb1490f192afe845d096994cd98b126,82730934288f233e80b9367b778c86f943d18fa4
PatientID_0074,PatientID_0074_T1_to_T2_t1c,0,Fixed,0.4311423101467773,0.2748128864301985,0.3954423069418972,0.4739278866389187,0.301207909063013,0.0023310050730658,0.3615150435828299,25627,21383,0.8343934131970188,0.4166393864421119,0.2631361313978457,PASS,,shard0_attempt1,1ce4cc7063e01bf7896fcc87d293d33d187674a1b44868f4216da54e414f8597,9bf5dfa80b9be90459bffbc02d1db56b6fb9eb7612f25e1a6e3cc3ced7dcf77d,a00fe1d860da18cf086db52fd3e198599cae11fb1444cc32e1eee11a3efa343b,src/models/pcc.py,123122d313885dc1d5736a3ef0c2b739b84988a4c4e9f17137f25ef724a13dc4,1ce4cc7063e01bf7896fcc87d293d33d187674a1b44868f4216da54e414f8597,82730934288f233e80b9367b778c86f943d18fa4
PatientID_0074,PatientID_0074_T1_to_T2_t1c,0,Naive,0.4311423101467773,0.2748128864301985,0.3954423069418972,0.4739278866389187,0.3933702597374507,0.0024206004112801,0.3615140854454735,25627,21383,0.8343934131970188,0.4166393864421119,0.2631361313978457,PASS,,shard0_attempt1,55571640a310a07ad9308efdca53e052351467d1c3f7fa58b36754d53d564135,9bf5dfa80b9be90459bffbc02d1db56b6fb9eb7612f25e1a6e3cc3ced7dcf77d,a00fe1d860da18cf086db52fd3e198599cae11fb1444cc32e1eee11a3efa343b,src/models/naive_self_tightening.py,131759341c8cebad65044361f13f5ed778994c76eee669c99a818025b0a8c634,55571640a310a07ad9308efdca53e052351467d1c3f7fa58b36754d53d564135,82730934288f233e80b9367b778c86f943d18fa4
PatientID_0074,PatientID_0074_T1_to_T2_t1c,0,EIA-linear,0.5012875191116118,0.3344787779537705,0.4398587819947043,0.5826591217322172,0.3530585551838527,0.0020224459955939,0.4725806286822955,28325,21383,0.7549161518093557,0.4731328625666854,0.309871665309508,PASS,,shard0_attempt1,996d63d2f7ef590801341ec3f945cb2ce0e40c70c4ebdd2b479db41f7da6d3ae,9bf5dfa80b9be90459bffbc02d1db56b6fb9eb7612f25e1a6e3cc3ced7dcf77d,a00fe1d860da18cf086db52fd3e198599cae11fb1444cc32e1eee11a3efa343b,src/models/eia.py,2136540541c6d42e78a879ce83728886e644dfd3ace819d36766c1d7e5018dbd,996d63d2f7ef590801341ec3f945cb2ce0e40c70c4ebdd2b479db41f7da6d3ae,82730934288f233e80b9367b778c86f943d18fa4
PatientID_0074,PatientID_0074_T1_to_T2_t1c,0,EIA-blend-0.90,0.4585821060545752,0.2975066708748171,0.4349595201140987,0.4849179254548005,0.3205327968428411,0.0020240661365817,0.4558850195175906,23839,21383,0.8969755442761861,0.4577935743474303,0.2968432544107456,PASS,,shard0_attempt1,996d63d2f7ef590801341ec3f945cb2ce0e40c70c4ebdd2b479db41f7da6d3ae,9bf5dfa80b9be90459bffbc02d1db56b6fb9eb7612f25e1a6e3cc3ced7dcf77d,a00fe1d860da18cf086db52fd3e198599cae11fb1444cc32e1eee11a3efa343b,src/models/eia.py,2136540541c6d42e78a879ce83728886e644dfd3ace819d36766c1d7e5018dbd,996d63d2f7ef590801341ec3f945cb2ce0e40c70c4ebdd2b479db41f7da6d3ae,82730934288f233e80b9367b778c86f943d18fa4
PatientID_0074,PatientID_0074_T1_to_T2_t1c,0,EIA-blend-0.75,0.5312213261216014,0.3616755441572959,0.5491488193300385,0.5144273488285086,0.3521476944486482,0.0016263577256923,0.5961944720694143,20031,21383,1.0674953821576556,0.5354253378960991,0.3655841875222536,PASS,,shard0_attempt1,996d63d2f7ef590801341ec3f945cb2ce0e40c70c4ebdd2b479db41f7da6d3ae,9bf5dfa80b9be90459bffbc02d1db56b6fb9eb7612f25e1a6e3cc3ced7dcf77d,a00fe1d860da18cf086db52fd3e198599cae11fb1444cc32e1eee11a3efa343b,src/models/eia.py,2136540541c6d42e78a879ce83728886e644dfd3ace819d36766c1d7e5018dbd,996d63d2f7ef590801341ec3f945cb2ce0e40c70c4ebdd2b479db41f7da6d3ae,82730934288f233e80b9367b778c86f943d18fa4
PatientID_0074,PatientID_0074_T1_to_T2_t1c,0,EIA-morph,0.4335386033262117,0.2767630305137325,0.3926173223566903,0.483982603002385,0.4335386033262117,0.0030291218637992,0.1912558407547916,26359,21383,0.811221973519481,0.3854463826547854,0.2387324759808037,PASS,,shard0_attempt1,996d63d2f7ef590801341ec3f945cb2ce0e40c70c4ebdd2b479db41f7da6d3ae,9bf5dfa80b9be90459bffbc02d1db56b6fb9eb7612f25e1a6e3cc3ced7dcf77d,a00fe1d860da18cf086db52fd3e198599cae11fb1444cc32e1eee11a3efa343b,src/models/eia.py,2136540541c6d42e78a879ce83728886e644dfd3ace819d36766c1d7e5018dbd,996d63d2f7ef590801341ec3f945cb2ce0e40c70c4ebdd2b479db41f7da6d3ae,82730934288f233e80b9367b778c86f943d18fa4
PatientID_0074,PatientID_0074_T1_to_T2_t1c,0,Full PCC,0.6731864746583213,0.5073708262696248,0.7053489086996618,0.6438292101201889,0.4110742690171393,0.0013834513492536,0.6794293888723184,19518,21383,1.095552823035147,0.6724968432943811,0.5065877545442617,PASS,,shard0_attempt1,1ce4cc7063e01bf7896fcc87d293d33d187674a1b44868f4216da54e414f8597,9bf5dfa80b9be90459bffbc02d1db56b6fb9eb7612f25e1a6e3cc3ced7dcf77d,a00fe1d860da18cf086db52fd3e198599cae11fb1444cc32e1eee11a3efa343b,src/models/pcc.py,123122d313885dc1d5736a3ef0c2b739b84988a4c4e9f17137f25ef724a13dc4,1ce4cc7063e01bf7896fcc87d293d33d187674a1b44868f4216da54e414f8597,82730934288f233e80b9367b778c86f943d18fa4
PatientID_0074,PatientID_0074_T1_to_T2_t1c,0,No-smoothing PCC,0.8991542288557214,0.8167849233967551,0.9604612850082372,0.8452041341252396,0.5054466432097559,0.0008457874604734,0.884899754797346,18817,21383,1.1363660519742786,0.8697095823815716,0.7694567421171974,PASS,,shard0_attempt1,a98cff9de3cd973fac6fd4129a2a0437abb1490f192afe845d096994cd98b126,9bf5dfa80b9be90459bffbc02d1db56b6fb9eb7612f25e1a6e3cc3ced7dcf77d,a00fe1d860da18cf086db52fd3e198599cae11fb1444cc32e1eee11a3efa343b,src/analysis/internal_completion.py,d72550e520742f4fd2a3fe63f61d29804bdd17c303016b7e3a48452ae6cd62f9;123122d313885dc1d5736a3ef0c2b739b84988a4c4e9f17137f25ef724a13dc4,a98cff9de3cd973fac6fd4129a2a0437abb1490f192afe845d096994cd98b126,82730934288f233e80b9367b778c86f943d18fa4
PatientID_0076,PatientID_0076_T1_to_T2_t1c,0,Fixed,0.0,0.0,0.0,0.0,0.0009878568476193,0.0326748578370255,0.0845347516780702,48955,254885,5.206516188336227,0.0064695843242904,0.0032452900017845,PASS,,shard0_attempt1,1ce4cc7063e01bf7896fcc87d293d33d187674a1b44868f4216da54e414f8597,7de17e7dfbca6caf2766a1a58b0048229048d1eb14276f9deeb52b03ef151134,a83bd7d94fcfaab0b9a14b0f96e3df55097ce4ad292a613c56c54ccaa5a532e1,src/models/pcc.py,123122d313885dc1d5736a3ef0c2b739b84988a4c4e9f17137f25ef724a13dc4,1ce4cc7063e01bf7896fcc87d293d33d187674a1b44868f4216da54e414f8597,82730934288f233e80b9367b778c86f943d18fa4
PatientID_0076,PatientID_0076_T1_to_T2_t1c,0,Naive,0.0,0.0,0.0,0.0,4.776383767335819e-05,0.032942428372417,0.0845291500876428,48955,254885,5.206516188336227,0.0064695843242904,0.0032452900017845,PASS,,shard0_attempt1,55571640a310a07ad9308efdca53e052351467d1c3f7fa58b36754d53d564135,7de17e7dfbca6caf2766a1a58b0048229048d1eb14276f9deeb52b03ef151134,a83bd7d94fcfaab0b9a14b0f96e3df55097ce4ad292a613c56c54ccaa5a532e1,src/models/naive_self_tightening.py,131759341c8cebad65044361f13f5ed778994c76eee669c99a818025b0a8c634,55571640a310a07ad9308efdca53e052351467d1c3f7fa58b36754d53d564135,82730934288f233e80b9367b778c86f943d18fa4
PatientID_0076,PatientID_0076_T1_to_T2_t1c,0,EIA-linear,0.0,0.0,0.0,0.0,0.3628356995760279,0.0173967728548296,0.5742246357838501,25274,254885,10.084869826699377,0.7106499009362838,0.5511690746006184,PASS,,shard0_attempt1,996d63d2f7ef590801341ec3f945cb2ce0e40c70c4ebdd2b479db41f7da6d3ae,7de17e7dfbca6caf2766a1a58b0048229048d1eb14276f9deeb52b03ef151134,a83bd7d94fcfaab0b9a14b0f96e3df55097ce4ad292a613c56c54ccaa5a532e1,src/models/eia.py,2136540541c6d42e78a879ce83728886e644dfd3ace819d36766c1d7e5018dbd,996d63d2f7ef590801341ec3f945cb2ce0e40c70c4ebdd2b479db41f7da6d3ae,82730934288f233e80b9367b778c86f943d18fa4
PatientID_0076,PatientID_0076_T1_to_T2_t1c,0,EIA-blend-0.90,0.0,0.0,0.0,0.0,0.1352246710654349,0.0269688945464299,0.3964875620801268,42518,254885,5.994755162519404,0.3770210094760833,0.2323018422782432,PASS,,shard0_attempt1,996d63d2f7ef590801341ec3f945cb2ce0e40c70c4ebdd2b479db41f7da6d3ae,7de17e7dfbca6caf2766a1a58b0048229048d1eb14276f9deeb52b03ef151134,a83bd7d94fcfaab0b9a14b0f96e3df55097ce4ad292a613c56c54ccaa5a532e1,src/models/eia.py,2136540541c6d42e78a879ce83728886e644dfd3ace819d36766c1d7e5018dbd,996d63d2f7ef590801341ec3f945cb2ce0e40c70c4ebdd2b479db41f7da6d3ae,82730934288f233e80b9367b778c86f943d18fa4
PatientID_0076,PatientID_0076_T1_to_T2_t1c,0,EIA-blend-0.75,0.0,0.0,0.0,0.0,0.3115384756807632,0.01949778043604,0.5272747751361665,27655,254885,9.21659736033267,0.6624987739575446,0.4953257320883423,PASS,,shard0_attempt1,996d63d2f7ef590801341ec3f945cb2ce0e40c70c4ebdd2b479db41f7da6d3ae,7de17e7dfbca6caf2766a1a58b0048229048d1eb14276f9deeb52b03ef151134,a83bd7d94fcfaab0b9a14b0f96e3df55097ce4ad292a613c56c54ccaa5a532e1,src/models/eia.py,2136540541c6d42e78a879ce83728886e644dfd3ace819d36766c1d7e5018dbd,996d63d2f7ef590801341ec3f945cb2ce0e40c70c4ebdd2b479db41f7da6d3ae,82730934288f233e80b9367b778c86f943d18fa4
PatientID_0076,PatientID_0076_T1_to_T2_t1c,0,EIA-morph,0.0,0.0,0.0,0.0,0.0,0.0286487455197132,0.0285489471326164,891,254885,286.0662177328844,0.0013260882378301,0.0006634840390853,PASS,,shard0_attempt1,996d63d2f7ef590801341ec3f945cb2ce0e40c70c4ebdd2b479db41f7da6d3ae,7de17e7dfbca6caf2766a1a58b0048229048d1eb14276f9deeb52b03ef151134,a83bd7d94fcfaab0b9a14b0f96e3df55097ce4ad292a613c56c54ccaa5a532e1,src/models/eia.py,2136540541c6d42e78a879ce83728886e644dfd3ace819d36766c1d7e5018dbd,996d63d2f7ef590801341ec3f945cb2ce0e40c70c4ebdd2b479db41f7da6d3ae,82730934288f233e80b9367b778c86f943d18fa4
PatientID_0076,PatientID_0076_T1_to_T2_t1c,0,Full PCC,0.0027286761435208,0.001366202033208,0.0288674470104397,0.0014320183612217,0.0097971911497376,0.0298751416879914,0.1983372820546393,12644,254885,20.158573236317626,0.0523922553326943,0.0269008251163804,PASS,,shard0_attempt1,1ce4cc7063e01bf7896fcc87d293d33d187674a1b44868f4216da54e414f8597,7de17e7dfbca6caf2766a1a58b0048229048d1eb14276f9deeb52b03ef151134,a83bd7d94fcfaab0b9a14b0f96e3df55097ce4ad292a613c56c54ccaa5a532e1,src/models/pcc.py,123122d313885dc1d5736a3ef0c2b739b84988a4c4e9f17137f25ef724a13dc4,1ce4cc7063e01bf7896fcc87d293d33d187674a1b44868f4216da54e414f8597,82730934288f233e80b9367b778c86f943d18fa4
PatientID_0076,PatientID_0076_T1_to_T2_t1c,0,No-smoothing PCC,0.0029170219449804,0.0014606413339026,0.0311725681400367,0.0015301018106204,0.0113527270391841,0.029796572452255,0.2127928127387417,12511,254885,20.37287187275198,0.0598269807971049,0.0308358997918575,PASS,,shard0_attempt1,a98cff9de3cd973fac6fd4129a2a0437abb1490f192afe845d096994cd98b126,7de17e7dfbca6caf2766a1a58b0048229048d1eb14276f9deeb52b03ef151134,a83bd7d94fcfaab0b9a14b0f96e3df55097ce4ad292a613c56c54ccaa5a532e1,src/analysis/internal_completion.py,d72550e520742f4fd2a3fe63f61d29804bdd17c303016b7e3a48452ae6cd62f9;123122d313885dc1d5736a3ef0c2b739b84988a4c4e9f17137f25ef724a13dc4,a98cff9de3cd973fac6fd4129a2a0437abb1490f192afe845d096994cd98b126,82730934288f233e80b9367b778c86f943d18fa4
PatientID_0078,PatientID_0078_T1_to_T2_t1c,0,Fixed,0.6119505384922218,0.440870844636535,0.5628953432056005,0.670372118224879,0.5141131501790922,0.0041101284912792,0.6313322004538245,68137,57213,0.8396759469891542,0.6089350322513333,0.4377473708088288,PASS,,shard0_attempt1,1ce4cc7063e01bf7896fcc87d293d33d187674a1b44868f4216da54e414f8597,89eab8d66e6646a1beb1b5ddd8798967fc5fa2a74b518b806e1134db8177d36b,c83aec0eef3353a7b184af3bd9152584c3b0d26486d40a1dd3025a2888febcbb,src/models/pcc.py,123122d313885dc1d5736a3ef0c2b739b84988a4c4e9f17137f25ef724a13dc4,1ce4cc7063e01bf7896fcc87d293d33d187674a1b44868f4216da54e414f8597,82730934288f233e80b9367b778c86f943d18fa4
PatientID_0078,PatientID_0078_T1_to_T2_t1c,0,Naive,0.6119505384922218,0.440870844636535,0.5628953432056005,0.670372118224879,0.5880264735060166,0.0044314902717875,0.6310061009184844,68137,57213,0.8396759469891542,0.6089350322513333,0.4377473708088288,PASS,,shard0_attempt1,55571640a310a07ad9308efdca53e052351467d1c3f7fa58b36754d53d564135,89eab8d66e6646a1beb1b5ddd8798967fc5fa2a74b518b806e1134db8177d36b,c83aec0eef3353a7b184af3bd9152584c3b0d26486d40a1dd3025a2888febcbb,src/models/naive_self_tightening.py,131759341c8cebad65044361f13f5ed778994c76eee669c99a818025b0a8c634,55571640a310a07ad9308efdca53e052351467d1c3f7fa58b36754d53d564135,82730934288f233e80b9367b778c86f943d18fa4
PatientID_0078,PatientID_0078_T1_to_T2_t1c,0,EIA-linear,0.6695048243501499,0.5031997384155455,0.6025814932386133,0.7531505077517348,0.5452510547575891,0.0035921283439275,0.6960256703845723,71509,57213,0.8000811086716357,0.6558649258065836,0.4879456971276697,PASS,,shard0_attempt1,996d63d2f7ef590801341ec3f945cb2ce0e40c70c4ebdd2b479db41f7da6d3ae,89eab8d66e6646a1beb1b5ddd8798967fc5fa2a74b518b806e1134db8177d36b,c83aec0eef3353a7b184af3bd9152584c3b0d26486d40a1dd3025a2888febcbb,src/models/eia.py,2136540541c6d42e78a879ce83728886e644dfd3ace819d36766c1d7e5018dbd,996d63d2f7ef590801341ec3f945cb2ce0e40c70c4ebdd2b479db41f7da6d3ae,82730934288f233e80b9367b778c86f943d18fa4
PatientID_0078,PatientID_0078_T1_to_T2_t1c,0,EIA-blend-0.90,0.6361854356561796,0.4664750269493352,0.5971206476243043,0.6807194169157359,0.5233614497298047,0.0035899286973709,0.7112041869952217,65223,57213,0.8771905616117014,0.6396623145120893,0.4702231815972167,PASS,,shard0_attempt1,996d63d2f7ef590801341ec3f945cb2ce0e40c70c4ebdd2b479db41f7da6d3ae,89eab8d66e6646a1beb1b5ddd8798967fc5fa2a74b518b806e1134db8177d36b,c83aec0eef3353a7b184af3bd9152584c3b0d26486d40a1dd3025a2888febcbb,src/models/eia.py,2136540541c6d42e78a879ce83728886e644dfd3ace819d36766c1d7e5018dbd,996d63d2f7ef590801341ec3f945cb2ce0e40c70c4ebdd2b479db41f7da6d3ae,82730934288f233e80b9367b778c86f943d18fa4
PatientID_0078,PatientID_0078_T1_to_T2_t1c,0,EIA-blend-0.75,0.6884573654669253,0.524921834288692,0.6733455882352941,0.7042630171464527,0.537979423437477,0.0029277612890661,0.782789958143838,59840,57213,0.9560995989304812,0.6856134095425374,0.5216223404318934,PASS,,shard0_attempt1,996d63d2f7ef590801341ec3f945cb2ce0e40c70c4ebdd2b479db41f7da6d3ae,89eab8d66e6646a1beb1b5ddd8798967fc5fa2a74b518b806e1134db8177d36b,c83aec0eef3353a7b184af3bd9152584c3b0d26486d40a1dd3025a2888febcbb,src/models/eia.py,2136540541c6d42e78a879ce83728886e644dfd3ace819d36766c1d7e5018dbd,996d63d2f7ef590801341ec3f945cb2ce0e40c70c4ebdd2b479db41f7da6d3ae,82730934288f233e80b9367b778c86f943d18fa4
PatientID_0078,PatientID_0078_T1_to_T2_t1c,0,EIA-morph,0.6279774864128244,0.4577020276226858,0.5829104354725229,0.6805970671001346,0.6279774864128244,0.0051675627240143,0.3987739517610771,66801,57213,0.8564692145327166,0.5808470102985261,0.4092913269526161,PASS,,shard0_attempt1,996d63d2f7ef590801341ec3f945cb2ce0e40c70c4ebdd2b479db41f7da6d3ae,89eab8d66e6646a1beb1b5ddd8798967fc5fa2a74b518b806e1134db8177d36b,c83aec0eef3353a7b184af3bd9152584c3b0d26486d40a1dd3025a2888febcbb,src/models/eia.py,2136540541c6d42e78a879ce83728886e644dfd3ace819d36766c1d7e5018dbd,996d63d2f7ef590801341ec3f945cb2ce0e40c70c4ebdd2b479db41f7da6d3ae,82730934288f233e80b9367b778c86f943d18fa4
PatientID_0078,PatientID_0078_T1_to_T2_t1c,0,Full PCC,0.7805832575224428,0.640128374764224,0.7668156141977911,0.794854316326709,0.609159577122658,0.0024862952555787,0.8097003451227115,59305,57213,0.9647247281004976,0.7772184643369757,0.6356151460193026,PASS,,shard0_attempt1,1ce4cc7063e01bf7896fcc87d293d33d187674a1b44868f4216da54e414f8597,89eab8d66e6646a1beb1b5ddd8798967fc5fa2a74b518b806e1134db8177d36b,c83aec0eef3353a7b184af3bd9152584c3b0d26486d40a1dd3025a2888febcbb,src/models/pcc.py,123122d313885dc1d5736a3ef0c2b739b84988a4c4e9f17137f25ef724a13dc4,1ce4cc7063e01bf7896fcc87d293d33d187674a1b44868f4216da54e414f8597,82730934288f233e80b9367b778c86f943d18fa4
PatientID_0078,PatientID_0078_T1_to_T2_t1c,0,No-smoothing PCC,0.90838892637801,0.8321543710288272,0.8883190216846537,0.9293866778529356,0.6824752767965845,0.0014986955574088,0.9296673714984228,59858,57213,0.9558120886097096,0.9058955132582988,0.827978976631021,PASS,,shard0_attempt1,a98cff9de3cd973fac6fd4129a2a0437abb1490f192afe845d096994cd98b126,89eab8d66e6646a1beb1b5ddd8798967fc5fa2a74b518b806e1134db8177d36b,c83aec0eef3353a7b184af3bd9152584c3b0d26486d40a1dd3025a2888febcbb,src/analysis/internal_completion.py,d72550e520742f4fd2a3fe63f61d29804bdd17c303016b7e3a48452ae6cd62f9;123122d313885dc1d5736a3ef0c2b739b84988a4c4e9f17137f25ef724a13dc4,a98cff9de3cd973fac6fd4129a2a0437abb1490f192afe845d096994cd98b126,82730934288f233e80b9367b778c86f943d18fa4
PatientID_0079,PatientID_0079_T1_to_T2_t1c,0,Fixed,0.1837634215718935,0.1011781305114638,0.1050249710745617,0.7342070236510699,0.1285994899374802,0.0052839815943539,0.1175464083907352,68279,9767,0.1430454458911232,0.1286986792705693,0.0687749631192879,PASS,,shard0_attempt1,1ce4cc7063e01bf7896fcc87d293d33d187674a1b44868f4216da54e414f8597,8db3102d63f8885fac8110679bc683eca46065f3d7bffa752d71f445087c2801,f33d7bc97c19a54118eada6912c3c6462278a0beeaf47114f6d9559a8363e76b,src/models/pcc.py,123122d313885dc1d5736a3ef0c2b739b84988a4c4e9f17137f25ef724a13dc4,1ce4cc7063e01bf7896fcc87d293d33d187674a1b44868f4216da54e414f8597,82730934288f233e80b9367b778c86f943d18fa4
PatientID_0079,PatientID_0079_T1_to_T2_t1c,0,Naive,0.1837634215718935,0.1011781305114638,0.1050249710745617,0.7342070236510699,0.1656055062795951,0.0058006463978245,0.1160000674342613,68279,9767,0.1430454458911232,0.1286986792705693,0.0687749631192879,PASS,,shard0_attempt1,55571640a310a07ad9308efdca53e052351467d1c3f7fa58b36754d53d564135,8db3102d63f8885fac8110679bc683eca46065f3d7bffa752d71f445087c2801,f33d7bc97c19a54118eada6912c3c6462278a0beeaf47114f6d9559a8363e76b,src/models/naive_self_tightening.py,131759341c8cebad65044361f13f5ed778994c76eee669c99a818025b0a8c634,55571640a310a07ad9308efdca53e052351467d1c3f7fa58b36754d53d564135,82730934288f233e80b9367b778c86f943d18fa4
PatientID_0079,PatientID_0079_T1_to_T2_t1c,0,EIA-linear,0.197743658039979,0.109720051158164,0.1130056788244248,0.7905190949114365,0.1355790917169566,0.0051994187250447,0.1312059799601386,68324,9767,0.1429512323634447,0.1350465854850493,0.0724128466059614,PASS,,shard0_attempt1,996d63d2f7ef590801341ec3f945cb2ce0e40c70c4ebdd2b479db41f7da6d3ae,8db3102d63f8885fac8110679bc683eca46065f3d7bffa752d71f445087c2801,f33d7bc97c19a54118eada6912c3c6462278a0beeaf47114f6d9559a8363e76b,src/models/eia.py,2136540541c6d42e78a879ce83728886e644dfd3ace819d36766c1d7e5018dbd,996d63d2f7ef590801341ec3f945cb2ce0e40c70c4ebdd2b479db41f7da6d3ae,82730934288f233e80b9367b778c86f943d18fa4
PatientID_0079,PatientID_0079_T1_to_T2_t1c,0,EIA-blend-0.90,0.1974463308544969,0.1095370053242831,0.1144009235321854,0.7203849697962527,0.1329430607621284,0.0043788807778738,0.2139495932900292,61503,9767,0.1588052615319578,0.1885942459717111,0.1041148542220147,PASS,,shard0_attempt1,996d63d2f7ef590801341ec3f945cb2ce0e40c70c4ebdd2b479db41f7da6d3ae,8db3102d63f8885fac8110679bc683eca46065f3d7bffa752d71f445087c2801,f33d7bc97c19a54118eada6912c3c6462278a0beeaf47114f6d9559a8363e76b,src/models/eia.py,2136540541c6d42e78a879ce83728886e644dfd3ace819d36766c1d7e5018dbd,996d63d2f7ef590801341ec3f945cb2ce0e40c70c4ebdd2b479db41f7da6d3ae,82730934288f233e80b9367b778c86f943d18fa4
PatientID_0079,PatientID_0079_T1_to_T2_t1c,0,EIA-blend-0.75,0.2444993999345383,0.1392761699571171,0.1486501426139253,0.6883382819698987,0.1409787277760274,0.0032067712215356,0.3062118805074322,45227,9767,0.2159550710858558,0.2787959455677897,0.1619772768329083,PASS,,shard0_attempt1,996d63d2f7ef590801341ec3f945cb2ce0e40c70c4ebdd2b479db41f7da6d3ae,8db3102d63f8885fac8110679bc683eca46065f3d7bffa752d71f445087c2801,f33d7bc97c19a54118eada6912c3c6462278a0beeaf47114f6d9559a8363e76b,src/models/eia.py,2136540541c6d42e78a879ce83728886e644dfd3ace819d36766c1d7e5018dbd,996d63d2f7ef590801341ec3f945cb2ce0e40c70c4ebdd2b479db41f7da6d3ae,82730934288f233e80b9367b778c86f943d18fa4
PatientID_0079,PatientID_0079_T1_to_T2_t1c,0,EIA-morph,0.1811050434475539,0.0995687204448697,0.1032736896611242,0.7351284939080578,0.1811050434475539,0.0072727374551971,0.0762091944857132,69524,9767,0.1404838616880501,0.1174362650190725,0.0623810301265904,PASS,,shard0_attempt1,996d63d2f7ef590801341ec3f945cb2ce0e40c70c4ebdd2b479db41f7da6d3ae,8db3102d63f8885fac8110679bc683eca46065f3d7bffa752d71f445087c2801,f33d7bc97c19a54118eada6912c3c6462278a0beeaf47114f6d9559a8363e76b,src/models/eia.py,2136540541c6d42e78a879ce83728886e644dfd3ace819d36766c1d7e5018dbd,996d63d2f7ef590801341ec3f945cb2ce0e40c70c4ebdd2b479db41f7da6d3ae,82730934288f233e80b9367b778c86f943d18fa4
PatientID_0079,PatientID_0079_T1_to_T2_t1c,0,Full PCC,0.338216667064981,0.2035263324416832,0.2206010724529243,0.7244803931606429,0.169599520659129,0.0028786718096647,0.2229033890028627,32076,9767,0.3044955730140915,0.216545510432244,0.1214191400699569,PASS,,shard0_attempt1,1ce4cc7063e01bf7896fcc87d293d33d187674a1b44868f4216da54e414f8597,8db3102d63f8885fac8110679bc683eca46065f3d7bffa752d71f445087c2801,f33d7bc97c19a54118eada6912c3c6462278a0beeaf47114f6d9559a8363e76b,src/models/pcc.py,123122d313885dc1d5736a3ef0c2b739b84988a4c4e9f17137f25ef724a13dc4,1ce4cc7063e01bf7896fcc87d293d33d187674a1b44868f4216da54e414f8597,82730934288f233e80b9367b778c86f943d18fa4
PatientID_0079,PatientID_0079_T1_to_T2_t1c,0,No-smoothing PCC,0.5609548684929843,0.3898104765522772,0.3987650589403687,0.9455308692536092,0.2316373995060253,0.001952748081359,0.5668935750205211,23159,9767,0.4217366898398031,0.489607863238988,0.3241594360544902,PASS,,shard0_attempt1,a98cff9de3cd973fac6fd4129a2a0437abb1490f192afe845d096994cd98b126,8db3102d63f8885fac8110679bc683eca46065f3d7bffa752d71f445087c2801,f33d7bc97c19a54118eada6912c3c6462278a0beeaf47114f6d9559a8363e76b,src/analysis/internal_completion.py,d72550e520742f4fd2a3fe63f61d29804bdd17c303016b7e3a48452ae6cd62f9;123122d313885dc1d5736a3ef0c2b739b84988a4c4e9f17137f25ef724a13dc4,a98cff9de3cd973fac6fd4129a2a0437abb1490f192afe845d096994cd98b126,82730934288f233e80b9367b778c86f943d18fa4
PatientID_0080,PatientID_0080_T1_to_T2_t1c,0,Fixed,0.3586712100100708,0.2185249001891153,0.7534631658262331,0.2353532244631929,0.3775687058961394,0.0084509705668739,0.5427923465217318,34506,110468,3.2014142467976585,0.5297009088626131,0.3602674531042151,PASS,,shard0_attempt1,1ce4cc7063e01bf7896fcc87d293d33d187674a1b44868f4216da54e414f8597,9f96315ee566b5e836891c30ffab976f0b9a0b0990c6f48d228063e8fcf3dae9,9b8c923c19db2750c45285cdab657cc9016138eaaaf7f6fe0986274dfa26afe6,src/models/pcc.py,123122d313885dc1d5736a3ef0c2b739b84988a4c4e9f17137f25ef724a13dc4,1ce4cc7063e01bf7896fcc87d293d33d187674a1b44868f4216da54e414f8597,82730934288f233e80b9367b778c86f943d18fa4
PatientID_0080,PatientID_0080_T1_to_T2_t1c,0,Naive,0.3586712100100708,0.2185249001891153,0.7534631658262331,0.2353532244631929,0.3712479110373581,0.0092926860146434,0.5427691178560927,34506,110468,3.2014142467976585,0.5297009088626131,0.3602674531042151,PASS,,shard0_attempt1,55571640a310a07ad9308efdca53e052351467d1c3f7fa58b36754d53d564135,9f96315ee566b5e836891c30ffab976f0b9a0b0990c6f48d228063e8fcf3dae9,9b8c923c19db2750c45285cdab657cc9016138eaaaf7f6fe0986274dfa26afe6,src/models/naive_self_tightening.py,131759341c8cebad65044361f13f5ed778994c76eee669c99a818025b0a8c634,55571640a310a07ad9308efdca53e052351467d1c3f7fa58b36754d53d564135,82730934288f233e80b9367b778c86f943d18fa4
PatientID_0080,PatientID_0080_T1_to_T2_t1c,0,EIA-linear,0.5124069873102414,0.344453747052592,0.8596251838901563,0.3649835246406199,0.5376600469472612,0.00524440338154,0.8271318153766879,46903,110468,2.355243801036181,0.7830865046901225,0.6435021944532953,PASS,,shard0_attempt1,996d63d2f7ef590801341ec3f945cb2ce0e40c70c4ebdd2b479db41f7da6d3ae,9f96315ee566b5e836891c30ffab976f0b9a0b0990c6f48d228063e8fcf3dae9,9b8c923c19db2750c45285cdab657cc9016138eaaaf7f6fe0986274dfa26afe6,src/models/eia.py,2136540541c6d42e78a879ce83728886e644dfd3ace819d36766c1d7e5018dbd,996d63d2f7ef590801341ec3f945cb2ce0e40c70c4ebdd2b479db41f7da6d3ae,82730934288f233e80b9367b778c86f943d18fa4
PatientID_0080,PatientID_0080_T1_to_T2_t1c,0,EIA-blend-0.90,0.3872280932604137,0.2401009663190637,0.7970151780172657,0.2557392185972408,0.4329383582875223,0.0072250318443413,0.7098300360436588,35446,110468,3.1165152626530497,0.5770630408825312,0.4055436449153214,PASS,,shard0_attempt1,996d63d2f7ef590801341ec3f945cb2ce0e40c70c4ebdd2b479db41f7da6d3ae,9f96315ee566b5e836891c30ffab976f0b9a0b0990c6f48d228063e8fcf3dae9,9b8c923c19db2750c45285cdab657cc9016138eaaaf7f6fe0986274dfa26afe6,src/models/eia.py,2136540541c6d42e78a879ce83728886e644dfd3ace819d36766c1d7e5018dbd,996d63d2f7ef590801341ec3f945cb2ce0e40c70c4ebdd2b479db41f7da6d3ae,82730934288f233e80b9367b778c86f943d18fa4
PatientID_0080,PatientID_0080_T1_to_T2_t1c,0,EIA-blend-0.75,0.4783955736301938,0.3144020649121889,0.8954426921644107,0.326384111235833,0.5089545856158352,0.0056161882353827,0.8385611365310996,40265,110468,2.743524152489756,0.7788409313114257,0.6377882712278238,PASS,,shard0_attempt1,996d63d2f7ef590801341ec3f945cb2ce0e40c70c4ebdd2b479db41f7da6d3ae,9f96315ee566b5e836891c30ffab976f0b9a0b0990c6f48d228063e8fcf3dae9,9b8c923c19db2750c45285cdab657cc9016138eaaaf7f6fe0986274dfa26afe6,src/models/eia.py,2136540541c6d42e78a879ce83728886e644dfd3ace819d36766c1d7e5018dbd,996d63d2f7ef590801341ec3f945cb2ce0e40c70c4ebdd2b479db41f7da6d3ae,82730934288f233e80b9367b778c86f943d18fa4
PatientID_0080,PatientID_0080_T1_to_T2_t1c,0,EIA-morph,0.3744076493845161,0.2303207499978438,0.8297601292567736,0.2417442155194264,0.3744076493845161,0.0099957437275985,0.2099717679680895,32184,110468,3.43238876460353,0.2461617844115664,0.1403560386742212,PASS,,shard0_attempt1,996d63d2f7ef590801341ec3f945cb2ce0e40c70c4ebdd2b479db41f7da6d3ae,9f96315ee566b5e836891c30ffab976f0b9a0b0990c6f48d228063e8fcf3dae9,9b8c923c19db2750c45285cdab657cc9016138eaaaf7f6fe0986274dfa26afe6,src/models/eia.py,2136540541c6d42e78a879ce83728886e644dfd3ace819d36766c1d7e5018dbd,996d63d2f7ef590801341ec3f945cb2ce0e40c70c4ebdd2b479db41f7da6d3ae,82730934288f233e80b9367b778c86f943d18fa4
PatientID_0080,PatientID_0080_T1_to_T2_t1c,0,Full PCC,0.6485731843375435,0.4799173561016096,0.9511926220184448,0.4920338921678676,0.5436347876687905,0.0059814568092418,0.7507875482749385,57143,110468,1.9331851670370823,0.6494459934114429,0.4808737675394899,PASS,,shard0_attempt1,1ce4cc7063e01bf7896fcc87d293d33d187674a1b44868f4216da54e414f8597,9f96315ee566b5e836891c30ffab976f0b9a0b0990c6f48d228063e8fcf3dae9,9b8c923c19db2750c45285cdab657cc9016138eaaaf7f6fe0986274dfa26afe6,src/models/pcc.py,123122d313885dc1d5736a3ef0c2b739b84988a4c4e9f17137f25ef724a13dc4,1ce4cc7063e01bf7896fcc87d293d33d187674a1b44868f4216da54e414f8597,82730934288f233e80b9367b778c86f943d18fa4
PatientID_0080,PatientID_0080_T1_to_T2_t1c,0,No-smoothing PCC,0.7085154361167938,0.5486054235030465,0.98959348009611,0.5517887533041242,0.5865895266234984,0.0052064619751171,0.8176469374021016,61596,110468,1.7934281446847198,0.7069920701030752,0.5467809235798623,PASS,,shard0_attempt1,a98cff9de3cd973fac6fd4129a2a0437abb1490f192afe845d096994cd98b126,9f96315ee566b5e836891c30ffab976f0b9a0b0990c6f48d228063e8fcf3dae9,9b8c923c19db2750c45285cdab657cc9016138eaaaf7f6fe0986274dfa26afe6,src/analysis/internal_completion.py,d72550e520742f4fd2a3fe63f61d29804bdd17c303016b7e3a48452ae6cd62f9;123122d313885dc1d5736a3ef0c2b739b84988a4c4e9f17137f25ef724a13dc4,a98cff9de3cd973fac6fd4129a2a0437abb1490f192afe845d096994cd98b126,82730934288f233e80b9367b778c86f943d18fa4
PatientID_0081,PatientID_0081_T1_to_T2_t1c,0,Fixed,0.3082708765215542,0.1822223618682544,0.5582615392020022,0.2129233593391463,0.2937266978367251,0.0050262978933803,0.3114301634170203,20777,54475,2.6218895894498724,0.381294171644045,0.2355549507338986,PASS,,shard0_attempt1,1ce4cc7063e01bf7896fcc87d293d33d187674a1b44868f4216da54e414f8597,9fa0755fce59e084a1533cb98ea4100d40fa05d6566634960e0a5d4e321f6153,3ef0058b498e94f9cac11abe3f02a52f93e8755f4b55847064b6f9ebcf47bcd8,src/models/pcc.py,123122d313885dc1d5736a3ef0c2b739b84988a4c4e9f17137f25ef724a13dc4,1ce4cc7063e01bf7896fcc87d293d33d187674a1b44868f4216da54e414f8597,82730934288f233e80b9367b778c86f943d18fa4
PatientID_0081,PatientID_0081_T1_to_T2_t1c,0,Naive,0.3082708765215542,0.1822223618682544,0.5582615392020022,0.2129233593391463,0.3069650356407255,0.0053005898873402,0.3114046728766257,20777,54475,2.6218895894498724,0.381294171644045,0.2355549507338986,PASS,,shard0_attempt1,55571640a310a07ad9308efdca53e052351467d1c3f7fa58b36754d53d564135,9fa0755fce59e084a1533cb98ea4100d40fa05d6566634960e0a5d4e321f6153,3ef0058b498e94f9cac11abe3f02a52f93e8755f4b55847064b6f9ebcf47bcd8,src/models/naive_self_tightening.py,131759341c8cebad65044361f13f5ed778994c76eee669c99a818025b0a8c634,55571640a310a07ad9308efdca53e052351467d1c3f7fa58b36754d53d564135,82730934288f233e80b9367b778c86f943d18fa4
PatientID_0081,PatientID_0081_T1_to_T2_t1c,0,EIA-linear,0.385584936721885,0.2388387878015359,0.6439833311852902,0.2751720972923359,0.4537215092671703,0.0032821298650341,0.6424946063051017,23277,54475,2.340292993083301,0.6177879761393502,0.446956013607005,PASS,,shard0_attempt1,996d63d2f7ef590801341ec3f945cb2ce0e40c70c4ebdd2b479db41f7da6d3ae,9fa0755fce59e084a1533cb98ea4100d40fa05d6566634960e0a5d4e321f6153,3ef0058b498e94f9cac11abe3f02a52f93e8755f4b55847064b6f9ebcf47bcd8,src/models/eia.py,2136540541c6d42e78a879ce83728886e644dfd3ace819d36766c1d7e5018dbd,996d63d2f7ef590801341ec3f945cb2ce0e40c70c4ebdd2b479db41f7da6d3ae,82730934288f233e80b9367b778c86f943d18fa4
PatientID_0081,PatientID_0081_T1_to_T2_t1c,0,EIA-blend-0.90,0.321436776172651,0.1914951856503397,0.6091477156320426,0.2183203304268013,0.3468368722315424,0.004304776639273,0.5174411852338352,19524,54475,2.7901557057979924,0.4269114272654712,0.2713842276090347,PASS,,shard0_attempt1,996d63d2f7ef590801341ec3f945cb2ce0e40c70c4ebdd2b479db41f7da6d3ae,9fa0755fce59e084a1533cb98ea4100d40fa05d6566634960e0a5d4e321f6153,3ef0058b498e94f9cac11abe3f02a52f93e8755f4b55847064b6f9ebcf47bcd8,src/models/eia.py,2136540541c6d42e78a879ce83728886e644dfd3ace819d36766c1d7e5018dbd,996d63d2f7ef590801341ec3f945cb2ce0e40c70c4ebdd2b479db41f7da6d3ae,82730934288f233e80b9367b778c86f943d18fa4
PatientID_0081,PatientID_0081_T1_to_T2_t1c,0,EIA-blend-0.75,0.3553162853297443,0.2160392798690671,0.7276653784951125,0.2350435979807251,0.4216277578937081,0.0033620007494974,0.6701317079225348,17596,54475,3.0958740622868834,0.6045892611325875,0.433269749399023,PASS,,shard0_attempt1,996d63d2f7ef590801341ec3f945cb2ce0e40c70c4ebdd2b479db41f7da6d3ae,9fa0755fce59e084a1533cb98ea4100d40fa05d6566634960e0a5d4e321f6153,3ef0058b498e94f9cac11abe3f02a52f93e8755f4b55847064b6f9ebcf47bcd8,src/models/eia.py,2136540541c6d42e78a879ce83728886e644dfd3ace819d36766c1d7e5018dbd,996d63d2f7ef590801341ec3f945cb2ce0e40c70c4ebdd2b479db41f7da6d3ae,82730934288f233e80b9367b778c86f943d18fa4
PatientID_0081,PatientID_0081_T1_to_T2_t1c,0,EIA-morph,0.316446630542005,0.1879635277875879,0.5996005735354363,0.214942634235888,0.316446630542005,0.0056658826164874,0.1336698253313642,19528,54475,2.789584186808685,0.2149426342430937,0.1204121718295738,PASS,,shard0_attempt1,996d63d2f7ef590801341ec3f945cb2ce0e40c70c4ebdd2b479db41f7da6d3ae,9fa0755fce59e084a1533cb98ea4100d40fa05d6566634960e0a5d4e321f6153,3ef0058b498e94f9cac11abe3f02a52f93e8755f4b55847064b6f9ebcf47bcd8,src/models/eia.py,2136540541c6d42e78a879ce83728886e644dfd3ace819d36766c1d7e5018dbd,996d63d2f7ef590801341ec3f945cb2ce0e40c70c4ebdd2b479db41f7da6d3ae,82730934288f233e80b9367b778c86f943d18fa4
PatientID_0081,PatientID_0081_T1_to_T2_t1c,0,Full PCC,0.5173604425789724,0.3489455275825051,0.8600631614885627,0.3699495181275815,0.4105032509108198,0.0039486890709652,0.525156640062771,23432,54475,2.3248122226015706,0.4961174850895262,0.3298911186059044,PASS,,shard0_attempt1,1ce4cc7063e01bf7896fcc87d293d33d187674a1b44868f4216da54e414f8597,9fa0755fce59e084a1533cb98ea4100d40fa05d6566634960e0a5d4e321f6153,3ef0058b498e94f9cac11abe3f02a52f93e8755f4b55847064b6f9ebcf47bcd8,src/models/pcc.py,123122d313885dc1d5736a3ef0c2b739b84988a4c4e9f17137f25ef724a13dc4,1ce4cc7063e01bf7896fcc87d293d33d187674a1b44868f4216da54e414f8597,82730934288f233e80b9367b778c86f943d18fa4
PatientID_0081,PatientID_0081_T1_to_T2_t1c,0,No-smoothing PCC,0.604858013959231,0.4335458469540718,0.964094943572031,0.44066085360257,0.4664740100860879,0.0034858470562901,0.6094982857197139,24899,54475,2.1878388690308848,0.5413492427761235,0.371130128374388,PASS,,shard0_attempt1,a98cff9de3cd973fac6fd4129a2a0437abb1490f192afe845d096994cd98b126,9fa0755fce59e084a1533cb98ea4100d40fa05d6566634960e0a5d4e321f6153,3ef0058b498e94f9cac11abe3f02a52f93e8755f4b55847064b6f9ebcf47bcd8,src/analysis/internal_completion.py,d72550e520742f4fd2a3fe63f61d29804bdd17c303016b7e3a48452ae6cd62f9;123122d313885dc1d5736a3ef0c2b739b84988a4c4e9f17137f25ef724a13dc4,a98cff9de3cd973fac6fd4129a2a0437abb1490f192afe845d096994cd98b126,82730934288f233e80b9367b778c86f943d18fa4
PatientID_0082,PatientID_0082_T1_to_T2_t1c,0,Fixed,0.1192851824274013,0.0634254493625782,0.0794623149227449,0.2391223225613852,0.1051314264476088,0.0040788373746435,0.0780118461404576,40321,13399,0.3323082264824781,0.1109037988241322,0.0587073325277059,PASS,,shard0_attempt1,1ce4cc7063e01bf7896fcc87d293d33d187674a1b44868f4216da54e414f8597,53c9816fdb626303cb517e919c8991658378a47ffcaba8385c84be77fa5d2d2d,a9b5f0a29ad2a69d4bae0b7b2f21b91f619fb04d0c8a62bca8c0c9d181a360f3,src/models/pcc.py,123122d313885dc1d5736a3ef0c2b739b84988a4c4e9f17137f25ef724a13dc4,1ce4cc7063e01bf7896fcc87d293d33d187674a1b44868f4216da54e414f8597,82730934288f233e80b9367b778c86f943d18fa4
PatientID_0082,PatientID_0082_T1_to_T2_t1c,0,Naive,0.1192851824274013,0.0634254493625782,0.0794623149227449,0.2391223225613852,0.1177174137731211,0.0043272961580176,0.0769882136848439,40321,13399,0.3323082264824781,0.1109037988241322,0.0587073325277059,PASS,,shard0_attempt1,55571640a310a07ad9308efdca53e052351467d1c3f7fa58b36754d53d564135,53c9816fdb626303cb517e919c8991658378a47ffcaba8385c84be77fa5d2d2d,a9b5f0a29ad2a69d4bae0b7b2f21b91f619fb04d0c8a62bca8c0c9d181a360f3,src/models/naive_self_tightening.py,131759341c8cebad65044361f13f5ed778994c76eee669c99a818025b0a8c634,55571640a310a07ad9308efdca53e052351467d1c3f7fa58b36754d53d564135,82730934288f233e80b9367b778c86f943d18fa4
PatientID_0082,PatientID_0082_T1_to_T2_t1c,0,EIA-linear,0.1803349413656508,0.0991033709802569,0.1223034978055592,0.3431599373087544,0.1546178035721202,0.0035097135702809,0.1302271168156732,37595,13399,0.3564037770980183,0.1248600642165512,0.0665870647137676,PASS,,shard0_attempt1,996d63d2f7ef590801341ec3f945cb2ce0e40c70c4ebdd2b479db41f7da6d3ae,53c9816fdb626303cb517e919c8991658378a47ffcaba8385c84be77fa5d2d2d,a9b5f0a29ad2a69d4bae0b7b2f21b91f619fb04d0c8a62bca8c0c9d181a360f3,src/models/eia.py,2136540541c6d42e78a879ce83728886e644dfd3ace819d36766c1d7e5018dbd,996d63d2f7ef590801341ec3f945cb2ce0e40c70c4ebdd2b479db41f7da6d3ae,82730934288f233e80b9367b778c86f943d18fa4
PatientID_0082,PatientID_0082_T1_to_T2_t1c,0,EIA-blend-0.90,0.1367521367521367,0.073394495412844,0.0947878228782287,0.2453914471229196,0.1237337136220805,0.0033878495127321,0.136610262630036,34688,13399,0.3862719095940959,0.1274721994504264,0.0680749302882393,PASS,,shard0_attempt1,996d63d2f7ef590801341ec3f945cb2ce0e40c70c4ebdd2b479db41f7da6d3ae,53c9816fdb626303cb517e919c8991658378a47ffcaba8385c84be77fa5d2d2d,a9b5f0a29ad2a69d4bae0b7b2f21b91f619fb04d0c8a62bca8c0c9d181a360f3,src/models/eia.py,2136540541c6d42e78a879ce83728886e644dfd3ace819d36766c1d7e5018dbd,996d63d2f7ef590801341ec3f945cb2ce0e40c70c4ebdd2b479db41f7da6d3ae,82730934288f233e80b9367b778c86f943d18fa4
PatientID_0082,PatientID_0082_T1_to_T2_t1c,0,EIA-blend-0.75,0.1955445544554455,0.1083676268861454,0.1510762094641331,0.2771102321068736,0.1570891624713964,0.0024873903633866,0.1983779808687802,24577,13399,0.5451845221141718,0.1789685797753948,0.0982786885615459,PASS,,shard0_attempt1,996d63d2f7ef590801341ec3f945cb2ce0e40c70c4ebdd2b479db41f7da6d3ae,53c9816fdb626303cb517e919c8991658378a47ffcaba8385c84be77fa5d2d2d,a9b5f0a29ad2a69d4bae0b7b2f21b91f619fb04d0c8a62bca8c0c9d181a360f3,src/models/eia.py,2136540541c6d42e78a879ce83728886e644dfd3ace819d36766c1d7e5018dbd,996d63d2f7ef590801341ec3f945cb2ce0e40c70c4ebdd2b479db41f7da6d3ae,82730934288f233e80b9367b778c86f943d18fa4
PatientID_0082,PatientID_0082_T1_to_T2_t1c,0,EIA-morph,0.1319951957331596,0.070661057954273,0.0907513156421453,0.2419583551011269,0.1319951957331596,0.0047758736559139,0.0230956958660724,35724,13399,0.3750699809651774,0.0767221434779937,0.0398913465642261,PASS,,shard0_attempt1,996d63d2f7ef590801341ec3f945cb2ce0e40c70c4ebdd2b479db41f7da6d3ae,53c9816fdb626303cb517e919c8991658378a47ffcaba8385c84be77fa5d2d2d,a9b5f0a29ad2a69d4bae0b7b2f21b91f619fb04d0c8a62bca8c0c9d181a360f3,src/models/eia.py,2136540541c6d42e78a879ce83728886e644dfd3ace819d36766c1d7e5018dbd,996d63d2f7ef590801341ec3f945cb2ce0e40c70c4ebdd2b479db41f7da6d3ae,82730934288f233e80b9367b778c86f943d18fa4
PatientID_0082,PatientID_0082_T1_to_T2_t1c,0,Full PCC,0.3742262068124294,0.2301834414975428,0.3163865112921522,0.4579446227330397,0.1915471543840912,0.0022179605013463,0.2366984048201229,19394,13399,0.6908837784881923,0.3404731696641364,0.2051627991003254,PASS,,shard0_attempt1,1ce4cc7063e01bf7896fcc87d293d33d187674a1b44868f4216da54e414f8597,53c9816fdb626303cb517e919c8991658378a47ffcaba8385c84be77fa5d2d2d,a9b5f0a29ad2a69d4bae0b7b2f21b91f619fb04d0c8a62bca8c0c9d181a360f3,src/models/pcc.py,123122d313885dc1d5736a3ef0c2b739b84988a4c4e9f17137f25ef724a13dc4,1ce4cc7063e01bf7896fcc87d293d33d187674a1b44868f4216da54e414f8597,82730934288f233e80b9367b778c86f943d18fa4
PatientID_0082,PatientID_0082_T1_to_T2_t1c,0,No-smoothing PCC,0.606942889137738,0.4356913183279742,0.5713909204717665,0.6472124785431749,0.2474305374843858,0.001594494186218,0.4508833886500282,15177,13399,0.8828490479014298,0.6071348608251685,0.4358891925501854,PASS,,shard0_attempt1,a98cff9de3cd973fac6fd4129a2a0437abb1490f192afe845d096994cd98b126,53c9816fdb626303cb517e919c8991658378a47ffcaba8385c84be77fa5d2d2d,a9b5f0a29ad2a69d4bae0b7b2f21b91f619fb04d0c8a62bca8c0c9d181a360f3,src/analysis/internal_completion.py,d72550e520742f4fd2a3fe63f61d29804bdd17c303016b7e3a48452ae6cd62f9;123122d313885dc1d5736a3ef0c2b739b84988a4c4e9f17137f25ef724a13dc4,a98cff9de3cd973fac6fd4129a2a0437abb1490f192afe845d096994cd98b126,82730934288f233e80b9367b778c86f943d18fa4
PatientID_0083,PatientID_0083_T1_to_T2_t1c,0,Fixed,0.2929561972107641,0.1716160983872155,0.2534255886031211,0.3470983597400905,0.2417127848424596,0.0076053905575217,0.2041347849846908,73564,53711,0.7301261486596705,0.2741337901056196,0.158838378399115,PASS,,shard0_attempt1,1ce4cc7063e01bf7896fcc87d293d33d187674a1b44868f4216da54e414f8597,715ad732c4e5cb6f7bbaeeed965e33ff547a1aa182d2502e77ad6c8c4d4ebe0b,f66cc9829b1b4830e80ffb59cdcd7645188aeb256cdb2ba95399bd5dce4de4d8,src/models/pcc.py,123122d313885dc1d5736a3ef0c2b739b84988a4c4e9f17137f25ef724a13dc4,1ce4cc7063e01bf7896fcc87d293d33d187674a1b44868f4216da54e414f8597,82730934288f233e80b9367b778c86f943d18fa4
PatientID_0083,PatientID_0083_T1_to_T2_t1c,0,Naive,0.2929561972107641,0.1716160983872155,0.2534255886031211,0.3470983597400905,0.276976954053755,0.008322896096543,0.2040611201818232,73564,53711,0.7301261486596705,0.2741337901056196,0.158838378399115,PASS,,shard0_attempt1,55571640a310a07ad9308efdca53e052351467d1c3f7fa58b36754d53d564135,715ad732c4e5cb6f7bbaeeed965e33ff547a1aa182d2502e77ad6c8c4d4ebe0b,f66cc9829b1b4830e80ffb59cdcd7645188aeb256cdb2ba95399bd5dce4de4d8,src/models/naive_self_tightening.py,131759341c8cebad65044361f13f5ed778994c76eee669c99a818025b0a8c634,55571640a310a07ad9308efdca53e052351467d1c3f7fa58b36754d53d564135,82730934288f233e80b9367b778c86f943d18fa4
PatientID_0083,PatientID_0083_T1_to_T2_t1c,0,EIA-linear,0.3586940712672714,0.2185418726563811,0.3045733451198585,0.4362048742343282,0.3137513159042568,0.0063822417588753,0.3131851826351693,76924,53711,0.6982346211845458,0.3403585857706954,0.205079593013259,PASS,,shard0_attempt1,996d63d2f7ef590801341ec3f945cb2ce0e40c70c4ebdd2b479db41f7da6d3ae,715ad732c4e5cb6f7bbaeeed965e33ff547a1aa182d2502e77ad6c8c4d4ebe0b,f66cc9829b1b4830e80ffb59cdcd7645188aeb256cdb2ba95399bd5dce4de4d8,src/models/eia.py,2136540541c6d42e78a879ce83728886e644dfd3ace819d36766c1d7e5018dbd,996d63d2f7ef590801341ec3f945cb2ce0e40c70c4ebdd2b479db41f7da6d3ae,82730934288f233e80b9367b778c86f943d18fa4
PatientID_0083,PatientID_0083_T1_to_T2_t1c,0,EIA-blend-0.90,0.3192070631350991,0.1899145671866637,0.288806161358875,0.3567611848597121,0.2703478411498007,0.0064574497599537,0.2964207380460376,66349,53711,0.8095223741126467,0.3225596246641977,0.1922927511549519,PASS,,shard0_attempt1,996d63d2f7ef590801341ec3f945cb2ce0e40c70c4ebdd2b479db41f7da6d3ae,715ad732c4e5cb6f7bbaeeed965e33ff547a1aa182d2502e77ad6c8c4d4ebe0b,f66cc9829b1b4830e80ffb59cdcd7645188aeb256cdb2ba95399bd5dce4de4d8,src/models/eia.py,2136540541c6d42e78a879ce83728886e644dfd3ace819d36766c1d7e5018dbd,996d63d2f7ef590801341ec3f945cb2ce0e40c70c4ebdd2b479db41f7da6d3ae,82730934288f233e80b9367b778c86f943d18fa4
PatientID_0083,PatientID_0083_T1_to_T2_t1c,0,EIA-blend-0.75,0.3900825495441079,0.242299721289216,0.4021150424985175,0.3787492320008936,0.3169335678839762,0.004960854204265,0.4377849590667254,50590,53711,1.061692033998814,0.394481577336165,0.2457035508123744,PASS,,shard0_attempt1,996d63d2f7ef590801341ec3f945cb2ce0e40c70c4ebdd2b479db41f7da6d3ae,715ad732c4e5cb6f7bbaeeed965e33ff547a1aa182d2502e77ad6c8c4d4ebe0b,f66cc9829b1b4830e80ffb59cdcd7645188aeb256cdb2ba95399bd5dce4de4d8,src/models/eia.py,2136540541c6d42e78a879ce83728886e644dfd3ace819d36766c1d7e5018dbd,996d63d2f7ef590801341ec3f945cb2ce0e40c70c4ebdd2b479db41f7da6d3ae,82730934288f233e80b9367b778c86f943d18fa4
PatientID_0083,PatientID_0083_T1_to_T2_t1c,0,EIA-morph,0.2993844476227351,0.176044754620896,0.2600697399851734,0.352702425946268,0.2993844476227351,0.0099311155913978,0.0956213814337922,72842,53711,0.7373630597732078,0.2574705367684695,0.1477567766911226,PASS,,shard0_attempt1,996d63d2f7ef590801341ec3f945cb2ce0e40c70c4ebdd2b479db41f7da6d3ae,715ad732c4e5cb6f7bbaeeed965e33ff547a1aa182d2502e77ad6c8c4d4ebe0b,f66cc9829b1b4830e80ffb59cdcd7645188aeb256cdb2ba95399bd5dce4de4d8,src/models/eia.py,2136540541c6d42e78a879ce83728886e644dfd3ace819d36766c1d7e5018dbd,996d63d2f7ef590801341ec3f945cb2ce0e40c70c4ebdd2b479db41f7da6d3ae,82730934288f233e80b9367b778c86f943d18fa4
PatientID_0083,PatientID_0083_T1_to_T2_t1c,0,Full PCC,0.567852175640771,0.396503884572697,0.6087456601844555,0.5321070171845618,0.3671391018662227,0.0045138149900806,0.484362135914589,46949,53711,1.1440286268078128,0.5638323620900391,0.392595089328313,PASS,,shard0_attempt1,1ce4cc7063e01bf7896fcc87d293d33d187674a1b44868f4216da54e414f8597,715ad732c4e5cb6f7bbaeeed965e33ff547a1aa182d2502e77ad6c8c4d4ebe0b,f66cc9829b1b4830e80ffb59cdcd7645188aeb256cdb2ba95399bd5dce4de4d8,src/models/pcc.py,123122d313885dc1d5736a3ef0c2b739b84988a4c4e9f17137f25ef724a13dc4,1ce4cc7063e01bf7896fcc87d293d33d187674a1b44868f4216da54e414f8597,82730934288f233e80b9367b778c86f943d18fa4
PatientID_0083,PatientID_0083_T1_to_T2_t1c,0,No-smoothing PCC,0.7462043603887576,0.5951562892818235,0.8564055566274359,0.6611308670477184,0.44390257651655,0.0032345514591145,0.7067119177395873,41464,53711,1.2953646536754777,0.7016812198646303,0.5404537241583668,PASS,,shard0_attempt1,a98cff9de3cd973fac6fd4129a2a0437abb1490f192afe845d096994cd98b126,715ad732c4e5cb6f7bbaeeed965e33ff547a1aa182d2502e77ad6c8c4d4ebe0b,f66cc9829b1b4830e80ffb59cdcd7645188aeb256cdb2ba95399bd5dce4de4d8,src/analysis/internal_completion.py,d72550e520742f4fd2a3fe63f61d29804bdd17c303016b7e3a48452ae6cd62f9;123122d313885dc1d5736a3ef0c2b739b84988a4c4e9f17137f25ef724a13dc4,a98cff9de3cd973fac6fd4129a2a0437abb1490f192afe845d096994cd98b126,82730934288f233e80b9367b778c86f943d18fa4
PatientID_0084,PatientID_0084_T1_to_T2_t1c,0,Fixed,0.3745860073188476,0.2304557540451345,0.4846986089644513,0.3052419212119067,0.3301711927571027,0.0051209919813546,0.3513663220874703,35585,56506,1.5879162568497962,0.4126287473948551,0.2599447021131383,PASS,,shard0_attempt1,1ce4cc7063e01bf7896fcc87d293d33d187674a1b44868f4216da54e414f8597,8f0237a6cbd08a9d790a9c80ad1861628608162d80efd097a29a2681cc48f23f,77ac010a25d917478a807b833f9775d5858090a5ffedc34d40866a4ceee260a3,src/models/pcc.py,123122d313885dc1d5736a3ef0c2b739b84988a4c4e9f17137f25ef724a13dc4,1ce4cc7063e01bf7896fcc87d293d33d187674a1b44868f4216da54e414f8597,82730934288f233e80b9367b778c86f943d18fa4
PatientID_0084,PatientID_0084_T1_to_T2_t1c,0,Naive,0.3745860073188476,0.2304557540451345,0.4846986089644513,0.3052419212119067,0.36489290244828,0.0055160678616116,0.3513864700240676,35585,56506,1.5879162568497962,0.4126287473948551,0.2599447021131383,PASS,,shard0_attempt1,55571640a310a07ad9308efdca53e052351467d1c3f7fa58b36754d53d564135,8f0237a6cbd08a9d790a9c80ad1861628608162d80efd097a29a2681cc48f23f,77ac010a25d917478a807b833f9775d5858090a5ffedc34d40866a4ceee260a3,src/models/naive_self_tightening.py,131759341c8cebad65044361f13f5ed778994c76eee669c99a818025b0a8c634,55571640a310a07ad9308efdca53e052351467d1c3f7fa58b36754d53d564135,82730934288f233e80b9367b778c86f943d18fa4
PatientID_0084,PatientID_0084_T1_to_T2_t1c,0,EIA-linear,0.4800576136917244,0.3158393489227682,0.5977423778879629,0.4010901497186139,0.4560566278804605,0.0034960376095096,0.5946932587531789,37916,56506,1.4902943348454478,0.5471454358869222,0.3766002801708192,PASS,,shard0_attempt1,996d63d2f7ef590801341ec3f945cb2ce0e40c70c4ebdd2b479db41f7da6d3ae,8f0237a6cbd08a9d790a9c80ad1861628608162d80efd097a29a2681cc48f23f,77ac010a25d917478a807b833f9775d5858090a5ffedc34d40866a4ceee260a3,src/models/eia.py,2136540541c6d42e78a879ce83728886e644dfd3ace819d36766c1d7e5018dbd,996d63d2f7ef590801341ec3f945cb2ce0e40c70c4ebdd2b479db41f7da6d3ae,82730934288f233e80b9367b778c86f943d18fa4
PatientID_0084,PatientID_0084_T1_to_T2_t1c,0,EIA-blend-0.90,0.3986826681551772,0.2489716811444666,0.5399618978499501,0.3160018405125119,0.3709649689857536,0.0043733906504221,0.4897096688762313,33069,56506,1.7087302307296863,0.4467667150440063,0.2876365832341582,PASS,,shard0_attempt1,996d63d2f7ef590801341ec3f945cb2ce0e40c70c4ebdd2b479db41f7da6d3ae,8f0237a6cbd08a9d790a9c80ad1861628608162d80efd097a29a2681cc48f23f,77ac010a25d917478a807b833f9775d5858090a5ffedc34d40866a4ceee260a3,src/models/eia.py,2136540541c6d42e78a879ce83728886e644dfd3ace819d36766c1d7e5018dbd,996d63d2f7ef590801341ec3f945cb2ce0e40c70c4ebdd2b479db41f7da6d3ae,82730934288f233e80b9367b778c86f943d18fa4
PatientID_0084,PatientID_0084_T1_to_T2_t1c,0,EIA-blend-0.75,0.465905198379419,0.3037003957560172,0.7004794885455514,0.3490248823133826,0.4313946982523368,0.0034026203214953,0.6498656059851825,28155,56506,2.0069614633280057,0.5561710260896527,0.385205613784578,PASS,,shard0_attempt1,996d63d2f7ef590801341ec3f945cb2ce0e40c70c4ebdd2b479db41f7da6d3ae,8f0237a6cbd08a9d790a9c80ad1861628608162d80efd097a29a2681cc48f23f,77ac010a25d917478a807b833f9775d5858090a5ffedc34d40866a4ceee260a3,src/models/eia.py,2136540541c6d42e78a879ce83728886e644dfd3ace819d36766c1d7e5018dbd,996d63d2f7ef590801341ec3f945cb2ce0e40c70c4ebdd2b479db41f7da6d3ae,82730934288f233e80b9367b778c86f943d18fa4
PatientID_0084,PatientID_0084_T1_to_T2_t1c,0,EIA-morph,0.4030218759499656,0.2523653078777795,0.5538947172964441,0.3167451244115669,0.4030218759499656,0.0059389560931899,0.1797678239008285,32313,56506,1.748707950360536,0.3167451244176128,0.1881741909793703,PASS,,shard0_attempt1,996d63d2f7ef590801341ec3f945cb2ce0e40c70c4ebdd2b479db41f7da6d3ae,8f0237a6cbd08a9d790a9c80ad1861628608162d80efd097a29a2681cc48f23f,77ac010a25d917478a807b833f9775d5858090a5ffedc34d40866a4ceee260a3,src/models/eia.py,2136540541c6d42e78a879ce83728886e644dfd3ace819d36766c1d7e5018dbd,996d63d2f7ef590801341ec3f945cb2ce0e40c70c4ebdd2b479db41f7da6d3ae,82730934288f233e80b9367b778c86f943d18fa4
PatientID_0084,PatientID_0084_T1_to_T2_t1c,0,Full PCC,0.6372554344874037,0.4676264727922067,0.8251512167674778,0.5190599228400524,0.4755925285001754,0.0034613617524388,0.6183477178308237,35545,56506,1.5897031931354622,0.6255264927651442,0.455102618913616,PASS,,shard0_attempt1,1ce4cc7063e01bf7896fcc87d293d33d187674a1b44868f4216da54e414f8597,8f0237a6cbd08a9d790a9c80ad1861628608162d80efd097a29a2681cc48f23f,77ac010a25d917478a807b833f9775d5858090a5ffedc34d40866a4ceee260a3,src/models/pcc.py,123122d313885dc1d5736a3ef0c2b739b84988a4c4e9f17137f25ef724a13dc4,1ce4cc7063e01bf7896fcc87d293d33d187674a1b44868f4216da54e414f8597,82730934288f233e80b9367b778c86f943d18fa4
PatientID_0084,PatientID_0084_T1_to_T2_t1c,0,No-smoothing PCC,0.7367789902866051,0.5832542244161761,0.9593731368707946,0.5980249884967967,0.5327126098193647,0.0028199955107509,0.7337298513104957,35223,56506,1.6042358686085796,0.6792729975606194,0.5143174905262792,PASS,,shard0_attempt1,a98cff9de3cd973fac6fd4129a2a0437abb1490f192afe845d096994cd98b126,8f0237a6cbd08a9d790a9c80ad1861628608162d80efd097a29a2681cc48f23f,77ac010a25d917478a807b833f9775d5858090a5ffedc34d40866a4ceee260a3,src/analysis/internal_completion.py,d72550e520742f4fd2a3fe63f61d29804bdd17c303016b7e3a48452ae6cd62f9;123122d313885dc1d5736a3ef0c2b739b84988a4c4e9f17137f25ef724a13dc4,a98cff9de3cd973fac6fd4129a2a0437abb1490f192afe845d096994cd98b126,82730934288f233e80b9367b778c86f943d18fa4
PatientID_0085,PatientID_0085_T1_to_T2_t1c,0,Fixed,0.1709876543209876,0.0934863314208572,0.1187210697754157,0.3054697838553153,0.0839529221246355,0.0013498291718458,0.1342834316345476,11666,4534,0.388650780044574,0.2320247023343598,0.1312375250584783,PASS,,shard0_attempt1,1ce4cc7063e01bf7896fcc87d293d33d187674a1b44868f4216da54e414f8597,72ca01614968f2ae00012d6f6076ec5d6fddcfd7af173318a136240e798fc35d,52f230f5b5407ffba9f0d937e3e597fccc07abd53a5cbf82d3f00e5eea928d8d,src/models/pcc.py,123122d313885dc1d5736a3ef0c2b739b84988a4c4e9f17137f25ef724a13dc4,1ce4cc7063e01bf7896fcc87d293d33d187674a1b44868f4216da54e414f8597,82730934288f233e80b9367b778c86f943d18fa4
PatientID_0085,PatientID_0085_T1_to_T2_t1c,0,Naive,0.1709876543209876,0.0934863314208572,0.1187210697754157,0.3054697838553153,0.1429049999409775,0.001186968532289,0.1342345839827078,11666,4534,0.388650780044574,0.2320247023343598,0.1312375250584783,PASS,,shard0_attempt1,55571640a310a07ad9308efdca53e052351467d1c3f7fa58b36754d53d564135,72ca01614968f2ae00012d6f6076ec5d6fddcfd7af173318a136240e798fc35d,52f230f5b5407ffba9f0d937e3e597fccc07abd53a5cbf82d3f00e5eea928d8d,src/models/naive_self_tightening.py,131759341c8cebad65044361f13f5ed778994c76eee669c99a818025b0a8c634,55571640a310a07ad9308efdca53e052351467d1c3f7fa58b36754d53d564135,82730934288f233e80b9367b778c86f943d18fa4
PatientID_0085,PatientID_0085_T1_to_T2_t1c,0,EIA-linear,0.2242934904183133,0.1263122532963802,0.1694266080883181,0.3317159241288046,0.1266739889856488,0.001041954332543,0.1958244795373824,8877,4534,0.5107581390109271,0.2587119542061411,0.1485750476062602,PASS,,shard0_attempt1,996d63d2f7ef590801341ec3f945cb2ce0e40c70c4ebdd2b479db41f7da6d3ae,72ca01614968f2ae00012d6f6076ec5d6fddcfd7af173318a136240e798fc35d,52f230f5b5407ffba9f0d937e3e597fccc07abd53a5cbf82d3f00e5eea928d8d,src/models/eia.py,2136540541c6d42e78a879ce83728886e644dfd3ace819d36766c1d7e5018dbd,996d63d2f7ef590801341ec3f945cb2ce0e40c70c4ebdd2b479db41f7da6d3ae,82730934288f233e80b9367b778c86f943d18fa4
PatientID_0085,PatientID_0085_T1_to_T2_t1c,0,EIA-blend-0.90,0.1948192510282127,0.1079222959469182,0.1447721179624665,0.2977503308337009,0.0959617771804524,0.0011282835163282,0.2157176101815127,9325,4534,0.4862198391420911,0.2404058227569027,0.1366257208402324,PASS,,shard0_attempt1,996d63d2f7ef590801341ec3f945cb2ce0e40c70c4ebdd2b479db41f7da6d3ae,72ca01614968f2ae00012d6f6076ec5d6fddcfd7af173318a136240e798fc35d,52f230f5b5407ffba9f0d937e3e597fccc07abd53a5cbf82d3f00e5eea928d8d,src/models/eia.py,2136540541c6d42e78a879ce83728886e644dfd3ace819d36766c1d7e5018dbd,996d63d2f7ef590801341ec3f945cb2ce0e40c70c4ebdd2b479db41f7da6d3ae,82730934288f233e80b9367b778c86f943d18fa4
PatientID_0085,PatientID_0085_T1_to_T2_t1c,0,EIA-blend-0.75,0.2655635987590486,0.1531123300739327,0.25,0.2831936479929422,0.1179550547809222,0.0008405317125913,0.2674800903802533,5136,4534,0.8827881619937694,0.2719453022417352,0.1573707722836795,PASS,,shard0_attempt1,996d63d2f7ef590801341ec3f945cb2ce0e40c70c4ebdd2b479db41f7da6d3ae,72ca01614968f2ae00012d6f6076ec5d6fddcfd7af173318a136240e798fc35d,52f230f5b5407ffba9f0d937e3e597fccc07abd53a5cbf82d3f00e5eea928d8d,src/models/eia.py,2136540541c6d42e78a879ce83728886e644dfd3ace819d36766c1d7e5018dbd,996d63d2f7ef590801341ec3f945cb2ce0e40c70c4ebdd2b479db41f7da6d3ae,82730934288f233e80b9367b778c86f943d18fa4
PatientID_0085,PatientID_0085_T1_to_T2_t1c,0,EIA-morph,0.2117392313046168,0.1184051202214149,0.1630344170537096,0.3019408910454345,0.2117392313046168,0.0011416890681003,0.0495812598444421,8397,4534,0.5399547457425271,0.1484340539095242,0.0801667660416716,PASS,,shard0_attempt1,996d63d2f7ef590801341ec3f945cb2ce0e40c70c4ebdd2b479db41f7da6d3ae,72ca01614968f2ae00012d6f6076ec5d6fddcfd7af173318a136240e798fc35d,52f230f5b5407ffba9f0d937e3e597fccc07abd53a5cbf82d3f00e5eea928d8d,src/models/eia.py,2136540541c6d42e78a879ce83728886e644dfd3ace819d36766c1d7e5018dbd,996d63d2f7ef590801341ec3f945cb2ce0e40c70c4ebdd2b479db41f7da6d3ae,82730934288f233e80b9367b778c86f943d18fa4
PatientID_0085,PatientID_0085_T1_to_T2_t1c,0,Full PCC,0.3601183701343046,0.2196002220988339,0.3720602069614299,0.3489192765769739,0.1198125715005391,0.0007746837415445,0.2551603624748501,4252,4534,1.0663217309501412,0.358623731874876,0.2184896534240137,PASS,,shard0_attempt1,1ce4cc7063e01bf7896fcc87d293d33d187674a1b44868f4216da54e414f8597,72ca01614968f2ae00012d6f6076ec5d6fddcfd7af173318a136240e798fc35d,52f230f5b5407ffba9f0d937e3e597fccc07abd53a5cbf82d3f00e5eea928d8d,src/models/pcc.py,123122d313885dc1d5736a3ef0c2b739b84988a4c4e9f17137f25ef724a13dc4,1ce4cc7063e01bf7896fcc87d293d33d187674a1b44868f4216da54e414f8597,82730934288f233e80b9367b778c86f943d18fa4
PatientID_0085,PatientID_0085_T1_to_T2_t1c,0,No-smoothing PCC,0.5744652584030823,0.402982292637465,0.7223521550283996,0.4768416409351566,0.1558612300437164,0.0005939081473493,0.4647206273017223,2993,4534,1.5148680253925826,0.4955888840432743,0.3294238382452097,PASS,,shard0_attempt1,a98cff9de3cd973fac6fd4129a2a0437abb1490f192afe845d096994cd98b126,72ca01614968f2ae00012d6f6076ec5d6fddcfd7af173318a136240e798fc35d,52f230f5b5407ffba9f0d937e3e597fccc07abd53a5cbf82d3f00e5eea928d8d,src/analysis/internal_completion.py,d72550e520742f4fd2a3fe63f61d29804bdd17c303016b7e3a48452ae6cd62f9;123122d313885dc1d5736a3ef0c2b739b84988a4c4e9f17137f25ef724a13dc4,a98cff9de3cd973fac6fd4129a2a0437abb1490f192afe845d096994cd98b126,82730934288f233e80b9367b778c86f943d18fa4
PatientID_0087,PatientID_0087_T1_to_T2_t1c,0,Fixed,0.1418310340896135,0.0763283838507792,0.1973898210956404,0.1106786182966703,0.1378397685931983,0.0059406576765336,0.0868921444415843,25209,44959,1.783450355031933,0.164394225859512,0.0895585687218782,PASS,,shard0_attempt1,1ce4cc7063e01bf7896fcc87d293d33d187674a1b44868f4216da54e414f8597,ff095bca23f5e988b551f8bc6e2da73981e770cfd2e2c89bc534fbdd74bf599b,7f60ab741a8885dc07a6a683acb742ac4c5199c41729eb9c9fefe118d2b002bc,src/models/pcc.py,123122d313885dc1d5736a3ef0c2b739b84988a4c4e9f17137f25ef724a13dc4,1ce4cc7063e01bf7896fcc87d293d33d187674a1b44868f4216da54e414f8597,82730934288f233e80b9367b778c86f943d18fa4
PatientID_0087,PatientID_0087_T1_to_T2_t1c,0,Naive,0.1418310340896135,0.0763283838507792,0.1973898210956404,0.1106786182966703,0.1423352045027349,0.0061942717438313,0.0869037632250604,25209,44959,1.783450355031933,0.164394225859512,0.0895585687218782,PASS,,shard0_attempt1,55571640a310a07ad9308efdca53e052351467d1c3f7fa58b36754d53d564135,ff095bca23f5e988b551f8bc6e2da73981e770cfd2e2c89bc534fbdd74bf599b,7f60ab741a8885dc07a6a683acb742ac4c5199c41729eb9c9fefe118d2b002bc,src/models/naive_self_tightening.py,131759341c8cebad65044361f13f5ed778994c76eee669c99a818025b0a8c634,55571640a310a07ad9308efdca53e052351467d1c3f7fa58b36754d53d564135,82730934288f233e80b9367b778c86f943d18fa4
PatientID_0087,PatientID_0087_T1_to_T2_t1c,0,EIA-linear,0.1932070560608847,0.1069337007923334,0.2653893984144256,0.1518939478191241,0.333859748528601,0.0040458354659896,0.3688747128001621,25732,44959,1.7472019275610136,0.2798994639640573,0.1627227351596617,PASS,,shard0_attempt1,996d63d2f7ef590801341ec3f945cb2ce0e40c70c4ebdd2b479db41f7da6d3ae,ff095bca23f5e988b551f8bc6e2da73981e770cfd2e2c89bc534fbdd74bf599b,7f60ab741a8885dc07a6a683acb742ac4c5199c41729eb9c9fefe118d2b002bc,src/models/eia.py,2136540541c6d42e78a879ce83728886e644dfd3ace819d36766c1d7e5018dbd,996d63d2f7ef590801341ec3f945cb2ce0e40c70c4ebdd2b479db41f7da6d3ae,82730934288f233e80b9367b778c86f943d18fa4
PatientID_0087,PatientID_0087_T1_to_T2_t1c,0,EIA-blend-0.90,0.1557027573285337,0.0844238953060506,0.2312039957939011,0.117373607064214,0.2104725776491393,0.0049611561305871,0.2653052621720493,22824,44959,1.9698124780932351,0.2007384505972026,0.1115671319012576,PASS,,shard0_attempt1,996d63d2f7ef590801341ec3f945cb2ce0e40c70c4ebdd2b479db41f7da6d3ae,ff095bca23f5e988b551f8bc6e2da73981e770cfd2e2c89bc534fbdd74bf599b,7f60ab741a8885dc07a6a683acb742ac4c5199c41729eb9c9fefe118d2b002bc,src/models/eia.py,2136540541c6d42e78a879ce83728886e644dfd3ace819d36766c1d7e5018dbd,996d63d2f7ef590801341ec3f945cb2ce0e40c70c4ebdd2b479db41f7da6d3ae,82730934288f233e80b9367b778c86f943d18fa4
PatientID_0087,PatientID_0087_T1_to_T2_t1c,0,EIA-blend-0.75,0.1943707354056103,0.1076470896971605,0.3352585408380101,0.1368580262016503,0.3172916925382016,0.0036777674458495,0.4238521893776858,18353,44959,2.4496812510216315,0.2746279944029602,0.1591703085024149,PASS,,shard0_attempt1,996d63d2f7ef590801341ec3f945cb2ce0e40c70c4ebdd2b479db41f7da6d3ae,ff095bca23f5e988b551f8bc6e2da73981e770cfd2e2c89bc534fbdd74bf599b,7f60ab741a8885dc07a6a683acb742ac4c5199c41729eb9c9fefe118d2b002bc,src/models/eia.py,2136540541c6d42e78a879ce83728886e644dfd3ace819d36766c1d7e5018dbd,996d63d2f7ef590801341ec3f945cb2ce0e40c70c4ebdd2b479db41f7da6d3ae,82730934288f233e80b9367b778c86f943d18fa4
PatientID_0087,PatientID_0087_T1_to_T2_t1c,0,EIA-morph,0.1500949421715864,0.0811365651098773,0.212444516838376,0.1160390578082252,0.1500949421715864,0.0066176075268817,0.0291032504593376,24557,44959,1.8308018080384407,0.1375475433268361,0.0738529151948569,PASS,,shard0_attempt1,996d63d2f7ef590801341ec3f945cb2ce0e40c70c4ebdd2b479db41f7da6d3ae,ff095bca23f5e988b551f8bc6e2da73981e770cfd2e2c89bc534fbdd74bf599b,7f60ab741a8885dc07a6a683acb742ac4c5199c41729eb9c9fefe118d2b002bc,src/models/eia.py,2136540541c6d42e78a879ce83728886e644dfd3ace819d36766c1d7e5018dbd,996d63d2f7ef590801341ec3f945cb2ce0e40c70c4ebdd2b479db41f7da6d3ae,82730934288f233e80b9367b778c86f943d18fa4
PatientID_0087,PatientID_0087_T1_to_T2_t1c,0,Full PCC,0.3164970354164685,0.187999095977098,0.550913405817098,0.2220245112213349,0.2378941696776831,0.0046385816609893,0.2298979718879912,18119,44959,2.481317953529444,0.2913543450778337,0.1705177104730533,PASS,,shard0_attempt1,1ce4cc7063e01bf7896fcc87d293d33d187674a1b44868f4216da54e414f8597,ff095bca23f5e988b551f8bc6e2da73981e770cfd2e2c89bc534fbdd74bf599b,7f60ab741a8885dc07a6a683acb742ac4c5199c41729eb9c9fefe118d2b002bc,src/models/pcc.py,123122d313885dc1d5736a3ef0c2b739b84988a4c4e9f17137f25ef724a13dc4,1ce4cc7063e01bf7896fcc87d293d33d187674a1b44868f4216da54e414f8597,82730934288f233e80b9367b778c86f943d18fa4
PatientID_0087,PatientID_0087_T1_to_T2_t1c,0,No-smoothing PCC,0.3697079094191007,0.2267740312028183,0.7048995682372817,0.2505616228118952,0.2642942412144528,0.0042482108059861,0.3046887843127885,15981,44959,2.8132782679431827,0.3192241820400896,0.189926686615807,PASS,,shard0_attempt1,a98cff9de3cd973fac6fd4129a2a0437abb1490f192afe845d096994cd98b126,ff095bca23f5e988b551f8bc6e2da73981e770cfd2e2c89bc534fbdd74bf599b,7f60ab741a8885dc07a6a683acb742ac4c5199c41729eb9c9fefe118d2b002bc,src/analysis/internal_completion.py,d72550e520742f4fd2a3fe63f61d29804bdd17c303016b7e3a48452ae6cd62f9;123122d313885dc1d5736a3ef0c2b739b84988a4c4e9f17137f25ef724a13dc4,a98cff9de3cd973fac6fd4129a2a0437abb1490f192afe845d096994cd98b126,82730934288f233e80b9367b778c86f943d18fa4
PatientID_0088,PatientID_0088_T1_to_T2_t1c,0,Fixed,0.3058651227716881,0.1805435487356818,0.2678771845438512,0.3564076582582262,0.2203132166904259,0.0027590563220213,0.2112870750656289,24948,18751,0.7516033349366683,0.292144418983197,0.1710592056216881,PASS,,shard0_attempt1,1ce4cc7063e01bf7896fcc87d293d33d187674a1b44868f4216da54e414f8597,bde082752f30f1aa49e8a62e6198752bc90fc73c5c06483d02f8addccf044799,edcbcbb2e6f2b5a3744e8f8a5ad9a6de4fd90a7c681d5631fa96332b20f6f1db,src/models/pcc.py,123122d313885dc1d5736a3ef0c2b739b84988a4c4e9f17137f25ef724a13dc4,1ce4cc7063e01bf7896fcc87d293d33d187674a1b44868f4216da54e414f8597,82730934288f233e80b9367b778c86f943d18fa4
PatientID_0088,PatientID_0088_T1_to_T2_t1c,0,Naive,0.3058651227716881,0.1805435487356818,0.2678771845438512,0.3564076582582262,0.2800697250348296,0.0027831077476878,0.2111175563825021,24948,18751,0.7516033349366683,0.292144418983197,0.1710592056216881,PASS,,shard0_attempt1,55571640a310a07ad9308efdca53e052351467d1c3f7fa58b36754d53d564135,bde082752f30f1aa49e8a62e6198752bc90fc73c5c06483d02f8addccf044799,edcbcbb2e6f2b5a3744e8f8a5ad9a6de4fd90a7c681d5631fa96332b20f6f1db,src/models/naive_self_tightening.py,131759341c8cebad65044361f13f5ed778994c76eee669c99a818025b0a8c634,55571640a310a07ad9308efdca53e052351467d1c3f7fa58b36754d53d564135,82730934288f233e80b9367b778c86f943d18fa4
PatientID_0088,PatientID_0088_T1_to_T2_t1c,0,EIA-linear,0.3645196677636734,0.2228823303947872,0.3141302670165149,0.4341635112793984,0.2716963294261576,0.002421327425409,0.2980766293843709,25916,18751,0.7235298657200185,0.3387019359143858,0.2038778851656807,PASS,,shard0_attempt1,996d63d2f7ef590801341ec3f945cb2ce0e40c70c4ebdd2b479db41f7da6d3ae,bde082752f30f1aa49e8a62e6198752bc90fc73c5c06483d02f8addccf044799,edcbcbb2e6f2b5a3744e8f8a5ad9a6de4fd90a7c681d5631fa96332b20f6f1db,src/models/eia.py,2136540541c6d42e78a879ce83728886e644dfd3ace819d36766c1d7e5018dbd,996d63d2f7ef590801341ec3f945cb2ce0e40c70c4ebdd2b479db41f7da6d3ae,82730934288f233e80b9367b778c86f943d18fa4
PatientID_0088,PatientID_0088_T1_to_T2_t1c,0,EIA-blend-0.90,0.3255619702739221,0.194430587751988,0.301812881479457,0.3533678203829129,0.2393307445975681,0.0023789857890406,0.2809976725507977,21954,18751,0.8541040357110321,0.3255293051217127,0.194407287114007,PASS,,shard0_attempt1,996d63d2f7ef590801341ec3f945cb2ce0e40c70c4ebdd2b479db41f7da6d3ae,bde082752f30f1aa49e8a62e6198752bc90fc73c5c06483d02f8addccf044799,edcbcbb2e6f2b5a3744e8f8a5ad9a6de4fd90a7c681d5631fa96332b20f6f1db,src/models/eia.py,2136540541c6d42e78a879ce83728886e644dfd3ace819d36766c1d7e5018dbd,996d63d2f7ef590801341ec3f945cb2ce0e40c70c4ebdd2b479db41f7da6d3ae,82730934288f233e80b9367b778c86f943d18fa4
PatientID_0088,PatientID_0088_T1_to_T2_t1c,0,EIA-blend-0.75,0.3727080596332895,0.2290357681912317,0.4012174875484228,0.3479814409898139,0.2710395433608116,0.0018848161994484,0.3844543702836928,16263,18751,1.1529853040644409,0.385046130889418,0.2384254672994377,PASS,,shard0_attempt1,996d63d2f7ef590801341ec3f945cb2ce0e40c70c4ebdd2b479db41f7da6d3ae,bde082752f30f1aa49e8a62e6198752bc90fc73c5c06483d02f8addccf044799,edcbcbb2e6f2b5a3744e8f8a5ad9a6de4fd90a7c681d5631fa96332b20f6f1db,src/models/eia.py,2136540541c6d42e78a879ce83728886e644dfd3ace819d36766c1d7e5018dbd,996d63d2f7ef590801341ec3f945cb2ce0e40c70c4ebdd2b479db41f7da6d3ae,82730934288f233e80b9367b778c86f943d18fa4
PatientID_0088,PatientID_0088_T1_to_T2_t1c,0,EIA-morph,0.309975229761326,0.1834146074187715,0.2738689356131882,0.3570476241267132,0.309975229761326,0.0033385976702508,0.0991346112057397,24446,18751,0.7670375521557719,0.284251506605401,0.1656720129564319,PASS,,shard0_attempt1,996d63d2f7ef590801341ec3f945cb2ce0e40c70c4ebdd2b479db41f7da6d3ae,bde082752f30f1aa49e8a62e6198752bc90fc73c5c06483d02f8addccf044799,edcbcbb2e6f2b5a3744e8f8a5ad9a6de4fd90a7c681d5631fa96332b20f6f1db,src/models/eia.py,2136540541c6d42e78a879ce83728886e644dfd3ace819d36766c1d7e5018dbd,996d63d2f7ef590801341ec3f945cb2ce0e40c70c4ebdd2b479db41f7da6d3ae,82730934288f233e80b9367b778c86f943d18fa4
PatientID_0088,PatientID_0088_T1_to_T2_t1c,0,Full PCC,0.5361875637104995,0.3662952646239554,0.6123399301513388,0.4768812330009066,0.3081725406092288,0.0017182279151208,0.4471589525612362,14603,18751,1.2840512223515717,0.5490907151738816,0.3784459310674687,PASS,,shard0_attempt1,1ce4cc7063e01bf7896fcc87d293d33d187674a1b44868f4216da54e414f8597,bde082752f30f1aa49e8a62e6198752bc90fc73c5c06483d02f8addccf044799,edcbcbb2e6f2b5a3744e8f8a5ad9a6de4fd90a7c681d5631fa96332b20f6f1db,src/models/pcc.py,123122d313885dc1d5736a3ef0c2b739b84988a4c4e9f17137f25ef724a13dc4,1ce4cc7063e01bf7896fcc87d293d33d187674a1b44868f4216da54e414f8597,82730934288f233e80b9367b778c86f943d18fa4
PatientID_0088,PatientID_0088_T1_to_T2_t1c,0,No-smoothing PCC,0.7594605833778887,0.6122018963700795,0.8571237009721757,0.6817769718948323,0.4004998740565931,0.0012057733558566,0.6860024071870359,14915,18751,1.257190747569561,0.7088688603352122,0.5490293267431214,PASS,,shard0_attempt1,a98cff9de3cd973fac6fd4129a2a0437abb1490f192afe845d096994cd98b126,bde082752f30f1aa49e8a62e6198752bc90fc73c5c06483d02f8addccf044799,edcbcbb2e6f2b5a3744e8f8a5ad9a6de4fd90a7c681d5631fa96332b20f6f1db,src/analysis/internal_completion.py,d72550e520742f4fd2a3fe63f61d29804bdd17c303016b7e3a48452ae6cd62f9;123122d313885dc1d5736a3ef0c2b739b84988a4c4e9f17137f25ef724a13dc4,a98cff9de3cd973fac6fd4129a2a0437abb1490f192afe845d096994cd98b126,82730934288f233e80b9367b778c86f943d18fa4
PatientID_0089,PatientID_0089_T1_to_T2_t1c,0,Fixed,0.2730224276972335,0.1580926307764281,0.5378448479132281,0.1829446794858941,0.2752476561716911,0.0092567518710196,0.3227272152020866,33928,99746,2.939931619900966,0.392045796325707,0.2438165187998789,PASS,,shard0_attempt1,1ce4cc7063e01bf7896fcc87d293d33d187674a1b44868f4216da54e414f8597,d53eb86ce72db1a78d288cb78652d516f1c214a670ba92cc6d4e1496a43b7e89,e645349f6177410eeacfc833888cadfdea441586a91fb66baf923f9d08692088,src/models/pcc.py,123122d313885dc1d5736a3ef0c2b739b84988a4c4e9f17137f25ef724a13dc4,1ce4cc7063e01bf7896fcc87d293d33d187674a1b44868f4216da54e414f8597,82730934288f233e80b9367b778c86f943d18fa4
PatientID_0089,PatientID_0089_T1_to_T2_t1c,0,Naive,0.2730224276972335,0.1580926307764281,0.5378448479132281,0.1829446794858941,0.2747869980377649,0.0099663786233953,0.322721195424785,33928,99746,2.939931619900966,0.392045796325707,0.2438165187998789,PASS,,shard0_attempt1,55571640a310a07ad9308efdca53e052351467d1c3f7fa58b36754d53d564135,d53eb86ce72db1a78d288cb78652d516f1c214a670ba92cc6d4e1496a43b7e89,e645349f6177410eeacfc833888cadfdea441586a91fb66baf923f9d08692088,src/models/naive_self_tightening.py,131759341c8cebad65044361f13f5ed778994c76eee669c99a818025b0a8c634,55571640a310a07ad9308efdca53e052351467d1c3f7fa58b36754d53d564135,82730934288f233e80b9367b778c86f943d18fa4
PatientID_0089,PatientID_0089_T1_to_T2_t1c,0,EIA-linear,0.3703235519700025,0.2272374693870436,0.6349047874153801,0.2613939406091472,0.4679744632585209,0.0057648586494345,0.6641111956970023,41066,99746,2.428919300637997,0.6875964950991138,0.5239215626397066,PASS,,shard0_attempt1,996d63d2f7ef590801341ec3f945cb2ce0e40c70c4ebdd2b479db41f7da6d3ae,d53eb86ce72db1a78d288cb78652d516f1c214a670ba92cc6d4e1496a43b7e89,e645349f6177410eeacfc833888cadfdea441586a91fb66baf923f9d08692088,src/models/eia.py,2136540541c6d42e78a879ce83728886e644dfd3ace819d36766c1d7e5018dbd,996d63d2f7ef590801341ec3f945cb2ce0e40c70c4ebdd2b479db41f7da6d3ae,82730934288f233e80b9367b778c86f943d18fa4
PatientID_0089,PatientID_0089_T1_to_T2_t1c,0,EIA-blend-0.90,0.2914908234370399,0.1706112132352941,0.5901684448656416,0.1935415956529585,0.3438588035545081,0.0078109406731158,0.5289841730178282,32711,99746,3.0493106294518664,0.4409600385005866,0.2828407541780304,PASS,,shard0_attempt1,996d63d2f7ef590801341ec3f945cb2ce0e40c70c4ebdd2b479db41f7da6d3ae,d53eb86ce72db1a78d288cb78652d516f1c214a670ba92cc6d4e1496a43b7e89,e645349f6177410eeacfc833888cadfdea441586a91fb66baf923f9d08692088,src/models/eia.py,2136540541c6d42e78a879ce83728886e644dfd3ace819d36766c1d7e5018dbd,996d63d2f7ef590801341ec3f945cb2ce0e40c70c4ebdd2b479db41f7da6d3ae,82730934288f233e80b9367b778c86f943d18fa4
PatientID_0089,PatientID_0089_T1_to_T2_t1c,0,EIA-blend-0.75,0.3459452891231374,0.2091498466454847,0.7133550488599348,0.2283399835582379,0.4390590679096416,0.0059198434162473,0.7084172906067341,31928,99746,3.1240917063392635,0.6859122170328339,0.521968338741011,PASS,,shard0_attempt1,996d63d2f7ef590801341ec3f945cb2ce0e40c70c4ebdd2b479db41f7da6d3ae,d53eb86ce72db1a78d288cb78652d516f1c214a670ba92cc6d4e1496a43b7e89,e645349f6177410eeacfc833888cadfdea441586a91fb66baf923f9d08692088,src/models/eia.py,2136540541c6d42e78a879ce83728886e644dfd3ace819d36766c1d7e5018dbd,996d63d2f7ef590801341ec3f945cb2ce0e40c70c4ebdd2b479db41f7da6d3ae,82730934288f233e80b9367b778c86f943d18fa4
PatientID_0089,PatientID_0089_T1_to_T2_t1c,0,EIA-morph,0.2836063221645786,0.1652338422279906,0.5746549560853199,0.1882581757664467,0.2836063221645786,0.0106257840501792,0.1172524901435405,32677,99746,3.0524833981087616,0.1897820464019119,0.1048393349702327,PASS,,shard0_attempt1,996d63d2f7ef590801341ec3f945cb2ce0e40c70c4ebdd2b479db41f7da6d3ae,d53eb86ce72db1a78d288cb78652d516f1c214a670ba92cc6d4e1496a43b7e89,e645349f6177410eeacfc833888cadfdea441586a91fb66baf923f9d08692088,src/models/eia.py,2136540541c6d42e78a879ce83728886e644dfd3ace819d36766c1d7e5018dbd,996d63d2f7ef590801341ec3f945cb2ce0e40c70c4ebdd2b479db41f7da6d3ae,82730934288f233e80b9367b778c86f943d18fa4
PatientID_0089,PatientID_0089_T1_to_T2_t1c,0,Full PCC,0.5221177266109612,0.3532877658879115,0.8373724630945267,0.3793134561786939,0.4263996438536279,0.006993372575318,0.5750835746860291,45183,99746,2.2076002036164044,0.527108856497869,0.3578736003855435,PASS,,shard0_attempt1,1ce4cc7063e01bf7896fcc87d293d33d187674a1b44868f4216da54e414f8597,d53eb86ce72db1a78d288cb78652d516f1c214a670ba92cc6d4e1496a43b7e89,e645349f6177410eeacfc833888cadfdea441586a91fb66baf923f9d08692088,src/models/pcc.py,123122d313885dc1d5736a3ef0c2b739b84988a4c4e9f17137f25ef724a13dc4,1ce4cc7063e01bf7896fcc87d293d33d187674a1b44868f4216da54e414f8597,82730934288f233e80b9367b778c86f943d18fa4
PatientID_0089,PatientID_0089_T1_to_T2_t1c,0,No-smoothing PCC,0.6018736335206044,0.4304858616150519,0.97117402759791,0.4360575862691235,0.4704703561498611,0.0062299117231673,0.6639420594536367,44786,99746,2.227169204662171,0.5667094419848078,0.3953904801916875,PASS,,shard0_attempt1,a98cff9de3cd973fac6fd4129a2a0437abb1490f192afe845d096994cd98b126,d53eb86ce72db1a78d288cb78652d516f1c214a670ba92cc6d4e1496a43b7e89,e645349f6177410eeacfc833888cadfdea441586a91fb66baf923f9d08692088,src/analysis/internal_completion.py,d72550e520742f4fd2a3fe63f61d29804bdd17c303016b7e3a48452ae6cd62f9;123122d313885dc1d5736a3ef0c2b739b84988a4c4e9f17137f25ef724a13dc4,a98cff9de3cd973fac6fd4129a2a0437abb1490f192afe845d096994cd98b126,82730934288f233e80b9367b778c86f943d18fa4
PatientID_0090,PatientID_0090_T1_to_T2_t1c,0,Fixed,0.2777297454045549,0.1612579353696105,0.5905364360912558,0.1815584014379195,0.2775045539595623,0.013062585493631,0.3365579559499516,43789,142428,3.252597684349951,0.3879082764646421,0.2406241970007855,PASS,,shard0_attempt1,1ce4cc7063e01bf7896fcc87d293d33d187674a1b44868f4216da54e414f8597,5053ddfe5dd6583f4ce75bb932a908844eb548f74b441300d09ae4178e9077cc,11982e606805e4275cc707623ea491adb7c30ab382375d70eae6d8bb8b5ac9d6,src/models/pcc.py,123122d313885dc1d5736a3ef0c2b739b84988a4c4e9f17137f25ef724a13dc4,1ce4cc7063e01bf7896fcc87d293d33d187674a1b44868f4216da54e414f8597,82730934288f233e80b9367b778c86f943d18fa4
PatientID_0090,PatientID_0090_T1_to_T2_t1c,0,Naive,0.2777297454045549,0.1612579353696105,0.5905364360912558,0.1815584014379195,0.2779503486511266,0.0138762229929308,0.3365706915368545,43789,142428,3.252597684349951,0.3879082764646421,0.2406241970007855,PASS,,shard0_attempt1,55571640a310a07ad9308efdca53e052351467d1c3f7fa58b36754d53d564135,5053ddfe5dd6583f4ce75bb932a908844eb548f74b441300d09ae4178e9077cc,11982e606805e4275cc707623ea491adb7c30ab382375d70eae6d8bb8b5ac9d6,src/models/naive_self_tightening.py,131759341c8cebad65044361f13f5ed778994c76eee669c99a818025b0a8c634,55571640a310a07ad9308efdca53e052351467d1c3f7fa58b36754d53d564135,82730934288f233e80b9367b778c86f943d18fa4
PatientID_0090,PatientID_0090_T1_to_T2_t1c,0,EIA-linear,0.3716927518845913,0.2282694204762559,0.673327317261828,0.2566981211559525,0.4568512206383199,0.0084952904979726,0.6683365919641321,54299,142428,2.623031731707766,0.6815794647131127,0.5169666631189851,PASS,,shard0_attempt1,996d63d2f7ef590801341ec3f945cb2ce0e40c70c4ebdd2b479db41f7da6d3ae,5053ddfe5dd6583f4ce75bb932a908844eb548f74b441300d09ae4178e9077cc,11982e606805e4275cc707623ea491adb7c30ab382375d70eae6d8bb8b5ac9d6,src/models/eia.py,2136540541c6d42e78a879ce83728886e644dfd3ace819d36766c1d7e5018dbd,996d63d2f7ef590801341ec3f945cb2ce0e40c70c4ebdd2b479db41f7da6d3ae,82730934288f233e80b9367b778c86f943d18fa4
PatientID_0090,PatientID_0090_T1_to_T2_t1c,0,EIA-blend-0.90,0.2947806447787582,0.1728696333853847,0.6345346111897524,0.191984722105204,0.341740162386891,0.0111931681399118,0.5503043480302496,43093,142428,3.3051307636971203,0.4227960794246117,0.2680668453277359,PASS,,shard0_attempt1,996d63d2f7ef590801341ec3f945cb2ce0e40c70c4ebdd2b479db41f7da6d3ae,5053ddfe5dd6583f4ce75bb932a908844eb548f74b441300d09ae4178e9077cc,11982e606805e4275cc707623ea491adb7c30ab382375d70eae6d8bb8b5ac9d6,src/models/eia.py,2136540541c6d42e78a879ce83728886e644dfd3ace819d36766c1d7e5018dbd,996d63d2f7ef590801341ec3f945cb2ce0e40c70c4ebdd2b479db41f7da6d3ae,82730934288f233e80b9367b778c86f943d18fa4
PatientID_0090,PatientID_0090_T1_to_T2_t1c,0,EIA-blend-0.75,0.3515576534052596,0.2132665750376333,0.7587258714229166,0.228782261914792,0.4298787643616957,0.0087290898818147,0.7108523744431913,42947,142428,3.316366684518127,0.687624624372709,0.5239542261646811,PASS,,shard0_attempt1,996d63d2f7ef590801341ec3f945cb2ce0e40c70c4ebdd2b479db41f7da6d3ae,5053ddfe5dd6583f4ce75bb932a908844eb548f74b441300d09ae4178e9077cc,11982e606805e4275cc707623ea491adb7c30ab382375d70eae6d8bb8b5ac9d6,src/models/eia.py,2136540541c6d42e78a879ce83728886e644dfd3ace819d36766c1d7e5018dbd,996d63d2f7ef590801341ec3f945cb2ce0e40c70c4ebdd2b479db41f7da6d3ae,82730934288f233e80b9367b778c86f943d18fa4
PatientID_0090,PatientID_0090_T1_to_T2_t1c,0,EIA-morph,0.2870364908705794,0.1675671952967987,0.6074857570874095,0.1879124891173084,0.2870364908705794,0.0148921370967741,0.1271093578502241,44057,142428,3.2328120389495427,0.2021301991209518,0.1124276068407392,PASS,,shard0_attempt1,996d63d2f7ef590801341ec3f945cb2ce0e40c70c4ebdd2b479db41f7da6d3ae,5053ddfe5dd6583f4ce75bb932a908844eb548f74b441300d09ae4178e9077cc,11982e606805e4275cc707623ea491adb7c30ab382375d70eae6d8bb8b5ac9d6,src/models/eia.py,2136540541c6d42e78a879ce83728886e644dfd3ace819d36766c1d7e5018dbd,996d63d2f7ef590801341ec3f945cb2ce0e40c70c4ebdd2b479db41f7da6d3ae,82730934288f233e80b9367b778c86f943d18fa4
PatientID_0090,PatientID_0090_T1_to_T2_t1c,0,Full PCC,0.4985021330225905,0.3320032242377409,0.8664012655807243,0.3499171511219704,0.4068798947410638,0.0104665047372898,0.5499320814708851,57523,142428,2.476018288336839,0.4807551885883367,0.31644352837646,PASS,,shard0_attempt1,1ce4cc7063e01bf7896fcc87d293d33d187674a1b44868f4216da54e414f8597,5053ddfe5dd6583f4ce75bb932a908844eb548f74b441300d09ae4178e9077cc,11982e606805e4275cc707623ea491adb7c30ab382375d70eae6d8bb8b5ac9d6,src/models/pcc.py,123122d313885dc1d5736a3ef0c2b739b84988a4c4e9f17137f25ef724a13dc4,1ce4cc7063e01bf7896fcc87d293d33d187674a1b44868f4216da54e414f8597,82730934288f233e80b9367b778c86f943d18fa4
PatientID_0090,PatientID_0090_T1_to_T2_t1c,0,No-smoothing PCC,0.5789468503937008,0.4074068943544421,0.9678963996577372,0.4129876147948437,0.458381143203653,0.0093226295608433,0.6426369227285256,60772,142428,2.343645099716975,0.5277122475934236,0.3584301008638335,PASS,,shard0_attempt1,a98cff9de3cd973fac6fd4129a2a0437abb1490f192afe845d096994cd98b126,5053ddfe5dd6583f4ce75bb932a908844eb548f74b441300d09ae4178e9077cc,11982e606805e4275cc707623ea491adb7c30ab382375d70eae6d8bb8b5ac9d6,src/analysis/internal_completion.py,d72550e520742f4fd2a3fe63f61d29804bdd17c303016b7e3a48452ae6cd62f9;123122d313885dc1d5736a3ef0c2b739b84988a4c4e9f17137f25ef724a13dc4,a98cff9de3cd973fac6fd4129a2a0437abb1490f192afe845d096994cd98b126,82730934288f233e80b9367b778c86f943d18fa4
PatientID_0091,PatientID_0091_T1_to_T2_t1c,0,Fixed,0.3397110088081109,0.2046095653288883,0.2655378983276479,0.4713832065578613,0.2424496881142057,0.0040616509789394,0.2205980259829698,48076,27082,0.563316415675181,0.2651576693142095,0.1528425175243632,PASS,,shard0_attempt1,1ce4cc7063e01bf7896fcc87d293d33d187674a1b44868f4216da54e414f8597,e933ea2fab6b4f62c8bb42b12f505c18734f8f9044193d59831ec8ab2be6205c,7cbeb5e928536e746b7fa0a4fe3c2d4e3816adc52af569531d982ddf0ad55120,src/models/pcc.py,123122d313885dc1d5736a3ef0c2b739b84988a4c4e9f17137f25ef724a13dc4,1ce4cc7063e01bf7896fcc87d293d33d187674a1b44868f4216da54e414f8597,82730934288f233e80b9367b778c86f943d18fa4
PatientID_0091,PatientID_0091_T1_to_T2_t1c,0,Naive,0.3397110088081109,0.2046095653288883,0.2655378983276479,0.4713832065578613,0.3052911388069871,0.0043212325469929,0.2206010294911804,48076,27082,0.563316415675181,0.2651576693142095,0.1528425175243632,PASS,,shard0_attempt1,55571640a310a07ad9308efdca53e052351467d1c3f7fa58b36754d53d564135,e933ea2fab6b4f62c8bb42b12f505c18734f8f9044193d59831ec8ab2be6205c,7cbeb5e928536e746b7fa0a4fe3c2d4e3816adc52af569531d982ddf0ad55120,src/models/naive_self_tightening.py,131759341c8cebad65044361f13f5ed778994c76eee669c99a818025b0a8c634,55571640a310a07ad9308efdca53e052351467d1c3f7fa58b36754d53d564135,82730934288f233e80b9367b778c86f943d18fa4
PatientID_0091,PatientID_0091_T1_to_T2_t1c,0,EIA-linear,0.4265678819782934,0.2711066318606879,0.3291476942210097,0.6059005981832952,0.2877921637577715,0.0035555756831659,0.3069954656411021,49853,27082,0.5432371171243455,0.3647071855962501,0.2230225574271677,PASS,,shard0_attempt1,996d63d2f7ef590801341ec3f945cb2ce0e40c70c4ebdd2b479db41f7da6d3ae,e933ea2fab6b4f62c8bb42b12f505c18734f8f9044193d59831ec8ab2be6205c,7cbeb5e928536e746b7fa0a4fe3c2d4e3816adc52af569531d982ddf0ad55120,src/models/eia.py,2136540541c6d42e78a879ce83728886e644dfd3ace819d36766c1d7e5018dbd,996d63d2f7ef590801341ec3f945cb2ce0e40c70c4ebdd2b479db41f7da6d3ae,82730934288f233e80b9367b778c86f943d18fa4
PatientID_0091,PatientID_0091_T1_to_T2_t1c,0,EIA-blend-0.90,0.3682832243385183,0.2257029098626629,0.3006612304025795,0.4751495458237944,0.258715138199613,0.0034577829493037,0.2884677081479531,42799,27082,0.6327717937334985,0.3388966841566558,0.2040190281597826,PASS,,shard0_attempt1,996d63d2f7ef590801341ec3f945cb2ce0e40c70c4ebdd2b479db41f7da6d3ae,e933ea2fab6b4f62c8bb42b12f505c18734f8f9044193d59831ec8ab2be6205c,7cbeb5e928536e746b7fa0a4fe3c2d4e3816adc52af569531d982ddf0ad55120,src/models/eia.py,2136540541c6d42e78a879ce83728886e644dfd3ace819d36766c1d7e5018dbd,996d63d2f7ef590801341ec3f945cb2ce0e40c70c4ebdd2b479db41f7da6d3ae,82730934288f233e80b9367b778c86f943d18fa4
PatientID_0091,PatientID_0091_T1_to_T2_t1c,0,EIA-blend-0.75,0.4587362656407057,0.2976364495018778,0.4322338340953625,0.4887009822022007,0.2861808885705957,0.0026805767443136,0.4276676811062009,30620,27082,0.8844546048334422,0.4435418359160412,0.2849686847768796,PASS,,shard0_attempt1,996d63d2f7ef590801341ec3f945cb2ce0e40c70c4ebdd2b479db41f7da6d3ae,e933ea2fab6b4f62c8bb42b12f505c18734f8f9044193d59831ec8ab2be6205c,7cbeb5e928536e746b7fa0a4fe3c2d4e3816adc52af569531d982ddf0ad55120,src/models/eia.py,2136540541c6d42e78a879ce83728886e644dfd3ace819d36766c1d7e5018dbd,996d63d2f7ef590801341ec3f945cb2ce0e40c70c4ebdd2b479db41f7da6d3ae,82730934288f233e80b9367b778c86f943d18fa4
PatientID_0091,PatientID_0091_T1_to_T2_t1c,0,EIA-morph,0.3496585153905688,0.2118704029750053,0.2765048210105869,0.4754449449819068,0.3496585153905688,0.0053648073476702,0.1330539932477359,46567,27082,0.5815706401528979,0.2505354109879156,0.1432069060312964,PASS,,shard0_attempt1,996d63d2f7ef590801341ec3f945cb2ce0e40c70c4ebdd2b479db41f7da6d3ae,e933ea2fab6b4f62c8bb42b12f505c18734f8f9044193d59831ec8ab2be6205c,7cbeb5e928536e746b7fa0a4fe3c2d4e3816adc52af569531d982ddf0ad55120,src/models/eia.py,2136540541c6d42e78a879ce83728886e644dfd3ace819d36766c1d7e5018dbd,996d63d2f7ef590801341ec3f945cb2ce0e40c70c4ebdd2b479db41f7da6d3ae,82730934288f233e80b9367b778c86f943d18fa4
PatientID_0091,PatientID_0091_T1_to_T2_t1c,0,Full PCC,0.6616349159743692,0.4943605626532455,0.621540059058312,0.7072594343106122,0.361651760279619,0.0021602758159276,0.5815393189258564,30817,27082,0.878800661972288,0.6570046525430728,0.4892084353058973,PASS,,shard0_attempt1,1ce4cc7063e01bf7896fcc87d293d33d187674a1b44868f4216da54e414f8597,e933ea2fab6b4f62c8bb42b12f505c18734f8f9044193d59831ec8ab2be6205c,7cbeb5e928536e746b7fa0a4fe3c2d4e3816adc52af569531d982ddf0ad55120,src/models/pcc.py,123122d313885dc1d5736a3ef0c2b739b84988a4c4e9f17137f25ef724a13dc4,1ce4cc7063e01bf7896fcc87d293d33d187674a1b44868f4216da54e414f8597,82730934288f233e80b9367b778c86f943d18fa4
PatientID_0091,PatientID_0091_T1_to_T2_t1c,0,No-smoothing PCC,0.8958184350182543,0.8112963152333231,0.913455634019036,0.8788494202791522,0.4514845243608049,0.0013167839537017,0.8811339604807953,26056,27082,1.039376727049432,0.8916254338695143,0.8044441483224691,PASS,,shard0_attempt1,a98cff9de3cd973fac6fd4129a2a0437abb1490f192afe845d096994cd98b126,e933ea2fab6b4f62c8bb42b12f505c18734f8f9044193d59831ec8ab2be6205c,7cbeb5e928536e746b7fa0a4fe3c2d4e3816adc52af569531d982ddf0ad55120,src/analysis/internal_completion.py,d72550e520742f4fd2a3fe63f61d29804bdd17c303016b7e3a48452ae6cd62f9;123122d313885dc1d5736a3ef0c2b739b84988a4c4e9f17137f25ef724a13dc4,a98cff9de3cd973fac6fd4129a2a0437abb1490f192afe845d096994cd98b126,82730934288f233e80b9367b778c86f943d18fa4
PatientID_0092,PatientID_0092_T1_to_T2_t1c,0,Fixed,0.0985946582297108,0.0518535717049764,0.1449066397520005,0.0747156345253141,0.0804967612926317,0.0038051786576623,0.0403819960548203,13871,26902,1.9394420012976716,0.0986172031986726,0.0518660436931464,PASS,,shard0_attempt1,1ce4cc7063e01bf7896fcc87d293d33d187674a1b44868f4216da54e414f8597,4fd248796bc744e24a08af964d247124664ee55ac239e8424a4fcca06f1cf05a,21d8d37b02de7cbe54185c1169906b2065fed2dde872a824032ffba30fe60243,src/models/pcc.py,123122d313885dc1d5736a3ef0c2b739b84988a4c4e9f17137f25ef724a13dc4,1ce4cc7063e01bf7896fcc87d293d33d187674a1b44868f4216da54e414f8597,82730934288f233e80b9367b778c86f943d18fa4
PatientID_0092,PatientID_0092_T1_to_T2_t1c,0,Naive,0.0985946582297108,0.0518535717049764,0.1449066397520005,0.0747156345253141,0.0942488237770222,0.0038237998726228,0.0403937259846299,13871,26902,1.9394420012976716,0.0986172031986726,0.0518660436931464,PASS,,shard0_attempt1,55571640a310a07ad9308efdca53e052351467d1c3f7fa58b36754d53d564135,4fd248796bc744e24a08af964d247124664ee55ac239e8424a4fcca06f1cf05a,21d8d37b02de7cbe54185c1169906b2065fed2dde872a824032ffba30fe60243,src/models/naive_self_tightening.py,131759341c8cebad65044361f13f5ed778994c76eee669c99a818025b0a8c634,55571640a310a07ad9308efdca53e052351467d1c3f7fa58b36754d53d564135,82730934288f233e80b9367b778c86f943d18fa4
PatientID_0092,PatientID_0092_T1_to_T2_t1c,0,EIA-linear,0.1170469531463833,0.0621613764304781,0.1770151275682998,0.08742844398186,0.274664450613209,0.0026012688704259,0.322280476285687,13287,26902,2.02468578309626,0.254888112421848,0.1460583211036688,PASS,,shard0_attempt1,996d63d2f7ef590801341ec3f945cb2ce0e40c70c4ebdd2b479db41f7da6d3ae,4fd248796bc744e24a08af964d247124664ee55ac239e8424a4fcca06f1cf05a,21d8d37b02de7cbe54185c1169906b2065fed2dde872a824032ffba30fe60243,src/models/eia.py,2136540541c6d42e78a879ce83728886e644dfd3ace819d36766c1d7e5018dbd,996d63d2f7ef590801341ec3f945cb2ce0e40c70c4ebdd2b479db41f7da6d3ae,82730934288f233e80b9367b778c86f943d18fa4
PatientID_0092,PatientID_0092_T1_to_T2_t1c,0,EIA-blend-0.90,0.1031460042423777,0.0543774083155937,0.1650445734849104,0.0750130101851163,0.148870381699656,0.0032082265129328,0.1847371309856609,12227,26902,2.2002126441481966,0.1057913909912684,0.0558499156353104,PASS,,shard0_attempt1,996d63d2f7ef590801341ec3f945cb2ce0e40c70c4ebdd2b479db41f7da6d3ae,4fd248796bc744e24a08af964d247124664ee55ac239e8424a4fcca06f1cf05a,21d8d37b02de7cbe54185c1169906b2065fed2dde872a824032ffba30fe60243,src/models/eia.py,2136540541c6d42e78a879ce83728886e644dfd3ace819d36766c1d7e5018dbd,996d63d2f7ef590801341ec3f945cb2ce0e40c70c4ebdd2b479db41f7da6d3ae,82730934288f233e80b9367b778c86f943d18fa4
PatientID_0092,PatientID_0092_T1_to_T2_t1c,0,EIA-blend-0.75,0.1150159744408945,0.0610169491525423,0.2276476410425602,0.0769459519738309,0.2510297211273343,0.0024242168158978,0.324320566459474,9093,26902,2.958539535906741,0.1587614303925588,0.0862253447381296,PASS,,shard0_attempt1,996d63d2f7ef590801341ec3f945cb2ce0e40c70c4ebdd2b479db41f7da6d3ae,4fd248796bc744e24a08af964d247124664ee55ac239e8424a4fcca06f1cf05a,21d8d37b02de7cbe54185c1169906b2065fed2dde872a824032ffba30fe60243,src/models/eia.py,2136540541c6d42e78a879ce83728886e644dfd3ace819d36766c1d7e5018dbd,996d63d2f7ef590801341ec3f945cb2ce0e40c70c4ebdd2b479db41f7da6d3ae,82730934288f233e80b9367b778c86f943d18fa4
PatientID_0092,PatientID_0092_T1_to_T2_t1c,0,EIA-morph,0.1015086422220002,0.0534680559941058,0.1547129587330592,0.0755334175897702,0.1015086422220002,0.0040291218637992,0.0144716167981029,13134,26902,2.048271661336988,0.0755334176069524,0.0392490149300925,PASS,,shard0_attempt1,996d63d2f7ef590801341ec3f945cb2ce0e40c70c4ebdd2b479db41f7da6d3ae,4fd248796bc744e24a08af964d247124664ee55ac239e8424a4fcca06f1cf05a,21d8d37b02de7cbe54185c1169906b2065fed2dde872a824032ffba30fe60243,src/models/eia.py,2136540541c6d42e78a879ce83728886e644dfd3ace819d36766c1d7e5018dbd,996d63d2f7ef590801341ec3f945cb2ce0e40c70c4ebdd2b479db41f7da6d3ae,82730934288f233e80b9367b778c86f943d18fa4
PatientID_0092,PatientID_0092_T1_to_T2_t1c,0,Full PCC,0.1532889356233205,0.0830064532456029,0.3577856558494682,0.0975392164151364,0.1174930210256667,0.0031413411874533,0.1039560810373626,7334,26902,3.668121079901827,0.1557133298796425,0.0844301118797857,PASS,,shard0_attempt1,1ce4cc7063e01bf7896fcc87d293d33d187674a1b44868f4216da54e414f8597,4fd248796bc744e24a08af964d247124664ee55ac239e8424a4fcca06f1cf05a,21d8d37b02de7cbe54185c1169906b2065fed2dde872a824032ffba30fe60243,src/models/pcc.py,123122d313885dc1d5736a3ef0c2b739b84988a4c4e9f17137f25ef724a13dc4,1ce4cc7063e01bf7896fcc87d293d33d187674a1b44868f4216da54e414f8597,82730934288f233e80b9367b778c86f943d18fa4
PatientID_0092,PatientID_0092_T1_to_T2_t1c,0,No-smoothing PCC,0.2324117916603024,0.1314852580277211,0.6521515515172296,0.1414021262359676,0.1559023490621317,0.0028811601188989,0.1773508922199203,5833,26902,4.612034973427053,0.1844472530075004,0.1015928913823841,PASS,,shard0_attempt1,a98cff9de3cd973fac6fd4129a2a0437abb1490f192afe845d096994cd98b126,4fd248796bc744e24a08af964d247124664ee55ac239e8424a4fcca06f1cf05a,21d8d37b02de7cbe54185c1169906b2065fed2dde872a824032ffba30fe60243,src/analysis/internal_completion.py,d72550e520742f4fd2a3fe63f61d29804bdd17c303016b7e3a48452ae6cd62f9;123122d313885dc1d5736a3ef0c2b739b84988a4c4e9f17137f25ef724a13dc4,a98cff9de3cd973fac6fd4129a2a0437abb1490f192afe845d096994cd98b126,82730934288f233e80b9367b778c86f943d18fa4
PatientID_0093,PatientID_0093_T1_to_T2_t1c,0,Fixed,0.3461256961018297,0.2092817424431916,0.8144515162860352,0.2197595716739064,0.3401671501436602,0.0038369715496598,0.4982411604615849,13355,49495,3.706102583302134,0.4987170421305312,0.332193900905281,PASS,,shard0_attempt1,1ce4cc7063e01bf7896fcc87d293d33d187674a1b44868f4216da54e414f8597,91af4600aa8dfc7c45f5507830a0e11bdd6d858d5a03159e2063eeace556b674,1e565cdf5d9772a71f21c6015f4ca66c1e0dda6a10b622cde0d3907a6b4223ed,src/models/pcc.py,123122d313885dc1d5736a3ef0c2b739b84988a4c4e9f17137f25ef724a13dc4,1ce4cc7063e01bf7896fcc87d293d33d187674a1b44868f4216da54e414f8597,82730934288f233e80b9367b778c86f943d18fa4
PatientID_0093,PatientID_0093_T1_to_T2_t1c,0,Naive,0.3461256961018297,0.2092817424431916,0.8144515162860352,0.2197595716739064,0.349361601909258,0.0041509390608692,0.4982411389782084,13355,49495,3.706102583302134,0.4987170421305312,0.332193900905281,PASS,,shard0_attempt1,55571640a310a07ad9308efdca53e052351467d1c3f7fa58b36754d53d564135,91af4600aa8dfc7c45f5507830a0e11bdd6d858d5a03159e2063eeace556b674,1e565cdf5d9772a71f21c6015f4ca66c1e0dda6a10b622cde0d3907a6b4223ed,src/models/naive_self_tightening.py,131759341c8cebad65044361f13f5ed778994c76eee669c99a818025b0a8c634,55571640a310a07ad9308efdca53e052351467d1c3f7fa58b36754d53d564135,82730934288f233e80b9367b778c86f943d18fa4
PatientID_0093,PatientID_0093_T1_to_T2_t1c,0,EIA-linear,0.4635585894416788,0.3017092524688124,0.883629751690437,0.3141933528639256,0.4701744004336926,0.0026079897721387,0.78839703421793,17599,49495,2.8123757031649523,0.7186382462903461,0.5608394695832478,PASS,,shard0_attempt1,996d63d2f7ef590801341ec3f945cb2ce0e40c70c4ebdd2b479db41f7da6d3ae,91af4600aa8dfc7c45f5507830a0e11bdd6d858d5a03159e2063eeace556b674,1e565cdf5d9772a71f21c6015f4ca66c1e0dda6a10b622cde0d3907a6b4223ed,src/models/eia.py,2136540541c6d42e78a879ce83728886e644dfd3ace819d36766c1d7e5018dbd,996d63d2f7ef590801341ec3f945cb2ce0e40c70c4ebdd2b479db41f7da6d3ae,82730934288f233e80b9367b778c86f943d18fa4
PatientID_0093,PatientID_0093_T1_to_T2_t1c,0,EIA-blend-0.90,0.360829346092504,0.2201292130458473,0.8566452101476714,0.2285483382159814,0.382597189465874,0.003378023691688,0.6445744377491391,13205,49495,3.7482014388489207,0.5628043236734741,0.3915989540952063,PASS,,shard0_attempt1,996d63d2f7ef590801341ec3f945cb2ce0e40c70c4ebdd2b479db41f7da6d3ae,91af4600aa8dfc7c45f5507830a0e11bdd6d858d5a03159e2063eeace556b674,1e565cdf5d9772a71f21c6015f4ca66c1e0dda6a10b622cde0d3907a6b4223ed,src/models/eia.py,2136540541c6d42e78a879ce83728886e644dfd3ace819d36766c1d7e5018dbd,996d63d2f7ef590801341ec3f945cb2ce0e40c70c4ebdd2b479db41f7da6d3ae,82730934288f233e80b9367b778c86f943d18fa4
PatientID_0093,PatientID_0093_T1_to_T2_t1c,0,EIA-blend-0.75,0.4055218111540585,0.2543288544119684,0.925269978401728,0.2596625921810284,0.4419243603568805,0.0027743989317195,0.797174637818622,13890,49495,3.563354931605472,0.7171229417141416,0.5589958422647254,PASS,,shard0_attempt1,996d63d2f7ef590801341ec3f945cb2ce0e40c70c4ebdd2b479db41f7da6d3ae,91af4600aa8dfc7c45f5507830a0e11bdd6d858d5a03159e2063eeace556b674,1e565cdf5d9772a71f21c6015f4ca66c1e0dda6a10b622cde0d3907a6b4223ed,src/models/eia.py,2136540541c6d42e78a879ce83728886e644dfd3ace819d36766c1d7e5018dbd,996d63d2f7ef590801341ec3f945cb2ce0e40c70c4ebdd2b479db41f7da6d3ae,82730934288f233e80b9367b778c86f943d18fa4
PatientID_0093,PatientID_0093_T1_to_T2_t1c,0,EIA-morph,0.3538646761377317,0.2149669416652039,0.86109375,0.2226891605212647,0.3538646761377317,0.0045084005376344,0.1960654961097225,12800,49495,3.866796875,0.236044044860733,0.1338151580155793,PASS,,shard0_attempt1,996d63d2f7ef590801341ec3f945cb2ce0e40c70c4ebdd2b479db41f7da6d3ae,91af4600aa8dfc7c45f5507830a0e11bdd6d858d5a03159e2063eeace556b674,1e565cdf5d9772a71f21c6015f4ca66c1e0dda6a10b622cde0d3907a6b4223ed,src/models/eia.py,2136540541c6d42e78a879ce83728886e644dfd3ace819d36766c1d7e5018dbd,996d63d2f7ef590801341ec3f945cb2ce0e40c70c4ebdd2b479db41f7da6d3ae,82730934288f233e80b9367b778c86f943d18fa4
PatientID_0093,PatientID_0093_T1_to_T2_t1c,0,Full PCC,0.6037751480924042,0.4324340361564935,0.9536334292942512,0.4417213859985857,0.4869642950737841,0.0028346495104884,0.7018075874275965,22926,49495,2.1589025560499,0.637983634714234,0.4684111373256136,PASS,,shard0_attempt1,1ce4cc7063e01bf7896fcc87d293d33d187674a1b44868f4216da54e414f8597,91af4600aa8dfc7c45f5507830a0e11bdd6d858d5a03159e2063eeace556b674,1e565cdf5d9772a71f21c6015f4ca66c1e0dda6a10b622cde0d3907a6b4223ed,src/models/pcc.py,123122d313885dc1d5736a3ef0c2b739b84988a4c4e9f17137f25ef724a13dc4,1ce4cc7063e01bf7896fcc87d293d33d187674a1b44868f4216da54e414f8597,82730934288f233e80b9367b778c86f943d18fa4
PatientID_0093,PatientID_0093_T1_to_T2_t1c,0,No-smoothing PCC,0.7314717561163059,0.5766302481975887,0.9992300962379702,0.5768865541973937,0.5627628012185116,0.0022726141449583,0.7960639393709128,28575,49495,1.7321084864391951,0.71861804222933,0.5608148592040488,PASS,,shard0_attempt1,a98cff9de3cd973fac6fd4129a2a0437abb1490f192afe845d096994cd98b126,91af4600aa8dfc7c45f5507830a0e11bdd6d858d5a03159e2063eeace556b674,1e565cdf5d9772a71f21c6015f4ca66c1e0dda6a10b622cde0d3907a6b4223ed,src/analysis/internal_completion.py,d72550e520742f4fd2a3fe63f61d29804bdd17c303016b7e3a48452ae6cd62f9;123122d313885dc1d5736a3ef0c2b739b84988a4c4e9f17137f25ef724a13dc4,a98cff9de3cd973fac6fd4129a2a0437abb1490f192afe845d096994cd98b126,82730934288f233e80b9367b778c86f943d18fa4
PatientID_0094,PatientID_0094_T1_to_T2_t1c,0,Fixed,0.3970410347073602,0.2476925756080571,0.362131884918951,0.4393986201215117,0.2565571729000833,0.0011835611998997,0.3828176491685552,11783,9711,0.8241534413986251,0.3894552569565722,0.2418158568259708,PASS,,shard0_attempt1,1ce4cc7063e01bf7896fcc87d293d33d187674a1b44868f4216da54e414f8597,989da87d5245a0f8153b190c51edae9462f12e59388aa1a1d2fafe81dad1591a,8f074b64ca1008d9f364d2a22f9d8a53cbf954cabf1a855da0cab272acac569b,src/models/pcc.py,123122d313885dc1d5736a3ef0c2b739b84988a4c4e9f17137f25ef724a13dc4,1ce4cc7063e01bf7896fcc87d293d33d187674a1b44868f4216da54e414f8597,82730934288f233e80b9367b778c86f943d18fa4
PatientID_0094,PatientID_0094_T1_to_T2_t1c,0,Naive,0.3970410347073602,0.2476925756080571,0.362131884918951,0.4393986201215117,0.3624484988424002,0.0011360916695701,0.3827534672776272,11783,9711,0.8241534413986251,0.3894552569565722,0.2418158568259708,PASS,,shard0_attempt1,55571640a310a07ad9308efdca53e052351467d1c3f7fa58b36754d53d564135,989da87d5245a0f8153b190c51edae9462f12e59388aa1a1d2fafe81dad1591a,8f074b64ca1008d9f364d2a22f9d8a53cbf954cabf1a855da0cab272acac569b,src/models/naive_self_tightening.py,131759341c8cebad65044361f13f5ed778994c76eee669c99a818025b0a8c634,55571640a310a07ad9308efdca53e052351467d1c3f7fa58b36754d53d564135,82730934288f233e80b9367b778c86f943d18fa4
PatientID_0094,PatientID_0094_T1_to_T2_t1c,0,EIA-linear,0.541190903085779,0.3709813053884468,0.4994339458329704,0.5905673977963135,0.318212308201038,0.000941809095998,0.5225325206587268,11483,9711,0.8456849255421057,0.5162187210629071,0.3479075578216457,PASS,,shard0_attempt1,996d63d2f7ef590801341ec3f945cb2ce0e40c70c4ebdd2b479db41f7da6d3ae,989da87d5245a0f8153b190c51edae9462f12e59388aa1a1d2fafe81dad1591a,8f074b64ca1008d9f364d2a22f9d8a53cbf954cabf1a855da0cab272acac569b,src/models/eia.py,2136540541c6d42e78a879ce83728886e644dfd3ace819d36766c1d7e5018dbd,996d63d2f7ef590801341ec3f945cb2ce0e40c70c4ebdd2b479db41f7da6d3ae,82730934288f233e80b9367b778c86f943d18fa4
PatientID_0094,PatientID_0094_T1_to_T2_t1c,0,EIA-blend-0.90,0.4344030554039978,0.2774680015207198,0.4190430622009569,0.4509319328596437,0.2754437576734031,0.0010145170379476,0.4585754913156306,10450,9711,0.9292822966507176,0.4352795798869694,0.2781836130781057,PASS,,shard0_attempt1,996d63d2f7ef590801341ec3f945cb2ce0e40c70c4ebdd2b479db41f7da6d3ae,989da87d5245a0f8153b190c51edae9462f12e59388aa1a1d2fafe81dad1591a,8f074b64ca1008d9f364d2a22f9d8a53cbf954cabf1a855da0cab272acac569b,src/models/eia.py,2136540541c6d42e78a879ce83728886e644dfd3ace819d36766c1d7e5018dbd,996d63d2f7ef590801341ec3f945cb2ce0e40c70c4ebdd2b479db41f7da6d3ae,82730934288f233e80b9367b778c86f943d18fa4
PatientID_0094,PatientID_0094_T1_to_T2_t1c,0,EIA-blend-0.75,0.5390633731977199,0.3689847754571188,0.5893926432848589,0.4966532797858099,0.3074408982661969,0.0007959095581433,0.5917069668826311,8183,9711,1.1867285836490284,0.5549376995389281,0.3840233735206995,PASS,,shard0_attempt1,996d63d2f7ef590801341ec3f945cb2ce0e40c70c4ebdd2b479db41f7da6d3ae,989da87d5245a0f8153b190c51edae9462f12e59388aa1a1d2fafe81dad1591a,8f074b64ca1008d9f364d2a22f9d8a53cbf954cabf1a855da0cab272acac569b,src/models/eia.py,2136540541c6d42e78a879ce83728886e644dfd3ace819d36766c1d7e5018dbd,996d63d2f7ef590801341ec3f945cb2ce0e40c70c4ebdd2b479db41f7da6d3ae,82730934288f233e80b9367b778c86f943d18fa4
PatientID_0094,PatientID_0094_T1_to_T2_t1c,0,EIA-morph,0.4466544267645859,0.2875435025280714,0.4424573102960493,0.4509319328596437,0.4466544267645859,0.0012152777777777,0.2001153523618988,9897,9711,0.9812064261897544,0.440737308235983,0.2826575089629733,PASS,,shard0_attempt1,996d63d2f7ef590801341ec3f945cb2ce0e40c70c4ebdd2b479db41f7da6d3ae,989da87d5245a0f8153b190c51edae9462f12e59388aa1a1d2fafe81dad1591a,8f074b64ca1008d9f364d2a22f9d8a53cbf954cabf1a855da0cab272acac569b,src/models/eia.py,2136540541c6d42e78a879ce83728886e644dfd3ace819d36766c1d7e5018dbd,996d63d2f7ef590801341ec3f945cb2ce0e40c70c4ebdd2b479db41f7da6d3ae,82730934288f233e80b9367b778c86f943d18fa4
PatientID_0094,PatientID_0094_T1_to_T2_t1c,0,Full PCC,0.7267520397687361,0.5707859446613478,0.7645520691223283,0.6925136443208733,0.3753393054121632,0.0006186347666082,0.7263312808319824,8796,9711,1.104024556616644,0.7366903511617398,0.5831431366495645,PASS,,shard0_attempt1,1ce4cc7063e01bf7896fcc87d293d33d187674a1b44868f4216da54e414f8597,989da87d5245a0f8153b190c51edae9462f12e59388aa1a1d2fafe81dad1591a,8f074b64ca1008d9f364d2a22f9d8a53cbf954cabf1a855da0cab272acac569b,src/models/pcc.py,123122d313885dc1d5736a3ef0c2b739b84988a4c4e9f17137f25ef724a13dc4,1ce4cc7063e01bf7896fcc87d293d33d187674a1b44868f4216da54e414f8597,82730934288f233e80b9367b778c86f943d18fa4
PatientID_0094,PatientID_0094_T1_to_T2_t1c,0,No-smoothing PCC,0.9100042301184432,0.8348695061608615,0.9352244321269428,0.8861085367109464,0.4469358448602448,0.0003992692686895,0.9213538569182054,9201,9711,1.0554287577437236,0.908660282158961,0.8326099264170023,PASS,,shard0_attempt1,a98cff9de3cd973fac6fd4129a2a0437abb1490f192afe845d096994cd98b126,989da87d5245a0f8153b190c51edae9462f12e59388aa1a1d2fafe81dad1591a,8f074b64ca1008d9f364d2a22f9d8a53cbf954cabf1a855da0cab272acac569b,src/analysis/internal_completion.py,d72550e520742f4fd2a3fe63f61d29804bdd17c303016b7e3a48452ae6cd62f9;123122d313885dc1d5736a3ef0c2b739b84988a4c4e9f17137f25ef724a13dc4,a98cff9de3cd973fac6fd4129a2a0437abb1490f192afe845d096994cd98b126,82730934288f233e80b9367b778c86f943d18fa4
PatientID_0095,PatientID_0095_T1_to_T2_t1c,0,Fixed,0.2070974662354337,0.1155096065376125,0.6132393281678618,0.1245856920775525,0.2196327434808102,0.01986128656253,0.3159172820891129,41558,204558,4.92222917368497,0.3549653399051737,0.2157798546850246,PASS,,shard0_attempt1,1ce4cc7063e01bf7896fcc87d293d33d187674a1b44868f4216da54e414f8597,9b23cd423490b92eccd2424b7d6eed0e86e0e6b43e23f3a3dc9b5f2c1f7e0927,f177220fd48b764d61745c5240f9dc133ef89b5f92731d2ebd48b8322dff52ec,src/models/pcc.py,123122d313885dc1d5736a3ef0c2b739b84988a4c4e9f17137f25ef724a13dc4,1ce4cc7063e01bf7896fcc87d293d33d187674a1b44868f4216da54e414f8597,82730934288f233e80b9367b778c86f943d18fa4
PatientID_0095,PatientID_0095_T1_to_T2_t1c,0,Naive,0.2070974662354337,0.1155096065376125,0.6132393281678618,0.1245856920775525,0.2100302602000298,0.0207602012625322,0.3158874639871705,41558,204558,4.92222917368497,0.3549653399051737,0.2157798546850246,PASS,,shard0_attempt1,55571640a310a07ad9308efdca53e052351467d1c3f7fa58b36754d53d564135,9b23cd423490b92eccd2424b7d6eed0e86e0e6b43e23f3a3dc9b5f2c1f7e0927,f177220fd48b764d61745c5240f9dc133ef89b5f92731d2ebd48b8322dff52ec,src/models/naive_self_tightening.py,131759341c8cebad65044361f13f5ed778994c76eee669c99a818025b0a8c634,55571640a310a07ad9308efdca53e052351467d1c3f7fa58b36754d53d564135,82730934288f233e80b9367b778c86f943d18fa4
PatientID_0095,PatientID_0095_T1_to_T2_t1c,0,EIA-linear,0.2810604570664359,0.163508052521018,0.7192583346754711,0.1746546211832341,0.4692644011952754,0.0115961876244506,0.7569187079215873,49672,204558,4.118175229505557,0.8064167619946264,0.6756267483640623,PASS,,shard0_attempt1,996d63d2f7ef590801341ec3f945cb2ce0e40c70c4ebdd2b479db41f7da6d3ae,9b23cd423490b92eccd2424b7d6eed0e86e0e6b43e23f3a3dc9b5f2c1f7e0927,f177220fd48b764d61745c5240f9dc133ef89b5f92731d2ebd48b8322dff52ec,src/models/eia.py,2136540541c6d42e78a879ce83728886e644dfd3ace819d36766c1d7e5018dbd,996d63d2f7ef590801341ec3f945cb2ce0e40c70c4ebdd2b479db41f7da6d3ae,82730934288f233e80b9367b778c86f943d18fa4
PatientID_0095,PatientID_0095_T1_to_T2_t1c,0,EIA-blend-0.90,0.2195745513706589,0.1233270123945365,0.6617267566172675,0.1316252603173672,0.3097770850780125,0.0166612172533586,0.6227758645968509,40689,204558,5.0273538302735385,0.6111420721760793,0.4400321011487422,PASS,,shard0_attempt1,996d63d2f7ef590801341ec3f945cb2ce0e40c70c4ebdd2b479db41f7da6d3ae,9b23cd423490b92eccd2424b7d6eed0e86e0e6b43e23f3a3dc9b5f2c1f7e0927,f177220fd48b764d61745c5240f9dc133ef89b5f92731d2ebd48b8322dff52ec,src/models/eia.py,2136540541c6d42e78a879ce83728886e644dfd3ace819d36766c1d7e5018dbd,996d63d2f7ef590801341ec3f945cb2ce0e40c70c4ebdd2b479db41f7da6d3ae,82730934288f233e80b9367b778c86f943d18fa4
PatientID_0095,PatientID_0095_T1_to_T2_t1c,0,EIA-blend-0.75,0.2547307251596006,0.1459549702912721,0.7819456308728204,0.152147557172049,0.4286382161783315,0.0124764151354085,0.7735327730269999,39802,204558,5.139389980402995,0.802735654435899,0.6704748683203198,PASS,,shard0_attempt1,996d63d2f7ef590801341ec3f945cb2ce0e40c70c4ebdd2b479db41f7da6d3ae,9b23cd423490b92eccd2424b7d6eed0e86e0e6b43e23f3a3dc9b5f2c1f7e0927,f177220fd48b764d61745c5240f9dc133ef89b5f92731d2ebd48b8322dff52ec,src/models/eia.py,2136540541c6d42e78a879ce83728886e644dfd3ace819d36766c1d7e5018dbd,996d63d2f7ef590801341ec3f945cb2ce0e40c70c4ebdd2b479db41f7da6d3ae,82730934288f233e80b9367b778c86f943d18fa4
PatientID_0095,PatientID_0095_T1_to_T2_t1c,0,EIA-morph,0.2157052895179406,0.1208910659493374,0.6617458763274836,0.1288534303229402,0.2157052895179406,0.02146875,0.1052279035862112,39831,204558,5.135648113278602,0.1397745382748663,0.0751384932380739,PASS,,shard0_attempt1,996d63d2f7ef590801341ec3f945cb2ce0e40c70c4ebdd2b479db41f7da6d3ae,9b23cd423490b92eccd2424b7d6eed0e86e0e6b43e23f3a3dc9b5f2c1f7e0927,f177220fd48b764d61745c5240f9dc133ef89b5f92731d2ebd48b8322dff52ec,src/models/eia.py,2136540541c6d42e78a879ce83728886e644dfd3ace819d36766c1d7e5018dbd,996d63d2f7ef590801341ec3f945cb2ce0e40c70c4ebdd2b479db41f7da6d3ae,82730934288f233e80b9367b778c86f943d18fa4
PatientID_0095,PatientID_0095_T1_to_T2_t1c,0,Full PCC,0.3985865777969873,0.2488967385128224,0.8879372962381121,0.2569686836985109,0.3429858047748256,0.0167644787542933,0.541518874794152,59199,204558,3.455429990371459,0.4500337312658267,0.2903506613954217,PASS,,shard0_attempt1,1ce4cc7063e01bf7896fcc87d293d33d187674a1b44868f4216da54e414f8597,9b23cd423490b92eccd2424b7d6eed0e86e0e6b43e23f3a3dc9b5f2c1f7e0927,f177220fd48b764d61745c5240f9dc133ef89b5f92731d2ebd48b8322dff52ec,src/models/pcc.py,123122d313885dc1d5736a3ef0c2b739b84988a4c4e9f17137f25ef724a13dc4,1ce4cc7063e01bf7896fcc87d293d33d187674a1b44868f4216da54e414f8597,82730934288f233e80b9367b778c86f943d18fa4
PatientID_0095,PatientID_0095_T1_to_T2_t1c,0,No-smoothing PCC,0.4385392830619715,0.2808519473496151,0.958095175344677,0.2843447824089011,0.371156430898289,0.015892571891981,0.6002198406189698,60709,204558,3.3694839315422755,0.4705902482438462,0.3076940288272521,PASS,,shard0_attempt1,a98cff9de3cd973fac6fd4129a2a0437abb1490f192afe845d096994cd98b126,9b23cd423490b92eccd2424b7d6eed0e86e0e6b43e23f3a3dc9b5f2c1f7e0927,f177220fd48b764d61745c5240f9dc133ef89b5f92731d2ebd48b8322dff52ec,src/analysis/internal_completion.py,d72550e520742f4fd2a3fe63f61d29804bdd17c303016b7e3a48452ae6cd62f9;123122d313885dc1d5736a3ef0c2b739b84988a4c4e9f17137f25ef724a13dc4,a98cff9de3cd973fac6fd4129a2a0437abb1490f192afe845d096994cd98b126,82730934288f233e80b9367b778c86f943d18fa4
PatientID_0097,PatientID_0097_T1_to_T2_t1c,0,Fixed,0.4306474703546635,0.274410919292931,0.2947930919714507,0.79874749498998,0.2835089683819894,0.0035691680609578,0.454354245244369,54082,19960,0.369069191228135,0.4768537074279345,0.3130715084759861,PASS,,shard0_attempt1,1ce4cc7063e01bf7896fcc87d293d33d187674a1b44868f4216da54e414f8597,da6f4b88257e10b16746015bc5176e56de386d01cb8d615705e71e8b6feb8be4,7a4d611b684ef983524c490f63024be532d38c637daa5b44cd424b4995b3b686,src/models/pcc.py,123122d313885dc1d5736a3ef0c2b739b84988a4c4e9f17137f25ef724a13dc4,1ce4cc7063e01bf7896fcc87d293d33d187674a1b44868f4216da54e414f8597,82730934288f233e80b9367b778c86f943d18fa4
PatientID_0097,PatientID_0097_T1_to_T2_t1c,0,Naive,0.4306474703546635,0.274410919292931,0.2947930919714507,0.79874749498998,0.3864252095190332,0.0036689137602173,0.4542574407200462,54082,19960,0.369069191228135,0.4768537074279345,0.3130715084759861,PASS,,shard0_attempt1,55571640a310a07ad9308efdca53e052351467d1c3f7fa58b36754d53d564135,da6f4b88257e10b16746015bc5176e56de386d01cb8d615705e71e8b6feb8be4,7a4d611b684ef983524c490f63024be532d38c637daa5b44cd424b4995b3b686,src/models/naive_self_tightening.py,131759341c8cebad65044361f13f5ed778994c76eee669c99a818025b0a8c634,55571640a310a07ad9308efdca53e052351467d1c3f7fa58b36754d53d564135,82730934288f233e80b9367b778c86f943d18fa4
PatientID_0097,PatientID_0097_T1_to_T2_t1c,0,EIA-linear,0.5153573269458173,0.3471254978045542,0.369483935481066,0.8515531062124249,0.327194461822911,0.0028368982894197,0.5825195035037813,46002,19960,0.4338941785139776,0.591382765541298,0.419832124078111,PASS,,shard0_attempt1,996d63d2f7ef590801341ec3f945cb2ce0e40c70c4ebdd2b479db41f7da6d3ae,da6f4b88257e10b16746015bc5176e56de386d01cb8d615705e71e8b6feb8be4,7a4d611b684ef983524c490f63024be532d38c637daa5b44cd424b4995b3b686,src/models/eia.py,2136540541c6d42e78a879ce83728886e644dfd3ace819d36766c1d7e5018dbd,996d63d2f7ef590801341ec3f945cb2ce0e40c70c4ebdd2b479db41f7da6d3ae,82730934288f233e80b9367b778c86f943d18fa4
PatientID_0097,PatientID_0097_T1_to_T2_t1c,0,EIA-blend-0.90,0.4713248478791264,0.3083224367356357,0.3334997296060568,0.8033066132264529,0.2973437268698174,0.0029794579679301,0.56715806242839,48078,19960,0.41515870044511,0.5679859719547098,0.3966343631040606,PASS,,shard0_attempt1,996d63d2f7ef590801341ec3f945cb2ce0e40c70c4ebdd2b479db41f7da6d3ae,da6f4b88257e10b16746015bc5176e56de386d01cb8d615705e71e8b6feb8be4,7a4d611b684ef983524c490f63024be532d38c637daa5b44cd424b4995b3b686,src/models/eia.py,2136540541c6d42e78a879ce83728886e644dfd3ace819d36766c1d7e5018dbd,996d63d2f7ef590801341ec3f945cb2ce0e40c70c4ebdd2b479db41f7da6d3ae,82730934288f233e80b9367b778c86f943d18fa4
PatientID_0097,PatientID_0097_T1_to_T2_t1c,0,EIA-blend-0.75,0.5776992666345485,0.4061723748588633,0.4486323199290524,0.8110220440881764,0.3216768726716887,0.00221964035547,0.7332744140737283,36083,19960,0.5531690823933708,0.664979959928232,0.4981048523474273,PASS,,shard0_attempt1,996d63d2f7ef590801341ec3f945cb2ce0e40c70c4ebdd2b479db41f7da6d3ae,da6f4b88257e10b16746015bc5176e56de386d01cb8d615705e71e8b6feb8be4,7a4d611b684ef983524c490f63024be532d38c637daa5b44cd424b4995b3b686,src/models/eia.py,2136540541c6d42e78a879ce83728886e644dfd3ace819d36766c1d7e5018dbd,996d63d2f7ef590801341ec3f945cb2ce0e40c70c4ebdd2b479db41f7da6d3ae,82730934288f233e80b9367b778c86f943d18fa4
PatientID_0097,PatientID_0097_T1_to_T2_t1c,0,EIA-morph,0.5297910329321518,0.3603508377375464,0.3953562968811686,0.8027555110220441,0.5297910329321518,0.0031857078853046,0.3178154183608477,40528,19960,0.49249901302803,0.3883767535223352,0.2409848296679624,PASS,,shard0_attempt1,996d63d2f7ef590801341ec3f945cb2ce0e40c70c4ebdd2b479db41f7da6d3ae,da6f4b88257e10b16746015bc5176e56de386d01cb8d615705e71e8b6feb8be4,7a4d611b684ef983524c490f63024be532d38c637daa5b44cd424b4995b3b686,src/models/eia.py,2136540541c6d42e78a879ce83728886e644dfd3ace819d36766c1d7e5018dbd,996d63d2f7ef590801341ec3f945cb2ce0e40c70c4ebdd2b479db41f7da6d3ae,82730934288f233e80b9367b778c86f943d18fa4
PatientID_0097,PatientID_0097_T1_to_T2_t1c,0,Full PCC,0.6953712358272036,0.5330031461234153,0.5849114650987899,0.8572645290581162,0.3836445440025171,0.001720032669824,0.7432101308423611,29254,19960,0.6822998564298899,0.7318136272612271,0.5770552680607967,PASS,,shard0_attempt1,1ce4cc7063e01bf7896fcc87d293d33d187674a1b44868f4216da54e414f8597,da6f4b88257e10b16746015bc5176e56de386d01cb8d615705e71e8b6feb8be4,7a4d611b684ef983524c490f63024be532d38c637daa5b44cd424b4995b3b686,src/models/pcc.py,123122d313885dc1d5736a3ef0c2b739b84988a4c4e9f17137f25ef724a13dc4,1ce4cc7063e01bf7896fcc87d293d33d187674a1b44868f4216da54e414f8597,82730934288f233e80b9367b778c86f943d18fa4
PatientID_0097,PatientID_0097_T1_to_T2_t1c,0,No-smoothing PCC,0.8858265003789706,0.7950525664811379,0.8178463887357394,0.966132264529058,0.4415489769209107,0.0011251809603625,0.9395697483573944,23579,19960,0.8465159675982866,0.8911322645317853,0.8036416211176234,PASS,,shard0_attempt1,a98cff9de3cd973fac6fd4129a2a0437abb1490f192afe845d096994cd98b126,da6f4b88257e10b16746015bc5176e56de386d01cb8d615705e71e8b6feb8be4,7a4d611b684ef983524c490f63024be532d38c637daa5b44cd424b4995b3b686,src/analysis/internal_completion.py,d72550e520742f4fd2a3fe63f61d29804bdd17c303016b7e3a48452ae6cd62f9;123122d313885dc1d5736a3ef0c2b739b84988a4c4e9f17137f25ef724a13dc4,a98cff9de3cd973fac6fd4129a2a0437abb1490f192afe845d096994cd98b126,82730934288f233e80b9367b778c86f943d18fa4
PatientID_0099,PatientID_0099_T1_to_T2_t1c,1,Fixed,0.2081403643254868,0.1161588554045061,0.3946943390131632,0.1413368806119055,0.2147239798695293,0.0071504195598725,0.2145004682082101,24766,69161,2.792578535088428,0.2898598921408752,0.1694948213978483,PASS,,shard1_attempt1,1ce4cc7063e01bf7896fcc87d293d33d187674a1b44868f4216da54e414f8597,05b88aa2974e45987bfdbf4f96024943c78a5947112cb6d6e46b253c8ce72dc1,a1bb0d78ce26445e056ea4391a61cde7a1e62cde598a23400a8795a9fd2a705a,src/models/pcc.py,123122d313885dc1d5736a3ef0c2b739b84988a4c4e9f17137f25ef724a13dc4,1ce4cc7063e01bf7896fcc87d293d33d187674a1b44868f4216da54e414f8597,82730934288f233e80b9367b778c86f943d18fa4
PatientID_0099,PatientID_0099_T1_to_T2_t1c,1,Naive,0.2081403643254868,0.1161588554045061,0.3946943390131632,0.1413368806119055,0.2097814392400125,0.0075576733221988,0.2144767739738591,24766,69161,2.792578535088428,0.2898598921408752,0.1694948213978483,PASS,,shard1_attempt1,55571640a310a07ad9308efdca53e052351467d1c3f7fa58b36754d53d564135,05b88aa2974e45987bfdbf4f96024943c78a5947112cb6d6e46b253c8ce72dc1,a1bb0d78ce26445e056ea4391a61cde7a1e62cde598a23400a8795a9fd2a705a,src/models/naive_self_tightening.py,131759341c8cebad65044361f13f5ed778994c76eee669c99a818025b0a8c634,55571640a310a07ad9308efdca53e052351467d1c3f7fa58b36754d53d564135,82730934288f233e80b9367b778c86f943d18fa4
PatientID_0099,PatientID_0099_T1_to_T2_t1c,1,EIA-linear,0.2942972581192363,0.1725372486619412,0.5092144585171482,0.2069518948540362,0.3924951540504359,0.0047420571846428,0.5254036921038459,28108,69161,2.4605450405578484,0.5052847703221086,0.3380475158708206,PASS,,shard1_attempt1,996d63d2f7ef590801341ec3f945cb2ce0e40c70c4ebdd2b479db41f7da6d3ae,05b88aa2974e45987bfdbf4f96024943c78a5947112cb6d6e46b253c8ce72dc1,a1bb0d78ce26445e056ea4391a61cde7a1e62cde598a23400a8795a9fd2a705a,src/models/eia.py,2136540541c6d42e78a879ce83728886e644dfd3ace819d36766c1d7e5018dbd,996d63d2f7ef590801341ec3f945cb2ce0e40c70c4ebdd2b479db41f7da6d3ae,82730934288f233e80b9367b778c86f943d18fa4
PatientID_0099,PatientID_0099_T1_to_T2_t1c,1,EIA-blend-0.90,0.2246371271611275,0.1265302607133629,0.4591071428571429,0.1486965197148682,0.2796558249262771,0.0060840578824759,0.3896417922103969,22400,69161,3.087544642857143,0.3639623487271441,0.2224657534315292,PASS,,shard1_attempt1,996d63d2f7ef590801341ec3f945cb2ce0e40c70c4ebdd2b479db41f7da6d3ae,05b88aa2974e45987bfdbf4f96024943c78a5947112cb6d6e46b253c8ce72dc1,a1bb0d78ce26445e056ea4391a61cde7a1e62cde598a23400a8795a9fd2a705a,src/models/eia.py,2136540541c6d42e78a879ce83728886e644dfd3ace819d36766c1d7e5018dbd,996d63d2f7ef590801341ec3f945cb2ce0e40c70c4ebdd2b479db41f7da6d3ae,82730934288f233e80b9367b778c86f943d18fa4
PatientID_0099,PatientID_0099_T1_to_T2_t1c,1,EIA-blend-0.75,0.270956162173829,0.1567086711430561,0.6320754716981132,0.1724382238544844,0.3721701322404886,0.0046825089797687,0.5745888892324709,18868,69161,3.665518337926649,0.5165628027391408,0.3482202035230592,PASS,,shard1_attempt1,996d63d2f7ef590801341ec3f945cb2ce0e40c70c4ebdd2b479db41f7da6d3ae,05b88aa2974e45987bfdbf4f96024943c78a5947112cb6d6e46b253c8ce72dc1,a1bb0d78ce26445e056ea4391a61cde7a1e62cde598a23400a8795a9fd2a705a,src/models/eia.py,2136540541c6d42e78a879ce83728886e644dfd3ace819d36766c1d7e5018dbd,996d63d2f7ef590801341ec3f945cb2ce0e40c70c4ebdd2b479db41f7da6d3ae,82730934288f233e80b9367b778c86f943d18fa4
PatientID_0099,PatientID_0099_T1_to_T2_t1c,1,EIA-morph,0.2192520880379466,0.123123596869122,0.4337751175716118,0.1467011755179942,0.2192520880379466,0.008093525985663,0.0702454227048066,23390,69161,2.956861906797777,0.1545668801842471,0.0837564247282518,PASS,,shard1_attempt1,996d63d2f7ef590801341ec3f945cb2ce0e40c70c4ebdd2b479db41f7da6d3ae,05b88aa2974e45987bfdbf4f96024943c78a5947112cb6d6e46b253c8ce72dc1,a1bb0d78ce26445e056ea4391a61cde7a1e62cde598a23400a8795a9fd2a705a,src/models/eia.py,2136540541c6d42e78a879ce83728886e644dfd3ace819d36766c1d7e5018dbd,996d63d2f7ef590801341ec3f945cb2ce0e40c70c4ebdd2b479db41f7da6d3ae,82730934288f233e80b9367b778c86f943d18fa4
PatientID_0099,PatientID_0099_T1_to_T2_t1c,1,Full PCC,0.4694417258397018,0.3067127425104078,0.8385344987911475,0.3259640548864244,0.3558304603029589,0.0053850730595176,0.4777291756400896,26885,69161,2.572475358006323,0.4573386735338027,0.2964608405569634,PASS,,shard1_attempt1,1ce4cc7063e01bf7896fcc87d293d33d187674a1b44868f4216da54e414f8597,05b88aa2974e45987bfdbf4f96024943c78a5947112cb6d6e46b253c8ce72dc1,a1bb0d78ce26445e056ea4391a61cde7a1e62cde598a23400a8795a9fd2a705a,src/models/pcc.py,123122d313885dc1d5736a3ef0c2b739b84988a4c4e9f17137f25ef724a13dc4,1ce4cc7063e01bf7896fcc87d293d33d187674a1b44868f4216da54e414f8597,82730934288f233e80b9367b778c86f943d18fa4
PatientID_0099,PatientID_0099_T1_to_T2_t1c,1,No-smoothing PCC,0.5676835373204471,0.3963394627598111,0.9673409700219352,0.4017148392880381,0.4099116337146961,0.0047424634500607,0.5767742477926932,28721,69161,2.4080289683506844,0.5092465406839891,0.3416034606570037,PASS,,shard1_attempt1,a98cff9de3cd973fac6fd4129a2a0437abb1490f192afe845d096994cd98b126,05b88aa2974e45987bfdbf4f96024943c78a5947112cb6d6e46b253c8ce72dc1,a1bb0d78ce26445e056ea4391a61cde7a1e62cde598a23400a8795a9fd2a705a,src/analysis/internal_completion.py,d72550e520742f4fd2a3fe63f61d29804bdd17c303016b7e3a48452ae6cd62f9;123122d313885dc1d5736a3ef0c2b739b84988a4c4e9f17137f25ef724a13dc4,a98cff9de3cd973fac6fd4129a2a0437abb1490f192afe845d096994cd98b126,82730934288f233e80b9367b778c86f943d18fa4
PatientID_0103,PatientID_0103_T1_to_T2_t1c,1,Fixed,0.1794359009723467,0.098560606060606,0.1002311248073959,0.8553583168967784,0.0936298259048728,0.0010729859564818,0.2401769433889808,12980,1521,0.1171802773497688,0.3221564762254581,0.1920062699090884,PASS,,shard1_attempt1,1ce4cc7063e01bf7896fcc87d293d33d187674a1b44868f4216da54e414f8597,8ce99eae05952dd4553300eefdac21808ae04b7efb3c4cc32236d82cb7b3173a,6d4e39efd288f733175eeeccfb8a455f5fc71411a82408fc1fab3ffb825dacc5,src/models/pcc.py,123122d313885dc1d5736a3ef0c2b739b84988a4c4e9f17137f25ef724a13dc4,1ce4cc7063e01bf7896fcc87d293d33d187674a1b44868f4216da54e414f8597,82730934288f233e80b9367b778c86f943d18fa4
PatientID_0103,PatientID_0103_T1_to_T2_t1c,1,Naive,0.1794359009723467,0.098560606060606,0.1002311248073959,0.8553583168967784,0.154190979815472,0.0010463973441073,0.2397056298372398,12980,1521,0.1171802773497688,0.3221564762254581,0.1920062699090884,PASS,,shard1_attempt1,55571640a310a07ad9308efdca53e052351467d1c3f7fa58b36754d53d564135,8ce99eae05952dd4553300eefdac21808ae04b7efb3c4cc32236d82cb7b3173a,6d4e39efd288f733175eeeccfb8a455f5fc71411a82408fc1fab3ffb825dacc5,src/models/naive_self_tightening.py,131759341c8cebad65044361f13f5ed778994c76eee669c99a818025b0a8c634,55571640a310a07ad9308efdca53e052351467d1c3f7fa58b36754d53d564135,82730934288f233e80b9367b778c86f943d18fa4
PatientID_0103,PatientID_0103_T1_to_T2_t1c,1,EIA-linear,0.2103549837234537,0.1175400606323083,0.1192338107371935,0.8921761998685076,0.1069857640983558,0.0009577186454648,0.2757985775207612,11381,1521,0.1336437922853879,0.3412228799009787,0.2057074913968658,PASS,,shard1_attempt1,996d63d2f7ef590801341ec3f945cb2ce0e40c70c4ebdd2b479db41f7da6d3ae,8ce99eae05952dd4553300eefdac21808ae04b7efb3c4cc32236d82cb7b3173a,6d4e39efd288f733175eeeccfb8a455f5fc71411a82408fc1fab3ffb825dacc5,src/models/eia.py,2136540541c6d42e78a879ce83728886e644dfd3ace819d36766c1d7e5018dbd,996d63d2f7ef590801341ec3f945cb2ce0e40c70c4ebdd2b479db41f7da6d3ae,82730934288f233e80b9367b778c86f943d18fa4
PatientID_0103,PatientID_0103_T1_to_T2_t1c,1,EIA-blend-0.90,0.2060404807084124,0.1148523578669017,0.1171025433629909,0.8566732412886259,0.0995793151441333,0.0008817690168275,0.4887682745387717,11127,1521,0.1366945268266379,0.4201183433858914,0.2659176033017405,PASS,,shard1_attempt1,996d63d2f7ef590801341ec3f945cb2ce0e40c70c4ebdd2b479db41f7da6d3ae,8ce99eae05952dd4553300eefdac21808ae04b7efb3c4cc32236d82cb7b3173a,6d4e39efd288f733175eeeccfb8a455f5fc71411a82408fc1fab3ffb825dacc5,src/models/eia.py,2136540541c6d42e78a879ce83728886e644dfd3ace819d36766c1d7e5018dbd,996d63d2f7ef590801341ec3f945cb2ce0e40c70c4ebdd2b479db41f7da6d3ae,82730934288f233e80b9367b778c86f943d18fa4
PatientID_0103,PatientID_0103_T1_to_T2_t1c,1,EIA-blend-0.75,0.2896047824642975,0.1693203883495145,0.1741214057507987,0.8599605522682445,0.1108391469821529,0.0006339848863594,0.6349606769550462,7512,1521,0.2024760383386581,0.6088099935539745,0.4376181477137911,PASS,,shard1_attempt1,996d63d2f7ef590801341ec3f945cb2ce0e40c70c4ebdd2b479db41f7da6d3ae,8ce99eae05952dd4553300eefdac21808ae04b7efb3c4cc32236d82cb7b3173a,6d4e39efd288f733175eeeccfb8a455f5fc71411a82408fc1fab3ffb825dacc5,src/models/eia.py,2136540541c6d42e78a879ce83728886e644dfd3ace819d36766c1d7e5018dbd,996d63d2f7ef590801341ec3f945cb2ce0e40c70c4ebdd2b479db41f7da6d3ae,82730934288f233e80b9367b778c86f943d18fa4
PatientID_0103,PatientID_0103_T1_to_T2_t1c,1,EIA-morph,0.1988667235892261,0.1104119979313911,0.1127442351698644,0.8422090729783037,0.1988667235892261,0.001156025985663,0.0949810995064895,11362,1521,0.1338672768878718,0.1959237346495977,0.108600583415233,PASS,,shard1_attempt1,996d63d2f7ef590801341ec3f945cb2ce0e40c70c4ebdd2b479db41f7da6d3ae,8ce99eae05952dd4553300eefdac21808ae04b7efb3c4cc32236d82cb7b3173a,6d4e39efd288f733175eeeccfb8a455f5fc71411a82408fc1fab3ffb825dacc5,src/models/eia.py,2136540541c6d42e78a879ce83728886e644dfd3ace819d36766c1d7e5018dbd,996d63d2f7ef590801341ec3f945cb2ce0e40c70c4ebdd2b479db41f7da6d3ae,82730934288f233e80b9367b778c86f943d18fa4
PatientID_0103,PatientID_0103_T1_to_T2_t1c,1,Full PCC,0.3385265381568524,0.2037507946598855,0.2117958037336857,0.8428665351742275,0.1256835474873536,0.0005678485875566,0.361484339201545,6053,1521,0.251280356847844,0.3813280738391427,0.2355808289051255,PASS,,shard1_attempt1,1ce4cc7063e01bf7896fcc87d293d33d187674a1b44868f4216da54e414f8597,8ce99eae05952dd4553300eefdac21808ae04b7efb3c4cc32236d82cb7b3173a,6d4e39efd288f733175eeeccfb8a455f5fc71411a82408fc1fab3ffb825dacc5,src/models/pcc.py,123122d313885dc1d5736a3ef0c2b739b84988a4c4e9f17137f25ef724a13dc4,1ce4cc7063e01bf7896fcc87d293d33d187674a1b44868f4216da54e414f8597,82730934288f233e80b9367b778c86f943d18fa4
PatientID_0103,PatientID_0103_T1_to_T2_t1c,1,No-smoothing PCC,0.5905746669317956,0.4190180586907449,0.4233181299885974,0.9763313609467456,0.1543436108409719,0.0003797303852582,0.7561795063578529,3508,1521,0.4335803876852908,0.6502301118835536,0.4817340479874651,PASS,,shard1_attempt1,a98cff9de3cd973fac6fd4129a2a0437abb1490f192afe845d096994cd98b126,8ce99eae05952dd4553300eefdac21808ae04b7efb3c4cc32236d82cb7b3173a,6d4e39efd288f733175eeeccfb8a455f5fc71411a82408fc1fab3ffb825dacc5,src/analysis/internal_completion.py,d72550e520742f4fd2a3fe63f61d29804bdd17c303016b7e3a48452ae6cd62f9;123122d313885dc1d5736a3ef0c2b739b84988a4c4e9f17137f25ef724a13dc4,a98cff9de3cd973fac6fd4129a2a0437abb1490f192afe845d096994cd98b126,82730934288f233e80b9367b778c86f943d18fa4
PatientID_0105,PatientID_0105_T1_to_T2_t1c,1,Fixed,0.2872733240338065,0.1677286446605662,0.171642888660097,0.8803117928086497,0.1758533763429983,0.0015158370731034,0.4049494354148214,20397,3977,0.1949796538706672,0.4249434247642766,0.2697956578432638,PASS,,shard1_attempt1,1ce4cc7063e01bf7896fcc87d293d33d187674a1b44868f4216da54e414f8597,3a579e2fa796be100a3930eae9437bf8af53292f32d40bfa3dca7b51f2635288,faf2b1e8c2f2ac44c97e61f63a729056cbd49fe4d4604f831a65cf14c6fb0214,src/models/pcc.py,123122d313885dc1d5736a3ef0c2b739b84988a4c4e9f17137f25ef724a13dc4,1ce4cc7063e01bf7896fcc87d293d33d187674a1b44868f4216da54e414f8597,82730934288f233e80b9367b778c86f943d18fa4
PatientID_0105,PatientID_0105_T1_to_T2_t1c,1,Naive,0.2872733240338065,0.1677286446605662,0.171642888660097,0.8803117928086497,0.2581989014562247,0.0015720775272449,0.4042818842351997,20397,3977,0.1949796538706672,0.4249434247642766,0.2697956578432638,PASS,,shard1_attempt1,55571640a310a07ad9308efdca53e052351467d1c3f7fa58b36754d53d564135,3a579e2fa796be100a3930eae9437bf8af53292f32d40bfa3dca7b51f2635288,faf2b1e8c2f2ac44c97e61f63a729056cbd49fe4d4604f831a65cf14c6fb0214,src/models/naive_self_tightening.py,131759341c8cebad65044361f13f5ed778994c76eee669c99a818025b0a8c634,55571640a310a07ad9308efdca53e052351467d1c3f7fa58b36754d53d564135,82730934288f233e80b9367b778c86f943d18fa4
PatientID_0105,PatientID_0105_T1_to_T2_t1c,1,EIA-linear,0.3110478899952584,0.1841661987647389,0.1877015919259182,0.9072164948453608,0.1952655958519597,0.0013870012717099,0.4561887902166421,19222,3977,0.2068983456456144,0.440784511008199,0.2826963394157883,PASS,,shard1_attempt1,996d63d2f7ef590801341ec3f945cb2ce0e40c70c4ebdd2b479db41f7da6d3ae,3a579e2fa796be100a3930eae9437bf8af53292f32d40bfa3dca7b51f2635288,faf2b1e8c2f2ac44c97e61f63a729056cbd49fe4d4604f831a65cf14c6fb0214,src/models/eia.py,2136540541c6d42e78a879ce83728886e644dfd3ace819d36766c1d7e5018dbd,996d63d2f7ef590801341ec3f945cb2ce0e40c70c4ebdd2b479db41f7da6d3ae,82730934288f233e80b9367b778c86f943d18fa4
PatientID_0105,PatientID_0105_T1_to_T2_t1c,1,EIA-blend-0.90,0.3128326698573154,0.1854188759278897,0.1902611534276387,0.8793060095549409,0.185016130031464,0.001252303636899,0.6119939177228272,18380,3977,0.2163764961915125,0.4943424692614605,0.3283233134054236,PASS,,shard1_attempt1,996d63d2f7ef590801341ec3f945cb2ce0e40c70c4ebdd2b479db41f7da6d3ae,3a579e2fa796be100a3930eae9437bf8af53292f32d40bfa3dca7b51f2635288,faf2b1e8c2f2ac44c97e61f63a729056cbd49fe4d4604f831a65cf14c6fb0214,src/models/eia.py,2136540541c6d42e78a879ce83728886e644dfd3ace819d36766c1d7e5018dbd,996d63d2f7ef590801341ec3f945cb2ce0e40c70c4ebdd2b479db41f7da6d3ae,82730934288f233e80b9367b778c86f943d18fa4
PatientID_0105,PatientID_0105_T1_to_T2_t1c,1,EIA-blend-0.75,0.3873114463176575,0.2401650618982118,0.2484525080042689,0.8780487804878049,0.2020208077737915,0.0009101896292937,0.7341936113939963,14055,3977,0.2829598007826396,0.6479758612461685,0.4792635299462034,PASS,,shard1_attempt1,996d63d2f7ef590801341ec3f945cb2ce0e40c70c4ebdd2b479db41f7da6d3ae,3a579e2fa796be100a3930eae9437bf8af53292f32d40bfa3dca7b51f2635288,faf2b1e8c2f2ac44c97e61f63a729056cbd49fe4d4604f831a65cf14c6fb0214,src/models/eia.py,2136540541c6d42e78a879ce83728886e644dfd3ace819d36766c1d7e5018dbd,996d63d2f7ef590801341ec3f945cb2ce0e40c70c4ebdd2b479db41f7da6d3ae,82730934288f233e80b9367b778c86f943d18fa4
PatientID_0105,PatientID_0105_T1_to_T2_t1c,1,EIA-morph,0.3075330054361895,0.1817069440195778,0.1856153325347638,0.8961528790545638,0.3075330054361895,0.0017977150537634,0.1663859736082723,19201,3977,0.2071246289255768,0.1840583355312976,0.1013569649541183,PASS,,shard1_attempt1,996d63d2f7ef590801341ec3f945cb2ce0e40c70c4ebdd2b479db41f7da6d3ae,3a579e2fa796be100a3930eae9437bf8af53292f32d40bfa3dca7b51f2635288,faf2b1e8c2f2ac44c97e61f63a729056cbd49fe4d4604f831a65cf14c6fb0214,src/models/eia.py,2136540541c6d42e78a879ce83728886e644dfd3ace819d36766c1d7e5018dbd,996d63d2f7ef590801341ec3f945cb2ce0e40c70c4ebdd2b479db41f7da6d3ae,82730934288f233e80b9367b778c86f943d18fa4
PatientID_0105,PatientID_0105_T1_to_T2_t1c,1,Full PCC,0.5008581235697941,0.3340965464605991,0.3499550314779654,0.880563238622077,0.2311433073394059,0.0007732017656069,0.608469544802977,10007,3977,0.3974218047366843,0.5199899422278111,0.3513421679661327,PASS,,shard1_attempt1,1ce4cc7063e01bf7896fcc87d293d33d187674a1b44868f4216da54e414f8597,3a579e2fa796be100a3930eae9437bf8af53292f32d40bfa3dca7b51f2635288,faf2b1e8c2f2ac44c97e61f63a729056cbd49fe4d4604f831a65cf14c6fb0214,src/models/pcc.py,123122d313885dc1d5736a3ef0c2b739b84988a4c4e9f17137f25ef724a13dc4,1ce4cc7063e01bf7896fcc87d293d33d187674a1b44868f4216da54e414f8597,82730934288f233e80b9367b778c86f943d18fa4
PatientID_0105,PatientID_0105_T1_to_T2_t1c,1,No-smoothing PCC,0.7002047903125278,0.5387039320454857,0.5420457678522195,0.9886849383957758,0.2745420167219753,0.0005253694346872,0.8915269010774878,7254,3977,0.5482492417976289,0.7895398541878879,0.6522642294033518,PASS,,shard1_attempt1,a98cff9de3cd973fac6fd4129a2a0437abb1490f192afe845d096994cd98b126,3a579e2fa796be100a3930eae9437bf8af53292f32d40bfa3dca7b51f2635288,faf2b1e8c2f2ac44c97e61f63a729056cbd49fe4d4604f831a65cf14c6fb0214,src/analysis/internal_completion.py,d72550e520742f4fd2a3fe63f61d29804bdd17c303016b7e3a48452ae6cd62f9;123122d313885dc1d5736a3ef0c2b739b84988a4c4e9f17137f25ef724a13dc4,a98cff9de3cd973fac6fd4129a2a0437abb1490f192afe845d096994cd98b126,82730934288f233e80b9367b778c86f943d18fa4
PatientID_0109,PatientID_0109_T1_to_T2_t1c,1,Fixed,0.3827987445456633,0.2367044566992497,0.6173837891227854,0.2773971652844423,0.3595468216070999,0.0092082453485347,0.4240798442818375,48597,108159,2.2256312118031976,0.4413594800273608,0.2831695149555218,PASS,,shard1_attempt1,1ce4cc7063e01bf7896fcc87d293d33d187674a1b44868f4216da54e414f8597,b7454b6ecd95a76d0136ba9bd5ddf7d851e3b7156636933bfea6edbde91c609c,3b8cda36b50d3cdcc30da0dac8841acd2042ae901d250d500616ff33f3b8de7b,src/models/pcc.py,123122d313885dc1d5736a3ef0c2b739b84988a4c4e9f17137f25ef724a13dc4,1ce4cc7063e01bf7896fcc87d293d33d187674a1b44868f4216da54e414f8597,82730934288f233e80b9367b778c86f943d18fa4
PatientID_0109,PatientID_0109_T1_to_T2_t1c,1,Naive,0.3827987445456633,0.2367044566992497,0.6173837891227854,0.2773971652844423,0.3798459874825052,0.0097812811203816,0.4240797760573147,48597,108159,2.2256312118031976,0.4413594800273608,0.2831695149555218,PASS,,shard1_attempt1,55571640a310a07ad9308efdca53e052351467d1c3f7fa58b36754d53d564135,b7454b6ecd95a76d0136ba9bd5ddf7d851e3b7156636933bfea6edbde91c609c,3b8cda36b50d3cdcc30da0dac8841acd2042ae901d250d500616ff33f3b8de7b,src/models/naive_self_tightening.py,131759341c8cebad65044361f13f5ed778994c76eee669c99a818025b0a8c634,55571640a310a07ad9308efdca53e052351467d1c3f7fa58b36754d53d564135,82730934288f233e80b9367b778c86f943d18fa4
PatientID_0109,PatientID_0109_T1_to_T2_t1c,1,EIA-linear,0.4845642081079787,0.3197523845619354,0.6865474273120284,0.3744117456707255,0.5094665363563095,0.0059833959187745,0.6887136144209672,58985,108159,1.8336695770111044,0.6293512329088224,0.45916302412539,PASS,,shard1_attempt1,996d63d2f7ef590801341ec3f945cb2ce0e40c70c4ebdd2b479db41f7da6d3ae,b7454b6ecd95a76d0136ba9bd5ddf7d851e3b7156636933bfea6edbde91c609c,3b8cda36b50d3cdcc30da0dac8841acd2042ae901d250d500616ff33f3b8de7b,src/models/eia.py,2136540541c6d42e78a879ce83728886e644dfd3ace819d36766c1d7e5018dbd,996d63d2f7ef590801341ec3f945cb2ce0e40c70c4ebdd2b479db41f7da6d3ae,82730934288f233e80b9367b778c86f943d18fa4
PatientID_0109,PatientID_0109_T1_to_T2_t1c,1,EIA-blend-0.90,0.4079818629056601,0.2562670948273775,0.6680548544506142,0.293660259432872,0.4137934210863659,0.0077603536380357,0.5906491580904543,47544,108159,2.27492428066633,0.4976100000947789,0.331212268538304,PASS,,shard1_attempt1,996d63d2f7ef590801341ec3f945cb2ce0e40c70c4ebdd2b479db41f7da6d3ae,b7454b6ecd95a76d0136ba9bd5ddf7d851e3b7156636933bfea6edbde91c609c,3b8cda36b50d3cdcc30da0dac8841acd2042ae901d250d500616ff33f3b8de7b,src/models/eia.py,2136540541c6d42e78a879ce83728886e644dfd3ace819d36766c1d7e5018dbd,996d63d2f7ef590801341ec3f945cb2ce0e40c70c4ebdd2b479db41f7da6d3ae,82730934288f233e80b9367b778c86f943d18fa4
PatientID_0109,PatientID_0109_T1_to_T2_t1c,1,EIA-blend-0.75,0.4815421055672167,0.3171257545781971,0.7875409423028471,0.3467949962555127,0.4908796500041487,0.005872388355262,0.7450363631210657,47628,108159,2.270912068531116,0.6408805554801686,0.4715410099286974,PASS,,shard1_attempt1,996d63d2f7ef590801341ec3f945cb2ce0e40c70c4ebdd2b479db41f7da6d3ae,b7454b6ecd95a76d0136ba9bd5ddf7d851e3b7156636933bfea6edbde91c609c,3b8cda36b50d3cdcc30da0dac8841acd2042ae901d250d500616ff33f3b8de7b,src/models/eia.py,2136540541c6d42e78a879ce83728886e644dfd3ace819d36766c1d7e5018dbd,996d63d2f7ef590801341ec3f945cb2ce0e40c70c4ebdd2b479db41f7da6d3ae,82730934288f233e80b9367b778c86f943d18fa4
PatientID_0109,PatientID_0109_T1_to_T2_t1c,1,EIA-morph,0.3898056100804153,0.2420860565163705,0.6184525125072834,0.2845902791261014,0.3898056100804153,0.0107939068100358,0.18467246384169,49771,108159,2.1731329489059896,0.2845902791294086,0.165902218968907,PASS,,shard1_attempt1,996d63d2f7ef590801341ec3f945cb2ce0e40c70c4ebdd2b479db41f7da6d3ae,b7454b6ecd95a76d0136ba9bd5ddf7d851e3b7156636933bfea6edbde91c609c,3b8cda36b50d3cdcc30da0dac8841acd2042ae901d250d500616ff33f3b8de7b,src/models/eia.py,2136540541c6d42e78a879ce83728886e644dfd3ace819d36766c1d7e5018dbd,996d63d2f7ef590801341ec3f945cb2ce0e40c70c4ebdd2b479db41f7da6d3ae,82730934288f233e80b9367b778c86f943d18fa4
PatientID_0109,PatientID_0109_T1_to_T2_t1c,1,Full PCC,0.6159975961538462,0.4450841952600544,0.8799814563623564,0.473848685731192,0.5034960310260803,0.0066624731282724,0.6451654504836463,58241,108159,1.8570937999004136,0.5789254708365511,0.4073857204238891,PASS,,shard1_attempt1,1ce4cc7063e01bf7896fcc87d293d33d187674a1b44868f4216da54e414f8597,b7454b6ecd95a76d0136ba9bd5ddf7d851e3b7156636933bfea6edbde91c609c,3b8cda36b50d3cdcc30da0dac8841acd2042ae901d250d500616ff33f3b8de7b,src/models/pcc.py,123122d313885dc1d5736a3ef0c2b739b84988a4c4e9f17137f25ef724a13dc4,1ce4cc7063e01bf7896fcc87d293d33d187674a1b44868f4216da54e414f8597,82730934288f233e80b9367b778c86f943d18fa4
PatientID_0109,PatientID_0109_T1_to_T2_t1c,1,No-smoothing PCC,0.6651181031101994,0.4982598870056497,0.9571770916542216,0.5096200963396481,0.5350157342175709,0.0059723718921209,0.7118855607999013,57586,108159,1.8782169277254888,0.6161299568246003,0.445222410778837,PASS,,shard1_attempt1,a98cff9de3cd973fac6fd4129a2a0437abb1490f192afe845d096994cd98b126,b7454b6ecd95a76d0136ba9bd5ddf7d851e3b7156636933bfea6edbde91c609c,3b8cda36b50d3cdcc30da0dac8841acd2042ae901d250d500616ff33f3b8de7b,src/analysis/internal_completion.py,d72550e520742f4fd2a3fe63f61d29804bdd17c303016b7e3a48452ae6cd62f9;123122d313885dc1d5736a3ef0c2b739b84988a4c4e9f17137f25ef724a13dc4,a98cff9de3cd973fac6fd4129a2a0437abb1490f192afe845d096994cd98b126,82730934288f233e80b9367b778c86f943d18fa4
PatientID_0110,PatientID_0110_T1_to_T2_t1c,1,Fixed,0.240325865580448,0.136574074074074,0.1842224061394929,0.3455648860348599,0.1995618329026699,0.0052767264358281,0.1388540580936948,53164,28342,0.5331051087201866,0.1947992378943829,0.1079100131128372,PASS,,shard1_attempt1,1ce4cc7063e01bf7896fcc87d293d33d187674a1b44868f4216da54e414f8597,1cfb168f4eda32ed32710be6298d6225f12ac9b339c00d1c68364bf8bb5ff85a,d816add4597e99923f245425d9da1eff7d0d9602bd58c1d43b33eb22d09028ad,src/models/pcc.py,123122d313885dc1d5736a3ef0c2b739b84988a4c4e9f17137f25ef724a13dc4,1ce4cc7063e01bf7896fcc87d293d33d187674a1b44868f4216da54e414f8597,82730934288f233e80b9367b778c86f943d18fa4
PatientID_0110,PatientID_0110_T1_to_T2_t1c,1,Naive,0.240325865580448,0.136574074074074,0.1842224061394929,0.3455648860348599,0.2297532820231512,0.0058130212420283,0.1388620471806834,53164,28342,0.5331051087201866,0.1947992378943829,0.1079100131128372,PASS,,shard1_attempt1,55571640a310a07ad9308efdca53e052351467d1c3f7fa58b36754d53d564135,1cfb168f4eda32ed32710be6298d6225f12ac9b339c00d1c68364bf8bb5ff85a,d816add4597e99923f245425d9da1eff7d0d9602bd58c1d43b33eb22d09028ad,src/models/naive_self_tightening.py,131759341c8cebad65044361f13f5ed778994c76eee669c99a818025b0a8c634,55571640a310a07ad9308efdca53e052351467d1c3f7fa58b36754d53d564135,82730934288f233e80b9367b778c86f943d18fa4
PatientID_0110,PatientID_0110_T1_to_T2_t1c,1,EIA-linear,0.321792722735465,0.1917479009267464,0.2503088174741671,0.4504269282337168,0.2812995191448611,0.0041379955220539,0.2473989765331297,51001,28342,0.5557145938314935,0.2718933032377409,0.1573359467688077,PASS,,shard1_attempt1,996d63d2f7ef590801341ec3f945cb2ce0e40c70c4ebdd2b479db41f7da6d3ae,1cfb168f4eda32ed32710be6298d6225f12ac9b339c00d1c68364bf8bb5ff85a,d816add4597e99923f245425d9da1eff7d0d9602bd58c1d43b33eb22d09028ad,src/models/eia.py,2136540541c6d42e78a879ce83728886e644dfd3ace819d36766c1d7e5018dbd,996d63d2f7ef590801341ec3f945cb2ce0e40c70c4ebdd2b479db41f7da6d3ae,82730934288f233e80b9367b778c86f943d18fa4
PatientID_0110,PatientID_0110_T1_to_T2_t1c,1,EIA-blend-0.90,0.2652992076730608,0.1529365806752107,0.210335992065132,0.3591489661985745,0.2284823943447804,0.0043953400112987,0.2353579207788183,48394,28342,0.5856511137744348,0.2269776303855236,0.1280173529058522,PASS,,shard1_attempt1,996d63d2f7ef590801341ec3f945cb2ce0e40c70c4ebdd2b479db41f7da6d3ae,1cfb168f4eda32ed32710be6298d6225f12ac9b339c00d1c68364bf8bb5ff85a,d816add4597e99923f245425d9da1eff7d0d9602bd58c1d43b33eb22d09028ad,src/models/eia.py,2136540541c6d42e78a879ce83728886e644dfd3ace819d36766c1d7e5018dbd,996d63d2f7ef590801341ec3f945cb2ce0e40c70c4ebdd2b479db41f7da6d3ae,82730934288f233e80b9367b778c86f943d18fa4
PatientID_0110,PatientID_0110_T1_to_T2_t1c,1,EIA-blend-0.75,0.3379075045466159,0.2033024669029877,0.2943363619700976,0.3966198574553666,0.2772315180415415,0.0032496410959435,0.3672067235446623,38191,28342,0.7421120159199811,0.3177616258676564,0.1888921515334349,PASS,,shard1_attempt1,996d63d2f7ef590801341ec3f945cb2ce0e40c70c4ebdd2b479db41f7da6d3ae,1cfb168f4eda32ed32710be6298d6225f12ac9b339c00d1c68364bf8bb5ff85a,d816add4597e99923f245425d9da1eff7d0d9602bd58c1d43b33eb22d09028ad,src/models/eia.py,2136540541c6d42e78a879ce83728886e644dfd3ace819d36766c1d7e5018dbd,996d63d2f7ef590801341ec3f945cb2ce0e40c70c4ebdd2b479db41f7da6d3ae,82730934288f233e80b9367b778c86f943d18fa4
PatientID_0110,PatientID_0110_T1_to_T2_t1c,1,EIA-morph,0.2719988948749827,0.1574066671996162,0.223506175081729,0.3473643356149883,0.2719988948749827,0.0059027777777777,0.0797098706080941,44048,28342,0.6434344351616419,0.2238021311265295,0.1260006754111757,PASS,,shard1_attempt1,996d63d2f7ef590801341ec3f945cb2ce0e40c70c4ebdd2b479db41f7da6d3ae,1cfb168f4eda32ed32710be6298d6225f12ac9b339c00d1c68364bf8bb5ff85a,d816add4597e99923f245425d9da1eff7d0d9602bd58c1d43b33eb22d09028ad,src/models/eia.py,2136540541c6d42e78a879ce83728886e644dfd3ace819d36766c1d7e5018dbd,996d63d2f7ef590801341ec3f945cb2ce0e40c70c4ebdd2b479db41f7da6d3ae,82730934288f233e80b9367b778c86f943d18fa4
PatientID_0110,PatientID_0110_T1_to_T2_t1c,1,Full PCC,0.5061033169493181,0.3387806684969713,0.4697280966767371,0.5485851386634677,0.3194972649770103,0.0030130048135701,0.366037018913962,33100,28342,0.8562537764350453,0.4984475337044237,0.3319547900619885,PASS,,shard1_attempt1,1ce4cc7063e01bf7896fcc87d293d33d187674a1b44868f4216da54e414f8597,1cfb168f4eda32ed32710be6298d6225f12ac9b339c00d1c68364bf8bb5ff85a,d816add4597e99923f245425d9da1eff7d0d9602bd58c1d43b33eb22d09028ad,src/models/pcc.py,123122d313885dc1d5736a3ef0c2b739b84988a4c4e9f17137f25ef724a13dc4,1ce4cc7063e01bf7896fcc87d293d33d187674a1b44868f4216da54e414f8597,82730934288f233e80b9367b778c86f943d18fa4
PatientID_0110,PatientID_0110_T1_to_T2_t1c,1,No-smoothing PCC,0.6706884574604219,0.5045382034215303,0.6959028831562974,0.6472373156446264,0.3790032877923236,0.0022365950592123,0.5698576223530541,26360,28342,1.0751896813353563,0.6645261449498179,0.4975957728005919,PASS,,shard1_attempt1,a98cff9de3cd973fac6fd4129a2a0437abb1490f192afe845d096994cd98b126,1cfb168f4eda32ed32710be6298d6225f12ac9b339c00d1c68364bf8bb5ff85a,d816add4597e99923f245425d9da1eff7d0d9602bd58c1d43b33eb22d09028ad,src/analysis/internal_completion.py,d72550e520742f4fd2a3fe63f61d29804bdd17c303016b7e3a48452ae6cd62f9;123122d313885dc1d5736a3ef0c2b739b84988a4c4e9f17137f25ef724a13dc4,a98cff9de3cd973fac6fd4129a2a0437abb1490f192afe845d096994cd98b126,82730934288f233e80b9367b778c86f943d18fa4
PatientID_0114,PatientID_0114_T1_to_T2_t1c,1,Fixed,0.2141805423506348,0.1199340400471142,0.1486377596898319,0.3831196195292276,0.1801002649156912,0.0082575116841324,0.1262943676629793,85631,33222,0.3879669745769639,0.1964661971104017,0.1089340254166775,PASS,,shard1_attempt1,1ce4cc7063e01bf7896fcc87d293d33d187674a1b44868f4216da54e414f8597,14d9eae262af20049d3cdfbfe1cd8e91f1b09e89f65aafcea6b3f8ed24125cb4,292175c64231633b0a5b91894ae3e82bc28376bf6125b95f94f591c72981c69d,src/models/pcc.py,123122d313885dc1d5736a3ef0c2b739b84988a4c4e9f17137f25ef724a13dc4,1ce4cc7063e01bf7896fcc87d293d33d187674a1b44868f4216da54e414f8597,82730934288f233e80b9367b778c86f943d18fa4
PatientID_0114,PatientID_0114_T1_to_T2_t1c,1,Naive,0.2141805423506348,0.1199340400471142,0.1486377596898319,0.3831196195292276,0.2047978981200569,0.0090329841234233,0.1265062860036625,85631,33222,0.3879669745769639,0.1964661971104017,0.1089340254166775,PASS,,shard1_attempt1,55571640a310a07ad9308efdca53e052351467d1c3f7fa58b36754d53d564135,14d9eae262af20049d3cdfbfe1cd8e91f1b09e89f65aafcea6b3f8ed24125cb4,292175c64231633b0a5b91894ae3e82bc28376bf6125b95f94f591c72981c69d,src/models/naive_self_tightening.py,131759341c8cebad65044361f13f5ed778994c76eee669c99a818025b0a8c634,55571640a310a07ad9308efdca53e052351467d1c3f7fa58b36754d53d564135,82730934288f233e80b9367b778c86f943d18fa4
PatientID_0114,PatientID_0114_T1_to_T2_t1c,1,EIA-linear,0.2582837579024084,0.1482926734330449,0.1797475819768813,0.4587020648967551,0.2376457176425571,0.0072531810349842,0.1955049225343844,84780,33222,0.391861288039632,0.2069110830292139,0.1153936545389391,PASS,,shard1_attempt1,996d63d2f7ef590801341ec3f945cb2ce0e40c70c4ebdd2b479db41f7da6d3ae,14d9eae262af20049d3cdfbfe1cd8e91f1b09e89f65aafcea6b3f8ed24125cb4,292175c64231633b0a5b91894ae3e82bc28376bf6125b95f94f591c72981c69d,src/models/eia.py,2136540541c6d42e78a879ce83728886e644dfd3ace819d36766c1d7e5018dbd,996d63d2f7ef590801341ec3f945cb2ce0e40c70c4ebdd2b479db41f7da6d3ae,82730934288f233e80b9367b778c86f943d18fa4
PatientID_0114,PatientID_0114_T1_to_T2_t1c,1,EIA-blend-0.90,0.2329811159104701,0.1318498166648148,0.1655841684637828,0.3929022936608272,0.2031879332204963,0.0068448738547392,0.2734782996060524,78830,33222,0.4214385386274261,0.2208476310995598,0.1241308136240355,PASS,,shard1_attempt1,996d63d2f7ef590801341ec3f945cb2ce0e40c70c4ebdd2b479db41f7da6d3ae,14d9eae262af20049d3cdfbfe1cd8e91f1b09e89f65aafcea6b3f8ed24125cb4,292175c64231633b0a5b91894ae3e82bc28376bf6125b95f94f591c72981c69d,src/models/eia.py,2136540541c6d42e78a879ce83728886e644dfd3ace819d36766c1d7e5018dbd,996d63d2f7ef590801341ec3f945cb2ce0e40c70c4ebdd2b479db41f7da6d3ae,82730934288f233e80b9367b778c86f943d18fa4
PatientID_0114,PatientID_0114_T1_to_T2_t1c,1,EIA-blend-0.75,0.2869879789708851,0.1675341302032856,0.2175676305607781,0.4214677021250978,0.2431404097991054,0.0050103270856563,0.3624203589180661,64357,33222,0.516214242428951,0.2818313166082441,0.1640300625573478,PASS,,shard1_attempt1,996d63d2f7ef590801341ec3f945cb2ce0e40c70c4ebdd2b479db41f7da6d3ae,14d9eae262af20049d3cdfbfe1cd8e91f1b09e89f65aafcea6b3f8ed24125cb4,292175c64231633b0a5b91894ae3e82bc28376bf6125b95f94f591c72981c69d,src/models/eia.py,2136540541c6d42e78a879ce83728886e644dfd3ace819d36766c1d7e5018dbd,996d63d2f7ef590801341ec3f945cb2ce0e40c70c4ebdd2b479db41f7da6d3ae,82730934288f233e80b9367b778c86f943d18fa4
PatientID_0114,PatientID_0114_T1_to_T2_t1c,1,EIA-morph,0.2199656627181668,0.1235738311958976,0.1541717561406267,0.3837216302450184,0.2199656627181668,0.0101269041218638,0.0614522723710437,82687,33222,0.4017802072877235,0.1445126723384427,0.0778839446639864,PASS,,shard1_attempt1,996d63d2f7ef590801341ec3f945cb2ce0e40c70c4ebdd2b479db41f7da6d3ae,14d9eae262af20049d3cdfbfe1cd8e91f1b09e89f65aafcea6b3f8ed24125cb4,292175c64231633b0a5b91894ae3e82bc28376bf6125b95f94f591c72981c69d,src/models/eia.py,2136540541c6d42e78a879ce83728886e644dfd3ace819d36766c1d7e5018dbd,996d63d2f7ef590801341ec3f945cb2ce0e40c70c4ebdd2b479db41f7da6d3ae,82730934288f233e80b9367b778c86f943d18fa4
PatientID_0114,PatientID_0114_T1_to_T2_t1c,1,Full PCC,0.4041033845864263,0.2532140119124845,0.3316853672196365,0.5169767021852989,0.2703627923856132,0.0050403804908692,0.3028250903197623,51781,33222,0.6415866823738436,0.3623803503798329,0.2212848083958958,PASS,,shard1_attempt1,1ce4cc7063e01bf7896fcc87d293d33d187674a1b44868f4216da54e414f8597,14d9eae262af20049d3cdfbfe1cd8e91f1b09e89f65aafcea6b3f8ed24125cb4,292175c64231633b0a5b91894ae3e82bc28376bf6125b95f94f591c72981c69d,src/models/pcc.py,123122d313885dc1d5736a3ef0c2b739b84988a4c4e9f17137f25ef724a13dc4,1ce4cc7063e01bf7896fcc87d293d33d187674a1b44868f4216da54e414f8597,82730934288f233e80b9367b778c86f943d18fa4
PatientID_0114,PatientID_0114_T1_to_T2_t1c,1,No-smoothing PCC,0.5236523652365237,0.3546944858420268,0.4634858812074002,0.6017699115044248,0.316559095663606,0.0039206754699785,0.4479145903221153,43134,33222,0.7702044790652386,0.5036120643022153,0.3365518073876742,PASS,,shard1_attempt1,a98cff9de3cd973fac6fd4129a2a0437abb1490f192afe845d096994cd98b126,14d9eae262af20049d3cdfbfe1cd8e91f1b09e89f65aafcea6b3f8ed24125cb4,292175c64231633b0a5b91894ae3e82bc28376bf6125b95f94f591c72981c69d,src/analysis/internal_completion.py,d72550e520742f4fd2a3fe63f61d29804bdd17c303016b7e3a48452ae6cd62f9;123122d313885dc1d5736a3ef0c2b739b84988a4c4e9f17137f25ef724a13dc4,a98cff9de3cd973fac6fd4129a2a0437abb1490f192afe845d096994cd98b126,82730934288f233e80b9367b778c86f943d18fa4
PatientID_0116,PatientID_0116_T1_to_T2_t1c,1,Fixed,0.2563715879957774,0.1470333852274693,0.253431540355798,0.259380650994575,0.2382914356041975,0.0123261272063474,0.2045319707722138,90557,88480,0.9770641695285842,0.255865732373102,0.1467007082694727,PASS,,shard1_attempt1,1ce4cc7063e01bf7896fcc87d293d33d187674a1b44868f4216da54e414f8597,514365a5000b911c683217c14ed68046178fd43fea1084d95061fe1c471e3857,7b6d684ca1af74b69a9cde96547622c1ce7365475492349267b951af53fa1b9f,src/models/pcc.py,123122d313885dc1d5736a3ef0c2b739b84988a4c4e9f17137f25ef724a13dc4,1ce4cc7063e01bf7896fcc87d293d33d187674a1b44868f4216da54e414f8597,82730934288f233e80b9367b778c86f943d18fa4
PatientID_0116,PatientID_0116_T1_to_T2_t1c,1,Naive,0.2563715879957774,0.1470333852274693,0.253431540355798,0.259380650994575,0.2534590178525531,0.0133608673930118,0.2038303084098726,90557,88480,0.9770641695285842,0.255865732373102,0.1467007082694727,PASS,,shard1_attempt1,55571640a310a07ad9308efdca53e052351467d1c3f7fa58b36754d53d564135,514365a5000b911c683217c14ed68046178fd43fea1084d95061fe1c471e3857,7b6d684ca1af74b69a9cde96547622c1ce7365475492349267b951af53fa1b9f,src/models/naive_self_tightening.py,131759341c8cebad65044361f13f5ed778994c76eee669c99a818025b0a8c634,55571640a310a07ad9308efdca53e052351467d1c3f7fa58b36754d53d564135,82730934288f233e80b9367b778c86f943d18fa4
PatientID_0116,PatientID_0116_T1_to_T2_t1c,1,EIA-linear,0.3009074510892188,0.1770989174675142,0.2956322591199083,0.306374321880651,0.361697161025603,0.009343708792509,0.386031826482878,91695,88480,0.9649381100387152,0.2976378842716001,0.1748381742793371,PASS,,shard1_attempt1,996d63d2f7ef590801341ec3f945cb2ce0e40c70c4ebdd2b479db41f7da6d3ae,514365a5000b911c683217c14ed68046178fd43fea1084d95061fe1c471e3857,7b6d684ca1af74b69a9cde96547622c1ce7365475492349267b951af53fa1b9f,src/models/eia.py,2136540541c6d42e78a879ce83728886e644dfd3ace819d36766c1d7e5018dbd,996d63d2f7ef590801341ec3f945cb2ce0e40c70c4ebdd2b479db41f7da6d3ae,82730934288f233e80b9367b778c86f943d18fa4
PatientID_0116,PatientID_0116_T1_to_T2_t1c,1,EIA-blend-0.90,0.2725698453013161,0.1577892133930361,0.2785512033978292,0.2668399638336347,0.285268739720303,0.0103407084081856,0.35685860161818,84760,88480,1.0438886267107126,0.2736663652843938,0.1585246094879177,PASS,,shard1_attempt1,996d63d2f7ef590801341ec3f945cb2ce0e40c70c4ebdd2b479db41f7da6d3ae,514365a5000b911c683217c14ed68046178fd43fea1084d95061fe1c471e3857,7b6d684ca1af74b69a9cde96547622c1ce7365475492349267b951af53fa1b9f,src/models/eia.py,2136540541c6d42e78a879ce83728886e644dfd3ace819d36766c1d7e5018dbd,996d63d2f7ef590801341ec3f945cb2ce0e40c70c4ebdd2b479db41f7da6d3ae,82730934288f233e80b9367b778c86f943d18fa4
PatientID_0116,PatientID_0116_T1_to_T2_t1c,1,EIA-blend-0.75,0.3149894721104369,0.1869362041939014,0.3509146933903339,0.2857368896925858,0.357858079209711,0.0077418797474401,0.4677733471102642,72046,88480,1.2281042667184854,0.3162409584125438,0.1878184173662877,PASS,,shard1_attempt1,996d63d2f7ef590801341ec3f945cb2ce0e40c70c4ebdd2b479db41f7da6d3ae,514365a5000b911c683217c14ed68046178fd43fea1084d95061fe1c471e3857,7b6d684ca1af74b69a9cde96547622c1ce7365475492349267b951af53fa1b9f,src/models/eia.py,2136540541c6d42e78a879ce83728886e644dfd3ace819d36766c1d7e5018dbd,996d63d2f7ef590801341ec3f945cb2ce0e40c70c4ebdd2b479db41f7da6d3ae,82730934288f233e80b9367b778c86f943d18fa4
PatientID_0116,PatientID_0116_T1_to_T2_t1c,1,EIA-morph,0.2685083822897263,0.1550734520128963,0.2723879295307866,0.2647377938517179,0.2685083822897263,0.0142951388888888,0.0793981178870721,85995,88480,1.028897028897029,0.2647377938558728,0.1525635681589167,PASS,,shard1_attempt1,996d63d2f7ef590801341ec3f945cb2ce0e40c70c4ebdd2b479db41f7da6d3ae,514365a5000b911c683217c14ed68046178fd43fea1084d95061fe1c471e3857,7b6d684ca1af74b69a9cde96547622c1ce7365475492349267b951af53fa1b9f,src/models/eia.py,2136540541c6d42e78a879ce83728886e644dfd3ace819d36766c1d7e5018dbd,996d63d2f7ef590801341ec3f945cb2ce0e40c70c4ebdd2b479db41f7da6d3ae,82730934288f233e80b9367b778c86f943d18fa4
PatientID_0116,PatientID_0116_T1_to_T2_t1c,1,Full PCC,0.4277754699688116,0.2720829384085018,0.5134300954431061,0.3666139240506329,0.3366675886266079,0.008722945636106,0.3649048886497316,63179,88480,1.4004653444973805,0.4244122965674479,0.2693676116200694,PASS,,shard1_attempt1,1ce4cc7063e01bf7896fcc87d293d33d187674a1b44868f4216da54e414f8597,514365a5000b911c683217c14ed68046178fd43fea1084d95061fe1c471e3857,7b6d684ca1af74b69a9cde96547622c1ce7365475492349267b951af53fa1b9f,src/models/pcc.py,123122d313885dc1d5736a3ef0c2b739b84988a4c4e9f17137f25ef724a13dc4,1ce4cc7063e01bf7896fcc87d293d33d187674a1b44868f4216da54e414f8597,82730934288f233e80b9367b778c86f943d18fa4
PatientID_0116,PatientID_0116_T1_to_T2_t1c,1,No-smoothing PCC,0.5136444923757388,0.345573108008817,0.6484334608623721,0.425248643761302,0.3813335185763121,0.0075091748438188,0.4631198160485593,58026,88480,1.5248336952400647,0.4684448462959513,0.3058622114697896,PASS,,shard1_attempt1,a98cff9de3cd973fac6fd4129a2a0437abb1490f192afe845d096994cd98b126,514365a5000b911c683217c14ed68046178fd43fea1084d95061fe1c471e3857,7b6d684ca1af74b69a9cde96547622c1ce7365475492349267b951af53fa1b9f,src/analysis/internal_completion.py,d72550e520742f4fd2a3fe63f61d29804bdd17c303016b7e3a48452ae6cd62f9;123122d313885dc1d5736a3ef0c2b739b84988a4c4e9f17137f25ef724a13dc4,a98cff9de3cd973fac6fd4129a2a0437abb1490f192afe845d096994cd98b126,82730934288f233e80b9367b778c86f943d18fa4
PatientID_0117,PatientID_0117_T1_to_T2_t1c,1,Fixed,0.2403068082975302,0.1365617651023801,0.2195386245424773,0.265414847161572,0.2271000787185935,0.0048642499743336,0.2091504706834799,41528,34350,0.8271527643999229,0.234701601175623,0.1329529338181841,PASS,,shard1_attempt1,1ce4cc7063e01bf7896fcc87d293d33d187674a1b44868f4216da54e414f8597,533923a67b5647f9e9823ca6c082645ca143ab1c678555db841289dea0e41f70,fa6a930ec4f19703ff597c616c11d9d01c94253545f5240b99b81d8d5222529e,src/models/pcc.py,123122d313885dc1d5736a3ef0c2b739b84988a4c4e9f17137f25ef724a13dc4,1ce4cc7063e01bf7896fcc87d293d33d187674a1b44868f4216da54e414f8597,82730934288f233e80b9367b778c86f943d18fa4
PatientID_0117,PatientID_0117_T1_to_T2_t1c,1,Naive,0.2403068082975302,0.1365617651023801,0.2195386245424773,0.265414847161572,0.2393405342647727,0.005348298105686,0.2086882906154037,41528,34350,0.8271527643999229,0.234701601175623,0.1329529338181841,PASS,,shard1_attempt1,55571640a310a07ad9308efdca53e052351467d1c3f7fa58b36754d53d564135,533923a67b5647f9e9823ca6c082645ca143ab1c678555db841289dea0e41f70,fa6a930ec4f19703ff597c616c11d9d01c94253545f5240b99b81d8d5222529e,src/models/naive_self_tightening.py,131759341c8cebad65044361f13f5ed778994c76eee669c99a818025b0a8c634,55571640a310a07ad9308efdca53e052351467d1c3f7fa58b36754d53d564135,82730934288f233e80b9367b778c86f943d18fa4
PatientID_0117,PatientID_0117_T1_to_T2_t1c,1,EIA-linear,0.354455005280418,0.2154028035804762,0.3390758760036156,0.3712954876273653,0.3311802667426652,0.0035556901486622,0.3697754809325938,37614,34350,0.9132237996490667,0.3421251819600855,0.2063637002316786,PASS,,shard1_attempt1,996d63d2f7ef590801341ec3f945cb2ce0e40c70c4ebdd2b479db41f7da6d3ae,533923a67b5647f9e9823ca6c082645ca143ab1c678555db841289dea0e41f70,fa6a930ec4f19703ff597c616c11d9d01c94253545f5240b99b81d8d5222529e,src/models/eia.py,2136540541c6d42e78a879ce83728886e644dfd3ace819d36766c1d7e5018dbd,996d63d2f7ef590801341ec3f945cb2ce0e40c70c4ebdd2b479db41f7da6d3ae,82730934288f233e80b9367b778c86f943d18fa4
PatientID_0117,PatientID_0117_T1_to_T2_t1c,1,EIA-blend-0.90,0.2689338442465908,0.1553573463109751,0.2605503084566249,0.2778748180494905,0.2635895826327351,0.0040792187277161,0.3083358120620837,36634,34350,0.9376535458863352,0.268675400301766,0.1551848800397642,PASS,,shard1_attempt1,996d63d2f7ef590801341ec3f945cb2ce0e40c70c4ebdd2b479db41f7da6d3ae,533923a67b5647f9e9823ca6c082645ca143ab1c678555db841289dea0e41f70,fa6a930ec4f19703ff597c616c11d9d01c94253545f5240b99b81d8d5222529e,src/models/eia.py,2136540541c6d42e78a879ce83728886e644dfd3ace819d36766c1d7e5018dbd,996d63d2f7ef590801341ec3f945cb2ce0e40c70c4ebdd2b479db41f7da6d3ae,82730934288f233e80b9367b778c86f943d18fa4
PatientID_0117,PatientID_0117_T1_to_T2_t1c,1,EIA-blend-0.75,0.3562828830573577,0.2167543790746995,0.3997537302622048,0.3213391557496361,0.3229738176142164,0.0030550676407992,0.4421611508180071,27612,34350,1.2440243372446762,0.371382823881057,0.2280356791872435,PASS,,shard1_attempt1,996d63d2f7ef590801341ec3f945cb2ce0e40c70c4ebdd2b479db41f7da6d3ae,533923a67b5647f9e9823ca6c082645ca143ab1c678555db841289dea0e41f70,fa6a930ec4f19703ff597c616c11d9d01c94253545f5240b99b81d8d5222529e,src/models/eia.py,2136540541c6d42e78a879ce83728886e644dfd3ace819d36766c1d7e5018dbd,996d63d2f7ef590801341ec3f945cb2ce0e40c70c4ebdd2b479db41f7da6d3ae,82730934288f233e80b9367b778c86f943d18fa4
PatientID_0117,PatientID_0117_T1_to_T2_t1c,1,EIA-morph,0.2778723468357862,0.1613540937718684,0.2879218306121812,0.2685007278020378,0.2778723468357862,0.0053692876344086,0.0801216251913295,32033,34350,1.0723316579777105,0.2685007278126856,0.1550683457613015,PASS,,shard1_attempt1,996d63d2f7ef590801341ec3f945cb2ce0e40c70c4ebdd2b479db41f7da6d3ae,533923a67b5647f9e9823ca6c082645ca143ab1c678555db841289dea0e41f70,fa6a930ec4f19703ff597c616c11d9d01c94253545f5240b99b81d8d5222529e,src/models/eia.py,2136540541c6d42e78a879ce83728886e644dfd3ace819d36766c1d7e5018dbd,996d63d2f7ef590801341ec3f945cb2ce0e40c70c4ebdd2b479db41f7da6d3ae,82730934288f233e80b9367b778c86f943d18fa4
PatientID_0117,PatientID_0117_T1_to_T2_t1c,1,Full PCC,0.6353997603409832,0.4656306967231337,0.6632992367862685,0.6097525473071325,0.3897742205396238,0.0026628147887293,0.5299382010533277,31577,34350,1.0878170820533932,0.6418631732220982,0.4726056760809267,PASS,,shard1_attempt1,1ce4cc7063e01bf7896fcc87d293d33d187674a1b44868f4216da54e414f8597,533923a67b5647f9e9823ca6c082645ca143ab1c678555db841289dea0e41f70,fa6a930ec4f19703ff597c616c11d9d01c94253545f5240b99b81d8d5222529e,src/models/pcc.py,123122d313885dc1d5736a3ef0c2b739b84988a4c4e9f17137f25ef724a13dc4,1ce4cc7063e01bf7896fcc87d293d33d187674a1b44868f4216da54e414f8597,82730934288f233e80b9367b778c86f943d18fa4
PatientID_0117,PatientID_0117_T1_to_T2_t1c,1,No-smoothing PCC,0.7721687357486698,0.6288883157080216,0.8465384348309145,0.7098107714701601,0.4415410686884352,0.0020457944791914,0.6929533010125191,28802,34350,1.192625512117214,0.7421542940357766,0.5900201356356605,PASS,,shard1_attempt1,a98cff9de3cd973fac6fd4129a2a0437abb1490f192afe845d096994cd98b126,533923a67b5647f9e9823ca6c082645ca143ab1c678555db841289dea0e41f70,fa6a930ec4f19703ff597c616c11d9d01c94253545f5240b99b81d8d5222529e,src/analysis/internal_completion.py,d72550e520742f4fd2a3fe63f61d29804bdd17c303016b7e3a48452ae6cd62f9;123122d313885dc1d5736a3ef0c2b739b84988a4c4e9f17137f25ef724a13dc4,a98cff9de3cd973fac6fd4129a2a0437abb1490f192afe845d096994cd98b126,82730934288f233e80b9367b778c86f943d18fa4
PatientID_0118,PatientID_0118_T1_to_T2_t1c,1,Fixed,0.1440760851236046,0.0776303834272215,0.0845204178537511,0.4877825987668417,0.1030116628668069,0.0021121037912714,0.0911638820423178,25272,4379,0.1732747704969927,0.1404430236194972,0.0755249909031652,PASS,,shard1_attempt1,1ce4cc7063e01bf7896fcc87d293d33d187674a1b44868f4216da54e414f8597,a4e77a9e28b7aa6c377a80a8af5ee99eb23c38b8ac24d8dc6cbc21473b8bfd2f,74175443b0e72f8d811ecdead34006337ad4ce61bdb8136bb5b6f4ba34155508,src/models/pcc.py,123122d313885dc1d5736a3ef0c2b739b84988a4c4e9f17137f25ef724a13dc4,1ce4cc7063e01bf7896fcc87d293d33d187674a1b44868f4216da54e414f8597,82730934288f233e80b9367b778c86f943d18fa4
PatientID_0118,PatientID_0118_T1_to_T2_t1c,1,Naive,0.1440760851236046,0.0776303834272215,0.0845204178537511,0.4877825987668417,0.1334708703832165,0.002262034803411,0.0903741125685539,25272,4379,0.1732747704969927,0.1404430236194972,0.0755249909031652,PASS,,shard1_attempt1,55571640a310a07ad9308efdca53e052351467d1c3f7fa58b36754d53d564135,a4e77a9e28b7aa6c377a80a8af5ee99eb23c38b8ac24d8dc6cbc21473b8bfd2f,74175443b0e72f8d811ecdead34006337ad4ce61bdb8136bb5b6f4ba34155508,src/models/naive_self_tightening.py,131759341c8cebad65044361f13f5ed778994c76eee669c99a818025b0a8c634,55571640a310a07ad9308efdca53e052351467d1c3f7fa58b36754d53d564135,82730934288f233e80b9367b778c86f943d18fa4
PatientID_0118,PatientID_0118_T1_to_T2_t1c,1,EIA-linear,0.1788192552225249,0.098188637089052,0.1063250669662144,0.5620004567252798,0.1281651844265243,0.0018798174888659,0.1249749830869084,23146,4379,0.1891903568651171,0.1507193424125691,0.0815016054480734,PASS,,shard1_attempt1,996d63d2f7ef590801341ec3f945cb2ce0e40c70c4ebdd2b479db41f7da6d3ae,a4e77a9e28b7aa6c377a80a8af5ee99eb23c38b8ac24d8dc6cbc21473b8bfd2f,74175443b0e72f8d811ecdead34006337ad4ce61bdb8136bb5b6f4ba34155508,src/models/eia.py,2136540541c6d42e78a879ce83728886e644dfd3ace819d36766c1d7e5018dbd,996d63d2f7ef590801341ec3f945cb2ce0e40c70c4ebdd2b479db41f7da6d3ae,82730934288f233e80b9367b778c86f943d18fa4
PatientID_0118,PatientID_0118_T1_to_T2_t1c,1,EIA-blend-0.90,0.1635744036349867,0.0890721649484536,0.0980436657437247,0.4932633021237725,0.1127039167073311,0.0017401665027633,0.1914574298740609,22031,4379,0.1987653760610049,0.166019639282254,0.0905242187659663,PASS,,shard1_attempt1,996d63d2f7ef590801341ec3f945cb2ce0e40c70c4ebdd2b479db41f7da6d3ae,a4e77a9e28b7aa6c377a80a8af5ee99eb23c38b8ac24d8dc6cbc21473b8bfd2f,74175443b0e72f8d811ecdead34006337ad4ce61bdb8136bb5b6f4ba34155508,src/models/eia.py,2136540541c6d42e78a879ce83728886e644dfd3ace819d36766c1d7e5018dbd,996d63d2f7ef590801341ec3f945cb2ce0e40c70c4ebdd2b479db41f7da6d3ae,82730934288f233e80b9367b778c86f943d18fa4
PatientID_0118,PatientID_0118_T1_to_T2_t1c,1,EIA-blend-0.75,0.2242504589027126,0.1262849595130075,0.1443576445874089,0.5021694450787851,0.1308161788453871,0.0012566231127241,0.3187842940713388,15233,4379,0.2874679971115341,0.2911623659178851,0.1703862088506767,PASS,,shard1_attempt1,996d63d2f7ef590801341ec3f945cb2ce0e40c70c4ebdd2b479db41f7da6d3ae,a4e77a9e28b7aa6c377a80a8af5ee99eb23c38b8ac24d8dc6cbc21473b8bfd2f,74175443b0e72f8d811ecdead34006337ad4ce61bdb8136bb5b6f4ba34155508,src/models/eia.py,2136540541c6d42e78a879ce83728886e644dfd3ace819d36766c1d7e5018dbd,996d63d2f7ef590801341ec3f945cb2ce0e40c70c4ebdd2b479db41f7da6d3ae,82730934288f233e80b9367b778c86f943d18fa4
PatientID_0118,PatientID_0118_T1_to_T2_t1c,1,EIA-morph,0.1586044600500541,0.0861327491074326,0.0948106466595212,0.4848138844485042,0.1586044600500541,0.002522961469534,0.0462182060661201,22392,4379,0.1955609146123615,0.0977392099682873,0.0513805523347682,PASS,,shard1_attempt1,996d63d2f7ef590801341ec3f945cb2ce0e40c70c4ebdd2b479db41f7da6d3ae,a4e77a9e28b7aa6c377a80a8af5ee99eb23c38b8ac24d8dc6cbc21473b8bfd2f,74175443b0e72f8d811ecdead34006337ad4ce61bdb8136bb5b6f4ba34155508,src/models/eia.py,2136540541c6d42e78a879ce83728886e644dfd3ace819d36766c1d7e5018dbd,996d63d2f7ef590801341ec3f945cb2ce0e40c70c4ebdd2b479db41f7da6d3ae,82730934288f233e80b9367b778c86f943d18fa4
PatientID_0118,PatientID_0118_T1_to_T2_t1c,1,Full PCC,0.3760959257349149,0.2315998412068281,0.2620138327494835,0.666133820506965,0.1626158578635101,0.0010855785664892,0.2363363287645158,11133,4379,0.3933351297943052,0.258278145780055,0.1482889734957009,PASS,,shard1_attempt1,1ce4cc7063e01bf7896fcc87d293d33d187674a1b44868f4216da54e414f8597,a4e77a9e28b7aa6c377a80a8af5ee99eb23c38b8ac24d8dc6cbc21473b8bfd2f,74175443b0e72f8d811ecdead34006337ad4ce61bdb8136bb5b6f4ba34155508,src/models/pcc.py,123122d313885dc1d5736a3ef0c2b739b84988a4c4e9f17137f25ef724a13dc4,1ce4cc7063e01bf7896fcc87d293d33d187674a1b44868f4216da54e414f8597,82730934288f233e80b9367b778c86f943d18fa4
PatientID_0118,PatientID_0118_T1_to_T2_t1c,1,No-smoothing PCC,0.6715617523306658,0.5055272636939511,0.5257039524670628,0.929435944279516,0.2130861974249925,0.0007350338523828,0.5338310413018178,7742,4379,0.5656161198656677,0.5220369948022338,0.3532138443520992,PASS,,shard1_attempt1,a98cff9de3cd973fac6fd4129a2a0437abb1490f192afe845d096994cd98b126,a4e77a9e28b7aa6c377a80a8af5ee99eb23c38b8ac24d8dc6cbc21473b8bfd2f,74175443b0e72f8d811ecdead34006337ad4ce61bdb8136bb5b6f4ba34155508,src/analysis/internal_completion.py,d72550e520742f4fd2a3fe63f61d29804bdd17c303016b7e3a48452ae6cd62f9;123122d313885dc1d5736a3ef0c2b739b84988a4c4e9f17137f25ef724a13dc4,a98cff9de3cd973fac6fd4129a2a0437abb1490f192afe845d096994cd98b126,82730934288f233e80b9367b778c86f943d18fa4
PatientID_0121,PatientID_0121_T1_to_T2_t1c,1,Fixed,0.2382548605022948,0.1352379837246063,0.2581005586592179,0.2212431759410018,0.1709150630777577,0.001380792173434,0.1668629596391802,8950,10441,1.1665921787709497,0.2469112154368877,0.1408435315154696,PASS,,shard1_attempt1,1ce4cc7063e01bf7896fcc87d293d33d187674a1b44868f4216da54e414f8597,ab7af8b3593b882f0fbb4f29cd8c212934578246824102c262f2797f75a89e2a,08467550c5151b0b328ec99165cf22f082e7c3f3e68fc6e4bd631fcfcb787e78,src/models/pcc.py,123122d313885dc1d5736a3ef0c2b739b84988a4c4e9f17137f25ef724a13dc4,1ce4cc7063e01bf7896fcc87d293d33d187674a1b44868f4216da54e414f8597,82730934288f233e80b9367b778c86f943d18fa4
PatientID_0121,PatientID_0121_T1_to_T2_t1c,1,Naive,0.2382548605022948,0.1352379837246063,0.2581005586592179,0.2212431759410018,0.222859921453552,0.0013586874850124,0.1668629571944181,8950,10441,1.1665921787709497,0.2469112154368877,0.1408435315154696,PASS,,shard1_attempt1,55571640a310a07ad9308efdca53e052351467d1c3f7fa58b36754d53d564135,ab7af8b3593b882f0fbb4f29cd8c212934578246824102c262f2797f75a89e2a,08467550c5151b0b328ec99165cf22f082e7c3f3e68fc6e4bd631fcfcb787e78,src/models/naive_self_tightening.py,131759341c8cebad65044361f13f5ed778994c76eee669c99a818025b0a8c634,55571640a310a07ad9308efdca53e052351467d1c3f7fa58b36754d53d564135,82730934288f233e80b9367b778c86f943d18fa4
PatientID_0121,PatientID_0121_T1_to_T2_t1c,1,EIA-linear,0.3566596194503171,0.2170333204682876,0.3979242835240005,0.3231491236471602,0.2605665813921194,0.001035684703383,0.3490433060223694,8479,10441,1.2313952116994928,0.3892347476587858,0.2416458556759635,PASS,,shard1_attempt1,996d63d2f7ef590801341ec3f945cb2ce0e40c70c4ebdd2b479db41f7da6d3ae,ab7af8b3593b882f0fbb4f29cd8c212934578246824102c262f2797f75a89e2a,08467550c5151b0b328ec99165cf22f082e7c3f3e68fc6e4bd631fcfcb787e78,src/models/eia.py,2136540541c6d42e78a879ce83728886e644dfd3ace819d36766c1d7e5018dbd,996d63d2f7ef590801341ec3f945cb2ce0e40c70c4ebdd2b479db41f7da6d3ae,82730934288f233e80b9367b778c86f943d18fa4
PatientID_0121,PatientID_0121_T1_to_T2_t1c,1,EIA-blend-0.90,0.2710285555863598,0.1567571034571227,0.3218330260732157,0.2340771956709127,0.2007240644189961,0.001188613771965,0.2466163867488141,7594,10441,1.374901237819331,0.2932669284889729,0.1718294052092127,PASS,,shard1_attempt1,996d63d2f7ef590801341ec3f945cb2ce0e40c70c4ebdd2b479db41f7da6d3ae,ab7af8b3593b882f0fbb4f29cd8c212934578246824102c262f2797f75a89e2a,08467550c5151b0b328ec99165cf22f082e7c3f3e68fc6e4bd631fcfcb787e78,src/models/eia.py,2136540541c6d42e78a879ce83728886e644dfd3ace819d36766c1d7e5018dbd,996d63d2f7ef590801341ec3f945cb2ce0e40c70c4ebdd2b479db41f7da6d3ae,82730934288f233e80b9367b778c86f943d18fa4
PatientID_0121,PatientID_0121_T1_to_T2_t1c,1,EIA-blend-0.75,0.3505324543610548,0.212512489432019,0.5182755388940956,0.2648213772627143,0.2499794534080073,0.0009356835638868,0.4147672610863813,5335,10441,1.957075913776945,0.3946939948570686,0.2458683849862258,PASS,,shard1_attempt1,996d63d2f7ef590801341ec3f945cb2ce0e40c70c4ebdd2b479db41f7da6d3ae,ab7af8b3593b882f0fbb4f29cd8c212934578246824102c262f2797f75a89e2a,08467550c5151b0b328ec99165cf22f082e7c3f3e68fc6e4bd631fcfcb787e78,src/models/eia.py,2136540541c6d42e78a879ce83728886e644dfd3ace819d36766c1d7e5018dbd,996d63d2f7ef590801341ec3f945cb2ce0e40c70c4ebdd2b479db41f7da6d3ae,82730934288f233e80b9367b778c86f943d18fa4
PatientID_0121,PatientID_0121_T1_to_T2_t1c,1,EIA-morph,0.27428701283945,0.1589412694232288,0.3371037564585952,0.2312039076716789,0.27428701283945,0.0014307795698924,0.0788387873252478,7161,10441,1.4580365870688452,0.2312039077084952,0.1307125839760281,PASS,,shard1_attempt1,996d63d2f7ef590801341ec3f945cb2ce0e40c70c4ebdd2b479db41f7da6d3ae,ab7af8b3593b882f0fbb4f29cd8c212934578246824102c262f2797f75a89e2a,08467550c5151b0b328ec99165cf22f082e7c3f3e68fc6e4bd631fcfcb787e78,src/models/eia.py,2136540541c6d42e78a879ce83728886e644dfd3ace819d36766c1d7e5018dbd,996d63d2f7ef590801341ec3f945cb2ce0e40c70c4ebdd2b479db41f7da6d3ae,82730934288f233e80b9367b778c86f943d18fa4
PatientID_0121,PatientID_0121_T1_to_T2_t1c,1,Full PCC,0.5359469382920763,0.3660707062535394,0.7020946470131885,0.4333876065510966,0.2884600003963875,0.0008421584371434,0.5168490382725618,6445,10441,1.6200155159038014,0.5757111388001288,0.4042095353772975,PASS,,shard1_attempt1,1ce4cc7063e01bf7896fcc87d293d33d187674a1b44868f4216da54e414f8597,ab7af8b3593b882f0fbb4f29cd8c212934578246824102c262f2797f75a89e2a,08467550c5151b0b328ec99165cf22f082e7c3f3e68fc6e4bd631fcfcb787e78,src/models/pcc.py,123122d313885dc1d5736a3ef0c2b739b84988a4c4e9f17137f25ef724a13dc4,1ce4cc7063e01bf7896fcc87d293d33d187674a1b44868f4216da54e414f8597,82730934288f233e80b9367b778c86f943d18fa4
PatientID_0121,PatientID_0121_T1_to_T2_t1c,1,No-smoothing PCC,0.7702718334297282,0.626375693725896,0.9722587239012994,0.6377741595632602,0.3710352631945611,0.00058712259025,0.7729481598895758,6849,10441,1.5244561249817492,0.734029307550329,0.5798154032697976,PASS,,shard1_attempt1,a98cff9de3cd973fac6fd4129a2a0437abb1490f192afe845d096994cd98b126,ab7af8b3593b882f0fbb4f29cd8c212934578246824102c262f2797f75a89e2a,08467550c5151b0b328ec99165cf22f082e7c3f3e68fc6e4bd631fcfcb787e78,src/analysis/internal_completion.py,d72550e520742f4fd2a3fe63f61d29804bdd17c303016b7e3a48452ae6cd62f9;123122d313885dc1d5736a3ef0c2b739b84988a4c4e9f17137f25ef724a13dc4,a98cff9de3cd973fac6fd4129a2a0437abb1490f192afe845d096994cd98b126,82730934288f233e80b9367b778c86f943d18fa4
PatientID_0123,PatientID_0123_T1_to_T2_t1c,1,Fixed,0.2589788332818645,0.1487511112630787,0.7144352752802069,0.1581544781579318,0.2735479085444076,0.0197310742114949,0.4224316295366674,48714,220057,4.51732561481299,0.4216407567143476,0.2671386495246088,PASS,,shard1_attempt1,1ce4cc7063e01bf7896fcc87d293d33d187674a1b44868f4216da54e414f8597,cd6ba794aea9849e5f4de5a23808b7eb4a7b7a7a8d8183cd8525c3ab94b8f041,06704adba803da8d58b507481ef159d398a4ee44af69e42427dd4d2038fa892f,src/models/pcc.py,123122d313885dc1d5736a3ef0c2b739b84988a4c4e9f17137f25ef724a13dc4,1ce4cc7063e01bf7896fcc87d293d33d187674a1b44868f4216da54e414f8597,82730934288f233e80b9367b778c86f943d18fa4
PatientID_0123,PatientID_0123_T1_to_T2_t1c,1,Naive,0.2589788332818645,0.1487511112630787,0.7144352752802069,0.1581544781579318,0.2639809704300686,0.0208928247959547,0.4224259466957084,48714,220057,4.51732561481299,0.4216407567143476,0.2671386495246088,PASS,,shard1_attempt1,55571640a310a07ad9308efdca53e052351467d1c3f7fa58b36754d53d564135,cd6ba794aea9849e5f4de5a23808b7eb4a7b7a7a8d8183cd8525c3ab94b8f041,06704adba803da8d58b507481ef159d398a4ee44af69e42427dd4d2038fa892f,src/models/naive_self_tightening.py,131759341c8cebad65044361f13f5ed778994c76eee669c99a818025b0a8c634,55571640a310a07ad9308efdca53e052351467d1c3f7fa58b36754d53d564135,82730934288f233e80b9367b778c86f943d18fa4
PatientID_0123,PatientID_0123_T1_to_T2_t1c,1,EIA-linear,0.3576441889076507,0.2177629150103457,0.7973937374245473,0.2305175477262709,0.4961863842710927,0.0116783017097318,0.8014398636121979,63616,220057,3.459145497987928,0.8105581735645525,0.681460963916478,PASS,,shard1_attempt1,996d63d2f7ef590801341ec3f945cb2ce0e40c70c4ebdd2b479db41f7da6d3ae,cd6ba794aea9849e5f4de5a23808b7eb4a7b7a7a8d8183cd8525c3ab94b8f041,06704adba803da8d58b507481ef159d398a4ee44af69e42427dd4d2038fa892f,src/models/eia.py,2136540541c6d42e78a879ce83728886e644dfd3ace819d36766c1d7e5018dbd,996d63d2f7ef590801341ec3f945cb2ce0e40c70c4ebdd2b479db41f7da6d3ae,82730934288f233e80b9367b778c86f943d18fa4
PatientID_0123,PatientID_0123_T1_to_T2_t1c,1,EIA-blend-0.90,0.2740143889174088,0.1587582116316361,0.755316749041242,0.1673657279704803,0.3538309247413362,0.0166365068095201,0.677007125401359,48761,220057,4.512971432087118,0.6097874641579005,0.4386289494863509,PASS,,shard1_attempt1,996d63d2f7ef590801341ec3f945cb2ce0e40c70c4ebdd2b479db41f7da6d3ae,cd6ba794aea9849e5f4de5a23808b7eb4a7b7a7a8d8183cd8525c3ab94b8f041,06704adba803da8d58b507481ef159d398a4ee44af69e42427dd4d2038fa892f,src/models/eia.py,2136540541c6d42e78a879ce83728886e644dfd3ace819d36766c1d7e5018dbd,996d63d2f7ef590801341ec3f945cb2ce0e40c70c4ebdd2b479db41f7da6d3ae,82730934288f233e80b9367b778c86f943d18fa4
PatientID_0123,PatientID_0123_T1_to_T2_t1c,1,EIA-blend-0.75,0.3319619033637347,0.1990133822681646,0.8629216913448329,0.2055103904897367,0.4603864667002882,0.0125809430653349,0.8202988861644218,52408,220057,4.198920012211876,0.8128893877499628,0.6847629693158389,PASS,,shard1_attempt1,996d63d2f7ef590801341ec3f945cb2ce0e40c70c4ebdd2b479db41f7da6d3ae,cd6ba794aea9849e5f4de5a23808b7eb4a7b7a7a8d8183cd8525c3ab94b8f041,06704adba803da8d58b507481ef159d398a4ee44af69e42427dd4d2038fa892f,src/models/eia.py,2136540541c6d42e78a879ce83728886e644dfd3ace819d36766c1d7e5018dbd,996d63d2f7ef590801341ec3f945cb2ce0e40c70c4ebdd2b479db41f7da6d3ae,82730934288f233e80b9367b778c86f943d18fa4
PatientID_0123,PatientID_0123_T1_to_T2_t1c,1,EIA-morph,0.2671942408552359,0.1541974566076645,0.7385891262295756,0.1630986517129652,0.2671942408552359,0.0220507392473118,0.1410908028442808,48594,220057,4.528480882413467,0.1657934080734405,0.0903897133535902,PASS,,shard1_attempt1,996d63d2f7ef590801341ec3f945cb2ce0e40c70c4ebdd2b479db41f7da6d3ae,cd6ba794aea9849e5f4de5a23808b7eb4a7b7a7a8d8183cd8525c3ab94b8f041,06704adba803da8d58b507481ef159d398a4ee44af69e42427dd4d2038fa892f,src/models/eia.py,2136540541c6d42e78a879ce83728886e644dfd3ace819d36766c1d7e5018dbd,996d63d2f7ef590801341ec3f945cb2ce0e40c70c4ebdd2b479db41f7da6d3ae,82730934288f233e80b9367b778c86f943d18fa4
PatientID_0123,PatientID_0123_T1_to_T2_t1c,1,Full PCC,0.4774705425571424,0.3136034841382124,0.9287825253175364,0.3213303825826945,0.4105845629878258,0.0160945818755572,0.6347301877167675,76133,220057,2.890428592069142,0.5160935575793634,0.3477938654535137,PASS,,shard1_attempt1,1ce4cc7063e01bf7896fcc87d293d33d187674a1b44868f4216da54e414f8597,cd6ba794aea9849e5f4de5a23808b7eb4a7b7a7a8d8183cd8525c3ab94b8f041,06704adba803da8d58b507481ef159d398a4ee44af69e42427dd4d2038fa892f,src/models/pcc.py,123122d313885dc1d5736a3ef0c2b739b84988a4c4e9f17137f25ef724a13dc4,1ce4cc7063e01bf7896fcc87d293d33d187674a1b44868f4216da54e414f8597,82730934288f233e80b9367b778c86f943d18fa4
PatientID_0123,PatientID_0123_T1_to_T2_t1c,1,No-smoothing PCC,0.5326010711329342,0.3629558810869102,0.9920491417531518,0.3640147779893391,0.4448762537553961,0.0150284350034038,0.6913006863195129,80746,220057,2.725299086022837,0.5362337939726156,0.3663384164533878,PASS,,shard1_attempt1,a98cff9de3cd973fac6fd4129a2a0437abb1490f192afe845d096994cd98b126,cd6ba794aea9849e5f4de5a23808b7eb4a7b7a7a8d8183cd8525c3ab94b8f041,06704adba803da8d58b507481ef159d398a4ee44af69e42427dd4d2038fa892f,src/analysis/internal_completion.py,d72550e520742f4fd2a3fe63f61d29804bdd17c303016b7e3a48452ae6cd62f9;123122d313885dc1d5736a3ef0c2b739b84988a4c4e9f17137f25ef724a13dc4,a98cff9de3cd973fac6fd4129a2a0437abb1490f192afe845d096994cd98b126,82730934288f233e80b9367b778c86f943d18fa4
PatientID_0125,PatientID_0125_T1_to_T2_t1c,1,Fixed,0.2185270830827084,0.1226665199383741,0.6646880251531414,0.1307579514249913,0.2386330126242113,0.0176147121434342,0.3633109579474489,36894,187545,5.083346885672468,0.4042016582702706,0.2532911883052441,PASS,,shard1_attempt1,1ce4cc7063e01bf7896fcc87d293d33d187674a1b44868f4216da54e414f8597,0100f1c14746f239321cbd8f69d44af0d01ed696e5f1ad992a0d795d4d54a3b2,ca022de7fceb366e9f530263a9f1715035c418698d3440370eaa3f1b6da878cc,src/models/pcc.py,123122d313885dc1d5736a3ef0c2b739b84988a4c4e9f17137f25ef724a13dc4,1ce4cc7063e01bf7896fcc87d293d33d187674a1b44868f4216da54e414f8597,82730934288f233e80b9367b778c86f943d18fa4
PatientID_0125,PatientID_0125_T1_to_T2_t1c,1,Naive,0.2185270830827084,0.1226665199383741,0.6646880251531414,0.1307579514249913,0.2233816329964816,0.0185930907266626,0.3632947841896423,36894,187545,5.083346885672468,0.4042016582702706,0.2532911883052441,PASS,,shard1_attempt1,55571640a310a07ad9308efdca53e052351467d1c3f7fa58b36754d53d564135,0100f1c14746f239321cbd8f69d44af0d01ed696e5f1ad992a0d795d4d54a3b2,ca022de7fceb366e9f530263a9f1715035c418698d3440370eaa3f1b6da878cc,src/models/naive_self_tightening.py,131759341c8cebad65044361f13f5ed778994c76eee669c99a818025b0a8c634,55571640a310a07ad9308efdca53e052351467d1c3f7fa58b36754d53d564135,82730934288f233e80b9367b778c86f943d18fa4
PatientID_0125,PatientID_0125_T1_to_T2_t1c,1,EIA-linear,0.2999249121130414,0.1764186265947942,0.750314854739898,0.1874216854621557,0.474604640287864,0.0104873668676411,0.7770150490791371,46847,187545,4.003351335197558,0.8129408941858942,0.6848360710979134,PASS,,shard1_attempt1,996d63d2f7ef590801341ec3f945cb2ce0e40c70c4ebdd2b479db41f7da6d3ae,0100f1c14746f239321cbd8f69d44af0d01ed696e5f1ad992a0d795d4d54a3b2,ca022de7fceb366e9f530263a9f1715035c418698d3440370eaa3f1b6da878cc,src/models/eia.py,2136540541c6d42e78a879ce83728886e644dfd3ace819d36766c1d7e5018dbd,996d63d2f7ef590801341ec3f945cb2ce0e40c70c4ebdd2b479db41f7da6d3ae,82730934288f233e80b9367b778c86f943d18fa4
PatientID_0125,PatientID_0125_T1_to_T2_t1c,1,EIA-blend-0.90,0.231455700721068,0.1308735669304053,0.7092733885743977,0.1382921432189607,0.3234440807130288,0.0148728149256478,0.6576544311027551,36567,187545,5.12880465993929,0.6428697112702475,0.4736978583488576,PASS,,shard1_attempt1,996d63d2f7ef590801341ec3f945cb2ce0e40c70c4ebdd2b479db41f7da6d3ae,0100f1c14746f239321cbd8f69d44af0d01ed696e5f1ad992a0d795d4d54a3b2,ca022de7fceb366e9f530263a9f1715035c418698d3440370eaa3f1b6da878cc,src/models/eia.py,2136540541c6d42e78a879ce83728886e644dfd3ace819d36766c1d7e5018dbd,996d63d2f7ef590801341ec3f945cb2ce0e40c70c4ebdd2b479db41f7da6d3ae,82730934288f233e80b9367b778c86f943d18fa4
PatientID_0125,PatientID_0125_T1_to_T2_t1c,1,EIA-blend-0.75,0.2746820296920009,0.1592066125891944,0.8133053405064952,0.1652456743714841,0.4350361945235309,0.0112822003798127,0.7975282765683268,38105,187545,4.921795040020995,0.8146578154581177,0.6872764895090652,PASS,,shard1_attempt1,996d63d2f7ef590801341ec3f945cb2ce0e40c70c4ebdd2b479db41f7da6d3ae,0100f1c14746f239321cbd8f69d44af0d01ed696e5f1ad992a0d795d4d54a3b2,ca022de7fceb366e9f530263a9f1715035c418698d3440370eaa3f1b6da878cc,src/models/eia.py,2136540541c6d42e78a879ce83728886e644dfd3ace819d36766c1d7e5018dbd,996d63d2f7ef590801341ec3f945cb2ce0e40c70c4ebdd2b479db41f7da6d3ae,82730934288f233e80b9367b778c86f943d18fa4
PatientID_0125,PatientID_0125_T1_to_T2_t1c,1,EIA-morph,0.2243142765662243,0.1263254378891165,0.6756771237977871,0.1344797248660321,0.2243142765662243,0.0195374103942652,0.1090463253195015,37327,187545,5.024379135746242,0.1568316937290867,0.0850881024798147,PASS,,shard1_attempt1,996d63d2f7ef590801341ec3f945cb2ce0e40c70c4ebdd2b479db41f7da6d3ae,0100f1c14746f239321cbd8f69d44af0d01ed696e5f1ad992a0d795d4d54a3b2,ca022de7fceb366e9f530263a9f1715035c418698d3440370eaa3f1b6da878cc,src/models/eia.py,2136540541c6d42e78a879ce83728886e644dfd3ace819d36766c1d7e5018dbd,996d63d2f7ef590801341ec3f945cb2ce0e40c70c4ebdd2b479db41f7da6d3ae,82730934288f233e80b9367b778c86f943d18fa4
PatientID_0125,PatientID_0125_T1_to_T2_t1c,1,Full PCC,0.4228671051069977,0.268123952316451,0.9094813928106186,0.2754752192807059,0.370804857636096,0.0146560517798033,0.5892348229594395,56806,187545,3.301499841566032,0.4920365778893278,0.3262921173528388,PASS,,shard1_attempt1,1ce4cc7063e01bf7896fcc87d293d33d187674a1b44868f4216da54e414f8597,0100f1c14746f239321cbd8f69d44af0d01ed696e5f1ad992a0d795d4d54a3b2,ca022de7fceb366e9f530263a9f1715035c418698d3440370eaa3f1b6da878cc,src/models/pcc.py,123122d313885dc1d5736a3ef0c2b739b84988a4c4e9f17137f25ef724a13dc4,1ce4cc7063e01bf7896fcc87d293d33d187674a1b44868f4216da54e414f8597,82730934288f233e80b9367b778c86f943d18fa4
PatientID_0125,PatientID_0125_T1_to_T2_t1c,1,No-smoothing PCC,0.4807931402353432,0.3164764147456678,0.9700127846196172,0.3196032952091498,0.4058747488447881,0.0137381983042717,0.6545598344746643,61793,187545,3.035052514038807,0.5143085659454683,0.3461745515646109,PASS,,shard1_attempt1,a98cff9de3cd973fac6fd4129a2a0437abb1490f192afe845d096994cd98b126,0100f1c14746f239321cbd8f69d44af0d01ed696e5f1ad992a0d795d4d54a3b2,ca022de7fceb366e9f530263a9f1715035c418698d3440370eaa3f1b6da878cc,src/analysis/internal_completion.py,d72550e520742f4fd2a3fe63f61d29804bdd17c303016b7e3a48452ae6cd62f9;123122d313885dc1d5736a3ef0c2b739b84988a4c4e9f17137f25ef724a13dc4,a98cff9de3cd973fac6fd4129a2a0437abb1490f192afe845d096994cd98b126,82730934288f233e80b9367b778c86f943d18fa4
PatientID_0135,PatientID_0135_T1_to_T2_t1c,1,Fixed,0.0855243275914173,0.0446724546172059,0.0898697999364877,0.0815797059671375,0.1029262913391764,0.0017320246851617,0.0660706369301084,9447,10407,1.10161956176564,0.0901316422076423,0.0471925941312541,PASS,,shard1_attempt1,1ce4cc7063e01bf7896fcc87d293d33d187674a1b44868f4216da54e414f8597,a7198ac092fb5723497b9a86d33ca154424863534838c873ae500392e59f4aeb,63d1e46b40ccfea57f996ca698d68ee829cf0c1bee828980f3494cd26514a111,src/models/pcc.py,123122d313885dc1d5736a3ef0c2b739b84988a4c4e9f17137f25ef724a13dc4,1ce4cc7063e01bf7896fcc87d293d33d187674a1b44868f4216da54e414f8597,82730934288f233e80b9367b778c86f943d18fa4
PatientID_0135,PatientID_0135_T1_to_T2_t1c,1,Naive,0.0855243275914173,0.0446724546172059,0.0898697999364877,0.0815797059671375,0.1009884942076288,0.0016920856460474,0.0660706016685975,9447,10407,1.10161956176564,0.0901316422076423,0.0471925941312541,PASS,,shard1_attempt1,55571640a310a07ad9308efdca53e052351467d1c3f7fa58b36754d53d564135,a7198ac092fb5723497b9a86d33ca154424863534838c873ae500392e59f4aeb,63d1e46b40ccfea57f996ca698d68ee829cf0c1bee828980f3494cd26514a111,src/models/naive_self_tightening.py,131759341c8cebad65044361f13f5ed778994c76eee669c99a818025b0a8c634,55571640a310a07ad9308efdca53e052351467d1c3f7fa58b36754d53d564135,82730934288f233e80b9367b778c86f943d18fa4
PatientID_0135,PatientID_0135_T1_to_T2_t1c,1,EIA-linear,0.1867202804412826,0.1029737874566441,0.2014236458680903,0.1740174882290766,0.2036546516932731,0.0013111266586288,0.2018780580176891,8991,10407,1.1574908241574908,0.2086095897372629,0.1164512149806119,PASS,,shard1_attempt1,996d63d2f7ef590801341ec3f945cb2ce0e40c70c4ebdd2b479db41f7da6d3ae,a7198ac092fb5723497b9a86d33ca154424863534838c873ae500392e59f4aeb,63d1e46b40ccfea57f996ca698d68ee829cf0c1bee828980f3494cd26514a111,src/models/eia.py,2136540541c6d42e78a879ce83728886e644dfd3ace819d36766c1d7e5018dbd,996d63d2f7ef590801341ec3f945cb2ce0e40c70c4ebdd2b479db41f7da6d3ae,82730934288f233e80b9367b778c86f943d18fa4
PatientID_0135,PatientID_0135_T1_to_T2_t1c,1,EIA-blend-0.90,0.0974356109279848,0.0512127797028249,0.1163908168713294,0.083789756894398,0.1375635914860486,0.001463554633829,0.1151933988440535,7492,10407,1.389081687132942,0.1243393869931613,0.0662909836543908,PASS,,shard1_attempt1,996d63d2f7ef590801341ec3f945cb2ce0e40c70c4ebdd2b479db41f7da6d3ae,a7198ac092fb5723497b9a86d33ca154424863534838c873ae500392e59f4aeb,63d1e46b40ccfea57f996ca698d68ee829cf0c1bee828980f3494cd26514a111,src/models/eia.py,2136540541c6d42e78a879ce83728886e644dfd3ace819d36766c1d7e5018dbd,996d63d2f7ef590801341ec3f945cb2ce0e40c70c4ebdd2b479db41f7da6d3ae,82730934288f233e80b9367b778c86f943d18fa4
PatientID_0135,PatientID_0135_T1_to_T2_t1c,1,EIA-blend-0.75,0.1555784414692756,0.0843508040500297,0.2724867724867725,0.1088690304602671,0.1956759273702333,0.0011116304219828,0.2284252677366433,4158,10407,2.5028860028860027,0.2310944556917894,0.1306426205046095,PASS,,shard1_attempt1,996d63d2f7ef590801341ec3f945cb2ce0e40c70c4ebdd2b479db41f7da6d3ae,a7198ac092fb5723497b9a86d33ca154424863534838c873ae500392e59f4aeb,63d1e46b40ccfea57f996ca698d68ee829cf0c1bee828980f3494cd26514a111,src/models/eia.py,2136540541c6d42e78a879ce83728886e644dfd3ace819d36766c1d7e5018dbd,996d63d2f7ef590801341ec3f945cb2ce0e40c70c4ebdd2b479db41f7da6d3ae,82730934288f233e80b9367b778c86f943d18fa4
PatientID_0135,PatientID_0135_T1_to_T2_t1c,1,EIA-morph,0.0941151363175585,0.0493813336319355,0.1058061420345489,0.0847506486019025,0.0941151363175585,0.0019017697132616,0.0100340074430629,8336,10407,1.248440499040307,0.0847506486458753,0.0442504515831702,PASS,,shard1_attempt1,996d63d2f7ef590801341ec3f945cb2ce0e40c70c4ebdd2b479db41f7da6d3ae,a7198ac092fb5723497b9a86d33ca154424863534838c873ae500392e59f4aeb,63d1e46b40ccfea57f996ca698d68ee829cf0c1bee828980f3494cd26514a111,src/models/eia.py,2136540541c6d42e78a879ce83728886e644dfd3ace819d36766c1d7e5018dbd,996d63d2f7ef590801341ec3f945cb2ce0e40c70c4ebdd2b479db41f7da6d3ae,82730934288f233e80b9367b778c86f943d18fa4
PatientID_0135,PatientID_0135_T1_to_T2_t1c,1,Full PCC,0.4489347414687748,0.2894363979848866,0.6155005021760964,0.3533198808494283,0.2292694851809265,0.0010179138744668,0.3400631260721588,5974,10407,1.7420488784733847,0.504948592317433,0.3377466418575907,PASS,,shard1_attempt1,1ce4cc7063e01bf7896fcc87d293d33d187674a1b44868f4216da54e414f8597,a7198ac092fb5723497b9a86d33ca154424863534838c873ae500392e59f4aeb,63d1e46b40ccfea57f996ca698d68ee829cf0c1bee828980f3494cd26514a111,src/models/pcc.py,123122d313885dc1d5736a3ef0c2b739b84988a4c4e9f17137f25ef724a13dc4,1ce4cc7063e01bf7896fcc87d293d33d187674a1b44868f4216da54e414f8597,82730934288f233e80b9367b778c86f943d18fa4
PatientID_0135,PatientID_0135_T1_to_T2_t1c,1,No-smoothing PCC,0.6515160505547973,0.4831470562351491,0.8516909711448961,0.5275295474200058,0.29178021056416,0.0007863236579006,0.5478479131962312,6446,10407,1.6144896059571827,0.6365907562392337,0.4669109874221643,PASS,,shard1_attempt1,a98cff9de3cd973fac6fd4129a2a0437abb1490f192afe845d096994cd98b126,a7198ac092fb5723497b9a86d33ca154424863534838c873ae500392e59f4aeb,63d1e46b40ccfea57f996ca698d68ee829cf0c1bee828980f3494cd26514a111,src/analysis/internal_completion.py,d72550e520742f4fd2a3fe63f61d29804bdd17c303016b7e3a48452ae6cd62f9;123122d313885dc1d5736a3ef0c2b739b84988a4c4e9f17137f25ef724a13dc4,a98cff9de3cd973fac6fd4129a2a0437abb1490f192afe845d096994cd98b126,82730934288f233e80b9367b778c86f943d18fa4
PatientID_0136,PatientID_0136_T1_to_T2_t1c,1,Fixed,0.2849180881607837,0.1661250615460364,0.4268724696356275,0.2138149556400507,0.2343840544516819,0.0033315780605201,0.2437333331609924,15808,31560,1.9964574898785423,0.2931242078692471,0.17173142254039,PASS,,shard1_attempt1,1ce4cc7063e01bf7896fcc87d293d33d187674a1b44868f4216da54e414f8597,6b9a716985acf5635939dbd69b8285867a2f8ec0ef8408759d0eca70627cc2bb,92fbdb85fce225f869787572e18d203e689bdbe312df8c2cbe506e4158de96c5,src/models/pcc.py,123122d313885dc1d5736a3ef0c2b739b84988a4c4e9f17137f25ef724a13dc4,1ce4cc7063e01bf7896fcc87d293d33d187674a1b44868f4216da54e414f8597,82730934288f233e80b9367b778c86f943d18fa4
PatientID_0136,PatientID_0136_T1_to_T2_t1c,1,Naive,0.2849180881607837,0.1661250615460364,0.4268724696356275,0.2138149556400507,0.2720486588197084,0.0033900254096087,0.2437262591850425,15808,31560,1.9964574898785423,0.2931242078692471,0.17173142254039,PASS,,shard1_attempt1,55571640a310a07ad9308efdca53e052351467d1c3f7fa58b36754d53d564135,6b9a716985acf5635939dbd69b8285867a2f8ec0ef8408759d0eca70627cc2bb,92fbdb85fce225f869787572e18d203e689bdbe312df8c2cbe506e4158de96c5,src/models/naive_self_tightening.py,131759341c8cebad65044361f13f5ed778994c76eee669c99a818025b0a8c634,55571640a310a07ad9308efdca53e052351467d1c3f7fa58b36754d53d564135,82730934288f233e80b9367b778c86f943d18fa4
PatientID_0136,PatientID_0136_T1_to_T2_t1c,1,EIA-linear,0.3433682191552349,0.2072688832397875,0.501950505912471,0.2609315589353612,0.3849221733951586,0.0022485345505066,0.5226336246588766,16406,31560,1.9236864561745703,0.3967363751679858,0.2474554833248195,PASS,,shard1_attempt1,996d63d2f7ef590801341ec3f945cb2ce0e40c70c4ebdd2b479db41f7da6d3ae,6b9a716985acf5635939dbd69b8285867a2f8ec0ef8408759d0eca70627cc2bb,92fbdb85fce225f869787572e18d203e689bdbe312df8c2cbe506e4158de96c5,src/models/eia.py,2136540541c6d42e78a879ce83728886e644dfd3ace819d36766c1d7e5018dbd,996d63d2f7ef590801341ec3f945cb2ce0e40c70c4ebdd2b479db41f7da6d3ae,82730934288f233e80b9367b778c86f943d18fa4
PatientID_0136,PatientID_0136_T1_to_T2_t1c,1,EIA-blend-0.90,0.3000918514630626,0.1765341566962562,0.4843286742905549,0.2173954372623574,0.2862033461765296,0.0028318236949672,0.3837509164641479,14166,31560,2.2278695468022023,0.3193282636356253,0.1900003770749594,PASS,,shard1_attempt1,996d63d2f7ef590801341ec3f945cb2ce0e40c70c4ebdd2b479db41f7da6d3ae,6b9a716985acf5635939dbd69b8285867a2f8ec0ef8408759d0eca70627cc2bb,92fbdb85fce225f869787572e18d203e689bdbe312df8c2cbe506e4158de96c5,src/models/eia.py,2136540541c6d42e78a879ce83728886e644dfd3ace819d36766c1d7e5018dbd,996d63d2f7ef590801341ec3f945cb2ce0e40c70c4ebdd2b479db41f7da6d3ae,82730934288f233e80b9367b778c86f943d18fa4
PatientID_0136,PatientID_0136_T1_to_T2_t1c,1,EIA-blend-0.75,0.341352466704183,0.2058016907461336,0.6564754689754689,0.2306400506970849,0.3631678758940983,0.0021797978683006,0.555872181221991,11088,31560,2.846320346320346,0.4006337135709659,0.2504952849027162,PASS,,shard1_attempt1,996d63d2f7ef590801341ec3f945cb2ce0e40c70c4ebdd2b479db41f7da6d3ae,6b9a716985acf5635939dbd69b8285867a2f8ec0ef8408759d0eca70627cc2bb,92fbdb85fce225f869787572e18d203e689bdbe312df8c2cbe506e4158de96c5,src/models/eia.py,2136540541c6d42e78a879ce83728886e644dfd3ace819d36766c1d7e5018dbd,996d63d2f7ef590801341ec3f945cb2ce0e40c70c4ebdd2b479db41f7da6d3ae,82730934288f233e80b9367b778c86f943d18fa4
PatientID_0136,PatientID_0136_T1_to_T2_t1c,1,EIA-morph,0.2911175031125231,0.1703554829795251,0.451284440303474,0.2148605830164765,0.2911175031125231,0.0036989247311827,0.0997386635771088,15026,31560,2.1003593770797284,0.2391951837889861,0.1358442353181363,PASS,,shard1_attempt1,996d63d2f7ef590801341ec3f945cb2ce0e40c70c4ebdd2b479db41f7da6d3ae,6b9a716985acf5635939dbd69b8285867a2f8ec0ef8408759d0eca70627cc2bb,92fbdb85fce225f869787572e18d203e689bdbe312df8c2cbe506e4158de96c5,src/models/eia.py,2136540541c6d42e78a879ce83728886e644dfd3ace819d36766c1d7e5018dbd,996d63d2f7ef590801341ec3f945cb2ce0e40c70c4ebdd2b479db41f7da6d3ae,82730934288f233e80b9367b778c86f943d18fa4
PatientID_0136,PatientID_0136_T1_to_T2_t1c,1,Full PCC,0.4726055103600162,0.309419415590148,0.8127222136342557,0.3331749049429657,0.3454694453879337,0.0024911556784902,0.4633146821634199,12938,31560,2.43932601638584,0.4546894803635188,0.2942382612406348,PASS,,shard1_attempt1,1ce4cc7063e01bf7896fcc87d293d33d187674a1b44868f4216da54e414f8597,6b9a716985acf5635939dbd69b8285867a2f8ec0ef8408759d0eca70627cc2bb,92fbdb85fce225f869787572e18d203e689bdbe312df8c2cbe506e4158de96c5,src/models/pcc.py,123122d313885dc1d5736a3ef0c2b739b84988a4c4e9f17137f25ef724a13dc4,1ce4cc7063e01bf7896fcc87d293d33d187674a1b44868f4216da54e414f8597,82730934288f233e80b9367b778c86f943d18fa4
PatientID_0136,PatientID_0136_T1_to_T2_t1c,1,No-smoothing PCC,0.5809121285211657,0.4093559956338687,0.9629520944904996,0.4159062103929024,0.4018259780033666,0.0021610510822344,0.5624511741347774,13631,31560,2.315310688870956,0.5047845373969457,0.3375998643892093,PASS,,shard1_attempt1,a98cff9de3cd973fac6fd4129a2a0437abb1490f192afe845d096994cd98b126,6b9a716985acf5635939dbd69b8285867a2f8ec0ef8408759d0eca70627cc2bb,92fbdb85fce225f869787572e18d203e689bdbe312df8c2cbe506e4158de96c5,src/analysis/internal_completion.py,d72550e520742f4fd2a3fe63f61d29804bdd17c303016b7e3a48452ae6cd62f9;123122d313885dc1d5736a3ef0c2b739b84988a4c4e9f17137f25ef724a13dc4,a98cff9de3cd973fac6fd4129a2a0437abb1490f192afe845d096994cd98b126,82730934288f233e80b9367b778c86f943d18fa4
PatientID_0138,PatientID_0138_T1_to_T2_t1c,1,Fixed,0.0399283425776001,0.0203708585991739,0.0207896105759744,0.502819956616052,0.0305836618028223,0.004303113764954,0.0190516951978326,55749,2305,0.0413460331127015,0.0039045555306063,0.0019560967176796,PASS,,shard1_attempt1,1ce4cc7063e01bf7896fcc87d293d33d187674a1b44868f4216da54e414f8597,65f0064921fc3274ce42ed08c4af04c61e3c2b78f7bfa7d911abe2660be9c136,9926fc49e7538858ba882f6d432277f9a8a8bb38e8861336fd789475c8c5f04d,src/models/pcc.py,123122d313885dc1d5736a3ef0c2b739b84988a4c4e9f17137f25ef724a13dc4,1ce4cc7063e01bf7896fcc87d293d33d187674a1b44868f4216da54e414f8597,82730934288f233e80b9367b778c86f943d18fa4
PatientID_0138,PatientID_0138_T1_to_T2_t1c,1,Naive,0.0399283425776001,0.0203708585991739,0.0207896105759744,0.502819956616052,0.0388157618550207,0.0048134635322339,0.019051994842453,55749,2305,0.0413460331127015,0.0039045555306063,0.0019560967176796,PASS,,shard1_attempt1,55571640a310a07ad9308efdca53e052351467d1c3f7fa58b36754d53d564135,65f0064921fc3274ce42ed08c4af04c61e3c2b78f7bfa7d911abe2660be9c136,9926fc49e7538858ba882f6d432277f9a8a8bb38e8861336fd789475c8c5f04d,src/models/naive_self_tightening.py,131759341c8cebad65044361f13f5ed778994c76eee669c99a818025b0a8c634,55571640a310a07ad9308efdca53e052351467d1c3f7fa58b36754d53d564135,82730934288f233e80b9367b778c86f943d18fa4
PatientID_0138,PatientID_0138_T1_to_T2_t1c,1,EIA-linear,0.0844970749197961,0.0441122139848772,0.0446778257290393,0.7770065075921909,0.0429417545510765,0.0030639604545902,0.0453352058402149,40087,2305,0.0574999376356424,0.0156182214716663,0.0078705730197047,PASS,,shard1_attempt1,996d63d2f7ef590801341ec3f945cb2ce0e40c70c4ebdd2b479db41f7da6d3ae,65f0064921fc3274ce42ed08c4af04c61e3c2b78f7bfa7d911abe2660be9c136,9926fc49e7538858ba882f6d432277f9a8a8bb38e8861336fd789475c8c5f04d,src/models/eia.py,2136540541c6d42e78a879ce83728886e644dfd3ace819d36766c1d7e5018dbd,996d63d2f7ef590801341ec3f945cb2ce0e40c70c4ebdd2b479db41f7da6d3ae,82730934288f233e80b9367b778c86f943d18fa4
PatientID_0138,PatientID_0138_T1_to_T2_t1c,1,EIA-blend-0.90,0.0479051383399209,0.0245403741799627,0.0250957656072057,0.5258134490238612,0.0342234728943774,0.0035029013820016,0.0315743781567764,48295,2305,0.0477275080236049,0.0095444687614871,0.0047951179152582,PASS,,shard1_attempt1,996d63d2f7ef590801341ec3f945cb2ce0e40c70c4ebdd2b479db41f7da6d3ae,65f0064921fc3274ce42ed08c4af04c61e3c2b78f7bfa7d911abe2660be9c136,9926fc49e7538858ba882f6d432277f9a8a8bb38e8861336fd789475c8c5f04d,src/models/eia.py,2136540541c6d42e78a879ce83728886e644dfd3ace819d36766c1d7e5018dbd,996d63d2f7ef590801341ec3f945cb2ce0e40c70c4ebdd2b479db41f7da6d3ae,82730934288f233e80b9367b778c86f943d18fa4
PatientID_0138,PatientID_0138_T1_to_T2_t1c,1,EIA-blend-0.75,0.0880619012527634,0.0460589708999807,0.0473845950500611,0.6221258134490238,0.0413301786906979,0.0024613462233344,0.102498338883684,30263,2305,0.0761656147771205,0.0711496748218764,0.036887089735293,PASS,,shard1_attempt1,996d63d2f7ef590801341ec3f945cb2ce0e40c70c4ebdd2b479db41f7da6d3ae,65f0064921fc3274ce42ed08c4af04c61e3c2b78f7bfa7d911abe2660be9c136,9926fc49e7538858ba882f6d432277f9a8a8bb38e8861336fd789475c8c5f04d,src/models/eia.py,2136540541c6d42e78a879ce83728886e644dfd3ace819d36766c1d7e5018dbd,996d63d2f7ef590801341ec3f945cb2ce0e40c70c4ebdd2b479db41f7da6d3ae,82730934288f233e80b9367b778c86f943d18fa4
PatientID_0138,PatientID_0138_T1_to_T2_t1c,1,EIA-morph,0.0802095380638138,0.0417803607498493,0.0435167755508803,0.5114967462039045,0.0802095380638138,0.0030286738351254,0.0223848091712454,27093,2305,0.0850773262466319,0.0325379611643084,0.0165380377030787,PASS,,shard1_attempt1,996d63d2f7ef590801341ec3f945cb2ce0e40c70c4ebdd2b479db41f7da6d3ae,65f0064921fc3274ce42ed08c4af04c61e3c2b78f7bfa7d911abe2660be9c136,9926fc49e7538858ba882f6d432277f9a8a8bb38e8861336fd789475c8c5f04d,src/models/eia.py,2136540541c6d42e78a879ce83728886e644dfd3ace819d36766c1d7e5018dbd,996d63d2f7ef590801341ec3f945cb2ce0e40c70c4ebdd2b479db41f7da6d3ae,82730934288f233e80b9367b778c86f943d18fa4
PatientID_0138,PatientID_0138_T1_to_T2_t1c,1,Full PCC,0.2004627024323141,0.1113968033356497,0.1171098772647574,0.6954446854663774,0.052940750994943,0.0017179591068589,0.0940773789119503,13688,2305,0.168395675043834,0.0186550978267559,0.0094153713576931,PASS,,shard1_attempt1,1ce4cc7063e01bf7896fcc87d293d33d187674a1b44868f4216da54e414f8597,65f0064921fc3274ce42ed08c4af04c61e3c2b78f7bfa7d911abe2660be9c136,9926fc49e7538858ba882f6d432277f9a8a8bb38e8861336fd789475c8c5f04d,src/models/pcc.py,123122d313885dc1d5736a3ef0c2b739b84988a4c4e9f17137f25ef724a13dc4,1ce4cc7063e01bf7896fcc87d293d33d187674a1b44868f4216da54e414f8597,82730934288f233e80b9367b778c86f943d18fa4
PatientID_0138,PatientID_0138_T1_to_T2_t1c,1,No-smoothing PCC,0.416944136145024,0.2633792942276233,0.2649582696602797,0.977874186550976,0.0729680140401206,0.0013536608934745,0.2826357315931251,8507,2305,0.2709533325496649,0.2399132322689993,0.1363076166782579,PASS,,shard1_attempt1,a98cff9de3cd973fac6fd4129a2a0437abb1490f192afe845d096994cd98b126,65f0064921fc3274ce42ed08c4af04c61e3c2b78f7bfa7d911abe2660be9c136,9926fc49e7538858ba882f6d432277f9a8a8bb38e8861336fd789475c8c5f04d,src/analysis/internal_completion.py,d72550e520742f4fd2a3fe63f61d29804bdd17c303016b7e3a48452ae6cd62f9;123122d313885dc1d5736a3ef0c2b739b84988a4c4e9f17137f25ef724a13dc4,a98cff9de3cd973fac6fd4129a2a0437abb1490f192afe845d096994cd98b126,82730934288f233e80b9367b778c86f943d18fa4
PatientID_0140,PatientID_0140_T1_to_T2_t1c,1,Fixed,0.0397253129346314,0.0202651767105671,0.0218044754043608,0.2230356271351879,0.0256360042701996,0.0019296237840692,0.0134835213123098,20959,2049,0.0977622978195524,0.0248901905746973,0.0126019275975779,PASS,,shard1_attempt1,1ce4cc7063e01bf7896fcc87d293d33d187674a1b44868f4216da54e414f8597,6cb46d3c2a8510cec3fa6fc363b658f44b58fc28fec699a672168adad08a2a3e,4063225b4867780b7c7aac6c3714568f8d30912baf33d110b84c5f7e4aa11daf,src/models/pcc.py,123122d313885dc1d5736a3ef0c2b739b84988a4c4e9f17137f25ef724a13dc4,1ce4cc7063e01bf7896fcc87d293d33d187674a1b44868f4216da54e414f8597,82730934288f233e80b9367b778c86f943d18fa4
PatientID_0140,PatientID_0140_T1_to_T2_t1c,1,Naive,0.0397253129346314,0.0202651767105671,0.0218044754043608,0.2230356271351879,0.0374371971428294,0.001834464985092,0.0134835212185563,20959,2049,0.0977622978195524,0.0248901905746973,0.0126019275975779,PASS,,shard1_attempt1,55571640a310a07ad9308efdca53e052351467d1c3f7fa58b36754d53d564135,6cb46d3c2a8510cec3fa6fc363b658f44b58fc28fec699a672168adad08a2a3e,4063225b4867780b7c7aac6c3714568f8d30912baf33d110b84c5f7e4aa11daf,src/models/naive_self_tightening.py,131759341c8cebad65044361f13f5ed778994c76eee669c99a818025b0a8c634,55571640a310a07ad9308efdca53e052351467d1c3f7fa58b36754d53d564135,82730934288f233e80b9367b778c86f943d18fa4
PatientID_0140,PatientID_0140_T1_to_T2_t1c,1,EIA-linear,0.0833000057133062,0.043460116847502,0.047172253138346,0.3557833089311859,0.0420555739477336,0.0014469305028302,0.0346536798547917,15454,2049,0.1325870324834994,0.0366032213185448,0.0186428041216398,PASS,,shard1_attempt1,996d63d2f7ef590801341ec3f945cb2ce0e40c70c4ebdd2b479db41f7da6d3ae,6cb46d3c2a8510cec3fa6fc363b658f44b58fc28fec699a672168adad08a2a3e,4063225b4867780b7c7aac6c3714568f8d30912baf33d110b84c5f7e4aa11daf,src/models/eia.py,2136540541c6d42e78a879ce83728886e644dfd3ace819d36766c1d7e5018dbd,996d63d2f7ef590801341ec3f945cb2ce0e40c70c4ebdd2b479db41f7da6d3ae,82730934288f233e80b9367b778c86f943d18fa4
PatientID_0140,PatientID_0140_T1_to_T2_t1c,1,EIA-blend-0.90,0.0457373988799004,0.0234039165737939,0.0255874673629242,0.2152269399707174,0.030351195295163,0.0015809839563654,0.0227912666073817,17235,2049,0.1188859878154917,0.0268423623653386,0.0136037598284432,PASS,,shard1_attempt1,996d63d2f7ef590801341ec3f945cb2ce0e40c70c4ebdd2b479db41f7da6d3ae,6cb46d3c2a8510cec3fa6fc363b658f44b58fc28fec699a672168adad08a2a3e,4063225b4867780b7c7aac6c3714568f8d30912baf33d110b84c5f7e4aa11daf,src/models/eia.py,2136540541c6d42e78a879ce83728886e644dfd3ace819d36766c1d7e5018dbd,996d63d2f7ef590801341ec3f945cb2ce0e40c70c4ebdd2b479db41f7da6d3ae,82730934288f233e80b9367b778c86f943d18fa4
PatientID_0140,PatientID_0140_T1_to_T2_t1c,1,EIA-blend-0.75,0.084512465107325,0.0441206030150753,0.0526378896882494,0.2142508540751586,0.0394812539788584,0.001126958519829,0.0434128247596528,8340,2049,0.24568345323741,0.0395314790045067,0.020164301961622,PASS,,shard1_attempt1,996d63d2f7ef590801341ec3f945cb2ce0e40c70c4ebdd2b479db41f7da6d3ae,6cb46d3c2a8510cec3fa6fc363b658f44b58fc28fec699a672168adad08a2a3e,4063225b4867780b7c7aac6c3714568f8d30912baf33d110b84c5f7e4aa11daf,src/models/eia.py,2136540541c6d42e78a879ce83728886e644dfd3ace819d36766c1d7e5018dbd,996d63d2f7ef590801341ec3f945cb2ce0e40c70c4ebdd2b479db41f7da6d3ae,82730934288f233e80b9367b778c86f943d18fa4
PatientID_0140,PatientID_0140_T1_to_T2_t1c,1,EIA-morph,0.0621725462801257,0.0320836337418889,0.0362791456057394,0.217179111761835,0.0621725462801257,0.0015036962365591,0.0080587321163406,12266,2049,0.1670471221262025,0.0390434360568464,0.0199104034295892,PASS,,shard1_attempt1,996d63d2f7ef590801341ec3f945cb2ce0e40c70c4ebdd2b479db41f7da6d3ae,6cb46d3c2a8510cec3fa6fc363b658f44b58fc28fec699a672168adad08a2a3e,4063225b4867780b7c7aac6c3714568f8d30912baf33d110b84c5f7e4aa11daf,src/models/eia.py,2136540541c6d42e78a879ce83728886e644dfd3ace819d36766c1d7e5018dbd,996d63d2f7ef590801341ec3f945cb2ce0e40c70c4ebdd2b479db41f7da6d3ae,82730934288f233e80b9367b778c86f943d18fa4
PatientID_0140,PatientID_0140_T1_to_T2_t1c,1,Full PCC,0.214783440360705,0.1203122608296341,0.149146110056926,0.383601756954612,0.0461682382053449,0.0008825502677436,0.0785615485364436,5270,2049,0.3888045540796964,0.152757442861699,0.082694848326897,PASS,,shard1_attempt1,1ce4cc7063e01bf7896fcc87d293d33d187674a1b44868f4216da54e414f8597,6cb46d3c2a8510cec3fa6fc363b658f44b58fc28fec699a672168adad08a2a3e,4063225b4867780b7c7aac6c3714568f8d30912baf33d110b84c5f7e4aa11daf,src/models/pcc.py,123122d313885dc1d5736a3ef0c2b739b84988a4c4e9f17137f25ef724a13dc4,1ce4cc7063e01bf7896fcc87d293d33d187674a1b44868f4216da54e414f8597,82730934288f233e80b9367b778c86f943d18fa4
PatientID_0140,PatientID_0140_T1_to_T2_t1c,1,No-smoothing PCC,0.5175292153589316,0.3490990990990991,0.4520597885526795,0.6051732552464617,0.0665641761807962,0.0006575569563469,0.2996574971615607,2743,2049,0.7469923441487423,0.5402635433039864,0.370110331203574,PASS,,shard1_attempt1,a98cff9de3cd973fac6fd4129a2a0437abb1490f192afe845d096994cd98b126,6cb46d3c2a8510cec3fa6fc363b658f44b58fc28fec699a672168adad08a2a3e,4063225b4867780b7c7aac6c3714568f8d30912baf33d110b84c5f7e4aa11daf,src/analysis/internal_completion.py,d72550e520742f4fd2a3fe63f61d29804bdd17c303016b7e3a48452ae6cd62f9;123122d313885dc1d5736a3ef0c2b739b84988a4c4e9f17137f25ef724a13dc4,a98cff9de3cd973fac6fd4129a2a0437abb1490f192afe845d096994cd98b126,82730934288f233e80b9367b778c86f943d18fa4
PatientID_0142,PatientID_0142_T1_to_T2_t1c,1,Fixed,0.1793673824724318,0.0985192623408087,0.1167614334019683,0.386723393605706,0.1439553690057527,0.0045966110920747,0.109836591501582,52937,15983,0.3019249296333377,0.1780641932309934,0.0977335165145009,PASS,,shard1_attempt1,1ce4cc7063e01bf7896fcc87d293d33d187674a1b44868f4216da54e414f8597,7a066b7dd27c09fa63ef13799fc9bb7e45ebf060ef6143c6d759ab33992a99eb,cb1d11413e35d73c7423bead1a059db139d45ecfe27ebd27c1ee4abcc50c945e,src/models/pcc.py,123122d313885dc1d5736a3ef0c2b739b84988a4c4e9f17137f25ef724a13dc4,1ce4cc7063e01bf7896fcc87d293d33d187674a1b44868f4216da54e414f8597,82730934288f233e80b9367b778c86f943d18fa4
PatientID_0142,PatientID_0142_T1_to_T2_t1c,1,Naive,0.1793673824724318,0.0985192623408087,0.1167614334019683,0.386723393605706,0.1732257106267985,0.0050917921817366,0.1097463587923266,52937,15983,0.3019249296333377,0.1780641932309934,0.0977335165145009,PASS,,shard1_attempt1,55571640a310a07ad9308efdca53e052351467d1c3f7fa58b36754d53d564135,7a066b7dd27c09fa63ef13799fc9bb7e45ebf060ef6143c6d759ab33992a99eb,cb1d11413e35d73c7423bead1a059db139d45ecfe27ebd27c1ee4abcc50c945e,src/models/naive_self_tightening.py,131759341c8cebad65044361f13f5ed778994c76eee669c99a818025b0a8c634,55571640a310a07ad9308efdca53e052351467d1c3f7fa58b36754d53d564135,82730934288f233e80b9367b778c86f943d18fa4
PatientID_0142,PatientID_0142_T1_to_T2_t1c,1,EIA-linear,0.2493348536678069,0.1424229266174554,0.164685089974293,0.5130451104298317,0.1843101965806259,0.0039200385368003,0.1712329400536065,49792,15983,0.3209953406169666,0.2234248889687973,0.1257615777733487,PASS,,shard1_attempt1,996d63d2f7ef590801341ec3f945cb2ce0e40c70c4ebdd2b479db41f7da6d3ae,7a066b7dd27c09fa63ef13799fc9bb7e45ebf060ef6143c6d759ab33992a99eb,cb1d11413e35d73c7423bead1a059db139d45ecfe27ebd27c1ee4abcc50c945e,src/models/eia.py,2136540541c6d42e78a879ce83728886e644dfd3ace819d36766c1d7e5018dbd,996d63d2f7ef590801341ec3f945cb2ce0e40c70c4ebdd2b479db41f7da6d3ae,82730934288f233e80b9367b778c86f943d18fa4
PatientID_0142,PatientID_0142_T1_to_T2_t1c,1,EIA-blend-0.90,0.1960815597179233,0.1086975748677763,0.1315986722347146,0.3844710004379653,0.1580533746237661,0.0038326852209693,0.1878102527229129,46695,15983,0.3422850412249705,0.2238628543069554,0.1260391715116937,PASS,,shard1_attempt1,996d63d2f7ef590801341ec3f945cb2ce0e40c70c4ebdd2b479db41f7da6d3ae,7a066b7dd27c09fa63ef13799fc9bb7e45ebf060ef6143c6d759ab33992a99eb,cb1d11413e35d73c7423bead1a059db139d45ecfe27ebd27c1ee4abcc50c945e,src/models/eia.py,2136540541c6d42e78a879ce83728886e644dfd3ace819d36766c1d7e5018dbd,996d63d2f7ef590801341ec3f945cb2ce0e40c70c4ebdd2b479db41f7da6d3ae,82730934288f233e80b9367b778c86f943d18fa4
PatientID_0142,PatientID_0142_T1_to_T2_t1c,1,EIA-blend-0.75,0.2642529918669653,0.1522416519393545,0.1950369399428026,0.4096227241444034,0.1831938371270593,0.0028423212211161,0.271992150592641,33568,15983,0.4761379885605338,0.279234186345516,0.1622732065897439,PASS,,shard1_attempt1,996d63d2f7ef590801341ec3f945cb2ce0e40c70c4ebdd2b479db41f7da6d3ae,7a066b7dd27c09fa63ef13799fc9bb7e45ebf060ef6143c6d759ab33992a99eb,cb1d11413e35d73c7423bead1a059db139d45ecfe27ebd27c1ee4abcc50c945e,src/models/eia.py,2136540541c6d42e78a879ce83728886e644dfd3ace819d36766c1d7e5018dbd,996d63d2f7ef590801341ec3f945cb2ce0e40c70c4ebdd2b479db41f7da6d3ae,82730934288f233e80b9367b778c86f943d18fa4
PatientID_0142,PatientID_0142_T1_to_T2_t1c,1,EIA-morph,0.203527950310559,0.1132931349228301,0.138403315912777,0.3844084339610836,0.203527950310559,0.0053860887096774,0.0543054404555177,44392,15983,0.3600423499729681,0.1374585497360489,0.0738016057283146,PASS,,shard1_attempt1,996d63d2f7ef590801341ec3f945cb2ce0e40c70c4ebdd2b479db41f7da6d3ae,7a066b7dd27c09fa63ef13799fc9bb7e45ebf060ef6143c6d759ab33992a99eb,cb1d11413e35d73c7423bead1a059db139d45ecfe27ebd27c1ee4abcc50c945e,src/models/eia.py,2136540541c6d42e78a879ce83728886e644dfd3ace819d36766c1d7e5018dbd,996d63d2f7ef590801341ec3f945cb2ce0e40c70c4ebdd2b479db41f7da6d3ae,82730934288f233e80b9367b778c86f943d18fa4
PatientID_0142,PatientID_0142_T1_to_T2_t1c,1,Full PCC,0.4570656882230036,0.296231462826568,0.3855478657094958,0.5611587311518489,0.2232743057247221,0.0024012069591023,0.3193366451531826,23263,15983,0.6870566994798607,0.4671838828922235,0.3047879505569701,PASS,,shard1_attempt1,1ce4cc7063e01bf7896fcc87d293d33d187674a1b44868f4216da54e414f8597,7a066b7dd27c09fa63ef13799fc9bb7e45ebf060ef6143c6d759ab33992a99eb,cb1d11413e35d73c7423bead1a059db139d45ecfe27ebd27c1ee4abcc50c945e,src/models/pcc.py,123122d313885dc1d5736a3ef0c2b739b84988a4c4e9f17137f25ef724a13dc4,1ce4cc7063e01bf7896fcc87d293d33d187674a1b44868f4216da54e414f8597,82730934288f233e80b9367b778c86f943d18fa4
PatientID_0142,PatientID_0142_T1_to_T2_t1c,1,No-smoothing PCC,0.6815241278979788,0.51690299558644,0.6744057828963489,0.6887943439904899,0.2820291418634264,0.0017464245234241,0.5601630427409916,16324,15983,0.97911051212938,0.6857911531099984,0.5218281361808222,PASS,,shard1_attempt1,a98cff9de3cd973fac6fd4129a2a0437abb1490f192afe845d096994cd98b126,7a066b7dd27c09fa63ef13799fc9bb7e45ebf060ef6143c6d759ab33992a99eb,cb1d11413e35d73c7423bead1a059db139d45ecfe27ebd27c1ee4abcc50c945e,src/analysis/internal_completion.py,d72550e520742f4fd2a3fe63f61d29804bdd17c303016b7e3a48452ae6cd62f9;123122d313885dc1d5736a3ef0c2b739b84988a4c4e9f17137f25ef724a13dc4,a98cff9de3cd973fac6fd4129a2a0437abb1490f192afe845d096994cd98b126,82730934288f233e80b9367b778c86f943d18fa4
PatientID_0145,PatientID_0145_T1_to_T2_t1c,1,Fixed,0.2333039586681181,0.1320566488009076,0.2185496924571058,0.2501945669495608,0.1836706572019499,0.0041672575805467,0.1421575409839208,30890,26983,0.8735189381676918,0.2288107326978317,0.1291848008217027,PASS,,shard1_attempt1,1ce4cc7063e01bf7896fcc87d293d33d187674a1b44868f4216da54e414f8597,03a259feeaa2393018f0e8a7f369f0417dc8cb7caec96ab85d138c5bf962ab7d,0831aa78376fbcb7713424373c3e96539b6ea6c5a38be5e0ddee0ac4c2e41f33,src/models/pcc.py,123122d313885dc1d5736a3ef0c2b739b84988a4c4e9f17137f25ef724a13dc4,1ce4cc7063e01bf7896fcc87d293d33d187674a1b44868f4216da54e414f8597,82730934288f233e80b9367b778c86f943d18fa4
PatientID_0145,PatientID_0145_T1_to_T2_t1c,1,Naive,0.2333039586681181,0.1320566488009076,0.2185496924571058,0.2501945669495608,0.2135125141863007,0.0043259467239334,0.1421600027305557,30890,26983,0.8735189381676918,0.2288107326978317,0.1291848008217027,PASS,,shard1_attempt1,55571640a310a07ad9308efdca53e052351467d1c3f7fa58b36754d53d564135,03a259feeaa2393018f0e8a7f369f0417dc8cb7caec96ab85d138c5bf962ab7d,0831aa78376fbcb7713424373c3e96539b6ea6c5a38be5e0ddee0ac4c2e41f33,src/models/naive_self_tightening.py,131759341c8cebad65044361f13f5ed778994c76eee669c99a818025b0a8c634,55571640a310a07ad9308efdca53e052351467d1c3f7fa58b36754d53d564135,82730934288f233e80b9367b778c86f943d18fa4
PatientID_0145,PatientID_0145_T1_to_T2_t1c,1,EIA-linear,0.2785674066237821,0.1618230116564903,0.2581267391854288,0.3025238112885891,0.2781327565315321,0.0033446450777065,0.2658578215042879,31624,26983,0.8532443713635214,0.2643516288169523,0.1523071338767043,PASS,,shard1_attempt1,996d63d2f7ef590801341ec3f945cb2ce0e40c70c4ebdd2b479db41f7da6d3ae,03a259feeaa2393018f0e8a7f369f0417dc8cb7caec96ab85d138c5bf962ab7d,0831aa78376fbcb7713424373c3e96539b6ea6c5a38be5e0ddee0ac4c2e41f33,src/models/eia.py,2136540541c6d42e78a879ce83728886e644dfd3ace819d36766c1d7e5018dbd,996d63d2f7ef590801341ec3f945cb2ce0e40c70c4ebdd2b479db41f7da6d3ae,82730934288f233e80b9367b778c86f943d18fa4
PatientID_0145,PatientID_0145_T1_to_T2_t1c,1,EIA-blend-0.90,0.250142251427103,0.1429500493003545,0.2477998399883628,0.2525293703442908,0.2176843141746735,0.0035194486064644,0.2289621655973794,27498,26983,0.9812713651901956,0.249749842507324,0.1426937980574101,PASS,,shard1_attempt1,996d63d2f7ef590801341ec3f945cb2ce0e40c70c4ebdd2b479db41f7da6d3ae,03a259feeaa2393018f0e8a7f369f0417dc8cb7caec96ab85d138c5bf962ab7d,0831aa78376fbcb7713424373c3e96539b6ea6c5a38be5e0ddee0ac4c2e41f33,src/models/eia.py,2136540541c6d42e78a879ce83728886e644dfd3ace819d36766c1d7e5018dbd,996d63d2f7ef590801341ec3f945cb2ce0e40c70c4ebdd2b479db41f7da6d3ae,82730934288f233e80b9367b778c86f943d18fa4
PatientID_0145,PatientID_0145_T1_to_T2_t1c,1,EIA-blend-0.75,0.2916701583843124,0.1707341002182924,0.3354860475203624,0.2579772449319942,0.2728750145531443,0.002676436406206,0.33366302295347,20749,26983,1.300448214371777,0.3003372493922037,0.1767040251367863,PASS,,shard1_attempt1,996d63d2f7ef590801341ec3f945cb2ce0e40c70c4ebdd2b479db41f7da6d3ae,03a259feeaa2393018f0e8a7f369f0417dc8cb7caec96ab85d138c5bf962ab7d,0831aa78376fbcb7713424373c3e96539b6ea6c5a38be5e0ddee0ac4c2e41f33,src/models/eia.py,2136540541c6d42e78a879ce83728886e644dfd3ace819d36766c1d7e5018dbd,996d63d2f7ef590801341ec3f945cb2ce0e40c70c4ebdd2b479db41f7da6d3ae,82730934288f233e80b9367b778c86f943d18fa4
PatientID_0145,PatientID_0145_T1_to_T2_t1c,1,EIA-morph,0.2367779248832834,0.1342870692380651,0.2233983103776996,0.2518622836600823,0.2367779248832834,0.0049072580645161,0.0585266973272087,30421,26983,0.8869859636435358,0.2220657451131811,0.1249009880534268,PASS,,shard1_attempt1,996d63d2f7ef590801341ec3f945cb2ce0e40c70c4ebdd2b479db41f7da6d3ae,03a259feeaa2393018f0e8a7f369f0417dc8cb7caec96ab85d138c5bf962ab7d,0831aa78376fbcb7713424373c3e96539b6ea6c5a38be5e0ddee0ac4c2e41f33,src/models/eia.py,2136540541c6d42e78a879ce83728886e644dfd3ace819d36766c1d7e5018dbd,996d63d2f7ef590801341ec3f945cb2ce0e40c70c4ebdd2b479db41f7da6d3ae,82730934288f233e80b9367b778c86f943d18fa4
PatientID_0145,PatientID_0145_T1_to_T2_t1c,1,Full PCC,0.4380799208214772,0.2804752475247525,0.4937485475249826,0.3936923247970945,0.2873273108469297,0.0027967891744006,0.3220361563485646,21515,26983,1.2541482686497791,0.4400919097313106,0.2821268204774862,PASS,,shard1_attempt1,1ce4cc7063e01bf7896fcc87d293d33d187674a1b44868f4216da54e414f8597,03a259feeaa2393018f0e8a7f369f0417dc8cb7caec96ab85d138c5bf962ab7d,0831aa78376fbcb7713424373c3e96539b6ea6c5a38be5e0ddee0ac4c2e41f33,src/models/pcc.py,123122d313885dc1d5736a3ef0c2b739b84988a4c4e9f17137f25ef724a13dc4,1ce4cc7063e01bf7896fcc87d293d33d187674a1b44868f4216da54e414f8597,82730934288f233e80b9367b778c86f943d18fa4
PatientID_0145,PatientID_0145_T1_to_T2_t1c,1,No-smoothing PCC,0.5988888638970737,0.4274385153791819,0.7617875944151979,0.4933847237149316,0.3540326764272326,0.002128950832357,0.5146038204584258,17476,26983,1.5440032043945984,0.5519771708195534,0.3811936937095312,PASS,,shard1_attempt1,a98cff9de3cd973fac6fd4129a2a0437abb1490f192afe845d096994cd98b126,03a259feeaa2393018f0e8a7f369f0417dc8cb7caec96ab85d138c5bf962ab7d,0831aa78376fbcb7713424373c3e96539b6ea6c5a38be5e0ddee0ac4c2e41f33,src/analysis/internal_completion.py,d72550e520742f4fd2a3fe63f61d29804bdd17c303016b7e3a48452ae6cd62f9;123122d313885dc1d5736a3ef0c2b739b84988a4c4e9f17137f25ef724a13dc4,a98cff9de3cd973fac6fd4129a2a0437abb1490f192afe845d096994cd98b126,82730934288f233e80b9367b778c86f943d18fa4
PatientID_0147,PatientID_0147_T1_to_T2_t1c,1,Fixed,0.5536072461019443,0.3827502900646884,0.5360617055851123,0.5723401979774453,0.4769027071276535,0.0068498898561483,0.5333928073146107,89846,84151,0.9366137613249338,0.5507480600376065,0.3800223031308011,PASS,,shard1_attempt1,1ce4cc7063e01bf7896fcc87d293d33d187674a1b44868f4216da54e414f8597,99bbf6faaf82c05a7862168ccd11f2436057c497221b55a6d3a11c8b6296ea7b,dfc960afd95ce7edacb3eb86f61436efba296236429693ca55fa70df0bd2590c,src/models/pcc.py,123122d313885dc1d5736a3ef0c2b739b84988a4c4e9f17137f25ef724a13dc4,1ce4cc7063e01bf7896fcc87d293d33d187674a1b44868f4216da54e414f8597,82730934288f233e80b9367b778c86f943d18fa4
PatientID_0147,PatientID_0147_T1_to_T2_t1c,1,Naive,0.5536072461019443,0.3827502900646884,0.5360617055851123,0.5723401979774453,0.5313735591616221,0.0073926056781599,0.5327027919402405,89846,84151,0.9366137613249338,0.5507480600376065,0.3800223031308011,PASS,,shard1_attempt1,55571640a310a07ad9308efdca53e052351467d1c3f7fa58b36754d53d564135,99bbf6faaf82c05a7862168ccd11f2436057c497221b55a6d3a11c8b6296ea7b,dfc960afd95ce7edacb3eb86f61436efba296236429693ca55fa70df0bd2590c,src/models/naive_self_tightening.py,131759341c8cebad65044361f13f5ed778994c76eee669c99a818025b0a8c634,55571640a310a07ad9308efdca53e052351467d1c3f7fa58b36754d53d564135,82730934288f233e80b9367b778c86f943d18fa4
PatientID_0147,PatientID_0147_T1_to_T2_t1c,1,EIA-linear,0.6181008606271391,0.4472836280277649,0.5787896074262303,0.6631412579767323,0.5423385878902138,0.0054912450700406,0.6455692299992194,96415,84151,0.8727998755380387,0.609154971422745,0.4379747268099386,PASS,,shard1_attempt1,996d63d2f7ef590801341ec3f945cb2ce0e40c70c4ebdd2b479db41f7da6d3ae,99bbf6faaf82c05a7862168ccd11f2436057c497221b55a6d3a11c8b6296ea7b,dfc960afd95ce7edacb3eb86f61436efba296236429693ca55fa70df0bd2590c,src/models/eia.py,2136540541c6d42e78a879ce83728886e644dfd3ace819d36766c1d7e5018dbd,996d63d2f7ef590801341ec3f945cb2ce0e40c70c4ebdd2b479db41f7da6d3ae,82730934288f233e80b9367b778c86f943d18fa4
PatientID_0147,PatientID_0147_T1_to_T2_t1c,1,EIA-blend-0.90,0.5835032937149823,0.411934098488171,0.5756559547625381,0.5915675393043458,0.5055611700320707,0.0057992093058435,0.6541234119688463,86477,84151,0.9731026746996312,0.5837720288553684,0.4122020188508504,PASS,,shard1_attempt1,996d63d2f7ef590801341ec3f945cb2ce0e40c70c4ebdd2b479db41f7da6d3ae,99bbf6faaf82c05a7862168ccd11f2436057c497221b55a6d3a11c8b6296ea7b,dfc960afd95ce7edacb3eb86f61436efba296236429693ca55fa70df0bd2590c,src/models/eia.py,2136540541c6d42e78a879ce83728886e644dfd3ace819d36766c1d7e5018dbd,996d63d2f7ef590801341ec3f945cb2ce0e40c70c4ebdd2b479db41f7da6d3ae,82730934288f233e80b9367b778c86f943d18fa4
PatientID_0147,PatientID_0147_T1_to_T2_t1c,1,EIA-blend-0.75,0.6497798699952437,0.4812399515869718,0.6673095950803452,0.6331475561787738,0.5498897483682168,0.0044275522563828,0.7627016937640319,79843,84151,1.0539558884310458,0.6505092036954372,0.4820404892570333,PASS,,shard1_attempt1,996d63d2f7ef590801341ec3f945cb2ce0e40c70c4ebdd2b479db41f7da6d3ae,99bbf6faaf82c05a7862168ccd11f2436057c497221b55a6d3a11c8b6296ea7b,dfc960afd95ce7edacb3eb86f61436efba296236429693ca55fa70df0bd2590c,src/models/eia.py,2136540541c6d42e78a879ce83728886e644dfd3ace819d36766c1d7e5018dbd,996d63d2f7ef590801341ec3f945cb2ce0e40c70c4ebdd2b479db41f7da6d3ae,82730934288f233e80b9367b778c86f943d18fa4
PatientID_0147,PatientID_0147_T1_to_T2_t1c,1,EIA-morph,0.5642155259942522,0.3929667273947646,0.5453668381831086,0.5844137324571307,0.5642155259942522,0.0085090725806451,0.322636984156275,90176,84151,0.9331862136266856,0.5479198108189568,0.377334402676258,PASS,,shard1_attempt1,996d63d2f7ef590801341ec3f945cb2ce0e40c70c4ebdd2b479db41f7da6d3ae,99bbf6faaf82c05a7862168ccd11f2436057c497221b55a6d3a11c8b6296ea7b,dfc960afd95ce7edacb3eb86f61436efba296236429693ca55fa70df0bd2590c,src/models/eia.py,2136540541c6d42e78a879ce83728886e644dfd3ace819d36766c1d7e5018dbd,996d63d2f7ef590801341ec3f945cb2ce0e40c70c4ebdd2b479db41f7da6d3ae,82730934288f233e80b9367b778c86f943d18fa4
PatientID_0147,PatientID_0147_T1_to_T2_t1c,1,Full PCC,0.7456465815771247,0.5944469641695096,0.7773236549296683,0.7164501907285713,0.5943954016253546,0.004235323726739,0.7321619339200386,77561,84151,1.0849653820863578,0.7419044336981027,0.5897043544007774,PASS,,shard1_attempt1,1ce4cc7063e01bf7896fcc87d293d33d187674a1b44868f4216da54e414f8597,99bbf6faaf82c05a7862168ccd11f2436057c497221b55a6d3a11c8b6296ea7b,dfc960afd95ce7edacb3eb86f61436efba296236429693ca55fa70df0bd2590c,src/models/pcc.py,123122d313885dc1d5736a3ef0c2b739b84988a4c4e9f17137f25ef724a13dc4,1ce4cc7063e01bf7896fcc87d293d33d187674a1b44868f4216da54e414f8597,82730934288f233e80b9367b778c86f943d18fa4
PatientID_0147,PatientID_0147_T1_to_T2_t1c,1,No-smoothing PCC,0.8224353348948501,0.6984205277774799,0.8773201152986181,0.7740133807084884,0.6405072375205036,0.0032500156127898,0.8247597664616522,74242,84151,1.133468925944883,0.8023196396964842,0.669894628225449,PASS,,shard1_attempt1,a98cff9de3cd973fac6fd4129a2a0437abb1490f192afe845d096994cd98b126,99bbf6faaf82c05a7862168ccd11f2436057c497221b55a6d3a11c8b6296ea7b,dfc960afd95ce7edacb3eb86f61436efba296236429693ca55fa70df0bd2590c,src/analysis/internal_completion.py,d72550e520742f4fd2a3fe63f61d29804bdd17c303016b7e3a48452ae6cd62f9;123122d313885dc1d5736a3ef0c2b739b84988a4c4e9f17137f25ef724a13dc4,a98cff9de3cd973fac6fd4129a2a0437abb1490f192afe845d096994cd98b126,82730934288f233e80b9367b778c86f943d18fa4
PatientID_0148,PatientID_0148_T1_to_T2_t1c,1,Fixed,0.2180761584340113,0.1223824236182629,0.136454977512679,0.5426867943676266,0.1562178971391248,0.0025200817490093,0.1292022585543074,31351,7883,0.2514433351408248,0.1726500063952397,0.0944810830201679,PASS,,shard1_attempt1,1ce4cc7063e01bf7896fcc87d293d33d187674a1b44868f4216da54e414f8597,0b8db6b139a111a6cd41075ff2e40bba21a33f7511204dbd02f54e9cda1fd7d0,65780061e3c9077b82a4be6306207c6be0badd6e0e2188d38672a98ae761ba00,src/models/pcc.py,123122d313885dc1d5736a3ef0c2b739b84988a4c4e9f17137f25ef724a13dc4,1ce4cc7063e01bf7896fcc87d293d33d187674a1b44868f4216da54e414f8597,82730934288f233e80b9367b778c86f943d18fa4
PatientID_0148,PatientID_0148_T1_to_T2_t1c,1,Naive,0.2180761584340113,0.1223824236182629,0.136454977512679,0.5426867943676266,0.2028727584764774,0.0027224126884767,0.1292188947257476,31351,7883,0.2514433351408248,0.1726500063952397,0.0944810830201679,PASS,,shard1_attempt1,55571640a310a07ad9308efdca53e052351467d1c3f7fa58b36754d53d564135,0b8db6b139a111a6cd41075ff2e40bba21a33f7511204dbd02f54e9cda1fd7d0,65780061e3c9077b82a4be6306207c6be0badd6e0e2188d38672a98ae761ba00,src/models/naive_self_tightening.py,131759341c8cebad65044361f13f5ed778994c76eee669c99a818025b0a8c634,55571640a310a07ad9308efdca53e052351467d1c3f7fa58b36754d53d564135,82730934288f233e80b9367b778c86f943d18fa4
PatientID_0148,PatientID_0148_T1_to_T2_t1c,1,EIA-linear,0.2748337595907928,0.1593085658374596,0.1721177563507063,0.6815933020423697,0.1814384763958151,0.002341588930042,0.165409799098522,31217,7883,0.2525226639331133,0.1942154002794484,0.1075518089843658,PASS,,shard1_attempt1,996d63d2f7ef590801341ec3f945cb2ce0e40c70c4ebdd2b479db41f7da6d3ae,0b8db6b139a111a6cd41075ff2e40bba21a33f7511204dbd02f54e9cda1fd7d0,65780061e3c9077b82a4be6306207c6be0badd6e0e2188d38672a98ae761ba00,src/models/eia.py,2136540541c6d42e78a879ce83728886e644dfd3ace819d36766c1d7e5018dbd,996d63d2f7ef590801341ec3f945cb2ce0e40c70c4ebdd2b479db41f7da6d3ae,82730934288f233e80b9367b778c86f943d18fa4
PatientID_0148,PatientID_0148_T1_to_T2_t1c,1,EIA-blend-0.90,0.2429535085509558,0.1382738076273616,0.1558684097112483,0.5505518203729545,0.1669423550494609,0.0020918866751806,0.215462630904385,27844,7883,0.2831130584686108,0.2115945706449578,0.1183146546234703,PASS,,shard1_attempt1,996d63d2f7ef590801341ec3f945cb2ce0e40c70c4ebdd2b479db41f7da6d3ae,0b8db6b139a111a6cd41075ff2e40bba21a33f7511204dbd02f54e9cda1fd7d0,65780061e3c9077b82a4be6306207c6be0badd6e0e2188d38672a98ae761ba00,src/models/eia.py,2136540541c6d42e78a879ce83728886e644dfd3ace819d36766c1d7e5018dbd,996d63d2f7ef590801341ec3f945cb2ce0e40c70c4ebdd2b479db41f7da6d3ae,82730934288f233e80b9367b778c86f943d18fa4
PatientID_0148,PatientID_0148_T1_to_T2_t1c,1,EIA-blend-0.75,0.3291759940304871,0.1970141635830037,0.2286278381046396,0.587593555752886,0.1864334432211172,0.0015382651553584,0.3276563082253521,20260,7883,0.389091806515301,0.3110490930286028,0.1841670422724825,PASS,,shard1_attempt1,996d63d2f7ef590801341ec3f945cb2ce0e40c70c4ebdd2b479db41f7da6d3ae,0b8db6b139a111a6cd41075ff2e40bba21a33f7511204dbd02f54e9cda1fd7d0,65780061e3c9077b82a4be6306207c6be0badd6e0e2188d38672a98ae761ba00,src/models/eia.py,2136540541c6d42e78a879ce83728886e644dfd3ace819d36766c1d7e5018dbd,996d63d2f7ef590801341ec3f945cb2ce0e40c70c4ebdd2b479db41f7da6d3ae,82730934288f233e80b9367b778c86f943d18fa4
PatientID_0148,PatientID_0148_T1_to_T2_t1c,1,EIA-morph,0.220339429022497,0.1238098054290614,0.1390013943297257,0.5311429658759356,0.220339429022497,0.0033188844086021,0.0742435913398046,30122,7883,0.2617024101985259,0.1414436128922083,0.0761040202664593,PASS,,shard1_attempt1,996d63d2f7ef590801341ec3f945cb2ce0e40c70c4ebdd2b479db41f7da6d3ae,0b8db6b139a111a6cd41075ff2e40bba21a33f7511204dbd02f54e9cda1fd7d0,65780061e3c9077b82a4be6306207c6be0badd6e0e2188d38672a98ae761ba00,src/models/eia.py,2136540541c6d42e78a879ce83728886e644dfd3ace819d36766c1d7e5018dbd,996d63d2f7ef590801341ec3f945cb2ce0e40c70c4ebdd2b479db41f7da6d3ae,82730934288f233e80b9367b778c86f943d18fa4
PatientID_0148,PatientID_0148_T1_to_T2_t1c,1,Full PCC,0.4732448451456716,0.3099677401716879,0.3526594090202177,0.719142458454903,0.2308526833176232,0.0013614256914928,0.3159037243478603,16075,7883,0.4903888024883359,0.3837371559442004,0.237422494369561,PASS,,shard1_attempt1,1ce4cc7063e01bf7896fcc87d293d33d187674a1b44868f4216da54e414f8597,0b8db6b139a111a6cd41075ff2e40bba21a33f7511204dbd02f54e9cda1fd7d0,65780061e3c9077b82a4be6306207c6be0badd6e0e2188d38672a98ae761ba00,src/models/pcc.py,123122d313885dc1d5736a3ef0c2b739b84988a4c4e9f17137f25ef724a13dc4,1ce4cc7063e01bf7896fcc87d293d33d187674a1b44868f4216da54e414f8597,82730934288f233e80b9367b778c86f943d18fa4
PatientID_0148,PatientID_0148_T1_to_T2_t1c,1,No-smoothing PCC,0.739467680608365,0.5866312741312741,0.6158588076338456,0.9251553976912344,0.299009418165609,0.0008659456523555,0.6556167091509062,11842,7883,0.665681472724202,0.686794367646404,0.5229907264757544,PASS,,shard1_attempt1,a98cff9de3cd973fac6fd4129a2a0437abb1490f192afe845d096994cd98b126,0b8db6b139a111a6cd41075ff2e40bba21a33f7511204dbd02f54e9cda1fd7d0,65780061e3c9077b82a4be6306207c6be0badd6e0e2188d38672a98ae761ba00,src/analysis/internal_completion.py,d72550e520742f4fd2a3fe63f61d29804bdd17c303016b7e3a48452ae6cd62f9;123122d313885dc1d5736a3ef0c2b739b84988a4c4e9f17137f25ef724a13dc4,a98cff9de3cd973fac6fd4129a2a0437abb1490f192afe845d096994cd98b126,82730934288f233e80b9367b778c86f943d18fa4
PatientID_0149,PatientID_0149_T1_to_T2_t1c,1,Fixed,0.1023367863165502,0.0539277916010765,0.0576468991722078,0.4553054662379421,0.0739989348252131,0.0061188725873991,0.0504498754532716,73690,9330,0.12661148052653,0.0840300107672009,0.0438576863367723,PASS,,shard1_attempt1,1ce4cc7063e01bf7896fcc87d293d33d187674a1b44868f4216da54e414f8597,284b25e26582c2bfefd87776a1cfa1b158d394fa237c1a68cc4084269751e67e,4b71650968fbebdc6e87b4cedb40994a05cb0df5a73b60ad2df1639cffeaf021,src/models/pcc.py,123122d313885dc1d5736a3ef0c2b739b84988a4c4e9f17137f25ef724a13dc4,1ce4cc7063e01bf7896fcc87d293d33d187674a1b44868f4216da54e414f8597,82730934288f233e80b9367b778c86f943d18fa4
PatientID_0149,PatientID_0149_T1_to_T2_t1c,1,Naive,0.1023367863165502,0.0539277916010765,0.0576468991722078,0.4553054662379421,0.0940446312008866,0.0066882059209263,0.0504065987931658,73690,9330,0.12661148052653,0.0840300107672009,0.0438576863367723,PASS,,shard1_attempt1,55571640a310a07ad9308efdca53e052351467d1c3f7fa58b36754d53d564135,284b25e26582c2bfefd87776a1cfa1b158d394fa237c1a68cc4084269751e67e,4b71650968fbebdc6e87b4cedb40994a05cb0df5a73b60ad2df1639cffeaf021,src/models/naive_self_tightening.py,131759341c8cebad65044361f13f5ed778994c76eee669c99a818025b0a8c634,55571640a310a07ad9308efdca53e052351467d1c3f7fa58b36754d53d564135,82730934288f233e80b9367b778c86f943d18fa4
PatientID_0149,PatientID_0149_T1_to_T2_t1c,1,EIA-linear,0.1400801467092304,0.0753151521348544,0.0802053356148401,0.5526259378349411,0.0983672994567404,0.0052209028080795,0.0788300918141662,64285,9330,0.1451349459438438,0.0996784566398886,0.0524534687505666,PASS,,shard1_attempt1,996d63d2f7ef590801341ec3f945cb2ce0e40c70c4ebdd2b479db41f7da6d3ae,284b25e26582c2bfefd87776a1cfa1b158d394fa237c1a68cc4084269751e67e,4b71650968fbebdc6e87b4cedb40994a05cb0df5a73b60ad2df1639cffeaf021,src/models/eia.py,2136540541c6d42e78a879ce83728886e644dfd3ace819d36766c1d7e5018dbd,996d63d2f7ef590801341ec3f945cb2ce0e40c70c4ebdd2b479db41f7da6d3ae,82730934288f233e80b9367b778c86f943d18fa4
PatientID_0149,PatientID_0149_T1_to_T2_t1c,1,EIA-blend-0.90,0.1166959578207381,0.0619634191862635,0.066769801980198,0.462593783494105,0.0829128586971444,0.0050147726711183,0.1394727240810047,64640,9330,0.1443378712871287,0.1139335477430903,0.0604080241484112,PASS,,shard1_attempt1,996d63d2f7ef590801341ec3f945cb2ce0e40c70c4ebdd2b479db41f7da6d3ae,284b25e26582c2bfefd87776a1cfa1b158d394fa237c1a68cc4084269751e67e,4b71650968fbebdc6e87b4cedb40994a05cb0df5a73b60ad2df1639cffeaf021,src/models/eia.py,2136540541c6d42e78a879ce83728886e644dfd3ace819d36766c1d7e5018dbd,996d63d2f7ef590801341ec3f945cb2ce0e40c70c4ebdd2b479db41f7da6d3ae,82730934288f233e80b9367b778c86f943d18fa4
PatientID_0149,PatientID_0149_T1_to_T2_t1c,1,EIA-blend-0.75,0.1646946072468576,0.089736894958827,0.0994480056980057,0.4788853161843515,0.0997907753212723,0.0035784887590335,0.2233327469075444,44928,9330,0.2076655982905983,0.1778135048672125,0.0975824952004245,PASS,,shard1_attempt1,996d63d2f7ef590801341ec3f945cb2ce0e40c70c4ebdd2b479db41f7da6d3ae,284b25e26582c2bfefd87776a1cfa1b158d394fa237c1a68cc4084269751e67e,4b71650968fbebdc6e87b4cedb40994a05cb0df5a73b60ad2df1639cffeaf021,src/models/eia.py,2136540541c6d42e78a879ce83728886e644dfd3ace819d36766c1d7e5018dbd,996d63d2f7ef590801341ec3f945cb2ce0e40c70c4ebdd2b479db41f7da6d3ae,82730934288f233e80b9367b778c86f943d18fa4
PatientID_0149,PatientID_0149_T1_to_T2_t1c,1,EIA-morph,0.126463700234192,0.0675,0.0733796614834182,0.4572347266881029,0.126463700234192,0.0066010304659498,0.0341189337639115,58136,9330,0.160485757534058,0.0678456592139418,0.0351139957266814,PASS,,shard1_attempt1,996d63d2f7ef590801341ec3f945cb2ce0e40c70c4ebdd2b479db41f7da6d3ae,284b25e26582c2bfefd87776a1cfa1b158d394fa237c1a68cc4084269751e67e,4b71650968fbebdc6e87b4cedb40994a05cb0df5a73b60ad2df1639cffeaf021,src/models/eia.py,2136540541c6d42e78a879ce83728886e644dfd3ace819d36766c1d7e5018dbd,996d63d2f7ef590801341ec3f945cb2ce0e40c70c4ebdd2b479db41f7da6d3ae,82730934288f233e80b9367b778c86f943d18fa4
PatientID_0149,PatientID_0149_T1_to_T2_t1c,1,Full PCC,0.2733994940649932,0.1583455426575002,0.1768296520042791,0.602357984994641,0.1236084436799162,0.003110918664682,0.1591559842935254,31782,9330,0.2935623938078157,0.1816720257673273,0.0999115827232589,PASS,,shard1_attempt1,1ce4cc7063e01bf7896fcc87d293d33d187674a1b44868f4216da54e414f8597,284b25e26582c2bfefd87776a1cfa1b158d394fa237c1a68cc4084269751e67e,4b71650968fbebdc6e87b4cedb40994a05cb0df5a73b60ad2df1639cffeaf021,src/models/pcc.py,123122d313885dc1d5736a3ef0c2b739b84988a4c4e9f17137f25ef724a13dc4,1ce4cc7063e01bf7896fcc87d293d33d187674a1b44868f4216da54e414f8597,82730934288f233e80b9367b778c86f943d18fa4
PatientID_0149,PatientID_0149_T1_to_T2_t1c,1,No-smoothing PCC,0.4868504102671996,0.32174638487208,0.3617886178861789,0.7440514469453376,0.1595317790375988,0.0021742403517311,0.412030112138554,19188,9330,0.4862414008755472,0.4503751340058748,0.2906349426414003,PASS,,shard1_attempt1,a98cff9de3cd973fac6fd4129a2a0437abb1490f192afe845d096994cd98b126,284b25e26582c2bfefd87776a1cfa1b158d394fa237c1a68cc4084269751e67e,4b71650968fbebdc6e87b4cedb40994a05cb0df5a73b60ad2df1639cffeaf021,src/analysis/internal_completion.py,d72550e520742f4fd2a3fe63f61d29804bdd17c303016b7e3a48452ae6cd62f9;123122d313885dc1d5736a3ef0c2b739b84988a4c4e9f17137f25ef724a13dc4,a98cff9de3cd973fac6fd4129a2a0437abb1490f192afe845d096994cd98b126,82730934288f233e80b9367b778c86f943d18fa4
PatientID_0150,PatientID_0150_T1_to_T2_t1c,1,Fixed,0.1677223371251292,0.0915376203746164,0.1070721241128899,0.3868515205724508,0.1122446344553276,0.0021729553403769,0.1063791217156086,24236,6708,0.2767783462617593,0.1763565892086794,0.0967056323798981,PASS,,shard1_attempt1,1ce4cc7063e01bf7896fcc87d293d33d187674a1b44868f4216da54e414f8597,82a8dbbe829d7853893be8415d35ee37992071ac183a72e6704d34330cb5eb7d,da44d9002a9dd1ec6b164b19a6888d4173a03f912182cb74b45b2bafb1b33e0d,src/models/pcc.py,123122d313885dc1d5736a3ef0c2b739b84988a4c4e9f17137f25ef724a13dc4,1ce4cc7063e01bf7896fcc87d293d33d187674a1b44868f4216da54e414f8597,82730934288f233e80b9367b778c86f943d18fa4
PatientID_0150,PatientID_0150_T1_to_T2_t1c,1,Naive,0.1677223371251292,0.0915376203746164,0.1070721241128899,0.3868515205724508,0.1526019781913609,0.0022295182481899,0.1062234852641253,24236,6708,0.2767783462617593,0.1763565892086794,0.0967056323798981,PASS,,shard1_attempt1,55571640a310a07ad9308efdca53e052351467d1c3f7fa58b36754d53d564135,82a8dbbe829d7853893be8415d35ee37992071ac183a72e6704d34330cb5eb7d,da44d9002a9dd1ec6b164b19a6888d4173a03f912182cb74b45b2bafb1b33e0d,src/models/naive_self_tightening.py,131759341c8cebad65044361f13f5ed778994c76eee669c99a818025b0a8c634,55571640a310a07ad9308efdca53e052351467d1c3f7fa58b36754d53d564135,82730934288f233e80b9367b778c86f943d18fa4
PatientID_0150,PatientID_0150_T1_to_T2_t1c,1,EIA-linear,0.2049352009425317,0.1141659070191431,0.131289835625629,0.4667561121049493,0.1396534770802482,0.0019908331217438,0.1441531867433756,23848,6708,0.2812814491781281,0.1979725701253747,0.1098610192662259,PASS,,shard1_attempt1,996d63d2f7ef590801341ec3f945cb2ce0e40c70c4ebdd2b479db41f7da6d3ae,82a8dbbe829d7853893be8415d35ee37992071ac183a72e6704d34330cb5eb7d,da44d9002a9dd1ec6b164b19a6888d4173a03f912182cb74b45b2bafb1b33e0d,src/models/eia.py,2136540541c6d42e78a879ce83728886e644dfd3ace819d36766c1d7e5018dbd,996d63d2f7ef590801341ec3f945cb2ce0e40c70c4ebdd2b479db41f7da6d3ae,82730934288f233e80b9367b778c86f943d18fa4
PatientID_0150,PatientID_0150_T1_to_T2_t1c,1,EIA-blend-0.90,0.1867868304382585,0.1030142696809363,0.1234983181162902,0.3831246273106738,0.1222141206378713,0.0018220416565269,0.160279090949848,20810,6708,0.3223450264296011,0.2031902206914735,0.1130838796056513,PASS,,shard1_attempt1,996d63d2f7ef590801341ec3f945cb2ce0e40c70c4ebdd2b479db41f7da6d3ae,82a8dbbe829d7853893be8415d35ee37992071ac183a72e6704d34330cb5eb7d,da44d9002a9dd1ec6b164b19a6888d4173a03f912182cb74b45b2bafb1b33e0d,src/models/eia.py,2136540541c6d42e78a879ce83728886e644dfd3ace819d36766c1d7e5018dbd,996d63d2f7ef590801341ec3f945cb2ce0e40c70c4ebdd2b479db41f7da6d3ae,82730934288f233e80b9367b778c86f943d18fa4
PatientID_0150,PatientID_0150_T1_to_T2_t1c,1,EIA-blend-0.75,0.2595731645052588,0.1491433935695846,0.1973908992079515,0.3789505068574836,0.1404180019705022,0.001365776086459,0.2295152669775231,12878,6708,0.5208883366982451,0.2500000000559034,0.1428571429301595,PASS,,shard1_attempt1,996d63d2f7ef590801341ec3f945cb2ce0e40c70c4ebdd2b479db41f7da6d3ae,82a8dbbe829d7853893be8415d35ee37992071ac183a72e6704d34330cb5eb7d,da44d9002a9dd1ec6b164b19a6888d4173a03f912182cb74b45b2bafb1b33e0d,src/models/eia.py,2136540541c6d42e78a879ce83728886e644dfd3ace819d36766c1d7e5018dbd,996d63d2f7ef590801341ec3f945cb2ce0e40c70c4ebdd2b479db41f7da6d3ae,82730934288f233e80b9367b778c86f943d18fa4
PatientID_0150,PatientID_0150_T1_to_T2_t1c,1,EIA-morph,0.1733993399339934,0.0949300762476059,0.1113513055272973,0.3916219439475253,0.1733993399339934,0.0028053315412186,0.0440647159861753,23592,6708,0.2843336724313327,0.1034585570137553,0.0545511712738129,PASS,,shard1_attempt1,996d63d2f7ef590801341ec3f945cb2ce0e40c70c4ebdd2b479db41f7da6d3ae,82a8dbbe829d7853893be8415d35ee37992071ac183a72e6704d34330cb5eb7d,da44d9002a9dd1ec6b164b19a6888d4173a03f912182cb74b45b2bafb1b33e0d,src/models/eia.py,2136540541c6d42e78a879ce83728886e644dfd3ace819d36766c1d7e5018dbd,996d63d2f7ef590801341ec3f945cb2ce0e40c70c4ebdd2b479db41f7da6d3ae,82730934288f233e80b9367b778c86f943d18fa4
PatientID_0150,PatientID_0150_T1_to_T2_t1c,1,Full PCC,0.4055952751010258,0.2543866489900959,0.3478724538765063,0.4862850327966607,0.1675443724235077,0.0011463915744765,0.2630750382480208,9377,6708,0.7153673882904981,0.384913536122174,0.2383237955290452,PASS,,shard1_attempt1,1ce4cc7063e01bf7896fcc87d293d33d187674a1b44868f4216da54e414f8597,82a8dbbe829d7853893be8415d35ee37992071ac183a72e6704d34330cb5eb7d,da44d9002a9dd1ec6b164b19a6888d4173a03f912182cb74b45b2bafb1b33e0d,src/models/pcc.py,123122d313885dc1d5736a3ef0c2b739b84988a4c4e9f17137f25ef724a13dc4,1ce4cc7063e01bf7896fcc87d293d33d187674a1b44868f4216da54e414f8597,82730934288f233e80b9367b778c86f943d18fa4
PatientID_0150,PatientID_0150_T1_to_T2_t1c,1,No-smoothing PCC,0.7270985334217702,0.5712135247799908,0.7189914006704562,0.7353905784138343,0.2370103518143281,0.0007586444322047,0.6566586277775895,6861,6708,0.9777000437254044,0.7297257006760789,0.5744630912364203,PASS,,shard1_attempt1,a98cff9de3cd973fac6fd4129a2a0437abb1490f192afe845d096994cd98b126,82a8dbbe829d7853893be8415d35ee37992071ac183a72e6704d34330cb5eb7d,da44d9002a9dd1ec6b164b19a6888d4173a03f912182cb74b45b2bafb1b33e0d,src/analysis/internal_completion.py,d72550e520742f4fd2a3fe63f61d29804bdd17c303016b7e3a48452ae6cd62f9;123122d313885dc1d5736a3ef0c2b739b84988a4c4e9f17137f25ef724a13dc4,a98cff9de3cd973fac6fd4129a2a0437abb1490f192afe845d096994cd98b126,82730934288f233e80b9367b778c86f943d18fa4
PatientID_0151,PatientID_0151_T1_to_T2_t1c,1,Fixed,0.3048688413512728,0.1798497064936844,0.1866761498340445,0.8310290237467018,0.2032905476959044,0.0031707831692758,0.2945540173770053,42180,9475,0.2246325272641062,0.3283377309061563,0.1964139150706222,PASS,,shard1_attempt1,1ce4cc7063e01bf7896fcc87d293d33d187674a1b44868f4216da54e414f8597,6fdff0c225fb4b221a73ee9b1f267b34d3707da4695044604609e2260e78829a,e6f3e844be1792a6c190577b3f9276c75a24f2eb760ff20611efdd3e3ac5d7a1,src/models/pcc.py,123122d313885dc1d5736a3ef0c2b739b84988a4c4e9f17137f25ef724a13dc4,1ce4cc7063e01bf7896fcc87d293d33d187674a1b44868f4216da54e414f8597,82730934288f233e80b9367b778c86f943d18fa4
PatientID_0151,PatientID_0151_T1_to_T2_t1c,1,Naive,0.3048688413512728,0.1798497064936844,0.1866761498340445,0.8310290237467018,0.2749498565970256,0.0033150215967424,0.2911093054247083,42180,9475,0.2246325272641062,0.3283377309061563,0.1964139150706222,PASS,,shard1_attempt1,55571640a310a07ad9308efdca53e052351467d1c3f7fa58b36754d53d564135,6fdff0c225fb4b221a73ee9b1f267b34d3707da4695044604609e2260e78829a,e6f3e844be1792a6c190577b3f9276c75a24f2eb760ff20611efdd3e3ac5d7a1,src/models/naive_self_tightening.py,131759341c8cebad65044361f13f5ed778994c76eee669c99a818025b0a8c634,55571640a310a07ad9308efdca53e052351467d1c3f7fa58b36754d53d564135,82730934288f233e80b9367b778c86f943d18fa4
PatientID_0151,PatientID_0151_T1_to_T2_t1c,1,EIA-linear,0.3363789910665228,0.2021968881495253,0.2083648464680078,0.8722955145118734,0.2217693411147349,0.0029092856537455,0.3232354735286289,39666,9475,0.2388695608329551,0.3377308707473493,0.2031746032251952,PASS,,shard1_attempt1,996d63d2f7ef590801341ec3f945cb2ce0e40c70c4ebdd2b479db41f7da6d3ae,6fdff0c225fb4b221a73ee9b1f267b34d3707da4695044604609e2260e78829a,e6f3e844be1792a6c190577b3f9276c75a24f2eb760ff20611efdd3e3ac5d7a1,src/models/eia.py,2136540541c6d42e78a879ce83728886e644dfd3ace819d36766c1d7e5018dbd,996d63d2f7ef590801341ec3f945cb2ce0e40c70c4ebdd2b479db41f7da6d3ae,82730934288f233e80b9367b778c86f943d18fa4
PatientID_0151,PatientID_0151_T1_to_T2_t1c,1,EIA-blend-0.90,0.3296680236706257,0.1973667680092464,0.2057413761491919,0.829023746701847,0.208843252105509,0.0026518144591792,0.4414969342078619,38179,9475,0.2481730794415778,0.3794195250987114,0.2341256920068951,PASS,,shard1_attempt1,996d63d2f7ef590801341ec3f945cb2ce0e40c70c4ebdd2b479db41f7da6d3ae,6fdff0c225fb4b221a73ee9b1f267b34d3707da4695044604609e2260e78829a,e6f3e844be1792a6c190577b3f9276c75a24f2eb760ff20611efdd3e3ac5d7a1,src/models/eia.py,2136540541c6d42e78a879ce83728886e644dfd3ace819d36766c1d7e5018dbd,996d63d2f7ef590801341ec3f945cb2ce0e40c70c4ebdd2b479db41f7da6d3ae,82730934288f233e80b9367b778c86f943d18fa4
PatientID_0151,PatientID_0151_T1_to_T2_t1c,1,EIA-blend-0.75,0.3893049203397497,0.2416999500748876,0.2554833602691381,0.8175197889182058,0.2189047519321882,0.001982088925064,0.5263079471074551,30319,9475,0.312510307068175,0.4779947229826916,0.3140558907624953,PASS,,shard1_attempt1,996d63d2f7ef590801341ec3f945cb2ce0e40c70c4ebdd2b479db41f7da6d3ae,6fdff0c225fb4b221a73ee9b1f267b34d3707da4695044604609e2260e78829a,e6f3e844be1792a6c190577b3f9276c75a24f2eb760ff20611efdd3e3ac5d7a1,src/models/eia.py,2136540541c6d42e78a879ce83728886e644dfd3ace819d36766c1d7e5018dbd,996d63d2f7ef590801341ec3f945cb2ce0e40c70c4ebdd2b479db41f7da6d3ae,82730934288f233e80b9367b778c86f943d18fa4
PatientID_0151,PatientID_0151_T1_to_T2_t1c,1,EIA-morph,0.3296725981586227,0.1973700472106186,0.2049169810352349,0.8427440633245382,0.3296725981586227,0.0036370967741935,0.1728594599228348,38967,9475,0.2431544640336695,0.2230079156082845,0.1254974164562869,PASS,,shard1_attempt1,996d63d2f7ef590801341ec3f945cb2ce0e40c70c4ebdd2b479db41f7da6d3ae,6fdff0c225fb4b221a73ee9b1f267b34d3707da4695044604609e2260e78829a,e6f3e844be1792a6c190577b3f9276c75a24f2eb760ff20611efdd3e3ac5d7a1,src/models/eia.py,2136540541c6d42e78a879ce83728886e644dfd3ace819d36766c1d7e5018dbd,996d63d2f7ef590801341ec3f945cb2ce0e40c70c4ebdd2b479db41f7da6d3ae,82730934288f233e80b9367b778c86f943d18fa4
PatientID_0151,PatientID_0151_T1_to_T2_t1c,1,Full PCC,0.4802986824647474,0.3160480792658166,0.3393651347344554,0.8214248021108179,0.2589608929040115,0.0017459935441547,0.4569324171001064,22934,9475,0.4131420598238423,0.418469657022772,0.2645979313136738,PASS,,shard1_attempt1,1ce4cc7063e01bf7896fcc87d293d33d187674a1b44868f4216da54e414f8597,6fdff0c225fb4b221a73ee9b1f267b34d3707da4695044604609e2260e78829a,e6f3e844be1792a6c190577b3f9276c75a24f2eb760ff20611efdd3e3ac5d7a1,src/models/pcc.py,123122d313885dc1d5736a3ef0c2b739b84988a4c4e9f17137f25ef724a13dc4,1ce4cc7063e01bf7896fcc87d293d33d187674a1b44868f4216da54e414f8597,82730934288f233e80b9367b778c86f943d18fa4
PatientID_0151,PatientID_0151_T1_to_T2_t1c,1,No-smoothing PCC,0.6634277219825242,0.4963650173611111,0.5053021097978571,0.9655936675461742,0.3180922519987522,0.0011984235021012,0.7923354248067597,18106,9475,0.5233071909864133,0.6913984169028285,0.5283490604461368,PASS,,shard1_attempt1,a98cff9de3cd973fac6fd4129a2a0437abb1490f192afe845d096994cd98b126,6fdff0c225fb4b221a73ee9b1f267b34d3707da4695044604609e2260e78829a,e6f3e844be1792a6c190577b3f9276c75a24f2eb760ff20611efdd3e3ac5d7a1,src/analysis/internal_completion.py,d72550e520742f4fd2a3fe63f61d29804bdd17c303016b7e3a48452ae6cd62f9;123122d313885dc1d5736a3ef0c2b739b84988a4c4e9f17137f25ef724a13dc4,a98cff9de3cd973fac6fd4129a2a0437abb1490f192afe845d096994cd98b126,82730934288f233e80b9367b778c86f943d18fa4
PatientID_0152,PatientID_0152_T1_to_T2_t1c,1,Fixed,0.2648194632168372,0.1526178156123073,0.1575621804813602,0.829452676141518,0.1537925753510773,0.0013818406849995,0.3013385401867308,17409,3307,0.1899592164972141,0.3217417600057844,0.1917117118573492,PASS,,shard1_attempt1,1ce4cc7063e01bf7896fcc87d293d33d187674a1b44868f4216da54e414f8597,9bd55d807cee411cc932625d736f4c7f6da13ff39f5fd0c9e41aa6e3385c24fb,9fcf1464706d6068f91f3318a95505dc0e631258033d6769d1a933cd0ba38ebf,src/models/pcc.py,123122d313885dc1d5736a3ef0c2b739b84988a4c4e9f17137f25ef724a13dc4,1ce4cc7063e01bf7896fcc87d293d33d187674a1b44868f4216da54e414f8597,82730934288f233e80b9367b778c86f943d18fa4
PatientID_0152,PatientID_0152_T1_to_T2_t1c,1,Naive,0.2648194632168372,0.1526178156123073,0.1575621804813602,0.829452676141518,0.2342154591574898,0.0013831506089169,0.3007299860154778,17409,3307,0.1899592164972141,0.3217417600057844,0.1917117118573492,PASS,,shard1_attempt1,55571640a310a07ad9308efdca53e052351467d1c3f7fa58b36754d53d564135,9bd55d807cee411cc932625d736f4c7f6da13ff39f5fd0c9e41aa6e3385c24fb,9fcf1464706d6068f91f3318a95505dc0e631258033d6769d1a933cd0ba38ebf,src/models/naive_self_tightening.py,131759341c8cebad65044361f13f5ed778994c76eee669c99a818025b0a8c634,55571640a310a07ad9308efdca53e052351467d1c3f7fa58b36754d53d564135,82730934288f233e80b9367b778c86f943d18fa4
PatientID_0152,PatientID_0152_T1_to_T2_t1c,1,EIA-linear,0.2934417895271988,0.1719494756911344,0.1763735256371081,0.8726942848503175,0.1726081908051925,0.0012500468854048,0.3428568691868154,16363,3307,0.202102303978488,0.3317205927832294,0.1988399493929962,PASS,,shard1_attempt1,996d63d2f7ef590801341ec3f945cb2ce0e40c70c4ebdd2b479db41f7da6d3ae,9bd55d807cee411cc932625d736f4c7f6da13ff39f5fd0c9e41aa6e3385c24fb,9fcf1464706d6068f91f3318a95505dc0e631258033d6769d1a933cd0ba38ebf,src/models/eia.py,2136540541c6d42e78a879ce83728886e644dfd3ace819d36766c1d7e5018dbd,996d63d2f7ef590801341ec3f945cb2ce0e40c70c4ebdd2b479db41f7da6d3ae,82730934288f233e80b9367b778c86f943d18fa4
PatientID_0152,PatientID_0152_T1_to_T2_t1c,1,EIA-blend-0.90,0.2920095566764003,0.1709667391980105,0.1770994332818135,0.8315693982461445,0.161322800641471,0.001146291040514,0.463284695110785,15528,3307,0.2129701184956208,0.3761717569736661,0.2316573558227826,PASS,,shard1_attempt1,996d63d2f7ef590801341ec3f945cb2ce0e40c70c4ebdd2b479db41f7da6d3ae,9bd55d807cee411cc932625d736f4c7f6da13ff39f5fd0c9e41aa6e3385c24fb,9fcf1464706d6068f91f3318a95505dc0e631258033d6769d1a933cd0ba38ebf,src/models/eia.py,2136540541c6d42e78a879ce83728886e644dfd3ace819d36766c1d7e5018dbd,996d63d2f7ef590801341ec3f945cb2ce0e40c70c4ebdd2b479db41f7da6d3ae,82730934288f233e80b9367b778c86f943d18fa4
PatientID_0152,PatientID_0152_T1_to_T2_t1c,1,EIA-blend-0.75,0.3674282678002125,0.2250610252237591,0.2354242914290578,0.8364076201995767,0.1753467911827375,0.0008403321698126,0.5876213907403787,11749,3307,0.2814707634692314,0.5246446931471659,0.3556056570289801,PASS,,shard1_attempt1,996d63d2f7ef590801341ec3f945cb2ce0e40c70c4ebdd2b479db41f7da6d3ae,9bd55d807cee411cc932625d736f4c7f6da13ff39f5fd0c9e41aa6e3385c24fb,9fcf1464706d6068f91f3318a95505dc0e631258033d6769d1a933cd0ba38ebf,src/models/eia.py,2136540541c6d42e78a879ce83728886e644dfd3ace819d36766c1d7e5018dbd,996d63d2f7ef590801341ec3f945cb2ce0e40c70c4ebdd2b479db41f7da6d3ae,82730934288f233e80b9367b778c86f943d18fa4
PatientID_0152,PatientID_0152_T1_to_T2_t1c,1,EIA-morph,0.2847929569534729,0.1660399880632647,0.1714109673444239,0.8412458421530088,0.2847929569534729,0.0015650761648745,0.1442575673413626,16230,3307,0.2037584719654959,0.1687329907516279,0.09214002656999,PASS,,shard1_attempt1,996d63d2f7ef590801341ec3f945cb2ce0e40c70c4ebdd2b479db41f7da6d3ae,9bd55d807cee411cc932625d736f4c7f6da13ff39f5fd0c9e41aa6e3385c24fb,9fcf1464706d6068f91f3318a95505dc0e631258033d6769d1a933cd0ba38ebf,src/models/eia.py,2136540541c6d42e78a879ce83728886e644dfd3ace819d36766c1d7e5018dbd,996d63d2f7ef590801341ec3f945cb2ce0e40c70c4ebdd2b479db41f7da6d3ae,82730934288f233e80b9367b778c86f943d18fa4
PatientID_0152,PatientID_0152_T1_to_T2_t1c,1,Full PCC,0.4860768417342263,0.3210710128055879,0.3429921651535879,0.8339885092228606,0.2047392916402174,0.0006828869341951,0.50243825941292,8041,3307,0.4112672553165029,0.4221348655243219,0.267535454337383,PASS,,shard1_attempt1,1ce4cc7063e01bf7896fcc87d293d33d187674a1b44868f4216da54e414f8597,9bd55d807cee411cc932625d736f4c7f6da13ff39f5fd0c9e41aa6e3385c24fb,9fcf1464706d6068f91f3318a95505dc0e631258033d6769d1a933cd0ba38ebf,src/models/pcc.py,123122d313885dc1d5736a3ef0c2b739b84988a4c4e9f17137f25ef724a13dc4,1ce4cc7063e01bf7896fcc87d293d33d187674a1b44868f4216da54e414f8597,82730934288f233e80b9367b778c86f943d18fa4
PatientID_0152,PatientID_0152_T1_to_T2_t1c,1,No-smoothing PCC,0.6664629799368571,0.4997708874293569,0.5024570024570024,0.9894163894768672,0.2474762291826817,0.0004987877285543,0.8112320862225844,6512,3307,0.5078316953316954,0.7127305715584018,0.553676297967189,PASS,,shard1_attempt1,a98cff9de3cd973fac6fd4129a2a0437abb1490f192afe845d096994cd98b126,9bd55d807cee411cc932625d736f4c7f6da13ff39f5fd0c9e41aa6e3385c24fb,9fcf1464706d6068f91f3318a95505dc0e631258033d6769d1a933cd0ba38ebf,src/analysis/internal_completion.py,d72550e520742f4fd2a3fe63f61d29804bdd17c303016b7e3a48452ae6cd62f9;123122d313885dc1d5736a3ef0c2b739b84988a4c4e9f17137f25ef724a13dc4,a98cff9de3cd973fac6fd4129a2a0437abb1490f192afe845d096994cd98b126,82730934288f233e80b9367b778c86f943d18fa4
PatientID_0156,PatientID_0156_T1_to_T2_t1c,1,Fixed,0.0833821290549244,0.0435048270805328,0.0449353108236036,0.5774533657745337,0.044930833537581,0.0013886553475059,0.0949946832368617,15845,1233,0.077816345850426,0.2019464723430874,0.1123139381541209,PASS,,shard1_attempt1,1ce4cc7063e01bf7896fcc87d293d33d187674a1b44868f4216da54e414f8597,a823707de65707597eddd64280eb5301c7b7beb13f1532b58cf7ceb999f284d6,d331e715464c3f3f92fb78e09cb6176621c2230f88ebacee85f9d965fb0991c4,src/models/pcc.py,123122d313885dc1d5736a3ef0c2b739b84988a4c4e9f17137f25ef724a13dc4,1ce4cc7063e01bf7896fcc87d293d33d187674a1b44868f4216da54e414f8597,82730934288f233e80b9367b778c86f943d18fa4
PatientID_0156,PatientID_0156_T1_to_T2_t1c,1,Naive,0.0833821290549244,0.0435048270805328,0.0449353108236036,0.5774533657745337,0.0719146087134788,0.0013998483619062,0.0937965693114306,15845,1233,0.077816345850426,0.2019464723430874,0.1123139381541209,PASS,,shard1_attempt1,55571640a310a07ad9308efdca53e052351467d1c3f7fa58b36754d53d564135,a823707de65707597eddd64280eb5301c7b7beb13f1532b58cf7ceb999f284d6,d331e715464c3f3f92fb78e09cb6176621c2230f88ebacee85f9d965fb0991c4,src/models/naive_self_tightening.py,131759341c8cebad65044361f13f5ed778994c76eee669c99a818025b0a8c634,55571640a310a07ad9308efdca53e052351467d1c3f7fa58b36754d53d564135,82730934288f233e80b9367b778c86f943d18fa4
PatientID_0156,PatientID_0156_T1_to_T2_t1c,1,EIA-linear,0.1007747055489072,0.053060953770644,0.0546298825457525,0.64882400648824,0.0577505750982981,0.001245287363059,0.1232835629375446,14644,1233,0.084198306473641,0.2165450124831529,0.1214188271389637,PASS,,shard1_attempt1,996d63d2f7ef590801341ec3f945cb2ce0e40c70c4ebdd2b479db41f7da6d3ae,a823707de65707597eddd64280eb5301c7b7beb13f1532b58cf7ceb999f284d6,d331e715464c3f3f92fb78e09cb6176621c2230f88ebacee85f9d965fb0991c4,src/models/eia.py,2136540541c6d42e78a879ce83728886e644dfd3ace819d36766c1d7e5018dbd,996d63d2f7ef590801341ec3f945cb2ce0e40c70c4ebdd2b479db41f7da6d3ae,82730934288f233e80b9367b778c86f943d18fa4
PatientID_0156,PatientID_0156_T1_to_T2_t1c,1,EIA-blend-0.90,0.0970354011911932,0.0509917006611337,0.0528811086797957,0.5879967558799676,0.0503385790950336,0.0011345937452991,0.3180526043480611,13710,1233,0.0899343544857768,0.296836983253513,0.1742857146789115,PASS,,shard1_attempt1,996d63d2f7ef590801341ec3f945cb2ce0e40c70c4ebdd2b479db41f7da6d3ae,a823707de65707597eddd64280eb5301c7b7beb13f1532b58cf7ceb999f284d6,d331e715464c3f3f92fb78e09cb6176621c2230f88ebacee85f9d965fb0991c4,src/models/eia.py,2136540541c6d42e78a879ce83728886e644dfd3ace819d36766c1d7e5018dbd,996d63d2f7ef590801341ec3f945cb2ce0e40c70c4ebdd2b479db41f7da6d3ae,82730934288f233e80b9367b778c86f943d18fa4
PatientID_0156,PatientID_0156_T1_to_T2_t1c,1,EIA-blend-0.75,0.1456598717580629,0.0785507844756399,0.0825737847222222,0.6171938361719383,0.0608301218038877,0.0008032968174449,0.4152837953150061,9216,1233,0.1337890625,0.4079480943195669,0.2562404486723176,PASS,,shard1_attempt1,996d63d2f7ef590801341ec3f945cb2ce0e40c70c4ebdd2b479db41f7da6d3ae,a823707de65707597eddd64280eb5301c7b7beb13f1532b58cf7ceb999f284d6,d331e715464c3f3f92fb78e09cb6176621c2230f88ebacee85f9d965fb0991c4,src/models/eia.py,2136540541c6d42e78a879ce83728886e644dfd3ace819d36766c1d7e5018dbd,996d63d2f7ef590801341ec3f945cb2ce0e40c70c4ebdd2b479db41f7da6d3ae,82730934288f233e80b9367b778c86f943d18fa4
PatientID_0156,PatientID_0156_T1_to_T2_t1c,1,EIA-morph,0.088839670235019,0.0464846767962915,0.0480660408761067,0.5855636658556367,0.088839670235019,0.0016588261648745,0.0282029627616624,15021,1233,0.0820850808867585,0.1005677213704104,0.052946200233584,PASS,,shard1_attempt1,996d63d2f7ef590801341ec3f945cb2ce0e40c70c4ebdd2b479db41f7da6d3ae,a823707de65707597eddd64280eb5301c7b7beb13f1532b58cf7ceb999f284d6,d331e715464c3f3f92fb78e09cb6176621c2230f88ebacee85f9d965fb0991c4,src/models/eia.py,2136540541c6d42e78a879ce83728886e644dfd3ace819d36766c1d7e5018dbd,996d63d2f7ef590801341ec3f945cb2ce0e40c70c4ebdd2b479db41f7da6d3ae,82730934288f233e80b9367b778c86f943d18fa4
PatientID_0156,PatientID_0156_T1_to_T2_t1c,1,Full PCC,0.1908796411662098,0.1055096418732782,0.1127631385249521,0.6212489862124899,0.0648129049319117,0.0007116346379616,0.1934122588148401,6793,1233,0.1815103783306344,0.2603406329033493,0.149650350046783,PASS,,shard1_attempt1,1ce4cc7063e01bf7896fcc87d293d33d187674a1b44868f4216da54e414f8597,a823707de65707597eddd64280eb5301c7b7beb13f1532b58cf7ceb999f284d6,d331e715464c3f3f92fb78e09cb6176621c2230f88ebacee85f9d965fb0991c4,src/models/pcc.py,123122d313885dc1d5736a3ef0c2b739b84988a4c4e9f17137f25ef724a13dc4,1ce4cc7063e01bf7896fcc87d293d33d187674a1b44868f4216da54e414f8597,82730934288f233e80b9367b778c86f943d18fa4
PatientID_0156,PatientID_0156_T1_to_T2_t1c,1,No-smoothing PCC,0.419828909848651,0.2656857301499167,0.2877330126277811,0.7761557177615572,0.0849880609405655,0.0004851846350165,0.5233034088874302,3326,1233,0.3707155742633794,0.4566098947864518,0.2958486603805314,PASS,,shard1_attempt1,a98cff9de3cd973fac6fd4129a2a0437abb1490f192afe845d096994cd98b126,a823707de65707597eddd64280eb5301c7b7beb13f1532b58cf7ceb999f284d6,d331e715464c3f3f92fb78e09cb6176621c2230f88ebacee85f9d965fb0991c4,src/analysis/internal_completion.py,d72550e520742f4fd2a3fe63f61d29804bdd17c303016b7e3a48452ae6cd62f9;123122d313885dc1d5736a3ef0c2b739b84988a4c4e9f17137f25ef724a13dc4,a98cff9de3cd973fac6fd4129a2a0437abb1490f192afe845d096994cd98b126,82730934288f233e80b9367b778c86f943d18fa4
PatientID_0157,PatientID_0157_T1_to_T2_t1c,1,Fixed,0.1301030141167493,0.0695776372168945,0.0720321081537811,0.6712598425196851,0.0579390686635044,0.0015918119255411,0.0815754377411652,18936,2032,0.1073088297422898,0.1205708663581272,0.0641529198575143,PASS,,shard1_attempt1,1ce4cc7063e01bf7896fcc87d293d33d187674a1b44868f4216da54e414f8597,ca37f860eb86f0010fc79ff79f2ca99fdbbe64eb2b8ba570b4b5a42e83423c45,f62b36e0e868d2aad816b0b1f32f05c58c0bff54ba2e73cebc611e553231a154,src/models/pcc.py,123122d313885dc1d5736a3ef0c2b739b84988a4c4e9f17137f25ef724a13dc4,1ce4cc7063e01bf7896fcc87d293d33d187674a1b44868f4216da54e414f8597,82730934288f233e80b9367b778c86f943d18fa4
PatientID_0157,PatientID_0157_T1_to_T2_t1c,1,Naive,0.1301030141167493,0.0695776372168945,0.0720321081537811,0.6712598425196851,0.1040458372411418,0.0015070630247798,0.0815747728528427,18936,2032,0.1073088297422898,0.1205708663581272,0.0641529198575143,PASS,,shard1_attempt1,55571640a310a07ad9308efdca53e052351467d1c3f7fa58b36754d53d564135,ca37f860eb86f0010fc79ff79f2ca99fdbbe64eb2b8ba570b4b5a42e83423c45,f62b36e0e868d2aad816b0b1f32f05c58c0bff54ba2e73cebc611e553231a154,src/models/naive_self_tightening.py,131759341c8cebad65044361f13f5ed778994c76eee669c99a818025b0a8c634,55571640a310a07ad9308efdca53e052351467d1c3f7fa58b36754d53d564135,82730934288f233e80b9367b778c86f943d18fa4
PatientID_0157,PatientID_0157_T1_to_T2_t1c,1,EIA-linear,0.161271766982168,0.0877083214834196,0.0902229243461471,0.7588582677165354,0.0703003428441263,0.0014127181273378,0.1206427594649109,17091,2032,0.1188929846117839,0.1796259844538321,0.0986753178970869,PASS,,shard1_attempt1,996d63d2f7ef590801341ec3f945cb2ce0e40c70c4ebdd2b479db41f7da6d3ae,ca37f860eb86f0010fc79ff79f2ca99fdbbe64eb2b8ba570b4b5a42e83423c45,f62b36e0e868d2aad816b0b1f32f05c58c0bff54ba2e73cebc611e553231a154,src/models/eia.py,2136540541c6d42e78a879ce83728886e644dfd3ace819d36766c1d7e5018dbd,996d63d2f7ef590801341ec3f945cb2ce0e40c70c4ebdd2b479db41f7da6d3ae,82730934288f233e80b9367b778c86f943d18fa4
PatientID_0157,PatientID_0157_T1_to_T2_t1c,1,EIA-blend-0.90,0.1559096641063854,0.0845455675742882,0.0882314778772544,0.6692913385826772,0.0627518139699342,0.0013037002459053,0.1390344605947437,15414,2032,0.131828208122486,0.2002952757873289,0.1112934101418393,PASS,,shard1_attempt1,996d63d2f7ef590801341ec3f945cb2ce0e40c70c4ebdd2b479db41f7da6d3ae,ca37f860eb86f0010fc79ff79f2ca99fdbbe64eb2b8ba570b4b5a42e83423c45,f62b36e0e868d2aad816b0b1f32f05c58c0bff54ba2e73cebc611e553231a154,src/models/eia.py,2136540541c6d42e78a879ce83728886e644dfd3ace819d36766c1d7e5018dbd,996d63d2f7ef590801341ec3f945cb2ce0e40c70c4ebdd2b479db41f7da6d3ae,82730934288f233e80b9367b778c86f943d18fa4
PatientID_0157,PatientID_0157_T1_to_T2_t1c,1,EIA-blend-0.75,0.2600531107738998,0.1494603728333151,0.1610667293233082,0.6747047244094488,0.0720195485581651,0.0009295391509864,0.3222201481250817,8512,2032,0.2387218045112782,0.3700787403124806,0.227053140329996,PASS,,shard1_attempt1,996d63d2f7ef590801341ec3f945cb2ce0e40c70c4ebdd2b479db41f7da6d3ae,ca37f860eb86f0010fc79ff79f2ca99fdbbe64eb2b8ba570b4b5a42e83423c45,f62b36e0e868d2aad816b0b1f32f05c58c0bff54ba2e73cebc611e553231a154,src/models/eia.py,2136540541c6d42e78a879ce83728886e644dfd3ace819d36766c1d7e5018dbd,996d63d2f7ef590801341ec3f945cb2ce0e40c70c4ebdd2b479db41f7da6d3ae,82730934288f233e80b9367b778c86f943d18fa4
PatientID_0157,PatientID_0157_T1_to_T2_t1c,1,EIA-morph,0.1448647506339814,0.0780885117047331,0.0811434659090909,0.6747047244094488,0.1448647506339814,0.0018129480286738,0.0548219165421719,16896,2032,0.1202651515151515,0.0570866144052444,0.0293819657980288,PASS,,shard1_attempt1,996d63d2f7ef590801341ec3f945cb2ce0e40c70c4ebdd2b479db41f7da6d3ae,ca37f860eb86f0010fc79ff79f2ca99fdbbe64eb2b8ba570b4b5a42e83423c45,f62b36e0e868d2aad816b0b1f32f05c58c0bff54ba2e73cebc611e553231a154,src/models/eia.py,2136540541c6d42e78a879ce83728886e644dfd3ace819d36766c1d7e5018dbd,996d63d2f7ef590801341ec3f945cb2ce0e40c70c4ebdd2b479db41f7da6d3ae,82730934288f233e80b9367b778c86f943d18fa4
PatientID_0157,PatientID_0157_T1_to_T2_t1c,1,Full PCC,0.3402132002721705,0.2049740366220278,0.2210433244916003,0.7381889763779528,0.0861809682120061,0.0007639279370609,0.2701475607147831,6786,2032,0.2994400235779546,0.3941929135348935,0.2454796202128472,PASS,,shard1_attempt1,1ce4cc7063e01bf7896fcc87d293d33d187674a1b44868f4216da54e414f8597,ca37f860eb86f0010fc79ff79f2ca99fdbbe64eb2b8ba570b4b5a42e83423c45,f62b36e0e868d2aad816b0b1f32f05c58c0bff54ba2e73cebc611e553231a154,src/models/pcc.py,123122d313885dc1d5736a3ef0c2b739b84988a4c4e9f17137f25ef724a13dc4,1ce4cc7063e01bf7896fcc87d293d33d187674a1b44868f4216da54e414f8597,82730934288f233e80b9367b778c86f943d18fa4
PatientID_0157,PatientID_0157_T1_to_T2_t1c,1,No-smoothing PCC,0.7925786950177194,0.6564226519337016,0.6875226039783002,0.935531496062992,0.1170520581822866,0.0004851496269943,0.8625179720720546,2765,2032,0.7349005424954792,0.8405511811415967,0.7249575552950096,PASS,,shard1_attempt1,a98cff9de3cd973fac6fd4129a2a0437abb1490f192afe845d096994cd98b126,ca37f860eb86f0010fc79ff79f2ca99fdbbe64eb2b8ba570b4b5a42e83423c45,f62b36e0e868d2aad816b0b1f32f05c58c0bff54ba2e73cebc611e553231a154,src/analysis/internal_completion.py,d72550e520742f4fd2a3fe63f61d29804bdd17c303016b7e3a48452ae6cd62f9;123122d313885dc1d5736a3ef0c2b739b84988a4c4e9f17137f25ef724a13dc4,a98cff9de3cd973fac6fd4129a2a0437abb1490f192afe845d096994cd98b126,82730934288f233e80b9367b778c86f943d18fa4
PatientID_0159,PatientID_0159_T1_to_T2_t1c,1,Fixed,0.0756982596966805,0.0393380404492845,0.0397979832921113,0.7729257641921398,0.0523934599006463,0.0046181157478645,0.0544410760089326,57817,2977,0.0514900461801892,0.0732280821173617,0.0380055789682695,PASS,,shard1_attempt1,1ce4cc7063e01bf7896fcc87d293d33d187674a1b44868f4216da54e414f8597,db93b096a9b8fbccea9960369579a1c8be3be66dfee40c73b9d7e46728ed204d,265c623c2441ba8adfc1375917d194e5fdfa9a93830e34422419801720778ab1,src/models/pcc.py,123122d313885dc1d5736a3ef0c2b739b84988a4c4e9f17137f25ef724a13dc4,1ce4cc7063e01bf7896fcc87d293d33d187674a1b44868f4216da54e414f8597,82730934288f233e80b9367b778c86f943d18fa4
PatientID_0159,PatientID_0159_T1_to_T2_t1c,1,Naive,0.0756982596966805,0.0393380404492845,0.0397979832921113,0.7729257641921398,0.0692295825193441,0.0051026597809761,0.0544619632968011,57817,2977,0.0514900461801892,0.0732280821173617,0.0380055789682695,PASS,,shard1_attempt1,55571640a310a07ad9308efdca53e052351467d1c3f7fa58b36754d53d564135,db93b096a9b8fbccea9960369579a1c8be3be66dfee40c73b9d7e46728ed204d,265c623c2441ba8adfc1375917d194e5fdfa9a93830e34422419801720778ab1,src/models/naive_self_tightening.py,131759341c8cebad65044361f13f5ed778994c76eee669c99a818025b0a8c634,55571640a310a07ad9308efdca53e052351467d1c3f7fa58b36754d53d564135,82730934288f233e80b9367b778c86f943d18fa4
PatientID_0159,PatientID_0159_T1_to_T2_t1c,1,EIA-linear,0.0987663537447976,0.0519485618926082,0.052288356651648,0.8888142425260329,0.0624909372570997,0.0036898358717255,0.1351646285122969,50604,2977,0.0588293415540273,0.2028888143764043,0.1128971964274958,PASS,,shard1_attempt1,996d63d2f7ef590801341ec3f945cb2ce0e40c70c4ebdd2b479db41f7da6d3ae,db93b096a9b8fbccea9960369579a1c8be3be66dfee40c73b9d7e46728ed204d,265c623c2441ba8adfc1375917d194e5fdfa9a93830e34422419801720778ab1,src/models/eia.py,2136540541c6d42e78a879ce83728886e644dfd3ace819d36766c1d7e5018dbd,996d63d2f7ef590801341ec3f945cb2ce0e40c70c4ebdd2b479db41f7da6d3ae,82730934288f233e80b9367b778c86f943d18fa4
PatientID_0159,PatientID_0159_T1_to_T2_t1c,1,EIA-blend-0.90,0.0847096038547835,0.0442280732077355,0.0448080627273965,0.7735975814578435,0.0554332217099531,0.0037612991047451,0.2415666211879373,51397,2977,0.0579216685798782,0.2163251596882222,0.1212806028020187,PASS,,shard1_attempt1,996d63d2f7ef590801341ec3f945cb2ce0e40c70c4ebdd2b479db41f7da6d3ae,db93b096a9b8fbccea9960369579a1c8be3be66dfee40c73b9d7e46728ed204d,265c623c2441ba8adfc1375917d194e5fdfa9a93830e34422419801720778ab1,src/models/eia.py,2136540541c6d42e78a879ce83728886e644dfd3ace819d36766c1d7e5018dbd,996d63d2f7ef590801341ec3f945cb2ce0e40c70c4ebdd2b479db41f7da6d3ae,82730934288f233e80b9367b778c86f943d18fa4
PatientID_0159,PatientID_0159_T1_to_T2_t1c,1,EIA-blend-0.75,0.117987657769764,0.0626922869325848,0.0638186813186813,0.7803157541148807,0.0613457667202802,0.0026478926004086,0.3645373902068808,36400,2977,0.0817857142857142,0.3426268056193102,0.2067288205904481,PASS,,shard1_attempt1,996d63d2f7ef590801341ec3f945cb2ce0e40c70c4ebdd2b479db41f7da6d3ae,db93b096a9b8fbccea9960369579a1c8be3be66dfee40c73b9d7e46728ed204d,265c623c2441ba8adfc1375917d194e5fdfa9a93830e34422419801720778ab1,src/models/eia.py,2136540541c6d42e78a879ce83728886e644dfd3ace819d36766c1d7e5018dbd,996d63d2f7ef590801341ec3f945cb2ce0e40c70c4ebdd2b479db41f7da6d3ae,82730934288f233e80b9367b778c86f943d18fa4
PatientID_0159,PatientID_0159_T1_to_T2_t1c,1,EIA-morph,0.1083460142806976,0.0572758100047028,0.0582314157733152,0.777292576419214,0.1083460142806976,0.0042660170250896,0.0453371079476668,39738,2977,0.0749156978207257,0.0671817267270437,0.0347584290867642,PASS,,shard1_attempt1,996d63d2f7ef590801341ec3f945cb2ce0e40c70c4ebdd2b479db41f7da6d3ae,db93b096a9b8fbccea9960369579a1c8be3be66dfee40c73b9d7e46728ed204d,265c623c2441ba8adfc1375917d194e5fdfa9a93830e34422419801720778ab1,src/models/eia.py,2136540541c6d42e78a879ce83728886e644dfd3ace819d36766c1d7e5018dbd,996d63d2f7ef590801341ec3f945cb2ce0e40c70c4ebdd2b479db41f7da6d3ae,82730934288f233e80b9367b778c86f943d18fa4
PatientID_0159,PatientID_0159_T1_to_T2_t1c,1,Full PCC,0.1863574558090346,0.1027531342413261,0.1049831907740754,0.8286865972455492,0.0776434145195537,0.0022115175045591,0.1990237290489889,23499,2977,0.1266862419677433,0.2354719517575626,0.1334475539437564,PASS,,shard1_attempt1,1ce4cc7063e01bf7896fcc87d293d33d187674a1b44868f4216da54e414f8597,db93b096a9b8fbccea9960369579a1c8be3be66dfee40c73b9d7e46728ed204d,265c623c2441ba8adfc1375917d194e5fdfa9a93830e34422419801720778ab1,src/models/pcc.py,123122d313885dc1d5736a3ef0c2b739b84988a4c4e9f17137f25ef724a13dc4,1ce4cc7063e01bf7896fcc87d293d33d187674a1b44868f4216da54e414f8597,82730934288f233e80b9367b778c86f943d18fa4
PatientID_0159,PatientID_0159_T1_to_T2_t1c,1,No-smoothing PCC,0.3382639605549822,0.2035605851504278,0.2039405461458693,0.9909304669129996,0.0989978072043819,0.0016619529281515,0.4426657097647243,14465,2977,0.2058071206360179,0.3392677192913558,0.2042880260509126,PASS,,shard1_attempt1,a98cff9de3cd973fac6fd4129a2a0437abb1490f192afe845d096994cd98b126,db93b096a9b8fbccea9960369579a1c8be3be66dfee40c73b9d7e46728ed204d,265c623c2441ba8adfc1375917d194e5fdfa9a93830e34422419801720778ab1,src/analysis/internal_completion.py,d72550e520742f4fd2a3fe63f61d29804bdd17c303016b7e3a48452ae6cd62f9;123122d313885dc1d5736a3ef0c2b739b84988a4c4e9f17137f25ef724a13dc4,a98cff9de3cd973fac6fd4129a2a0437abb1490f192afe845d096994cd98b126,82730934288f233e80b9367b778c86f943d18fa4
PatientID_0160,PatientID_0160_T1_to_T2_t1c,2,Fixed,0.3083644563455711,0.182287761392985,0.3350689127105666,0.2856024017752251,0.1807691341772754,0.0009866626171265,0.2704092157465599,6530,7661,1.1732006125574272,0.3151024670855565,0.1870158042154465,PASS,,shard2_attempt1,1ce4cc7063e01bf7896fcc87d293d33d187674a1b44868f4216da54e414f8597,5b292ce7efd5f176bf3554eb444840c157c2dd9640affe750deeb2addc4eb5c7,d509191ce63d8080beac3a2c41b2be7ed746773f0d58362686f602129e0bf852,src/models/pcc.py,123122d313885dc1d5736a3ef0c2b739b84988a4c4e9f17137f25ef724a13dc4,1ce4cc7063e01bf7896fcc87d293d33d187674a1b44868f4216da54e414f8597,82730934288f233e80b9367b778c86f943d18fa4
PatientID_0160,PatientID_0160_T1_to_T2_t1c,2,Naive,0.3083644563455711,0.182287761392985,0.3350689127105666,0.2856024017752251,0.2800553995944532,0.0008919302929077,0.2704092110733453,6530,7661,1.1732006125574272,0.3151024670855565,0.1870158042154465,PASS,,shard2_attempt1,55571640a310a07ad9308efdca53e052351467d1c3f7fa58b36754d53d564135,5b292ce7efd5f176bf3554eb444840c157c2dd9640affe750deeb2addc4eb5c7,d509191ce63d8080beac3a2c41b2be7ed746773f0d58362686f602129e0bf852,src/models/naive_self_tightening.py,131759341c8cebad65044361f13f5ed778994c76eee669c99a818025b0a8c634,55571640a310a07ad9308efdca53e052351467d1c3f7fa58b36754d53d564135,82730934288f233e80b9367b778c86f943d18fa4
PatientID_0160,PatientID_0160_T1_to_T2_t1c,2,EIA-linear,0.4370293609671848,0.2796145685997171,0.4641913707073672,0.4128703824565983,0.2630810655063039,0.0007211520688252,0.454499541000303,6814,7661,1.1243029057822131,0.4522908236880113,0.2922324365950718,PASS,,shard2_attempt1,996d63d2f7ef590801341ec3f945cb2ce0e40c70c4ebdd2b479db41f7da6d3ae,5b292ce7efd5f176bf3554eb444840c157c2dd9640affe750deeb2addc4eb5c7,d509191ce63d8080beac3a2c41b2be7ed746773f0d58362686f602129e0bf852,src/models/eia.py,2136540541c6d42e78a879ce83728886e644dfd3ace819d36766c1d7e5018dbd,996d63d2f7ef590801341ec3f945cb2ce0e40c70c4ebdd2b479db41f7da6d3ae,82730934288f233e80b9367b778c86f943d18fa4
PatientID_0160,PatientID_0160_T1_to_T2_t1c,2,EIA-blend-0.90,0.3443838934302149,0.208009509006126,0.4098360655737705,0.2969586215898708,0.2041781518257025,0.0008465288879982,0.3520931906332662,5551,7661,1.3801116915871017,0.3700561284838757,0.2270361176241662,PASS,,shard2_attempt1,996d63d2f7ef590801341ec3f945cb2ce0e40c70c4ebdd2b479db41f7da6d3ae,5b292ce7efd5f176bf3554eb444840c157c2dd9640affe750deeb2addc4eb5c7,d509191ce63d8080beac3a2c41b2be7ed746773f0d58362686f602129e0bf852,src/models/eia.py,2136540541c6d42e78a879ce83728886e644dfd3ace819d36766c1d7e5018dbd,996d63d2f7ef590801341ec3f945cb2ce0e40c70c4ebdd2b479db41f7da6d3ae,82730934288f233e80b9367b778c86f943d18fa4
PatientID_0160,PatientID_0160_T1_to_T2_t1c,2,EIA-blend-0.75,0.4327386488543164,0.2761113508847648,0.614258281325012,0.3340295000652656,0.2438592792556773,0.0006642124801867,0.5170874107222632,4166,7661,1.8389342294767164,0.4748727320535914,0.3113659706169662,PASS,,shard2_attempt1,996d63d2f7ef590801341ec3f945cb2ce0e40c70c4ebdd2b479db41f7da6d3ae,5b292ce7efd5f176bf3554eb444840c157c2dd9640affe750deeb2addc4eb5c7,d509191ce63d8080beac3a2c41b2be7ed746773f0d58362686f602129e0bf852,src/models/eia.py,2136540541c6d42e78a879ce83728886e644dfd3ace819d36766c1d7e5018dbd,996d63d2f7ef590801341ec3f945cb2ce0e40c70c4ebdd2b479db41f7da6d3ae,82730934288f233e80b9367b778c86f943d18fa4
PatientID_0160,PatientID_0160_T1_to_T2_t1c,2,EIA-morph,0.3301809516717551,0.1977345701034605,0.3843619972260749,0.289387808380107,0.3301809516717551,0.0010075044802867,0.1118394430269442,5768,7661,1.3281900138696254,0.2893878084264856,0.1691720717917457,PASS,,shard2_attempt1,996d63d2f7ef590801341ec3f945cb2ce0e40c70c4ebdd2b479db41f7da6d3ae,5b292ce7efd5f176bf3554eb444840c157c2dd9640affe750deeb2addc4eb5c7,d509191ce63d8080beac3a2c41b2be7ed746773f0d58362686f602129e0bf852,src/models/eia.py,2136540541c6d42e78a879ce83728886e644dfd3ace819d36766c1d7e5018dbd,996d63d2f7ef590801341ec3f945cb2ce0e40c70c4ebdd2b479db41f7da6d3ae,82730934288f233e80b9367b778c86f943d18fa4
PatientID_0160,PatientID_0160_T1_to_T2_t1c,2,Full PCC,0.626999166224513,0.4566633543115822,0.74765003615329,0.5398773006134969,0.2950145402536423,0.0005701605016328,0.6423845820479318,5532,7661,1.3848517715112074,0.6380368098395747,0.4684684685194107,PASS,,shard2_attempt1,1ce4cc7063e01bf7896fcc87d293d33d187674a1b44868f4216da54e414f8597,5b292ce7efd5f176bf3554eb444840c157c2dd9640affe750deeb2addc4eb5c7,d509191ce63d8080beac3a2c41b2be7ed746773f0d58362686f602129e0bf852,src/models/pcc.py,123122d313885dc1d5736a3ef0c2b739b84988a4c4e9f17137f25ef724a13dc4,1ce4cc7063e01bf7896fcc87d293d33d187674a1b44868f4216da54e414f8597,82730934288f233e80b9367b778c86f943d18fa4
PatientID_0160,PatientID_0160_T1_to_T2_t1c,2,No-smoothing PCC,0.8369040434520217,0.7195485795823064,0.9914209115281502,0.7240569116303355,0.3651709436812171,0.0003875003102689,0.8573824591752178,5595,7661,1.3692582663092046,0.810338075981573,0.681149879341546,PASS,,shard2_attempt1,a98cff9de3cd973fac6fd4129a2a0437abb1490f192afe845d096994cd98b126,5b292ce7efd5f176bf3554eb444840c157c2dd9640affe750deeb2addc4eb5c7,d509191ce63d8080beac3a2c41b2be7ed746773f0d58362686f602129e0bf852,src/analysis/internal_completion.py,d72550e520742f4fd2a3fe63f61d29804bdd17c303016b7e3a48452ae6cd62f9;123122d313885dc1d5736a3ef0c2b739b84988a4c4e9f17137f25ef724a13dc4,a98cff9de3cd973fac6fd4129a2a0437abb1490f192afe845d096994cd98b126,82730934288f233e80b9367b778c86f943d18fa4
PatientID_0162,PatientID_0162_T1_to_T2_t1c,2,Fixed,0.2718607278687481,0.1573141310153041,0.26527950310559,0.2787768023236839,0.2051724370136414,0.0042034021308079,0.1499738099341305,32200,30641,0.951583850931677,0.2700956235228926,0.1561332679478524,PASS,,shard2_attempt1,1ce4cc7063e01bf7896fcc87d293d33d187674a1b44868f4216da54e414f8597,18cad11008fe40351ace80cae3dd86b767812b3c6ca3fa5c75c5b910d85ac581,c88f3ed0244c68f04564f853c3de912663612e3dd3a5442e08219b05333c2408,src/models/pcc.py,123122d313885dc1d5736a3ef0c2b739b84988a4c4e9f17137f25ef724a13dc4,1ce4cc7063e01bf7896fcc87d293d33d187674a1b44868f4216da54e414f8597,82730934288f233e80b9367b778c86f943d18fa4
PatientID_0162,PatientID_0162_T1_to_T2_t1c,2,Naive,0.2718607278687481,0.1573141310153041,0.26527950310559,0.2787768023236839,0.2469518408854202,0.0043633898845408,0.1499603164415644,32200,30641,0.951583850931677,0.2700956235228926,0.1561332679478524,PASS,,shard2_attempt1,55571640a310a07ad9308efdca53e052351467d1c3f7fa58b36754d53d564135,18cad11008fe40351ace80cae3dd86b767812b3c6ca3fa5c75c5b910d85ac581,c88f3ed0244c68f04564f853c3de912663612e3dd3a5442e08219b05333c2408,src/models/naive_self_tightening.py,131759341c8cebad65044361f13f5ed778994c76eee669c99a818025b0a8c634,55571640a310a07ad9308efdca53e052351467d1c3f7fa58b36754d53d564135,82730934288f233e80b9367b778c86f943d18fa4
PatientID_0162,PatientID_0162_T1_to_T2_t1c,2,EIA-linear,0.3649707396629465,0.2232196991922392,0.3577630795272875,0.3724747886818315,0.3223518443798119,0.0031363980974724,0.3283043134666607,31901,30641,0.9605028055546848,0.3609869129701872,0.2202465104394527,PASS,,shard2_attempt1,996d63d2f7ef590801341ec3f945cb2ce0e40c70c4ebdd2b479db41f7da6d3ae,18cad11008fe40351ace80cae3dd86b767812b3c6ca3fa5c75c5b910d85ac581,c88f3ed0244c68f04564f853c3de912663612e3dd3a5442e08219b05333c2408,src/models/eia.py,2136540541c6d42e78a879ce83728886e644dfd3ace819d36766c1d7e5018dbd,996d63d2f7ef590801341ec3f945cb2ce0e40c70c4ebdd2b479db41f7da6d3ae,82730934288f233e80b9367b778c86f943d18fa4
PatientID_0162,PatientID_0162_T1_to_T2_t1c,2,EIA-blend-0.90,0.3029339403169928,0.1785045069922483,0.3109110897347808,0.2953558956953102,0.2504612833392173,0.0035226100865363,0.2740911275337012,29108,30641,1.0526659337639137,0.30367807840306,0.1790214902903395,PASS,,shard2_attempt1,996d63d2f7ef590801341ec3f945cb2ce0e40c70c4ebdd2b479db41f7da6d3ae,18cad11008fe40351ace80cae3dd86b767812b3c6ca3fa5c75c5b910d85ac581,c88f3ed0244c68f04564f853c3de912663612e3dd3a5442e08219b05333c2408,src/models/eia.py,2136540541c6d42e78a879ce83728886e644dfd3ace819d36766c1d7e5018dbd,996d63d2f7ef590801341ec3f945cb2ce0e40c70c4ebdd2b479db41f7da6d3ae,82730934288f233e80b9367b778c86f943d18fa4
PatientID_0162,PatientID_0162_T1_to_T2_t1c,2,EIA-blend-0.75,0.3936162194754296,0.2450324911441105,0.465650216218626,0.3408831304461343,0.3227882292358434,0.002630389707588,0.4479278235488193,22431,30641,1.3660113236146405,0.3872589014818828,0.2401246559972453,PASS,,shard2_attempt1,996d63d2f7ef590801341ec3f945cb2ce0e40c70c4ebdd2b479db41f7da6d3ae,18cad11008fe40351ace80cae3dd86b767812b3c6ca3fa5c75c5b910d85ac581,c88f3ed0244c68f04564f853c3de912663612e3dd3a5442e08219b05333c2408,src/models/eia.py,2136540541c6d42e78a879ce83728886e644dfd3ace819d36766c1d7e5018dbd,996d63d2f7ef590801341ec3f945cb2ce0e40c70c4ebdd2b479db41f7da6d3ae,82730934288f233e80b9367b778c86f943d18fa4
PatientID_0162,PatientID_0162_T1_to_T2_t1c,2,EIA-morph,0.2934740462262083,0.1719716278426491,0.3035290835541916,0.2840638360366829,0.2934740462262083,0.004694108422939,0.0886787370775828,28676,30641,1.0685242014227925,0.28641362880966,0.1671428027431695,PASS,,shard2_attempt1,996d63d2f7ef590801341ec3f945cb2ce0e40c70c4ebdd2b479db41f7da6d3ae,18cad11008fe40351ace80cae3dd86b767812b3c6ca3fa5c75c5b910d85ac581,c88f3ed0244c68f04564f853c3de912663612e3dd3a5442e08219b05333c2408,src/models/eia.py,2136540541c6d42e78a879ce83728886e644dfd3ace819d36766c1d7e5018dbd,996d63d2f7ef590801341ec3f945cb2ce0e40c70c4ebdd2b479db41f7da6d3ae,82730934288f233e80b9367b778c86f943d18fa4
PatientID_0162,PatientID_0162_T1_to_T2_t1c,2,Full PCC,0.5288123884635312,0.3594459226796055,0.6417194485842027,0.449691589700075,0.3333600152952058,0.0027055713538766,0.4010285685953345,21472,30641,1.4270212369597617,0.5026924708804756,0.3357309444552904,PASS,,shard2_attempt1,1ce4cc7063e01bf7896fcc87d293d33d187674a1b44868f4216da54e414f8597,18cad11008fe40351ace80cae3dd86b767812b3c6ca3fa5c75c5b910d85ac581,c88f3ed0244c68f04564f853c3de912663612e3dd3a5442e08219b05333c2408,src/models/pcc.py,123122d313885dc1d5736a3ef0c2b739b84988a4c4e9f17137f25ef724a13dc4,1ce4cc7063e01bf7896fcc87d293d33d187674a1b44868f4216da54e414f8597,82730934288f233e80b9367b778c86f943d18fa4
PatientID_0162,PatientID_0162_T1_to_T2_t1c,2,No-smoothing PCC,0.6332047907612577,0.4632770048366871,0.8446924333151878,0.5064129760778042,0.3738577802381317,0.0022672569135894,0.5325590073365468,18370,30641,1.6679912901469789,0.5612414738493972,0.3900873313056575,PASS,,shard2_attempt1,a98cff9de3cd973fac6fd4129a2a0437abb1490f192afe845d096994cd98b126,18cad11008fe40351ace80cae3dd86b767812b3c6ca3fa5c75c5b910d85ac581,c88f3ed0244c68f04564f853c3de912663612e3dd3a5442e08219b05333c2408,src/analysis/internal_completion.py,d72550e520742f4fd2a3fe63f61d29804bdd17c303016b7e3a48452ae6cd62f9;123122d313885dc1d5736a3ef0c2b739b84988a4c4e9f17137f25ef724a13dc4,a98cff9de3cd973fac6fd4129a2a0437abb1490f192afe845d096994cd98b126,82730934288f233e80b9367b778c86f943d18fa4
PatientID_0164,PatientID_0164_T1_to_T2_t1c,2,Fixed,0.4104629062912734,0.2582279507133593,0.3146949864163991,0.5900166697536581,0.2431405016098808,0.0017016503062222,0.366666868383634,20245,10798,0.5333662632748827,0.434987960759632,0.2779454406013406,PASS,,shard2_attempt1,1ce4cc7063e01bf7896fcc87d293d33d187674a1b44868f4216da54e414f8597,2e156b7a6d842cdafc1d65da2a81eae4321bd745f3b2dcc62dfaad3f16dd71ea,f0013734794e4e01a70d92970dee95f75bd1706c0a8143a6c684db07adee0154,src/models/pcc.py,123122d313885dc1d5736a3ef0c2b739b84988a4c4e9f17137f25ef724a13dc4,1ce4cc7063e01bf7896fcc87d293d33d187674a1b44868f4216da54e414f8597,82730934288f233e80b9367b778c86f943d18fa4
PatientID_0164,PatientID_0164_T1_to_T2_t1c,2,Naive,0.4104629062912734,0.2582279507133593,0.3146949864163991,0.5900166697536581,0.3642759906573453,0.0015804545559189,0.3664099867229048,20245,10798,0.5333662632748827,0.434987960759632,0.2779454406013406,PASS,,shard2_attempt1,55571640a310a07ad9308efdca53e052351467d1c3f7fa58b36754d53d564135,2e156b7a6d842cdafc1d65da2a81eae4321bd745f3b2dcc62dfaad3f16dd71ea,f0013734794e4e01a70d92970dee95f75bd1706c0a8143a6c684db07adee0154,src/models/naive_self_tightening.py,131759341c8cebad65044361f13f5ed778994c76eee669c99a818025b0a8c634,55571640a310a07ad9308efdca53e052351467d1c3f7fa58b36754d53d564135,82730934288f233e80b9367b778c86f943d18fa4
PatientID_0164,PatientID_0164_T1_to_T2_t1c,2,EIA-linear,0.493837794858203,0.3278782279706128,0.3844526978231714,0.6902204111872569,0.2812895089144228,0.0014733173951609,0.4503391522313552,19386,10798,0.556999896832766,0.4886090016906552,0.3232843137669556,PASS,,shard2_attempt1,996d63d2f7ef590801341ec3f945cb2ce0e40c70c4ebdd2b479db41f7da6d3ae,2e156b7a6d842cdafc1d65da2a81eae4321bd745f3b2dcc62dfaad3f16dd71ea,f0013734794e4e01a70d92970dee95f75bd1706c0a8143a6c684db07adee0154,src/models/eia.py,2136540541c6d42e78a879ce83728886e644dfd3ace819d36766c1d7e5018dbd,996d63d2f7ef590801341ec3f945cb2ce0e40c70c4ebdd2b479db41f7da6d3ae,82730934288f233e80b9367b778c86f943d18fa4
PatientID_0164,PatientID_0164_T1_to_T2_t1c,2,EIA-blend-0.90,0.4499476074048201,0.2902789670557483,0.3612045760430686,0.5964993517318022,0.2567795162622172,0.0014497178501276,0.4585112241199424,17832,10798,0.6055406011664424,0.4654565660554984,0.3033192517016705,PASS,,shard2_attempt1,996d63d2f7ef590801341ec3f945cb2ce0e40c70c4ebdd2b479db41f7da6d3ae,2e156b7a6d842cdafc1d65da2a81eae4321bd745f3b2dcc62dfaad3f16dd71ea,f0013734794e4e01a70d92970dee95f75bd1706c0a8143a6c684db07adee0154,src/models/eia.py,2136540541c6d42e78a879ce83728886e644dfd3ace819d36766c1d7e5018dbd,996d63d2f7ef590801341ec3f945cb2ce0e40c70c4ebdd2b479db41f7da6d3ae,82730934288f233e80b9367b778c86f943d18fa4
PatientID_0164,PatientID_0164_T1_to_T2_t1c,2,EIA-blend-0.75,0.5499399809594768,0.3792532541676182,0.497193323853005,0.6152065197258751,0.2804785627943361,0.0011247140469959,0.5799807870839685,13361,10798,0.8081730409400494,0.5452861641255192,0.3748408454688795,PASS,,shard2_attempt1,996d63d2f7ef590801341ec3f945cb2ce0e40c70c4ebdd2b479db41f7da6d3ae,2e156b7a6d842cdafc1d65da2a81eae4321bd745f3b2dcc62dfaad3f16dd71ea,f0013734794e4e01a70d92970dee95f75bd1706c0a8143a6c684db07adee0154,src/models/eia.py,2136540541c6d42e78a879ce83728886e644dfd3ace819d36766c1d7e5018dbd,996d63d2f7ef590801341ec3f945cb2ce0e40c70c4ebdd2b479db41f7da6d3ae,82730934288f233e80b9367b778c86f943d18fa4
PatientID_0164,PatientID_0164_T1_to_T2_t1c,2,EIA-morph,0.4471023681414716,0.2879149011299435,0.3548773189706762,0.6040933506204853,0.4471023681414716,0.0018070116487455,0.2148578593213718,18381,10798,0.5874544366465372,0.3608075569845894,0.2201129943943439,PASS,,shard2_attempt1,996d63d2f7ef590801341ec3f945cb2ce0e40c70c4ebdd2b479db41f7da6d3ae,2e156b7a6d842cdafc1d65da2a81eae4321bd745f3b2dcc62dfaad3f16dd71ea,f0013734794e4e01a70d92970dee95f75bd1706c0a8143a6c684db07adee0154,src/models/eia.py,2136540541c6d42e78a879ce83728886e644dfd3ace819d36766c1d7e5018dbd,996d63d2f7ef590801341ec3f945cb2ce0e40c70c4ebdd2b479db41f7da6d3ae,82730934288f233e80b9367b778c86f943d18fa4
PatientID_0164,PatientID_0164_T1_to_T2_t1c,2,Full PCC,0.66719485892865,0.5005944517833554,0.6357688113413305,0.7018892387479163,0.3280952041649859,0.0009364601911761,0.622176680919346,11921,10798,0.9057964935827532,0.6610483423013036,0.4937059067994394,PASS,,shard2_attempt1,1ce4cc7063e01bf7896fcc87d293d33d187674a1b44868f4216da54e414f8597,2e156b7a6d842cdafc1d65da2a81eae4321bd745f3b2dcc62dfaad3f16dd71ea,f0013734794e4e01a70d92970dee95f75bd1706c0a8143a6c684db07adee0154,src/models/pcc.py,123122d313885dc1d5736a3ef0c2b739b84988a4c4e9f17137f25ef724a13dc4,1ce4cc7063e01bf7896fcc87d293d33d187674a1b44868f4216da54e414f8597,82730934288f233e80b9367b778c86f943d18fa4
PatientID_0164,PatientID_0164_T1_to_T2_t1c,2,No-smoothing PCC,0.85847533632287,0.7520427404148334,0.8322030951138932,0.8864604556399334,0.402123272343844,0.0006080252759349,0.8590865600162592,11502,10798,0.938793253347244,0.8565475088045681,0.7490888475136398,PASS,,shard2_attempt1,a98cff9de3cd973fac6fd4129a2a0437abb1490f192afe845d096994cd98b126,2e156b7a6d842cdafc1d65da2a81eae4321bd745f3b2dcc62dfaad3f16dd71ea,f0013734794e4e01a70d92970dee95f75bd1706c0a8143a6c684db07adee0154,src/analysis/internal_completion.py,d72550e520742f4fd2a3fe63f61d29804bdd17c303016b7e3a48452ae6cd62f9;123122d313885dc1d5736a3ef0c2b739b84988a4c4e9f17137f25ef724a13dc4,a98cff9de3cd973fac6fd4129a2a0437abb1490f192afe845d096994cd98b126,82730934288f233e80b9367b778c86f943d18fa4
PatientID_0169,PatientID_0169_T1_to_T2_t1c,2,Fixed,0.1140669383722366,0.0604830259849119,0.5898833347526186,0.0631380341257109,0.1228581088421126,0.0115083523617799,0.1580094980659352,11743,109712,9.342757387379717,0.2139966457670355,0.11981872557174,PASS,,shard2_attempt1,1ce4cc7063e01bf7896fcc87d293d33d187674a1b44868f4216da54e414f8597,aa3ca5b360b063d3e533e8df09473d5714c70d565d53dddc7528bb34b38b0409,8635466b55f2038c5449dce6a9ceb2c6c42aa73623ea18bbb629780dfd11860b,src/models/pcc.py,123122d313885dc1d5736a3ef0c2b739b84988a4c4e9f17137f25ef724a13dc4,1ce4cc7063e01bf7896fcc87d293d33d187674a1b44868f4216da54e414f8597,82730934288f233e80b9367b778c86f943d18fa4
PatientID_0169,PatientID_0169_T1_to_T2_t1c,2,Naive,0.1140669383722366,0.0604830259849119,0.5898833347526186,0.0631380341257109,0.1164376194530969,0.0117134661013545,0.1580065369799865,11743,109712,9.342757387379717,0.2139966457670355,0.11981872557174,PASS,,shard2_attempt1,55571640a310a07ad9308efdca53e052351467d1c3f7fa58b36754d53d564135,aa3ca5b360b063d3e533e8df09473d5714c70d565d53dddc7528bb34b38b0409,8635466b55f2038c5449dce6a9ceb2c6c42aa73623ea18bbb629780dfd11860b,src/models/naive_self_tightening.py,131759341c8cebad65044361f13f5ed778994c76eee669c99a818025b0a8c634,55571640a310a07ad9308efdca53e052351467d1c3f7fa58b36754d53d564135,82730934288f233e80b9367b778c86f943d18fa4
PatientID_0169,PatientID_0169_T1_to_T2_t1c,2,EIA-linear,0.1504307864385349,0.0813328775887606,0.6790078290773396,0.0845850955228234,0.416409516886579,0.0067313826146643,0.778820253225515,13667,109712,8.027511524109167,0.8313402362556906,0.7113620764981643,PASS,,shard2_attempt1,996d63d2f7ef590801341ec3f945cb2ce0e40c70c4ebdd2b479db41f7da6d3ae,aa3ca5b360b063d3e533e8df09473d5714c70d565d53dddc7528bb34b38b0409,8635466b55f2038c5449dce6a9ceb2c6c42aa73623ea18bbb629780dfd11860b,src/models/eia.py,2136540541c6d42e78a879ce83728886e644dfd3ace819d36766c1d7e5018dbd,996d63d2f7ef590801341ec3f945cb2ce0e40c70c4ebdd2b479db41f7da6d3ae,82730934288f233e80b9367b778c86f943d18fa4
PatientID_0169,PatientID_0169_T1_to_T2_t1c,2,EIA-blend-0.90,0.1195132047354913,0.06355439721058,0.6515616537281098,0.0657904331340236,0.2323206541799617,0.0096989220111683,0.6065951715314942,11078,109712,9.90359270626467,0.6653419862929062,0.4985112137057221,PASS,,shard2_attempt1,996d63d2f7ef590801341ec3f945cb2ce0e40c70c4ebdd2b479db41f7da6d3ae,aa3ca5b360b063d3e533e8df09473d5714c70d565d53dddc7528bb34b38b0409,8635466b55f2038c5449dce6a9ceb2c6c42aa73623ea18bbb629780dfd11860b,src/models/eia.py,2136540541c6d42e78a879ce83728886e644dfd3ace819d36766c1d7e5018dbd,996d63d2f7ef590801341ec3f945cb2ce0e40c70c4ebdd2b479db41f7da6d3ae,82730934288f233e80b9367b778c86f943d18fa4
PatientID_0169,PatientID_0169_T1_to_T2_t1c,2,EIA-blend-0.75,0.1328312221841835,0.0711404473780711,0.7915215444322818,0.072498906227213,0.3724438123936993,0.0073243088458289,0.7845315381304943,10049,109712,10.91770325405513,0.8327074522393507,0.7133665453772792,PASS,,shard2_attempt1,996d63d2f7ef590801341ec3f945cb2ce0e40c70c4ebdd2b479db41f7da6d3ae,aa3ca5b360b063d3e533e8df09473d5714c70d565d53dddc7528bb34b38b0409,8635466b55f2038c5449dce6a9ceb2c6c42aa73623ea18bbb629780dfd11860b,src/models/eia.py,2136540541c6d42e78a879ce83728886e644dfd3ace819d36766c1d7e5018dbd,996d63d2f7ef590801341ec3f945cb2ce0e40c70c4ebdd2b479db41f7da6d3ae,82730934288f233e80b9367b778c86f943d18fa4
PatientID_0169,PatientID_0169_T1_to_T2_t1c,2,EIA-morph,0.1155927079289295,0.0613416793786053,0.6164214606642586,0.0637760682514219,0.1155927079289295,0.0119924955197132,0.0508177534552086,11351,109712,9.665403929169235,0.0712775266193703,0.0369558231458906,PASS,,shard2_attempt1,996d63d2f7ef590801341ec3f945cb2ce0e40c70c4ebdd2b479db41f7da6d3ae,aa3ca5b360b063d3e533e8df09473d5714c70d565d53dddc7528bb34b38b0409,8635466b55f2038c5449dce6a9ceb2c6c42aa73623ea18bbb629780dfd11860b,src/models/eia.py,2136540541c6d42e78a879ce83728886e644dfd3ace819d36766c1d7e5018dbd,996d63d2f7ef590801341ec3f945cb2ce0e40c70c4ebdd2b479db41f7da6d3ae,82730934288f233e80b9367b778c86f943d18fa4
PatientID_0169,PatientID_0169_T1_to_T2_t1c,2,Full PCC,0.215894316120644,0.1210098247381869,0.9035335214295313,0.1225936998687472,0.1939487324986618,0.0106148183096949,0.3516598434001439,14886,109712,7.370146446325406,0.2883823100513691,0.1684852357793834,PASS,,shard2_attempt1,1ce4cc7063e01bf7896fcc87d293d33d187674a1b44868f4216da54e414f8597,aa3ca5b360b063d3e533e8df09473d5714c70d565d53dddc7528bb34b38b0409,8635466b55f2038c5449dce6a9ceb2c6c42aa73623ea18bbb629780dfd11860b,src/models/pcc.py,123122d313885dc1d5736a3ef0c2b739b84988a4c4e9f17137f25ef724a13dc4,1ce4cc7063e01bf7896fcc87d293d33d187674a1b44868f4216da54e414f8597,82730934288f233e80b9367b778c86f943d18fa4
PatientID_0169,PatientID_0169_T1_to_T2_t1c,2,No-smoothing PCC,0.2557958834163204,0.1466547871228169,0.9828783816719474,0.1470304068834767,0.2197744372737025,0.0102652395289112,0.4108227009011708,16412,109712,6.684864733122105,0.3128919352517824,0.185460517789766,PASS,,shard2_attempt1,a98cff9de3cd973fac6fd4129a2a0437abb1490f192afe845d096994cd98b126,aa3ca5b360b063d3e533e8df09473d5714c70d565d53dddc7528bb34b38b0409,8635466b55f2038c5449dce6a9ceb2c6c42aa73623ea18bbb629780dfd11860b,src/analysis/internal_completion.py,d72550e520742f4fd2a3fe63f61d29804bdd17c303016b7e3a48452ae6cd62f9;123122d313885dc1d5736a3ef0c2b739b84988a4c4e9f17137f25ef724a13dc4,a98cff9de3cd973fac6fd4129a2a0437abb1490f192afe845d096994cd98b126,82730934288f233e80b9367b778c86f943d18fa4
PatientID_0170,PatientID_0170_T1_to_T2_t1c,2,Fixed,0.2729911871435977,0.1580716815753136,0.3468124341412013,0.225081210463327,0.2246326940315918,0.00134568157055,0.2059291801506368,7592,11698,1.5408324552160169,0.2929560608953259,0.171616004848935,PASS,,shard2_attempt1,1ce4cc7063e01bf7896fcc87d293d33d187674a1b44868f4216da54e414f8597,0ceb6fa6f9e3979dd37776a4c742010b7fead1f5dbc573f7e547ec424e16e2e5,82a916b787cc5366b2f53f5e7e31865fd89893e98e3046676b79f3150b08910c,src/models/pcc.py,123122d313885dc1d5736a3ef0c2b739b84988a4c4e9f17137f25ef724a13dc4,1ce4cc7063e01bf7896fcc87d293d33d187674a1b44868f4216da54e414f8597,82730934288f233e80b9367b778c86f943d18fa4
PatientID_0170,PatientID_0170_T1_to_T2_t1c,2,Naive,0.2729911871435977,0.1580716815753136,0.3468124341412013,0.225081210463327,0.2643996656481839,0.0013789667874642,0.2057952476378403,7592,11698,1.5408324552160169,0.2929560608953259,0.171616004848935,PASS,,shard2_attempt1,55571640a310a07ad9308efdca53e052351467d1c3f7fa58b36754d53d564135,0ceb6fa6f9e3979dd37776a4c742010b7fead1f5dbc573f7e547ec424e16e2e5,82a916b787cc5366b2f53f5e7e31865fd89893e98e3046676b79f3150b08910c,src/models/naive_self_tightening.py,131759341c8cebad65044361f13f5ed778994c76eee669c99a818025b0a8c634,55571640a310a07ad9308efdca53e052351467d1c3f7fa58b36754d53d564135,82730934288f233e80b9367b778c86f943d18fa4
PatientID_0170,PatientID_0170_T1_to_T2_t1c,2,EIA-linear,0.3330997196635963,0.1998318217310349,0.4019086735926552,0.2844075910412036,0.332230754574197,0.001023267190242,0.3954699750099314,8278,11698,1.4131432713215752,0.3836553257230443,0.2373598477238544,PASS,,shard2_attempt1,996d63d2f7ef590801341ec3f945cb2ce0e40c70c4ebdd2b479db41f7da6d3ae,0ceb6fa6f9e3979dd37776a4c742010b7fead1f5dbc573f7e547ec424e16e2e5,82a916b787cc5366b2f53f5e7e31865fd89893e98e3046676b79f3150b08910c,src/models/eia.py,2136540541c6d42e78a879ce83728886e644dfd3ace819d36766c1d7e5018dbd,996d63d2f7ef590801341ec3f945cb2ce0e40c70c4ebdd2b479db41f7da6d3ae,82730934288f233e80b9367b778c86f943d18fa4
PatientID_0170,PatientID_0170_T1_to_T2_t1c,2,EIA-blend-0.90,0.2876942233771858,0.1680156823068167,0.392292927801565,0.2271328432210634,0.2609287924385653,0.0011587709720348,0.3190776750673865,6773,11698,1.7271519267680495,0.3197982561412293,0.1903332485784618,PASS,,shard2_attempt1,996d63d2f7ef590801341ec3f945cb2ce0e40c70c4ebdd2b479db41f7da6d3ae,0ceb6fa6f9e3979dd37776a4c742010b7fead1f5dbc573f7e547ec424e16e2e5,82a916b787cc5366b2f53f5e7e31865fd89893e98e3046676b79f3150b08910c,src/models/eia.py,2136540541c6d42e78a879ce83728886e644dfd3ace819d36766c1d7e5018dbd,996d63d2f7ef590801341ec3f945cb2ce0e40c70c4ebdd2b479db41f7da6d3ae,82730934288f233e80b9367b778c86f943d18fa4
PatientID_0170,PatientID_0170_T1_to_T2_t1c,2,EIA-blend-0.75,0.3208262823131236,0.1910619961078676,0.5054237911380769,0.2349974354590528,0.3173617724884511,0.0009146165544574,0.4670138918712914,5439,11698,2.150763007905865,0.4210121388518972,0.2666341833540883,PASS,,shard2_attempt1,996d63d2f7ef590801341ec3f945cb2ce0e40c70c4ebdd2b479db41f7da6d3ae,0ceb6fa6f9e3979dd37776a4c742010b7fead1f5dbc573f7e547ec424e16e2e5,82a916b787cc5366b2f53f5e7e31865fd89893e98e3046676b79f3150b08910c,src/models/eia.py,2136540541c6d42e78a879ce83728886e644dfd3ace819d36766c1d7e5018dbd,996d63d2f7ef590801341ec3f945cb2ce0e40c70c4ebdd2b479db41f7da6d3ae,82730934288f233e80b9367b778c86f943d18fa4
PatientID_0170,PatientID_0170_T1_to_T2_t1c,2,EIA-morph,0.2710952454860572,0.1568017236220001,0.3433363910365614,0.2239699093862198,0.2710952454860572,0.0015780689964157,0.0779138214647192,7631,11698,1.5329576726510288,0.2240553941176246,0.1261612515462738,PASS,,shard2_attempt1,996d63d2f7ef590801341ec3f945cb2ce0e40c70c4ebdd2b479db41f7da6d3ae,0ceb6fa6f9e3979dd37776a4c742010b7fead1f5dbc573f7e547ec424e16e2e5,82a916b787cc5366b2f53f5e7e31865fd89893e98e3046676b79f3150b08910c,src/models/eia.py,2136540541c6d42e78a879ce83728886e644dfd3ace819d36766c1d7e5018dbd,996d63d2f7ef590801341ec3f945cb2ce0e40c70c4ebdd2b479db41f7da6d3ae,82730934288f233e80b9367b778c86f943d18fa4
PatientID_0170,PatientID_0170_T1_to_T2_t1c,2,Full PCC,0.4932231761974188,0.3273365825688073,0.6695499193666617,0.3904086168575825,0.3386820951323313,0.0009625204164841,0.4268978651632625,6821,11698,1.7149978009089577,0.5118823730760864,0.3439797794494497,PASS,,shard2_attempt1,1ce4cc7063e01bf7896fcc87d293d33d187674a1b44868f4216da54e414f8597,0ceb6fa6f9e3979dd37776a4c742010b7fead1f5dbc573f7e547ec424e16e2e5,82a916b787cc5366b2f53f5e7e31865fd89893e98e3046676b79f3150b08910c,src/models/pcc.py,123122d313885dc1d5736a3ef0c2b739b84988a4c4e9f17137f25ef724a13dc4,1ce4cc7063e01bf7896fcc87d293d33d187674a1b44868f4216da54e414f8597,82730934288f233e80b9367b778c86f943d18fa4
PatientID_0170,PatientID_0170_T1_to_T2_t1c,2,No-smoothing PCC,0.6524529302572262,0.4841782115869018,0.8594383121419589,0.5258163788681826,0.4184599567666898,0.0007277561373995,0.6154302544078122,7157,11698,1.6344837222299846,0.6266883228061768,0.4563336446027803,PASS,,shard2_attempt1,a98cff9de3cd973fac6fd4129a2a0437abb1490f192afe845d096994cd98b126,0ceb6fa6f9e3979dd37776a4c742010b7fead1f5dbc573f7e547ec424e16e2e5,82a916b787cc5366b2f53f5e7e31865fd89893e98e3046676b79f3150b08910c,src/analysis/internal_completion.py,d72550e520742f4fd2a3fe63f61d29804bdd17c303016b7e3a48452ae6cd62f9;123122d313885dc1d5736a3ef0c2b739b84988a4c4e9f17137f25ef724a13dc4,a98cff9de3cd973fac6fd4129a2a0437abb1490f192afe845d096994cd98b126,82730934288f233e80b9367b778c86f943d18fa4
PatientID_0171,PatientID_0171_T1_to_T2_t1c,2,Fixed,0.350914070566124,0.2127930778516746,0.3314684824630047,0.3727833968212268,0.332135870508296,0.0086389380157495,0.308959089748466,85619,76130,0.8891717959798643,0.3354656508647349,0.2015372353500877,PASS,,shard2_attempt1,1ce4cc7063e01bf7896fcc87d293d33d187674a1b44868f4216da54e414f8597,3a124bc443212fa79df47c37505a6f41161bb50fa55dbfee6dd0e6ef10226982,f3a66bca35dadb4f813484f86030e32074ad1364665809e8f46b84e1fb2a00dd,src/models/pcc.py,123122d313885dc1d5736a3ef0c2b739b84988a4c4e9f17137f25ef724a13dc4,1ce4cc7063e01bf7896fcc87d293d33d187674a1b44868f4216da54e414f8597,82730934288f233e80b9367b778c86f943d18fa4
PatientID_0171,PatientID_0171_T1_to_T2_t1c,2,Naive,0.350914070566124,0.2127930778516746,0.3314684824630047,0.3727833968212268,0.3503030823920509,0.0097541385440476,0.3090029764791382,85619,76130,0.8891717959798643,0.3354656508647349,0.2015372353500877,PASS,,shard2_attempt1,55571640a310a07ad9308efdca53e052351467d1c3f7fa58b36754d53d564135,3a124bc443212fa79df47c37505a6f41161bb50fa55dbfee6dd0e6ef10226982,f3a66bca35dadb4f813484f86030e32074ad1364665809e8f46b84e1fb2a00dd,src/models/naive_self_tightening.py,131759341c8cebad65044361f13f5ed778994c76eee669c99a818025b0a8c634,55571640a310a07ad9308efdca53e052351467d1c3f7fa58b36754d53d564135,82730934288f233e80b9367b778c86f943d18fa4
PatientID_0171,PatientID_0171_T1_to_T2_t1c,2,EIA-linear,0.4465279571660052,0.2874386824183881,0.4036963121802084,0.499527124655195,0.3935350104130725,0.0073450899548651,0.3963250556443022,94202,76130,0.8081569393431137,0.3910679101576838,0.2430605447125999,PASS,,shard2_attempt1,996d63d2f7ef590801341ec3f945cb2ce0e40c70c4ebdd2b479db41f7da6d3ae,3a124bc443212fa79df47c37505a6f41161bb50fa55dbfee6dd0e6ef10226982,f3a66bca35dadb4f813484f86030e32074ad1364665809e8f46b84e1fb2a00dd,src/models/eia.py,2136540541c6d42e78a879ce83728886e644dfd3ace819d36766c1d7e5018dbd,996d63d2f7ef590801341ec3f945cb2ce0e40c70c4ebdd2b479db41f7da6d3ae,82730934288f233e80b9367b778c86f943d18fa4
PatientID_0171,PatientID_0171_T1_to_T2_t1c,2,EIA-blend-0.90,0.3717053419268865,0.2282789175067085,0.3628120466256441,0.3810455799290687,0.3540161104570962,0.0074392274271749,0.3901077586348993,79956,76130,0.9521486817749762,0.367581768032526,0.225176220676356,PASS,,shard2_attempt1,996d63d2f7ef590801341ec3f945cb2ce0e40c70c4ebdd2b479db41f7da6d3ae,3a124bc443212fa79df47c37505a6f41161bb50fa55dbfee6dd0e6ef10226982,f3a66bca35dadb4f813484f86030e32074ad1364665809e8f46b84e1fb2a00dd,src/models/eia.py,2136540541c6d42e78a879ce83728886e644dfd3ace819d36766c1d7e5018dbd,996d63d2f7ef590801341ec3f945cb2ce0e40c70c4ebdd2b479db41f7da6d3ae,82730934288f233e80b9367b778c86f943d18fa4
PatientID_0171,PatientID_0171_T1_to_T2_t1c,2,EIA-blend-0.75,0.4333022162292985,0.2765703894636488,0.457487040957874,0.4115460396689873,0.3885556503133729,0.0058862942960516,0.4929705348330829,68485,76130,1.1116302840037964,0.4556416655756229,0.2950362331227245,PASS,,shard2_attempt1,996d63d2f7ef590801341ec3f945cb2ce0e40c70c4ebdd2b479db41f7da6d3ae,3a124bc443212fa79df47c37505a6f41161bb50fa55dbfee6dd0e6ef10226982,f3a66bca35dadb4f813484f86030e32074ad1364665809e8f46b84e1fb2a00dd,src/models/eia.py,2136540541c6d42e78a879ce83728886e644dfd3ace819d36766c1d7e5018dbd,996d63d2f7ef590801341ec3f945cb2ce0e40c70c4ebdd2b479db41f7da6d3ae,82730934288f233e80b9367b778c86f943d18fa4
PatientID_0171,PatientID_0171_T1_to_T2_t1c,2,EIA-morph,0.3608966653861882,0.2201793247350197,0.3415583806351738,0.3825561539471956,0.3608966653861882,0.0115535394265232,0.1359302694047978,85268,76130,0.8928320120091945,0.3378431630149885,0.2032558874727101,PASS,,shard2_attempt1,996d63d2f7ef590801341ec3f945cb2ce0e40c70c4ebdd2b479db41f7da6d3ae,3a124bc443212fa79df47c37505a6f41161bb50fa55dbfee6dd0e6ef10226982,f3a66bca35dadb4f813484f86030e32074ad1364665809e8f46b84e1fb2a00dd,src/models/eia.py,2136540541c6d42e78a879ce83728886e644dfd3ace819d36766c1d7e5018dbd,996d63d2f7ef590801341ec3f945cb2ce0e40c70c4ebdd2b479db41f7da6d3ae,82730934288f233e80b9367b778c86f943d18fa4
PatientID_0171,PatientID_0171_T1_to_T2_t1c,2,Full PCC,0.6284085574408155,0.4581601619417362,0.6419704028500959,0.6154078549848943,0.4648644291395834,0.0052591456586242,0.561165967581244,72980,76130,1.043162510276788,0.6341389728120704,0.4642778146479302,PASS,,shard2_attempt1,1ce4cc7063e01bf7896fcc87d293d33d187674a1b44868f4216da54e414f8597,3a124bc443212fa79df47c37505a6f41161bb50fa55dbfee6dd0e6ef10226982,f3a66bca35dadb4f813484f86030e32074ad1364665809e8f46b84e1fb2a00dd,src/models/pcc.py,123122d313885dc1d5736a3ef0c2b739b84988a4c4e9f17137f25ef724a13dc4,1ce4cc7063e01bf7896fcc87d293d33d187674a1b44868f4216da54e414f8597,82730934288f233e80b9367b778c86f943d18fa4
PatientID_0171,PatientID_0171_T1_to_T2_t1c,2,No-smoothing PCC,0.8034274799473723,0.6714406912102878,0.817230744147498,0.7900827531853408,0.5584145010804157,0.0034484080236298,0.7750152015927045,73601,76130,1.0343609461827965,0.8038618153171951,0.6720476159136408,PASS,,shard2_attempt1,a98cff9de3cd973fac6fd4129a2a0437abb1490f192afe845d096994cd98b126,3a124bc443212fa79df47c37505a6f41161bb50fa55dbfee6dd0e6ef10226982,f3a66bca35dadb4f813484f86030e32074ad1364665809e8f46b84e1fb2a00dd,src/analysis/internal_completion.py,d72550e520742f4fd2a3fe63f61d29804bdd17c303016b7e3a48452ae6cd62f9;123122d313885dc1d5736a3ef0c2b739b84988a4c4e9f17137f25ef724a13dc4,a98cff9de3cd973fac6fd4129a2a0437abb1490f192afe845d096994cd98b126,82730934288f233e80b9367b778c86f943d18fa4
PatientID_0173,PatientID_0173_T1_to_T2_t1c,2,Fixed,0.0455572128702322,0.0233095658620614,0.0233952684218589,0.8641875505254648,0.0262231705184092,0.0035761545876066,0.0278341241259657,45693,1237,0.0270719803908695,0.0226354086408102,0.0114472612381654,PASS,,shard2_attempt1,1ce4cc7063e01bf7896fcc87d293d33d187674a1b44868f4216da54e414f8597,02923307c25f52bfc8f1bd5937f1f20494fd09eb808cfb591291df45d05970cb,0ce8d46d37e871727c206df4702e0340732b19d80c268b9ba59fb80d50ddafa4,src/models/pcc.py,123122d313885dc1d5736a3ef0c2b739b84988a4c4e9f17137f25ef724a13dc4,1ce4cc7063e01bf7896fcc87d293d33d187674a1b44868f4216da54e414f8597,82730934288f233e80b9367b778c86f943d18fa4
PatientID_0173,PatientID_0173_T1_to_T2_t1c,2,Naive,0.0455572128702322,0.0233095658620614,0.0233952684218589,0.8641875505254648,0.0391474727727966,0.0039063187666252,0.0278354076903367,45693,1237,0.0270719803908695,0.0226354086408102,0.0114472612381654,PASS,,shard2_attempt1,55571640a310a07ad9308efdca53e052351467d1c3f7fa58b36754d53d564135,02923307c25f52bfc8f1bd5937f1f20494fd09eb808cfb591291df45d05970cb,0ce8d46d37e871727c206df4702e0340732b19d80c268b9ba59fb80d50ddafa4,src/models/naive_self_tightening.py,131759341c8cebad65044361f13f5ed778994c76eee669c99a818025b0a8c634,55571640a310a07ad9308efdca53e052351467d1c3f7fa58b36754d53d564135,82730934288f233e80b9367b778c86f943d18fa4
PatientID_0173,PatientID_0173_T1_to_T2_t1c,2,EIA-linear,0.0688320825515947,0.0356427226911166,0.0357110266159695,0.9490703314470492,0.0339207850361125,0.0026220661576108,0.0633075155280688,32875,1237,0.0376273764258555,0.0428455945663518,0.0218917806601025,PASS,,shard2_attempt1,996d63d2f7ef590801341ec3f945cb2ce0e40c70c4ebdd2b479db41f7da6d3ae,02923307c25f52bfc8f1bd5937f1f20494fd09eb808cfb591291df45d05970cb,0ce8d46d37e871727c206df4702e0340732b19d80c268b9ba59fb80d50ddafa4,src/models/eia.py,2136540541c6d42e78a879ce83728886e644dfd3ace819d36766c1d7e5018dbd,996d63d2f7ef590801341ec3f945cb2ce0e40c70c4ebdd2b479db41f7da6d3ae,82730934288f233e80b9367b778c86f943d18fa4
PatientID_0173,PatientID_0173_T1_to_T2_t1c,2,EIA-blend-0.90,0.052903320527565,0.0271703614336701,0.0272773151652788,0.8738884397736459,0.0284933605558676,0.0029068911657083,0.1208519936459782,39630,1237,0.0312137269745142,0.0848827812914782,0.044322499348112,PASS,,shard2_attempt1,996d63d2f7ef590801341ec3f945cb2ce0e40c70c4ebdd2b479db41f7da6d3ae,02923307c25f52bfc8f1bd5937f1f20494fd09eb808cfb591291df45d05970cb,0ce8d46d37e871727c206df4702e0340732b19d80c268b9ba59fb80d50ddafa4,src/models/eia.py,2136540541c6d42e78a879ce83728886e644dfd3ace819d36766c1d7e5018dbd,996d63d2f7ef590801341ec3f945cb2ce0e40c70c4ebdd2b479db41f7da6d3ae,82730934288f233e80b9367b778c86f943d18fa4
PatientID_0173,PatientID_0173_T1_to_T2_t1c,2,EIA-blend-0.75,0.0851096398913168,0.0444462208721371,0.0446693982485739,0.898949070331447,0.0329574880558857,0.0020359517933713,0.3836834752698138,24894,1237,0.0496906885193219,0.3346806793311719,0.200970874174286,PASS,,shard2_attempt1,996d63d2f7ef590801341ec3f945cb2ce0e40c70c4ebdd2b479db41f7da6d3ae,02923307c25f52bfc8f1bd5937f1f20494fd09eb808cfb591291df45d05970cb,0ce8d46d37e871727c206df4702e0340732b19d80c268b9ba59fb80d50ddafa4,src/models/eia.py,2136540541c6d42e78a879ce83728886e644dfd3ace819d36766c1d7e5018dbd,996d63d2f7ef590801341ec3f945cb2ce0e40c70c4ebdd2b479db41f7da6d3ae,82730934288f233e80b9367b778c86f943d18fa4
PatientID_0173,PatientID_0173_T1_to_T2_t1c,2,EIA-morph,0.0855276028013615,0.0446742418049538,0.0449387385905764,0.883589329021827,0.0855276028013615,0.002617943548387,0.0397235189105927,24322,1237,0.0508593043335252,0.004042037589312,0.002025111785328,PASS,,shard2_attempt1,996d63d2f7ef590801341ec3f945cb2ce0e40c70c4ebdd2b479db41f7da6d3ae,02923307c25f52bfc8f1bd5937f1f20494fd09eb808cfb591291df45d05970cb,0ce8d46d37e871727c206df4702e0340732b19d80c268b9ba59fb80d50ddafa4,src/models/eia.py,2136540541c6d42e78a879ce83728886e644dfd3ace819d36766c1d7e5018dbd,996d63d2f7ef590801341ec3f945cb2ce0e40c70c4ebdd2b479db41f7da6d3ae,82730934288f233e80b9367b778c86f943d18fa4
PatientID_0173,PatientID_0173_T1_to_T2_t1c,2,Full PCC,0.1629618390106972,0.0887090113157677,0.0899196249162759,0.8682295877122069,0.0404989557795229,0.0014438804770207,0.0991081716220674,11944,1237,0.1035666443402545,0.0703314474250883,0.0364474239478645,PASS,,shard2_attempt1,1ce4cc7063e01bf7896fcc87d293d33d187674a1b44868f4216da54e414f8597,02923307c25f52bfc8f1bd5937f1f20494fd09eb808cfb591291df45d05970cb,0ce8d46d37e871727c206df4702e0340732b19d80c268b9ba59fb80d50ddafa4,src/models/pcc.py,123122d313885dc1d5736a3ef0c2b739b84988a4c4e9f17137f25ef724a13dc4,1ce4cc7063e01bf7896fcc87d293d33d187674a1b44868f4216da54e414f8597,82730934288f233e80b9367b778c86f943d18fa4
PatientID_0173,PatientID_0173_T1_to_T2_t1c,2,No-smoothing PCC,0.3250790305584826,0.194086190625983,0.1941778127458694,0.9975747776879548,0.0518332557807008,0.0011393526051521,0.3386855390386931,6355,1237,0.1946498819826908,0.1940177852894027,0.1074306181255906,PASS,,shard2_attempt1,a98cff9de3cd973fac6fd4129a2a0437abb1490f192afe845d096994cd98b126,02923307c25f52bfc8f1bd5937f1f20494fd09eb808cfb591291df45d05970cb,0ce8d46d37e871727c206df4702e0340732b19d80c268b9ba59fb80d50ddafa4,src/analysis/internal_completion.py,d72550e520742f4fd2a3fe63f61d29804bdd17c303016b7e3a48452ae6cd62f9;123122d313885dc1d5736a3ef0c2b739b84988a4c4e9f17137f25ef724a13dc4,a98cff9de3cd973fac6fd4129a2a0437abb1490f192afe845d096994cd98b126,82730934288f233e80b9367b778c86f943d18fa4
PatientID_0186,PatientID_0186_T1_to_T2_t1c,2,Fixed,0.6125598422979442,0.4415036128927498,0.4740788097175404,0.8653264732403331,0.5046035587001428,0.0033030287317839,0.6838644548238229,68824,37706,0.5478612112053934,0.6623879488720312,0.4952018399655959,PASS,,shard2_attempt1,1ce4cc7063e01bf7896fcc87d293d33d187674a1b44868f4216da54e414f8597,decc7c6b1a52dcd3bf1b3539c397220221f7b984336b8e02b526ac7dcfe746be,0f82483430b342ba74c87845156961b6855e46e2b0acddb918f4d2e8070789d1,src/models/pcc.py,123122d313885dc1d5736a3ef0c2b739b84988a4c4e9f17137f25ef724a13dc4,1ce4cc7063e01bf7896fcc87d293d33d187674a1b44868f4216da54e414f8597,82730934288f233e80b9367b778c86f943d18fa4
PatientID_0186,PatientID_0186_T1_to_T2_t1c,2,Naive,0.6125598422979442,0.4415036128927498,0.4740788097175404,0.8653264732403331,0.5899392052644334,0.0036747795503022,0.6834458331143801,68824,37706,0.5478612112053934,0.6623879488720312,0.4952018399655959,PASS,,shard2_attempt1,55571640a310a07ad9308efdca53e052351467d1c3f7fa58b36754d53d564135,decc7c6b1a52dcd3bf1b3539c397220221f7b984336b8e02b526ac7dcfe746be,0f82483430b342ba74c87845156961b6855e46e2b0acddb918f4d2e8070789d1,src/models/naive_self_tightening.py,131759341c8cebad65044361f13f5ed778994c76eee669c99a818025b0a8c634,55571640a310a07ad9308efdca53e052351467d1c3f7fa58b36754d53d564135,82730934288f233e80b9367b778c86f943d18fa4
PatientID_0186,PatientID_0186_T1_to_T2_t1c,2,EIA-linear,0.6341922206598564,0.4643349014795118,0.488684146323962,0.9030923460457222,0.5327208391107571,0.0030744317233518,0.7415930864825334,69681,37706,0.541123118210129,0.7213971251296691,0.5642073385832236,PASS,,shard2_attempt1,996d63d2f7ef590801341ec3f945cb2ce0e40c70c4ebdd2b479db41f7da6d3ae,decc7c6b1a52dcd3bf1b3539c397220221f7b984336b8e02b526ac7dcfe746be,0f82483430b342ba74c87845156961b6855e46e2b0acddb918f4d2e8070789d1,src/models/eia.py,2136540541c6d42e78a879ce83728886e644dfd3ace819d36766c1d7e5018dbd,996d63d2f7ef590801341ec3f945cb2ce0e40c70c4ebdd2b479db41f7da6d3ae,82730934288f233e80b9367b778c86f943d18fa4
PatientID_0186,PatientID_0186_T1_to_T2_t1c,2,EIA-blend-0.90,0.6390531393449,0.4695650931126642,0.5045455941521545,0.8713467352675967,0.522026804804338,0.0027858867302465,0.8019909157753587,65118,37706,0.5790411253416874,0.7336232960306899,0.5793089005323705,PASS,,shard2_attempt1,996d63d2f7ef590801341ec3f945cb2ce0e40c70c4ebdd2b479db41f7da6d3ae,decc7c6b1a52dcd3bf1b3539c397220221f7b984336b8e02b526ac7dcfe746be,0f82483430b342ba74c87845156961b6855e46e2b0acddb918f4d2e8070789d1,src/models/eia.py,2136540541c6d42e78a879ce83728886e644dfd3ace819d36766c1d7e5018dbd,996d63d2f7ef590801341ec3f945cb2ce0e40c70c4ebdd2b479db41f7da6d3ae,82730934288f233e80b9367b778c86f943d18fa4
PatientID_0186,PatientID_0186_T1_to_T2_t1c,2,EIA-blend-0.75,0.7109706893239118,0.5515550992017488,0.5949267595569846,0.8832546544316554,0.5506825104548456,0.0021159255613751,0.883749321647893,55980,37706,0.6735619864237228,0.7991301119211913,0.6654593639649854,PASS,,shard2_attempt1,996d63d2f7ef590801341ec3f945cb2ce0e40c70c4ebdd2b479db41f7da6d3ae,decc7c6b1a52dcd3bf1b3539c397220221f7b984336b8e02b526ac7dcfe746be,0f82483430b342ba74c87845156961b6855e46e2b0acddb918f4d2e8070789d1,src/models/eia.py,2136540541c6d42e78a879ce83728886e644dfd3ace819d36766c1d7e5018dbd,996d63d2f7ef590801341ec3f945cb2ce0e40c70c4ebdd2b479db41f7da6d3ae,82730934288f233e80b9367b778c86f943d18fa4
PatientID_0186,PatientID_0186_T1_to_T2_t1c,2,EIA-morph,0.6155719557195571,0.4446399061783677,0.4719495289557812,0.8848459131172758,0.6155719557195571,0.0046675627240143,0.4180889470195945,70694,37706,0.5333691685291538,0.4642762425149277,0.3023175491433993,PASS,,shard2_attempt1,996d63d2f7ef590801341ec3f945cb2ce0e40c70c4ebdd2b479db41f7da6d3ae,decc7c6b1a52dcd3bf1b3539c397220221f7b984336b8e02b526ac7dcfe746be,0f82483430b342ba74c87845156961b6855e46e2b0acddb918f4d2e8070789d1,src/models/eia.py,2136540541c6d42e78a879ce83728886e644dfd3ace819d36766c1d7e5018dbd,996d63d2f7ef590801341ec3f945cb2ce0e40c70c4ebdd2b479db41f7da6d3ae,82730934288f233e80b9367b778c86f943d18fa4
PatientID_0186,PatientID_0186_T1_to_T2_t1c,2,Full PCC,0.8133772558006301,0.6854556427278213,0.7394852207127045,0.903675807563783,0.6016883910648776,0.0017455582033144,0.8504749114712201,46078,37706,0.8183080862884674,0.8280644990210039,0.7065785602818218,PASS,,shard2_attempt1,1ce4cc7063e01bf7896fcc87d293d33d187674a1b44868f4216da54e414f8597,decc7c6b1a52dcd3bf1b3539c397220221f7b984336b8e02b526ac7dcfe746be,0f82483430b342ba74c87845156961b6855e46e2b0acddb918f4d2e8070789d1,src/models/pcc.py,123122d313885dc1d5736a3ef0c2b739b84988a4c4e9f17137f25ef724a13dc4,1ce4cc7063e01bf7896fcc87d293d33d187674a1b44868f4216da54e414f8597,82730934288f233e80b9367b778c86f943d18fa4
PatientID_0186,PatientID_0186_T1_to_T2_t1c,2,No-smoothing PCC,0.9131537564044032,0.8401866977829638,0.8749817722257327,0.9548082533283828,0.6507621607403692,0.0011748969762057,0.9360392563493146,41146,37706,0.91639527536091,0.915079828145188,0.8434536032110235,PASS,,shard2_attempt1,a98cff9de3cd973fac6fd4129a2a0437abb1490f192afe845d096994cd98b126,decc7c6b1a52dcd3bf1b3539c397220221f7b984336b8e02b526ac7dcfe746be,0f82483430b342ba74c87845156961b6855e46e2b0acddb918f4d2e8070789d1,src/analysis/internal_completion.py,d72550e520742f4fd2a3fe63f61d29804bdd17c303016b7e3a48452ae6cd62f9;123122d313885dc1d5736a3ef0c2b739b84988a4c4e9f17137f25ef724a13dc4,a98cff9de3cd973fac6fd4129a2a0437abb1490f192afe845d096994cd98b126,82730934288f233e80b9367b778c86f943d18fa4
PatientID_0187,PatientID_0187_T1_to_T2_t1c,2,Fixed,0.1042294640656694,0.05498,0.0700185935151932,0.2038107947805456,0.0994420716433512,0.003908076309788,0.0543966670959028,39261,13488,0.3435470314052112,0.098161328621806,0.0516139092838135,PASS,,shard2_attempt1,1ce4cc7063e01bf7896fcc87d293d33d187674a1b44868f4216da54e414f8597,f79cea31c80c2b7006afa6bc9737e594b5126cf50bf27a87c9fd9a2a61293bb4,a978027146091dad0a43d8e26c18391ab88393337c4eb363a2d1ab520d0281bb,src/models/pcc.py,123122d313885dc1d5736a3ef0c2b739b84988a4c4e9f17137f25ef724a13dc4,1ce4cc7063e01bf7896fcc87d293d33d187674a1b44868f4216da54e414f8597,82730934288f233e80b9367b778c86f943d18fa4
PatientID_0187,PatientID_0187_T1_to_T2_t1c,2,Naive,0.1042294640656694,0.05498,0.0700185935151932,0.2038107947805456,0.1066476319308494,0.0043809681091079,0.0544120106401939,39261,13488,0.3435470314052112,0.098161328621806,0.0516139092838135,PASS,,shard2_attempt1,55571640a310a07ad9308efdca53e052351467d1c3f7fa58b36754d53d564135,f79cea31c80c2b7006afa6bc9737e594b5126cf50bf27a87c9fd9a2a61293bb4,a978027146091dad0a43d8e26c18391ab88393337c4eb363a2d1ab520d0281bb,src/models/naive_self_tightening.py,131759341c8cebad65044361f13f5ed778994c76eee669c99a818025b0a8c634,55571640a310a07ad9308efdca53e052351467d1c3f7fa58b36754d53d564135,82730934288f233e80b9367b778c86f943d18fa4
PatientID_0187,PatientID_0187_T1_to_T2_t1c,2,EIA-linear,0.1411588785046729,0.0759391842973212,0.0943716884934519,0.2799525504151838,0.1578041385130064,0.0035020031299342,0.1126101419298652,40012,13488,0.3370988703388983,0.1122479241135732,0.0594611578407249,PASS,,shard2_attempt1,996d63d2f7ef590801341ec3f945cb2ce0e40c70c4ebdd2b479db41f7da6d3ae,f79cea31c80c2b7006afa6bc9737e594b5126cf50bf27a87c9fd9a2a61293bb4,a978027146091dad0a43d8e26c18391ab88393337c4eb363a2d1ab520d0281bb,src/models/eia.py,2136540541c6d42e78a879ce83728886e644dfd3ace819d36766c1d7e5018dbd,996d63d2f7ef590801341ec3f945cb2ce0e40c70c4ebdd2b479db41f7da6d3ae,82730934288f233e80b9367b778c86f943d18fa4
PatientID_0187,PatientID_0187_T1_to_T2_t1c,2,EIA-blend-0.90,0.1169383853128019,0.0621001375635958,0.0809034790771769,0.2108540925266903,0.1221911418608314,0.0032564745761587,0.1197302582357581,35153,13488,0.3836941370580036,0.1184015421441873,0.0629260412521011,PASS,,shard2_attempt1,996d63d2f7ef590801341ec3f945cb2ce0e40c70c4ebdd2b479db41f7da6d3ae,f79cea31c80c2b7006afa6bc9737e594b5126cf50bf27a87c9fd9a2a61293bb4,a978027146091dad0a43d8e26c18391ab88393337c4eb363a2d1ab520d0281bb,src/models/eia.py,2136540541c6d42e78a879ce83728886e644dfd3ace819d36766c1d7e5018dbd,996d63d2f7ef590801341ec3f945cb2ce0e40c70c4ebdd2b479db41f7da6d3ae,82730934288f233e80b9367b778c86f943d18fa4
PatientID_0187,PatientID_0187_T1_to_T2_t1c,2,EIA-blend-0.75,0.1571126360868892,0.0852535207324243,0.120479544195616,0.2257562277580071,0.1621905879393644,0.0024052089996687,0.1707973020699395,25274,13488,0.5336709662103347,0.1488730723921681,0.0804229414017773,PASS,,shard2_attempt1,996d63d2f7ef590801341ec3f945cb2ce0e40c70c4ebdd2b479db41f7da6d3ae,f79cea31c80c2b7006afa6bc9737e594b5126cf50bf27a87c9fd9a2a61293bb4,a978027146091dad0a43d8e26c18391ab88393337c4eb363a2d1ab520d0281bb,src/models/eia.py,2136540541c6d42e78a879ce83728886e644dfd3ace819d36766c1d7e5018dbd,996d63d2f7ef590801341ec3f945cb2ce0e40c70c4ebdd2b479db41f7da6d3ae,82730934288f233e80b9367b778c86f943d18fa4
PatientID_0187,PatientID_0187_T1_to_T2_t1c,2,EIA-morph,0.100800562057426,0.0530752905901364,0.0671445109485455,0.2021055753262159,0.100800562057426,0.0054474686379928,0.0147757011622066,40599,13488,0.3322249316485627,0.067170818539918,0.0347525892199941,PASS,,shard2_attempt1,996d63d2f7ef590801341ec3f945cb2ce0e40c70c4ebdd2b479db41f7da6d3ae,f79cea31c80c2b7006afa6bc9737e594b5126cf50bf27a87c9fd9a2a61293bb4,a978027146091dad0a43d8e26c18391ab88393337c4eb363a2d1ab520d0281bb,src/models/eia.py,2136540541c6d42e78a879ce83728886e644dfd3ace819d36766c1d7e5018dbd,996d63d2f7ef590801341ec3f945cb2ce0e40c70c4ebdd2b479db41f7da6d3ae,82730934288f233e80b9367b778c86f943d18fa4
PatientID_0187,PatientID_0187_T1_to_T2_t1c,2,Full PCC,0.2950220733749429,0.1730357142857143,0.2502970501627318,0.3592081850533807,0.1709617460397724,0.002308337550948,0.15055530645285,19357,13488,0.6968021904220696,0.2846975089233134,0.1659751037704886,PASS,,shard2_attempt1,1ce4cc7063e01bf7896fcc87d293d33d187674a1b44868f4216da54e414f8597,f79cea31c80c2b7006afa6bc9737e594b5126cf50bf27a87c9fd9a2a61293bb4,a978027146091dad0a43d8e26c18391ab88393337c4eb363a2d1ab520d0281bb,src/models/pcc.py,123122d313885dc1d5736a3ef0c2b739b84988a4c4e9f17137f25ef724a13dc4,1ce4cc7063e01bf7896fcc87d293d33d187674a1b44868f4216da54e414f8597,82730934288f233e80b9367b778c86f943d18fa4
PatientID_0187,PatientID_0187_T1_to_T2_t1c,2,No-smoothing PCC,0.5048718450401095,0.3376779731993299,0.5345984917543715,0.4782769869513641,0.2270733496155828,0.0016841647298522,0.34190448049718,12067,13488,1.1177591779232618,0.4985913404693582,0.3320823663358806,PASS,,shard2_attempt1,a98cff9de3cd973fac6fd4129a2a0437abb1490f192afe845d096994cd98b126,f79cea31c80c2b7006afa6bc9737e594b5126cf50bf27a87c9fd9a2a61293bb4,a978027146091dad0a43d8e26c18391ab88393337c4eb363a2d1ab520d0281bb,src/analysis/internal_completion.py,d72550e520742f4fd2a3fe63f61d29804bdd17c303016b7e3a48452ae6cd62f9;123122d313885dc1d5736a3ef0c2b739b84988a4c4e9f17137f25ef724a13dc4,a98cff9de3cd973fac6fd4129a2a0437abb1490f192afe845d096994cd98b126,82730934288f233e80b9367b778c86f943d18fa4
PatientID_0188,PatientID_0188_T1_to_T2_t1c,2,Fixed,0.1798505813182441,0.0988108885305147,0.5793790942751353,0.1064468864468864,0.2166289631026328,0.0090961641823333,0.286225182760383,17555,95550,5.442893762460837,0.3556881214057786,0.2163142686252255,PASS,,shard2_attempt1,1ce4cc7063e01bf7896fcc87d293d33d187674a1b44868f4216da54e414f8597,e075691fcdf4a763e6f0261f901a1f1023c09e9220ecf5a24f560b9adfe151db,a7530ddc9cb0e7972272aeccea9280771ed18dc32aea4ee78c44b22020819e90,src/models/pcc.py,123122d313885dc1d5736a3ef0c2b739b84988a4c4e9f17137f25ef724a13dc4,1ce4cc7063e01bf7896fcc87d293d33d187674a1b44868f4216da54e414f8597,82730934288f233e80b9367b778c86f943d18fa4
PatientID_0188,PatientID_0188_T1_to_T2_t1c,2,Naive,0.1798505813182441,0.0988108885305147,0.5793790942751353,0.1064468864468864,0.1928920338283928,0.0096804865077646,0.2862238412888603,17555,95550,5.442893762460837,0.3556881214057786,0.2163142686252255,PASS,,shard2_attempt1,55571640a310a07ad9308efdca53e052351467d1c3f7fa58b36754d53d564135,e075691fcdf4a763e6f0261f901a1f1023c09e9220ecf5a24f560b9adfe151db,a7530ddc9cb0e7972272aeccea9280771ed18dc32aea4ee78c44b22020819e90,src/models/naive_self_tightening.py,131759341c8cebad65044361f13f5ed778994c76eee669c99a818025b0a8c634,55571640a310a07ad9308efdca53e052351467d1c3f7fa58b36754d53d564135,82730934288f233e80b9367b778c86f943d18fa4
PatientID_0188,PatientID_0188_T1_to_T2_t1c,2,EIA-linear,0.2726876090750436,0.1578681485223541,0.6875687568756875,0.1700680272108843,0.4372597271423947,0.0055807258365283,0.7136030323036752,23634,95550,4.042904290429043,0.7478283621153959,0.5972251243294978,PASS,,shard2_attempt1,996d63d2f7ef590801341ec3f945cb2ce0e40c70c4ebdd2b479db41f7da6d3ae,e075691fcdf4a763e6f0261f901a1f1023c09e9220ecf5a24f560b9adfe151db,a7530ddc9cb0e7972272aeccea9280771ed18dc32aea4ee78c44b22020819e90,src/models/eia.py,2136540541c6d42e78a879ce83728886e644dfd3ace819d36766c1d7e5018dbd,996d63d2f7ef590801341ec3f945cb2ce0e40c70c4ebdd2b479db41f7da6d3ae,82730934288f233e80b9367b778c86f943d18fa4
PatientID_0188,PatientID_0188_T1_to_T2_t1c,2,EIA-blend-0.90,0.1910881308569242,0.1056370595585992,0.6384016174109532,0.1123600209314495,0.2955753599864585,0.0077305975149138,0.536083599662122,16817,95550,5.68175060950229,0.4037885923631408,0.2529668629325524,PASS,,shard2_attempt1,996d63d2f7ef590801341ec3f945cb2ce0e40c70c4ebdd2b479db41f7da6d3ae,e075691fcdf4a763e6f0261f901a1f1023c09e9220ecf5a24f560b9adfe151db,a7530ddc9cb0e7972272aeccea9280771ed18dc32aea4ee78c44b22020819e90,src/models/eia.py,2136540541c6d42e78a879ce83728886e644dfd3ace819d36766c1d7e5018dbd,996d63d2f7ef590801341ec3f945cb2ce0e40c70c4ebdd2b479db41f7da6d3ae,82730934288f233e80b9367b778c86f943d18fa4
PatientID_0188,PatientID_0188_T1_to_T2_t1c,2,EIA-blend-0.75,0.2324706804976294,0.1315229557623854,0.782799183771456,0.1365044479330193,0.4018778830703207,0.0059398745990359,0.7356061086236594,16662,95550,5.734605689593086,0.7476295133451197,0.5969715202600868,PASS,,shard2_attempt1,996d63d2f7ef590801341ec3f945cb2ce0e40c70c4ebdd2b479db41f7da6d3ae,e075691fcdf4a763e6f0261f901a1f1023c09e9220ecf5a24f560b9adfe151db,a7530ddc9cb0e7972272aeccea9280771ed18dc32aea4ee78c44b22020819e90,src/models/eia.py,2136540541c6d42e78a879ce83728886e644dfd3ace819d36766c1d7e5018dbd,996d63d2f7ef590801341ec3f945cb2ce0e40c70c4ebdd2b479db41f7da6d3ae,82730934288f233e80b9367b778c86f943d18fa4
PatientID_0188,PatientID_0188_T1_to_T2_t1c,2,EIA-morph,0.1862889239085458,0.1027114662110342,0.5865720463491712,0.110727367870225,0.1862889239085458,0.0103524865591397,0.074466827862438,18037,95550,5.297444142595776,0.1292203035105744,0.0690729666127613,PASS,,shard2_attempt1,996d63d2f7ef590801341ec3f945cb2ce0e40c70c4ebdd2b479db41f7da6d3ae,e075691fcdf4a763e6f0261f901a1f1023c09e9220ecf5a24f560b9adfe151db,a7530ddc9cb0e7972272aeccea9280771ed18dc32aea4ee78c44b22020819e90,src/models/eia.py,2136540541c6d42e78a879ce83728886e644dfd3ace819d36766c1d7e5018dbd,996d63d2f7ef590801341ec3f945cb2ce0e40c70c4ebdd2b479db41f7da6d3ae,82730934288f233e80b9367b778c86f943d18fa4
PatientID_0188,PatientID_0188_T1_to_T2_t1c,2,Full PCC,0.4503819784524975,0.2906406431713607,0.896024941543258,0.3007849293563579,0.3639234590168859,0.0073193770999791,0.5255794922240602,32075,95550,2.9789555728760715,0.4535740450054757,0.2933047285867495,PASS,,shard2_attempt1,1ce4cc7063e01bf7896fcc87d293d33d187674a1b44868f4216da54e414f8597,e075691fcdf4a763e6f0261f901a1f1023c09e9220ecf5a24f560b9adfe151db,a7530ddc9cb0e7972272aeccea9280771ed18dc32aea4ee78c44b22020819e90,src/models/pcc.py,123122d313885dc1d5736a3ef0c2b739b84988a4c4e9f17137f25ef724a13dc4,1ce4cc7063e01bf7896fcc87d293d33d187674a1b44868f4216da54e414f8597,82730934288f233e80b9367b778c86f943d18fa4
PatientID_0188,PatientID_0188_T1_to_T2_t1c,2,No-smoothing PCC,0.5340787420844932,0.364329761370632,0.9917911719593252,0.3654317111459969,0.4151529332401001,0.0066045333761365,0.6118872561778089,35206,95550,2.7140260182923366,0.499173207747257,0.3325988117532802,PASS,,shard2_attempt1,a98cff9de3cd973fac6fd4129a2a0437abb1490f192afe845d096994cd98b126,e075691fcdf4a763e6f0261f901a1f1023c09e9220ecf5a24f560b9adfe151db,a7530ddc9cb0e7972272aeccea9280771ed18dc32aea4ee78c44b22020819e90,src/analysis/internal_completion.py,d72550e520742f4fd2a3fe63f61d29804bdd17c303016b7e3a48452ae6cd62f9;123122d313885dc1d5736a3ef0c2b739b84988a4c4e9f17137f25ef724a13dc4,a98cff9de3cd973fac6fd4129a2a0437abb1490f192afe845d096994cd98b126,82730934288f233e80b9367b778c86f943d18fa4
PatientID_0189,PatientID_0189_T1_to_T2_t1c,2,Fixed,0.1803683311182836,0.0991235392320534,0.1457055214723926,0.236671649227703,0.0911909837194265,0.0004640670289451,0.1281467728690815,3260,2007,0.6156441717791411,0.1788739414103453,0.0982216144738107,PASS,,shard2_attempt1,1ce4cc7063e01bf7896fcc87d293d33d187674a1b44868f4216da54e414f8597,89f9e1c319ed0dbc581027e7165b7d403d40531b00f294818c0810ab28d104d6,ee921d039fb482a895bbb9f6c75cd5f5488e443e395a76e840d8049058c6cd30,src/models/pcc.py,123122d313885dc1d5736a3ef0c2b739b84988a4c4e9f17137f25ef724a13dc4,1ce4cc7063e01bf7896fcc87d293d33d187674a1b44868f4216da54e414f8597,82730934288f233e80b9367b778c86f943d18fa4
PatientID_0189,PatientID_0189_T1_to_T2_t1c,2,Naive,0.1803683311182836,0.0991235392320534,0.1457055214723926,0.236671649227703,0.1562706277279781,0.000382148127265,0.1281484728265627,3260,2007,0.6156441717791411,0.1788739414103453,0.0982216144738107,PASS,,shard2_attempt1,55571640a310a07ad9308efdca53e052351467d1c3f7fa58b36754d53d564135,89f9e1c319ed0dbc581027e7165b7d403d40531b00f294818c0810ab28d104d6,ee921d039fb482a895bbb9f6c75cd5f5488e443e395a76e840d8049058c6cd30,src/models/naive_self_tightening.py,131759341c8cebad65044361f13f5ed778994c76eee669c99a818025b0a8c634,55571640a310a07ad9308efdca53e052351467d1c3f7fa58b36754d53d564135,82730934288f233e80b9367b778c86f943d18fa4
PatientID_0189,PatientID_0189_T1_to_T2_t1c,2,EIA-linear,0.27919518772039,0.1622468659594985,0.2391613361762615,0.3353263577478824,0.1316253676128168,0.0003779635058686,0.2162081853468707,2814,2007,0.7132196162046909,0.2286995517616593,0.1291139242956079,PASS,,shard2_attempt1,996d63d2f7ef590801341ec3f945cb2ce0e40c70c4ebdd2b479db41f7da6d3ae,89f9e1c319ed0dbc581027e7165b7d403d40531b00f294818c0810ab28d104d6,ee921d039fb482a895bbb9f6c75cd5f5488e443e395a76e840d8049058c6cd30,src/models/eia.py,2136540541c6d42e78a879ce83728886e644dfd3ace819d36766c1d7e5018dbd,996d63d2f7ef590801341ec3f945cb2ce0e40c70c4ebdd2b479db41f7da6d3ae,82730934288f233e80b9367b778c86f943d18fa4
PatientID_0189,PatientID_0189_T1_to_T2_t1c,2,EIA-blend-0.90,0.2008349813227862,0.1116267708842208,0.1796383647798742,0.2277030393622321,0.1032249705319981,0.0003942490840475,0.1635724908994115,2544,2007,0.7889150943396226,0.2087693076211337,0.1165507651970651,PASS,,shard2_attempt1,996d63d2f7ef590801341ec3f945cb2ce0e40c70c4ebdd2b479db41f7da6d3ae,89f9e1c319ed0dbc581027e7165b7d403d40531b00f294818c0810ab28d104d6,ee921d039fb482a895bbb9f6c75cd5f5488e443e395a76e840d8049058c6cd30,src/models/eia.py,2136540541c6d42e78a879ce83728886e644dfd3ace819d36766c1d7e5018dbd,996d63d2f7ef590801341ec3f945cb2ce0e40c70c4ebdd2b479db41f7da6d3ae,82730934288f233e80b9367b778c86f943d18fa4
PatientID_0189,PatientID_0189_T1_to_T2_t1c,2,EIA-blend-0.75,0.2422007941009642,0.1377863827040981,0.2811059907834101,0.2127553562531141,0.1247476238275502,0.000304278607785,0.2459392426748143,1519,2007,1.3212639894667544,0.2800199304235127,0.1628041717373105,PASS,,shard2_attempt1,996d63d2f7ef590801341ec3f945cb2ce0e40c70c4ebdd2b479db41f7da6d3ae,89f9e1c319ed0dbc581027e7165b7d403d40531b00f294818c0810ab28d104d6,ee921d039fb482a895bbb9f6c75cd5f5488e443e395a76e840d8049058c6cd30,src/models/eia.py,2136540541c6d42e78a879ce83728886e644dfd3ace819d36766c1d7e5018dbd,996d63d2f7ef590801341ec3f945cb2ce0e40c70c4ebdd2b479db41f7da6d3ae,82730934288f233e80b9367b778c86f943d18fa4
PatientID_0189,PatientID_0189_T1_to_T2_t1c,2,EIA-morph,0.2122467771639042,0.1187226371362348,0.1972614462986735,0.2296960637767812,0.2122467771639042,0.0003832885304659,0.0454833408321575,2337,2007,0.858793324775353,0.1963129050333052,0.1088397792517017,PASS,,shard2_attempt1,996d63d2f7ef590801341ec3f945cb2ce0e40c70c4ebdd2b479db41f7da6d3ae,89f9e1c319ed0dbc581027e7165b7d403d40531b00f294818c0810ab28d104d6,ee921d039fb482a895bbb9f6c75cd5f5488e443e395a76e840d8049058c6cd30,src/models/eia.py,2136540541c6d42e78a879ce83728886e644dfd3ace819d36766c1d7e5018dbd,996d63d2f7ef590801341ec3f945cb2ce0e40c70c4ebdd2b479db41f7da6d3ae,82730934288f233e80b9367b778c86f943d18fa4
PatientID_0189,PatientID_0189_T1_to_T2_t1c,2,Full PCC,0.3901264298615292,0.2423335826477188,0.4927756653992395,0.3228699551569506,0.1374236394237543,0.0002633459220252,0.345239626351803,1315,2007,1.5262357414448668,0.4489287495144672,0.2894314168681556,PASS,,shard2_attempt1,1ce4cc7063e01bf7896fcc87d293d33d187674a1b44868f4216da54e414f8597,89f9e1c319ed0dbc581027e7165b7d403d40531b00f294818c0810ab28d104d6,ee921d039fb482a895bbb9f6c75cd5f5488e443e395a76e840d8049058c6cd30,src/models/pcc.py,123122d313885dc1d5736a3ef0c2b739b84988a4c4e9f17137f25ef724a13dc4,1ce4cc7063e01bf7896fcc87d293d33d187674a1b44868f4216da54e414f8597,82730934288f233e80b9367b778c86f943d18fa4
PatientID_0189,PatientID_0189_T1_to_T2_t1c,2,No-smoothing PCC,0.8259310344827586,0.7034774436090225,0.9252163164400494,0.7458893871449925,0.2143762502949238,0.0001699959884163,0.8166712447545112,1618,2007,1.2404202719406674,0.8021923269052834,0.6697171382405503,PASS,,shard2_attempt1,a98cff9de3cd973fac6fd4129a2a0437abb1490f192afe845d096994cd98b126,89f9e1c319ed0dbc581027e7165b7d403d40531b00f294818c0810ab28d104d6,ee921d039fb482a895bbb9f6c75cd5f5488e443e395a76e840d8049058c6cd30,src/analysis/internal_completion.py,d72550e520742f4fd2a3fe63f61d29804bdd17c303016b7e3a48452ae6cd62f9;123122d313885dc1d5736a3ef0c2b739b84988a4c4e9f17137f25ef724a13dc4,a98cff9de3cd973fac6fd4129a2a0437abb1490f192afe845d096994cd98b126,82730934288f233e80b9367b778c86f943d18fa4
PatientID_0191,PatientID_0191_T2_to_T3_t1c,2,Fixed,0.2058510638297872,0.1147346575748591,0.1179518439500152,0.8079331941544885,0.1464298489334173,0.0037740772970848,0.1465266545201485,49215,7185,0.1459920755867113,0.1830201809893514,0.1007276906089063,PASS,,shard2_attempt1,1ce4cc7063e01bf7896fcc87d293d33d187674a1b44868f4216da54e414f8597,b2084249d76cf204d105c048b430e1c6098c9acb36e303c4dead0fac140b6da6,8e8371bfec21d0f9eccd747de3ad6a59b3acf910abc62aaa6dbe0c189a575964,src/models/pcc.py,123122d313885dc1d5736a3ef0c2b739b84988a4c4e9f17137f25ef724a13dc4,1ce4cc7063e01bf7896fcc87d293d33d187674a1b44868f4216da54e414f8597,82730934288f233e80b9367b778c86f943d18fa4
PatientID_0191,PatientID_0191_T2_to_T3_t1c,2,Naive,0.2058510638297872,0.1147346575748591,0.1179518439500152,0.8079331941544885,0.1895406281689872,0.004159574942459,0.1466114235157561,49215,7185,0.1459920755867113,0.1830201809893514,0.1007276906089063,PASS,,shard2_attempt1,55571640a310a07ad9308efdca53e052351467d1c3f7fa58b36754d53d564135,b2084249d76cf204d105c048b430e1c6098c9acb36e303c4dead0fac140b6da6,8e8371bfec21d0f9eccd747de3ad6a59b3acf910abc62aaa6dbe0c189a575964,src/models/naive_self_tightening.py,131759341c8cebad65044361f13f5ed778994c76eee669c99a818025b0a8c634,55571640a310a07ad9308efdca53e052351467d1c3f7fa58b36754d53d564135,82730934288f233e80b9367b778c86f943d18fa4
PatientID_0191,PatientID_0191_T2_to_T3_t1c,2,EIA-linear,0.2173967258670752,0.1219546317577695,0.1246527210328485,0.8492693110647181,0.1564225017729518,0.0036678789739498,0.1627428761876804,48952,7185,0.1467764340578526,0.1924843424361527,0.1064911065599067,PASS,,shard2_attempt1,996d63d2f7ef590801341ec3f945cb2ce0e40c70c4ebdd2b479db41f7da6d3ae,b2084249d76cf204d105c048b430e1c6098c9acb36e303c4dead0fac140b6da6,8e8371bfec21d0f9eccd747de3ad6a59b3acf910abc62aaa6dbe0c189a575964,src/models/eia.py,2136540541c6d42e78a879ce83728886e644dfd3ace819d36766c1d7e5018dbd,996d63d2f7ef590801341ec3f945cb2ce0e40c70c4ebdd2b479db41f7da6d3ae,82730934288f233e80b9367b778c86f943d18fa4
PatientID_0191,PatientID_0191_T2_to_T3_t1c,2,EIA-blend-0.90,0.221524199881251,0.1245584561040751,0.1284369031226402,0.8048712595685455,0.1518236332849364,0.0031214537168586,0.3431404394162931,45026,7185,0.1595744680851064,0.2786360473710065,0.161869340300625,PASS,,shard2_attempt1,996d63d2f7ef590801341ec3f945cb2ce0e40c70c4ebdd2b479db41f7da6d3ae,b2084249d76cf204d105c048b430e1c6098c9acb36e303c4dead0fac140b6da6,8e8371bfec21d0f9eccd747de3ad6a59b3acf910abc62aaa6dbe0c189a575964,src/models/eia.py,2136540541c6d42e78a879ce83728886e644dfd3ace819d36766c1d7e5018dbd,996d63d2f7ef590801341ec3f945cb2ce0e40c70c4ebdd2b479db41f7da6d3ae,82730934288f233e80b9367b778c86f943d18fa4
PatientID_0191,PatientID_0191_T2_to_T3_t1c,2,EIA-blend-0.75,0.269395480894357,0.1556655364759925,0.1622862029646522,0.7923451635351426,0.1618461376001501,0.0022756798009271,0.4497660384974087,35080,7185,0.2048175598631699,0.4026443980930658,0.2520693561686791,PASS,,shard2_attempt1,996d63d2f7ef590801341ec3f945cb2ce0e40c70c4ebdd2b479db41f7da6d3ae,b2084249d76cf204d105c048b430e1c6098c9acb36e303c4dead0fac140b6da6,8e8371bfec21d0f9eccd747de3ad6a59b3acf910abc62aaa6dbe0c189a575964,src/models/eia.py,2136540541c6d42e78a879ce83728886e644dfd3ace819d36766c1d7e5018dbd,996d63d2f7ef590801341ec3f945cb2ce0e40c70c4ebdd2b479db41f7da6d3ae,82730934288f233e80b9367b778c86f943d18fa4
PatientID_0191,PatientID_0191_T2_to_T3_t1c,2,EIA-morph,0.2029561374963605,0.1129388891006824,0.1157181360103121,0.824634655532359,0.2029561374963605,0.0052124775985663,0.0955663142599684,51202,7185,0.1403265497441506,0.0885177453661435,0.0463084316989727,PASS,,shard2_attempt1,996d63d2f7ef590801341ec3f945cb2ce0e40c70c4ebdd2b479db41f7da6d3ae,b2084249d76cf204d105c048b430e1c6098c9acb36e303c4dead0fac140b6da6,8e8371bfec21d0f9eccd747de3ad6a59b3acf910abc62aaa6dbe0c189a575964,src/models/eia.py,2136540541c6d42e78a879ce83728886e644dfd3ace819d36766c1d7e5018dbd,996d63d2f7ef590801341ec3f945cb2ce0e40c70c4ebdd2b479db41f7da6d3ae,82730934288f233e80b9367b778c86f943d18fa4
PatientID_0191,PatientID_0191_T2_to_T3_t1c,2,Full PCC,0.3546535083635912,0.21554943604059,0.2282131160635833,0.79526791927627,0.190982099760261,0.0020782044365418,0.2750277106036723,25038,7185,0.2869638150011981,0.2796102992846478,0.1625273036839634,PASS,,shard2_attempt1,1ce4cc7063e01bf7896fcc87d293d33d187674a1b44868f4216da54e414f8597,b2084249d76cf204d105c048b430e1c6098c9acb36e303c4dead0fac140b6da6,8e8371bfec21d0f9eccd747de3ad6a59b3acf910abc62aaa6dbe0c189a575964,src/models/pcc.py,123122d313885dc1d5736a3ef0c2b739b84988a4c4e9f17137f25ef724a13dc4,1ce4cc7063e01bf7896fcc87d293d33d187674a1b44868f4216da54e414f8597,82730934288f233e80b9367b778c86f943d18fa4
PatientID_0191,PatientID_0191_T2_to_T3_t1c,2,No-smoothing PCC,0.5402165661086027,0.3700662396671593,0.3788812913350521,0.940848990953375,0.2419170742478695,0.0014778216421823,0.6002306085956524,17842,7185,0.4027014908642529,0.5066109951630751,0.3392357875732306,PASS,,shard2_attempt1,a98cff9de3cd973fac6fd4129a2a0437abb1490f192afe845d096994cd98b126,b2084249d76cf204d105c048b430e1c6098c9acb36e303c4dead0fac140b6da6,8e8371bfec21d0f9eccd747de3ad6a59b3acf910abc62aaa6dbe0c189a575964,src/analysis/internal_completion.py,d72550e520742f4fd2a3fe63f61d29804bdd17c303016b7e3a48452ae6cd62f9;123122d313885dc1d5736a3ef0c2b739b84988a4c4e9f17137f25ef724a13dc4,a98cff9de3cd973fac6fd4129a2a0437abb1490f192afe845d096994cd98b126,82730934288f233e80b9367b778c86f943d18fa4
PatientID_0192,PatientID_0192_T1_to_T2_t1c,2,Fixed,0.20891668347791,0.1166426383132095,0.1287355178757893,0.5539152759948652,0.1183899414801285,0.0016926050198931,0.1141761927819487,20111,4674,0.2324101238128387,0.1908429611477489,0.1054872281095686,PASS,,shard2_attempt1,1ce4cc7063e01bf7896fcc87d293d33d187674a1b44868f4216da54e414f8597,13867a5f551ccb0750b1b90416f9ba090a2346980a97aba80dc6e1ba3fda7d13,46ddf504aa385daf69e6ca56fe62b573c5dd7c70f7f07df3d2cdb3d973e29142,src/models/pcc.py,123122d313885dc1d5736a3ef0c2b739b84988a4c4e9f17137f25ef724a13dc4,1ce4cc7063e01bf7896fcc87d293d33d187674a1b44868f4216da54e414f8597,82730934288f233e80b9367b778c86f943d18fa4
PatientID_0192,PatientID_0192_T1_to_T2_t1c,2,Naive,0.20891668347791,0.1166426383132095,0.1287355178757893,0.5539152759948652,0.1800205983306508,0.0017445433387609,0.1141829440449277,20111,4674,0.2324101238128387,0.1908429611477489,0.1054872281095686,PASS,,shard2_attempt1,55571640a310a07ad9308efdca53e052351467d1c3f7fa58b36754d53d564135,13867a5f551ccb0750b1b90416f9ba090a2346980a97aba80dc6e1ba3fda7d13,46ddf504aa385daf69e6ca56fe62b573c5dd7c70f7f07df3d2cdb3d973e29142,src/models/naive_self_tightening.py,131759341c8cebad65044361f13f5ed778994c76eee669c99a818025b0a8c634,55571640a310a07ad9308efdca53e052351467d1c3f7fa58b36754d53d564135,82730934288f233e80b9367b778c86f943d18fa4
PatientID_0192,PatientID_0192_T1_to_T2_t1c,2,EIA-linear,0.239973456098876,0.1363464982561975,0.1488398415393322,0.6189559264013693,0.1484821599332692,0.0015187037543159,0.1630586595859842,19437,4674,0.2404692082111437,0.2593068036735871,0.1489675517270197,PASS,,shard2_attempt1,996d63d2f7ef590801341ec3f945cb2ce0e40c70c4ebdd2b479db41f7da6d3ae,13867a5f551ccb0750b1b90416f9ba090a2346980a97aba80dc6e1ba3fda7d13,46ddf504aa385daf69e6ca56fe62b573c5dd7c70f7f07df3d2cdb3d973e29142,src/models/eia.py,2136540541c6d42e78a879ce83728886e644dfd3ace819d36766c1d7e5018dbd,996d63d2f7ef590801341ec3f945cb2ce0e40c70c4ebdd2b479db41f7da6d3ae,82730934288f233e80b9367b778c86f943d18fa4
PatientID_0192,PatientID_0192_T1_to_T2_t1c,2,EIA-blend-0.90,0.2357168523176428,0.1336048879837067,0.1491756679931779,0.5614035087719298,0.1294950797182633,0.0014033514097402,0.1792845701926099,17590,4674,0.2657191586128482,0.2888318357628549,0.1687921981534393,PASS,,shard2_attempt1,996d63d2f7ef590801341ec3f945cb2ce0e40c70c4ebdd2b479db41f7da6d3ae,13867a5f551ccb0750b1b90416f9ba090a2346980a97aba80dc6e1ba3fda7d13,46ddf504aa385daf69e6ca56fe62b573c5dd7c70f7f07df3d2cdb3d973e29142,src/models/eia.py,2136540541c6d42e78a879ce83728886e644dfd3ace819d36766c1d7e5018dbd,996d63d2f7ef590801341ec3f945cb2ce0e40c70c4ebdd2b479db41f7da6d3ae,82730934288f233e80b9367b778c86f943d18fa4
PatientID_0192,PatientID_0192_T1_to_T2_t1c,2,EIA-blend-0.75,0.3148321990143158,0.1868254299839844,0.216895715440582,0.5740265297389816,0.1499115353514899,0.0010279620591341,0.3247010616502344,12370,4674,0.3778496362166532,0.402652973962061,0.2520760783214471,PASS,,shard2_attempt1,996d63d2f7ef590801341ec3f945cb2ce0e40c70c4ebdd2b479db41f7da6d3ae,13867a5f551ccb0750b1b90416f9ba090a2346980a97aba80dc6e1ba3fda7d13,46ddf504aa385daf69e6ca56fe62b573c5dd7c70f7f07df3d2cdb3d973e29142,src/models/eia.py,2136540541c6d42e78a879ce83728886e644dfd3ace819d36766c1d7e5018dbd,996d63d2f7ef590801341ec3f945cb2ce0e40c70c4ebdd2b479db41f7da6d3ae,82730934288f233e80b9367b778c86f943d18fa4
PatientID_0192,PatientID_0192_T1_to_T2_t1c,2,EIA-morph,0.2137236514861173,0.1196475851364922,0.1320203495693346,0.5607616602481814,0.2137236514861173,0.0021600582437275,0.0742619011278912,19853,4674,0.2354304135395154,0.1332905435244661,0.0714040115677474,PASS,,shard2_attempt1,996d63d2f7ef590801341ec3f945cb2ce0e40c70c4ebdd2b479db41f7da6d3ae,13867a5f551ccb0750b1b90416f9ba090a2346980a97aba80dc6e1ba3fda7d13,46ddf504aa385daf69e6ca56fe62b573c5dd7c70f7f07df3d2cdb3d973e29142,src/models/eia.py,2136540541c6d42e78a879ce83728886e644dfd3ace819d36766c1d7e5018dbd,996d63d2f7ef590801341ec3f945cb2ce0e40c70c4ebdd2b479db41f7da6d3ae,82730934288f233e80b9367b778c86f943d18fa4
PatientID_0192,PatientID_0192_T1_to_T2_t1c,2,Full PCC,0.4562305295950156,0.2955302189486429,0.3586823414156257,0.62665810868635,0.1761836030542904,0.0008296836745204,0.3203489933062179,8166,4674,0.5723732549595886,0.5004278990692739,0.3337137966423578,PASS,,shard2_attempt1,1ce4cc7063e01bf7896fcc87d293d33d187674a1b44868f4216da54e414f8597,13867a5f551ccb0750b1b90416f9ba090a2346980a97aba80dc6e1ba3fda7d13,46ddf504aa385daf69e6ca56fe62b573c5dd7c70f7f07df3d2cdb3d973e29142,src/models/pcc.py,123122d313885dc1d5736a3ef0c2b739b84988a4c4e9f17137f25ef724a13dc4,1ce4cc7063e01bf7896fcc87d293d33d187674a1b44868f4216da54e414f8597,82730934288f233e80b9367b778c86f943d18fa4
PatientID_0192,PatientID_0192_T1_to_T2_t1c,2,No-smoothing PCC,0.7224506578947368,0.5654972642420342,0.6952908587257618,0.7518185708172871,0.2232528552663955,0.0005882836651762,0.679868665321135,5054,4674,0.924812030075188,0.7372700043070957,0.5838698746892799,PASS,,shard2_attempt1,a98cff9de3cd973fac6fd4129a2a0437abb1490f192afe845d096994cd98b126,13867a5f551ccb0750b1b90416f9ba090a2346980a97aba80dc6e1ba3fda7d13,46ddf504aa385daf69e6ca56fe62b573c5dd7c70f7f07df3d2cdb3d973e29142,src/analysis/internal_completion.py,d72550e520742f4fd2a3fe63f61d29804bdd17c303016b7e3a48452ae6cd62f9;123122d313885dc1d5736a3ef0c2b739b84988a4c4e9f17137f25ef724a13dc4,a98cff9de3cd973fac6fd4129a2a0437abb1490f192afe845d096994cd98b126,82730934288f233e80b9367b778c86f943d18fa4
PatientID_0195,PatientID_0195_T1_to_T2_t1c,2,Fixed,0.1848028631429501,0.1018087013198631,0.10829548999896,0.6295848448206368,0.1351206471756251,0.0024949412681016,0.0985860560241737,28847,4962,0.1720109543453392,0.1114469972680928,0.0590118451543045,PASS,,shard2_attempt1,1ce4cc7063e01bf7896fcc87d293d33d187674a1b44868f4216da54e414f8597,db5285e902951bc358a535e7e4358f7535d4c6e4ff7a55a2d5049e53a7b6323b,897bc55574c6633f6f0703b3a2abb010de915e22b6f42a791fa4dc8fa140eb80,src/models/pcc.py,123122d313885dc1d5736a3ef0c2b739b84988a4c4e9f17137f25ef724a13dc4,1ce4cc7063e01bf7896fcc87d293d33d187674a1b44868f4216da54e414f8597,82730934288f233e80b9367b778c86f943d18fa4
PatientID_0195,PatientID_0195_T1_to_T2_t1c,2,Naive,0.1848028631429501,0.1018087013198631,0.10829548999896,0.6295848448206368,0.1743341157809259,0.0026691138896888,0.0987378023821808,28847,4962,0.1720109543453392,0.1114469972680928,0.0590118451543045,PASS,,shard2_attempt1,55571640a310a07ad9308efdca53e052351467d1c3f7fa58b36754d53d564135,db5285e902951bc358a535e7e4358f7535d4c6e4ff7a55a2d5049e53a7b6323b,897bc55574c6633f6f0703b3a2abb010de915e22b6f42a791fa4dc8fa140eb80,src/models/naive_self_tightening.py,131759341c8cebad65044361f13f5ed778994c76eee669c99a818025b0a8c634,55571640a310a07ad9308efdca53e052351467d1c3f7fa58b36754d53d564135,82730934288f233e80b9367b778c86f943d18fa4
PatientID_0195,PatientID_0195_T1_to_T2_t1c,2,EIA-linear,0.196281354148395,0.1088203831566663,0.1147927780057447,0.6765417170495768,0.148893066008744,0.0024275513593732,0.1132597652392466,29244,4962,0.1696758309396799,0.1203143894477716,0.0640077196243156,PASS,,shard2_attempt1,996d63d2f7ef590801341ec3f945cb2ce0e40c70c4ebdd2b479db41f7da6d3ae,db5285e902951bc358a535e7e4358f7535d4c6e4ff7a55a2d5049e53a7b6323b,897bc55574c6633f6f0703b3a2abb010de915e22b6f42a791fa4dc8fa140eb80,src/models/eia.py,2136540541c6d42e78a879ce83728886e644dfd3ace819d36766c1d7e5018dbd,996d63d2f7ef590801341ec3f945cb2ce0e40c70c4ebdd2b479db41f7da6d3ae,82730934288f233e80b9367b778c86f943d18fa4
PatientID_0195,PatientID_0195_T1_to_T2_t1c,2,EIA-blend-0.90,0.1956439632380712,0.108428691041027,0.1159268929503916,0.626360338573156,0.1411684967007863,0.0020707770629711,0.2799582971533952,26810,4962,0.1850801939574785,0.2480854494913255,0.1416081905968471,PASS,,shard2_attempt1,996d63d2f7ef590801341ec3f945cb2ce0e40c70c4ebdd2b479db41f7da6d3ae,db5285e902951bc358a535e7e4358f7535d4c6e4ff7a55a2d5049e53a7b6323b,897bc55574c6633f6f0703b3a2abb010de915e22b6f42a791fa4dc8fa140eb80,src/models/eia.py,2136540541c6d42e78a879ce83728886e644dfd3ace819d36766c1d7e5018dbd,996d63d2f7ef590801341ec3f945cb2ce0e40c70c4ebdd2b479db41f7da6d3ae,82730934288f233e80b9367b778c86f943d18fa4
PatientID_0195,PatientID_0195_T1_to_T2_t1c,2,EIA-blend-0.75,0.2238784051692488,0.1260490305510769,0.1368737654875202,0.6144699717855703,0.1522796223864603,0.0015206831903292,0.3553787989781789,22276,4962,0.2227509427186209,0.3341394599622995,0.2005806920880013,PASS,,shard2_attempt1,996d63d2f7ef590801341ec3f945cb2ce0e40c70c4ebdd2b479db41f7da6d3ae,db5285e902951bc358a535e7e4358f7535d4c6e4ff7a55a2d5049e53a7b6323b,897bc55574c6633f6f0703b3a2abb010de915e22b6f42a791fa4dc8fa140eb80,src/models/eia.py,2136540541c6d42e78a879ce83728886e644dfd3ace819d36766c1d7e5018dbd,996d63d2f7ef590801341ec3f945cb2ce0e40c70c4ebdd2b479db41f7da6d3ae,82730934288f233e80b9367b778c86f943d18fa4
PatientID_0195,PatientID_0195_T1_to_T2_t1c,2,EIA-morph,0.1798421233268504,0.0988057825267127,0.10479301379908,0.6336154776299879,0.1798421233268504,0.003211917562724,0.0666021045228481,30002,4962,0.1653889740683954,0.0858524789312925,0.0448515477948145,PASS,,shard2_attempt1,996d63d2f7ef590801341ec3f945cb2ce0e40c70c4ebdd2b479db41f7da6d3ae,db5285e902951bc358a535e7e4358f7535d4c6e4ff7a55a2d5049e53a7b6323b,897bc55574c6633f6f0703b3a2abb010de915e22b6f42a791fa4dc8fa140eb80,src/models/eia.py,2136540541c6d42e78a879ce83728886e644dfd3ace819d36766c1d7e5018dbd,996d63d2f7ef590801341ec3f945cb2ce0e40c70c4ebdd2b479db41f7da6d3ae,82730934288f233e80b9367b778c86f943d18fa4
PatientID_0195,PatientID_0195_T1_to_T2_t1c,2,Full PCC,0.277083425341165,0.1608223110837691,0.1774220915106611,0.632204756146715,0.1702499911545534,0.001581775544388,0.1646783927780322,17681,4962,0.2806402352808099,0.2106005643681377,0.1176934340446341,PASS,,shard2_attempt1,1ce4cc7063e01bf7896fcc87d293d33d187674a1b44868f4216da54e414f8597,db5285e902951bc358a535e7e4358f7535d4c6e4ff7a55a2d5049e53a7b6323b,897bc55574c6633f6f0703b3a2abb010de915e22b6f42a791fa4dc8fa140eb80,src/models/pcc.py,123122d313885dc1d5736a3ef0c2b739b84988a4c4e9f17137f25ef724a13dc4,1ce4cc7063e01bf7896fcc87d293d33d187674a1b44868f4216da54e414f8597,82730934288f233e80b9367b778c86f943d18fa4
PatientID_0195,PatientID_0195_T1_to_T2_t1c,2,No-smoothing PCC,0.4445244956772334,0.285780453913849,0.298479612992398,0.8704151551793632,0.2278829384831001,0.0011549655363374,0.4169281073784825,14470,4962,0.3429163787145819,0.3417976622992948,0.2061254254732468,PASS,,shard2_attempt1,a98cff9de3cd973fac6fd4129a2a0437abb1490f192afe845d096994cd98b126,db5285e902951bc358a535e7e4358f7535d4c6e4ff7a55a2d5049e53a7b6323b,897bc55574c6633f6f0703b3a2abb010de915e22b6f42a791fa4dc8fa140eb80,src/analysis/internal_completion.py,d72550e520742f4fd2a3fe63f61d29804bdd17c303016b7e3a48452ae6cd62f9;123122d313885dc1d5736a3ef0c2b739b84988a4c4e9f17137f25ef724a13dc4,a98cff9de3cd973fac6fd4129a2a0437abb1490f192afe845d096994cd98b126,82730934288f233e80b9367b778c86f943d18fa4
PatientID_0196,PatientID_0196_T1_to_T2_t1c,2,Fixed,0.3635930804634185,0.2221898942876539,0.2901469098277608,0.4868253293667658,0.1897494950465558,0.0007716213758731,0.3036070670179544,7896,4706,0.5959979736575481,0.3805779856161732,0.2350085291648066,PASS,,shard2_attempt1,1ce4cc7063e01bf7896fcc87d293d33d187674a1b44868f4216da54e414f8597,f8560cdfd39df3fb68e2114ac381e0eee71bb6af8544e5b8c4c54e3b091da112,08b4a256c8db4567e42aa18a99707e2a02b26cf7a9e476b2dcbce5a4e8728d4e,src/models/pcc.py,123122d313885dc1d5736a3ef0c2b739b84988a4c4e9f17137f25ef724a13dc4,1ce4cc7063e01bf7896fcc87d293d33d187674a1b44868f4216da54e414f8597,82730934288f233e80b9367b778c86f943d18fa4
PatientID_0196,PatientID_0196_T1_to_T2_t1c,2,Naive,0.3635930804634185,0.2221898942876539,0.2901469098277608,0.4868253293667658,0.3115640579463681,0.0007174822405738,0.3035980111613712,7896,4706,0.5959979736575481,0.3805779856161732,0.2350085291648066,PASS,,shard2_attempt1,55571640a310a07ad9308efdca53e052351467d1c3f7fa58b36754d53d564135,f8560cdfd39df3fb68e2114ac381e0eee71bb6af8544e5b8c4c54e3b091da112,08b4a256c8db4567e42aa18a99707e2a02b26cf7a9e476b2dcbce5a4e8728d4e,src/models/naive_self_tightening.py,131759341c8cebad65044361f13f5ed778994c76eee669c99a818025b0a8c634,55571640a310a07ad9308efdca53e052351467d1c3f7fa58b36754d53d564135,82730934288f233e80b9367b778c86f943d18fa4
PatientID_0196,PatientID_0196_T1_to_T2_t1c,2,EIA-linear,0.4337643327640888,0.2769470404984424,0.3513371097352127,0.5667233319167021,0.2456444307961792,0.0006284090039119,0.4176058215872097,7591,4706,0.6199446713213015,0.4394390140842075,0.2815904140411777,PASS,,shard2_attempt1,996d63d2f7ef590801341ec3f945cb2ce0e40c70c4ebdd2b479db41f7da6d3ae,f8560cdfd39df3fb68e2114ac381e0eee71bb6af8544e5b8c4c54e3b091da112,08b4a256c8db4567e42aa18a99707e2a02b26cf7a9e476b2dcbce5a4e8728d4e,src/models/eia.py,2136540541c6d42e78a879ce83728886e644dfd3ace819d36766c1d7e5018dbd,996d63d2f7ef590801341ec3f945cb2ce0e40c70c4ebdd2b479db41f7da6d3ae,82730934288f233e80b9367b778c86f943d18fa4
PatientID_0196,PatientID_0196_T1_to_T2_t1c,2,EIA-blend-0.90,0.401868350488712,0.2514613552717038,0.3388767323121809,0.4936251593710157,0.2069385530508929,0.0006589509466313,0.3945743077466311,6855,4706,0.6865061998541211,0.4269018275152038,0.2713764690974772,PASS,,shard2_attempt1,996d63d2f7ef590801341ec3f945cb2ce0e40c70c4ebdd2b479db41f7da6d3ae,f8560cdfd39df3fb68e2114ac381e0eee71bb6af8544e5b8c4c54e3b091da112,08b4a256c8db4567e42aa18a99707e2a02b26cf7a9e476b2dcbce5a4e8728d4e,src/models/eia.py,2136540541c6d42e78a879ce83728886e644dfd3ace819d36766c1d7e5018dbd,996d63d2f7ef590801341ec3f945cb2ce0e40c70c4ebdd2b479db41f7da6d3ae,82730934288f233e80b9367b778c86f943d18fa4
PatientID_0196,PatientID_0196_T1_to_T2_t1c,2,EIA-blend-0.75,0.4873932697137117,0.3222207464470713,0.4621832730043818,0.5155121121971951,0.23691257671455,0.0005123449515305,0.5176937149952283,5249,4706,0.896551724137931,0.4904377391106632,0.3248873874824201,PASS,,shard2_attempt1,996d63d2f7ef590801341ec3f945cb2ce0e40c70c4ebdd2b479db41f7da6d3ae,f8560cdfd39df3fb68e2114ac381e0eee71bb6af8544e5b8c4c54e3b091da112,08b4a256c8db4567e42aa18a99707e2a02b26cf7a9e476b2dcbce5a4e8728d4e,src/models/eia.py,2136540541c6d42e78a879ce83728886e644dfd3ace819d36766c1d7e5018dbd,996d63d2f7ef590801341ec3f945cb2ce0e40c70c4ebdd2b479db41f7da6d3ae,82730934288f233e80b9367b778c86f943d18fa4
PatientID_0196,PatientID_0196_T1_to_T2_t1c,2,EIA-morph,0.3833292150564203,0.2371102506623191,0.312979152656355,0.494475138121547,0.3833292150564203,0.0008385976702508,0.1550268747926793,7435,4706,0.6329522528581035,0.3232044199614104,0.1927512356871434,PASS,,shard2_attempt1,996d63d2f7ef590801341ec3f945cb2ce0e40c70c4ebdd2b479db41f7da6d3ae,f8560cdfd39df3fb68e2114ac381e0eee71bb6af8544e5b8c4c54e3b091da112,08b4a256c8db4567e42aa18a99707e2a02b26cf7a9e476b2dcbce5a4e8728d4e,src/models/eia.py,2136540541c6d42e78a879ce83728886e644dfd3ace819d36766c1d7e5018dbd,996d63d2f7ef590801341ec3f945cb2ce0e40c70c4ebdd2b479db41f7da6d3ae,82730934288f233e80b9367b778c86f943d18fa4
PatientID_0196,PatientID_0196_T1_to_T2_t1c,2,Full PCC,0.6312178387650086,0.4611528822055137,0.6833374597672691,0.5864853378665533,0.2634951748915842,0.0004360517027827,0.5788039429573113,4039,4706,1.1651398861104234,0.6160220994883104,0.445109780524319,PASS,,shard2_attempt1,1ce4cc7063e01bf7896fcc87d293d33d187674a1b44868f4216da54e414f8597,f8560cdfd39df3fb68e2114ac381e0eee71bb6af8544e5b8c4c54e3b091da112,08b4a256c8db4567e42aa18a99707e2a02b26cf7a9e476b2dcbce5a4e8728d4e,src/models/pcc.py,123122d313885dc1d5736a3ef0c2b739b84988a4c4e9f17137f25ef724a13dc4,1ce4cc7063e01bf7896fcc87d293d33d187674a1b44868f4216da54e414f8597,82730934288f233e80b9367b778c86f943d18fa4
PatientID_0196,PatientID_0196_T1_to_T2_t1c,2,No-smoothing PCC,0.8280947775628626,0.7066226531875387,0.9604598990465508,0.7277943051423714,0.3258734814635898,0.0003137086477736,0.7648951731377913,3566,4706,1.3196859226023556,0.7475563111190442,0.5968781812696168,PASS,,shard2_attempt1,a98cff9de3cd973fac6fd4129a2a0437abb1490f192afe845d096994cd98b126,f8560cdfd39df3fb68e2114ac381e0eee71bb6af8544e5b8c4c54e3b091da112,08b4a256c8db4567e42aa18a99707e2a02b26cf7a9e476b2dcbce5a4e8728d4e,src/analysis/internal_completion.py,d72550e520742f4fd2a3fe63f61d29804bdd17c303016b7e3a48452ae6cd62f9;123122d313885dc1d5736a3ef0c2b739b84988a4c4e9f17137f25ef724a13dc4,a98cff9de3cd973fac6fd4129a2a0437abb1490f192afe845d096994cd98b126,82730934288f233e80b9367b778c86f943d18fa4
PatientID_0197,PatientID_0197_T1_to_T2_t1c,2,Fixed,0.0734866508062384,0.0381448957189901,0.0399769916594765,0.4542483660130719,0.0206154530459695,0.0003851862082227,0.0333049474761084,3477,306,0.088006902502157,0.071895426353112,0.0372881372249353,PASS,,shard2_attempt1,1ce4cc7063e01bf7896fcc87d293d33d187674a1b44868f4216da54e414f8597,97359d4bff706c03cfe9b7aa1d844b242de9b7a545074cde95bd54dd5633c42f,22916d6284d57f10faa945854c2ea88f27119bbe5fe8869593916f6e8d0fe1a1,src/models/pcc.py,123122d313885dc1d5736a3ef0c2b739b84988a4c4e9f17137f25ef724a13dc4,1ce4cc7063e01bf7896fcc87d293d33d187674a1b44868f4216da54e414f8597,82730934288f233e80b9367b778c86f943d18fa4
PatientID_0197,PatientID_0197_T1_to_T2_t1c,2,Naive,0.0734866508062384,0.0381448957189901,0.0399769916594765,0.4542483660130719,0.0538004724714111,0.0003123538882317,0.0333049474267064,3477,306,0.088006902502157,0.071895426353112,0.0372881372249353,PASS,,shard2_attempt1,55571640a310a07ad9308efdca53e052351467d1c3f7fa58b36754d53d564135,97359d4bff706c03cfe9b7aa1d844b242de9b7a545074cde95bd54dd5633c42f,22916d6284d57f10faa945854c2ea88f27119bbe5fe8869593916f6e8d0fe1a1,src/models/naive_self_tightening.py,131759341c8cebad65044361f13f5ed778994c76eee669c99a818025b0a8c634,55571640a310a07ad9308efdca53e052351467d1c3f7fa58b36754d53d564135,82730934288f233e80b9367b778c86f943d18fa4
PatientID_0197,PatientID_0197_T1_to_T2_t1c,2,EIA-linear,0.0908532842234499,0.047588424437299,0.0501355013550135,0.4836601307189542,0.0311304133026533,0.0003190324775503,0.0550210903510426,2952,306,0.1036585365853658,0.071895426353112,0.0372881372249353,PASS,,shard2_attempt1,996d63d2f7ef590801341ec3f945cb2ce0e40c70c4ebdd2b479db41f7da6d3ae,97359d4bff706c03cfe9b7aa1d844b242de9b7a545074cde95bd54dd5633c42f,22916d6284d57f10faa945854c2ea88f27119bbe5fe8869593916f6e8d0fe1a1,src/models/eia.py,2136540541c6d42e78a879ce83728886e644dfd3ace819d36766c1d7e5018dbd,996d63d2f7ef590801341ec3f945cb2ce0e40c70c4ebdd2b479db41f7da6d3ae,82730934288f233e80b9367b778c86f943d18fa4
PatientID_0197,PatientID_0197_T1_to_T2_t1c,2,EIA-blend-0.90,0.0878504672897196,0.0459433040078201,0.0485537190082644,0.4607843137254901,0.0237629909648096,0.0003156251138195,0.078104046485616,2904,306,0.1053719008264462,0.0751634002039813,0.0390492376247041,PASS,,shard2_attempt1,996d63d2f7ef590801341ec3f945cb2ce0e40c70c4ebdd2b479db41f7da6d3ae,97359d4bff706c03cfe9b7aa1d844b242de9b7a545074cde95bd54dd5633c42f,22916d6284d57f10faa945854c2ea88f27119bbe5fe8869593916f6e8d0fe1a1,src/models/eia.py,2136540541c6d42e78a879ce83728886e644dfd3ace819d36766c1d7e5018dbd,996d63d2f7ef590801341ec3f945cb2ce0e40c70c4ebdd2b479db41f7da6d3ae,82730934288f233e80b9367b778c86f943d18fa4
PatientID_0197,PatientID_0197_T1_to_T2_t1c,2,EIA-blend-0.75,0.1337126600284495,0.0716463414634146,0.0782029950083194,0.4607843137254901,0.0298800504357721,0.000225184653859,0.1764999260411097,1803,306,0.1697171381031613,0.2189542496422316,0.1229357814258059,PASS,,shard2_attempt1,996d63d2f7ef590801341ec3f945cb2ce0e40c70c4ebdd2b479db41f7da6d3ae,97359d4bff706c03cfe9b7aa1d844b242de9b7a545074cde95bd54dd5633c42f,22916d6284d57f10faa945854c2ea88f27119bbe5fe8869593916f6e8d0fe1a1,src/models/eia.py,2136540541c6d42e78a879ce83728886e644dfd3ace819d36766c1d7e5018dbd,996d63d2f7ef590801341ec3f945cb2ce0e40c70c4ebdd2b479db41f7da6d3ae,82730934288f233e80b9367b778c86f943d18fa4
PatientID_0197,PatientID_0197_T1_to_T2_t1c,2,EIA-morph,0.0877906976744186,0.0459106111280024,0.0481812380344607,0.4934640522875817,0.0877906976744186,0.0003514784946236,0.0237930700758286,3134,306,0.0976388002552648,0.062091504800504,0.0320404738076889,PASS,,shard2_attempt1,996d63d2f7ef590801341ec3f945cb2ce0e40c70c4ebdd2b479db41f7da6d3ae,97359d4bff706c03cfe9b7aa1d844b242de9b7a545074cde95bd54dd5633c42f,22916d6284d57f10faa945854c2ea88f27119bbe5fe8869593916f6e8d0fe1a1,src/models/eia.py,2136540541c6d42e78a879ce83728886e644dfd3ace819d36766c1d7e5018dbd,996d63d2f7ef590801341ec3f945cb2ce0e40c70c4ebdd2b479db41f7da6d3ae,82730934288f233e80b9367b778c86f943d18fa4
PatientID_0197,PatientID_0197_T1_to_T2_t1c,2,Full PCC,0.202127659574468,0.1124260355029585,0.1316831683168317,0.434640522875817,0.0260324427053322,0.0001861016931032,0.0848578043368789,1010,306,0.3029702970297029,0.1764705895809304,0.0967741951670713,PASS,,shard2_attempt1,1ce4cc7063e01bf7896fcc87d293d33d187674a1b44868f4216da54e414f8597,97359d4bff706c03cfe9b7aa1d844b242de9b7a545074cde95bd54dd5633c42f,22916d6284d57f10faa945854c2ea88f27119bbe5fe8869593916f6e8d0fe1a1,src/models/pcc.py,123122d313885dc1d5736a3ef0c2b739b84988a4c4e9f17137f25ef724a13dc4,1ce4cc7063e01bf7896fcc87d293d33d187674a1b44868f4216da54e414f8597,82730934288f233e80b9367b778c86f943d18fa4
PatientID_0197,PatientID_0197_T1_to_T2_t1c,2,No-smoothing PCC,0.4588394062078272,0.297723292469352,0.3908045977011494,0.5555555555555556,0.0378953663036952,0.000139280424621,0.3287192335297884,435,306,0.7034482758620689,0.5000000008169935,0.3333333347857661,PASS,,shard2_attempt1,a98cff9de3cd973fac6fd4129a2a0437abb1490f192afe845d096994cd98b126,97359d4bff706c03cfe9b7aa1d844b242de9b7a545074cde95bd54dd5633c42f,22916d6284d57f10faa945854c2ea88f27119bbe5fe8869593916f6e8d0fe1a1,src/analysis/internal_completion.py,d72550e520742f4fd2a3fe63f61d29804bdd17c303016b7e3a48452ae6cd62f9;123122d313885dc1d5736a3ef0c2b739b84988a4c4e9f17137f25ef724a13dc4,a98cff9de3cd973fac6fd4129a2a0437abb1490f192afe845d096994cd98b126,82730934288f233e80b9367b778c86f943d18fa4
PatientID_0198,PatientID_0198_T1_to_T2_t1c,2,Fixed,0.2696564195298372,0.1558398127246885,0.1775576300247666,0.5602645025548543,0.1263448553706674,0.0010113487166095,0.1879753874478399,10498,3327,0.3169175080967803,0.2747219718553168,0.1592334496238269,PASS,,shard2_attempt1,1ce4cc7063e01bf7896fcc87d293d33d187674a1b44868f4216da54e414f8597,0f31d36ec28fe043debdc3747b320a088e39eafb58bda0dbba8527411526ef0f,18084b03239aeca38c2144d75068bffe9cefb213754b5dce657fda76bab5aaff,src/models/pcc.py,123122d313885dc1d5736a3ef0c2b739b84988a4c4e9f17137f25ef724a13dc4,1ce4cc7063e01bf7896fcc87d293d33d187674a1b44868f4216da54e414f8597,82730934288f233e80b9367b778c86f943d18fa4
PatientID_0198,PatientID_0198_T1_to_T2_t1c,2,Naive,0.2696564195298372,0.1558398127246885,0.1775576300247666,0.5602645025548543,0.2218554017911057,0.0008767533410571,0.1877469726681285,10498,3327,0.3169175080967803,0.2747219718553168,0.1592334496238269,PASS,,shard2_attempt1,55571640a310a07ad9308efdca53e052351467d1c3f7fa58b36754d53d564135,0f31d36ec28fe043debdc3747b320a088e39eafb58bda0dbba8527411526ef0f,18084b03239aeca38c2144d75068bffe9cefb213754b5dce657fda76bab5aaff,src/models/naive_self_tightening.py,131759341c8cebad65044361f13f5ed778994c76eee669c99a818025b0a8c634,55571640a310a07ad9308efdca53e052351467d1c3f7fa58b36754d53d564135,82730934288f233e80b9367b778c86f943d18fa4
PatientID_0198,PatientID_0198_T1_to_T2_t1c,2,EIA-linear,0.3226470588235294,0.1923549009293354,0.2135695512508517,0.6594529606251879,0.1491170288038213,0.0009062318804193,0.2418407471050828,10273,3327,0.3238586586196826,0.3122933574823724,0.1850400713828958,PASS,,shard2_attempt1,996d63d2f7ef590801341ec3f945cb2ce0e40c70c4ebdd2b479db41f7da6d3ae,0f31d36ec28fe043debdc3747b320a088e39eafb58bda0dbba8527411526ef0f,18084b03239aeca38c2144d75068bffe9cefb213754b5dce657fda76bab5aaff,src/models/eia.py,2136540541c6d42e78a879ce83728886e644dfd3ace819d36766c1d7e5018dbd,996d63d2f7ef590801341ec3f945cb2ce0e40c70c4ebdd2b479db41f7da6d3ae,82730934288f233e80b9367b778c86f943d18fa4
PatientID_0198,PatientID_0198_T1_to_T2_t1c,2,EIA-blend-0.90,0.3041557591623036,0.1793535938253738,0.2089468360121389,0.5587616471295461,0.1338285081199116,0.0008526668735267,0.2608554237725031,8897,3327,0.3739462740249522,0.3131950707374218,0.1856735568093953,PASS,,shard2_attempt1,996d63d2f7ef590801341ec3f945cb2ce0e40c70c4ebdd2b479db41f7da6d3ae,0f31d36ec28fe043debdc3747b320a088e39eafb58bda0dbba8527411526ef0f,18084b03239aeca38c2144d75068bffe9cefb213754b5dce657fda76bab5aaff,src/models/eia.py,2136540541c6d42e78a879ce83728886e644dfd3ace819d36766c1d7e5018dbd,996d63d2f7ef590801341ec3f945cb2ce0e40c70c4ebdd2b479db41f7da6d3ae,82730934288f233e80b9367b778c86f943d18fa4
PatientID_0198,PatientID_0198_T1_to_T2_t1c,2,EIA-blend-0.75,0.3819254265852117,0.2360369743522978,0.2939841089670829,0.5449353772167117,0.1474503949830757,0.0006477671919432,0.3726363787790936,6167,3327,0.5394843521971785,0.386834986566451,0.2397987704043602,PASS,,shard2_attempt1,996d63d2f7ef590801341ec3f945cb2ce0e40c70c4ebdd2b479db41f7da6d3ae,0f31d36ec28fe043debdc3747b320a088e39eafb58bda0dbba8527411526ef0f,18084b03239aeca38c2144d75068bffe9cefb213754b5dce657fda76bab5aaff,src/models/eia.py,2136540541c6d42e78a879ce83728886e644dfd3ace819d36766c1d7e5018dbd,996d63d2f7ef590801341ec3f945cb2ce0e40c70c4ebdd2b479db41f7da6d3ae,82730934288f233e80b9367b778c86f943d18fa4
PatientID_0198,PatientID_0198_T1_to_T2_t1c,2,EIA-morph,0.2816837658418829,0.1639301079989463,0.1880350488468123,0.5611662158100391,0.2816837658418829,0.0010665322580645,0.1056824472669713,9929,3327,0.3350790613354819,0.1956717764959916,0.1084457772599623,PASS,,shard2_attempt1,996d63d2f7ef590801341ec3f945cb2ce0e40c70c4ebdd2b479db41f7da6d3ae,0f31d36ec28fe043debdc3747b320a088e39eafb58bda0dbba8527411526ef0f,18084b03239aeca38c2144d75068bffe9cefb213754b5dce657fda76bab5aaff,src/models/eia.py,2136540541c6d42e78a879ce83728886e644dfd3ace819d36766c1d7e5018dbd,996d63d2f7ef590801341ec3f945cb2ce0e40c70c4ebdd2b479db41f7da6d3ae,82730934288f233e80b9367b778c86f943d18fa4
PatientID_0198,PatientID_0198_T1_to_T2_t1c,2,Full PCC,0.4613127979464613,0.2998093422306959,0.3887515451174289,0.5671776375112714,0.1656083393567391,0.0005544015735575,0.3547245526786097,4854,3327,0.6854140914709518,0.4277126541286876,0.2720321163693305,PASS,,shard2_attempt1,1ce4cc7063e01bf7896fcc87d293d33d187674a1b44868f4216da54e414f8597,0f31d36ec28fe043debdc3747b320a088e39eafb58bda0dbba8527411526ef0f,18084b03239aeca38c2144d75068bffe9cefb213754b5dce657fda76bab5aaff,src/models/pcc.py,123122d313885dc1d5736a3ef0c2b739b84988a4c4e9f17137f25ef724a13dc4,1ce4cc7063e01bf7896fcc87d293d33d187674a1b44868f4216da54e414f8597,82730934288f233e80b9367b778c86f943d18fa4
PatientID_0198,PatientID_0198_T1_to_T2_t1c,2,No-smoothing PCC,0.8437624024341844,0.7297482837528604,0.7535444234404537,0.9585211902614968,0.2392121231405855,0.0003397218009224,0.8170931985619728,4232,3327,0.7861531190926276,0.8094379320995735,0.6798788185610001,PASS,,shard2_attempt1,a98cff9de3cd973fac6fd4129a2a0437abb1490f192afe845d096994cd98b126,0f31d36ec28fe043debdc3747b320a088e39eafb58bda0dbba8527411526ef0f,18084b03239aeca38c2144d75068bffe9cefb213754b5dce657fda76bab5aaff,src/analysis/internal_completion.py,d72550e520742f4fd2a3fe63f61d29804bdd17c303016b7e3a48452ae6cd62f9;123122d313885dc1d5736a3ef0c2b739b84988a4c4e9f17137f25ef724a13dc4,a98cff9de3cd973fac6fd4129a2a0437abb1490f192afe845d096994cd98b126,82730934288f233e80b9367b778c86f943d18fa4
PatientID_0199,PatientID_0199_T1_to_T2_t1c,2,Fixed,0.2960867279236874,0.1737686611026213,0.2052626097823445,0.5310759834740435,0.1718571875738114,0.0025010969407092,0.1879647667149828,28807,11134,0.3865032804526677,0.285611640053637,0.1665968147963853,PASS,,shard2_attempt1,1ce4cc7063e01bf7896fcc87d293d33d187674a1b44868f4216da54e414f8597,855de367d9bddfcb035f54183a997b90579ac24a71a44c713a2877acb73fbe06,6bd511d6cbeef78b0996c89dc5fbc470c7571a01b76a067672b43fb841a90417,src/models/pcc.py,123122d313885dc1d5736a3ef0c2b739b84988a4c4e9f17137f25ef724a13dc4,1ce4cc7063e01bf7896fcc87d293d33d187674a1b44868f4216da54e414f8597,82730934288f233e80b9367b778c86f943d18fa4
PatientID_0199,PatientID_0199_T1_to_T2_t1c,2,Naive,0.2960867279236874,0.1737686611026213,0.2052626097823445,0.5310759834740435,0.2520053577041074,0.002455082821545,0.1877913508654819,28807,11134,0.3865032804526677,0.285611640053637,0.1665968147963853,PASS,,shard2_attempt1,55571640a310a07ad9308efdca53e052351467d1c3f7fa58b36754d53d564135,855de367d9bddfcb035f54183a997b90579ac24a71a44c713a2877acb73fbe06,6bd511d6cbeef78b0996c89dc5fbc470c7571a01b76a067672b43fb841a90417,src/models/naive_self_tightening.py,131759341c8cebad65044361f13f5ed778994c76eee669c99a818025b0a8c634,55571640a310a07ad9308efdca53e052351467d1c3f7fa58b36754d53d564135,82730934288f233e80b9367b778c86f943d18fa4
PatientID_0199,PatientID_0199_T1_to_T2_t1c,2,EIA-linear,0.329160640367064,0.1970031639902095,0.2278376139188069,0.5927788755164362,0.2080160750802327,0.0022536940975921,0.2551822545328346,28968,11134,0.3843551505109085,0.3168672534885545,0.1882604055929423,PASS,,shard2_attempt1,996d63d2f7ef590801341ec3f945cb2ce0e40c70c4ebdd2b479db41f7da6d3ae,855de367d9bddfcb035f54183a997b90579ac24a71a44c713a2877acb73fbe06,6bd511d6cbeef78b0996c89dc5fbc470c7571a01b76a067672b43fb841a90417,src/models/eia.py,2136540541c6d42e78a879ce83728886e644dfd3ace819d36766c1d7e5018dbd,996d63d2f7ef590801341ec3f945cb2ce0e40c70c4ebdd2b479db41f7da6d3ae,82730934288f233e80b9367b778c86f943d18fa4
PatientID_0199,PatientID_0199_T1_to_T2_t1c,2,EIA-blend-0.90,0.3280358484789445,0.1961978958583033,0.2376688848558177,0.5292796838512663,0.1859971445546837,0.0021014755093329,0.2699164860346494,24795,11134,0.4490421455938697,0.3197413328848688,0.1902929228570508,PASS,,shard2_attempt1,996d63d2f7ef590801341ec3f945cb2ce0e40c70c4ebdd2b479db41f7da6d3ae,855de367d9bddfcb035f54183a997b90579ac24a71a44c713a2877acb73fbe06,6bd511d6cbeef78b0996c89dc5fbc470c7571a01b76a067672b43fb841a90417,src/models/eia.py,2136540541c6d42e78a879ce83728886e644dfd3ace819d36766c1d7e5018dbd,996d63d2f7ef590801341ec3f945cb2ce0e40c70c4ebdd2b479db41f7da6d3ae,82730934288f233e80b9367b778c86f943d18fa4
PatientID_0199,PatientID_0199_T1_to_T2_t1c,2,EIA-blend-0.75,0.4165072029461674,0.2630306899539422,0.3482460906840548,0.5180528112089097,0.2108863874998683,0.0015852104899161,0.4061652617220387,16563,11134,0.6722212159632917,0.4085683492272063,0.2567300638152983,PASS,,shard2_attempt1,996d63d2f7ef590801341ec3f945cb2ce0e40c70c4ebdd2b479db41f7da6d3ae,855de367d9bddfcb035f54183a997b90579ac24a71a44c713a2877acb73fbe06,6bd511d6cbeef78b0996c89dc5fbc470c7571a01b76a067672b43fb841a90417,src/models/eia.py,2136540541c6d42e78a879ce83728886e644dfd3ace819d36766c1d7e5018dbd,996d63d2f7ef590801341ec3f945cb2ce0e40c70c4ebdd2b479db41f7da6d3ae,82730934288f233e80b9367b778c86f943d18fa4
PatientID_0199,PatientID_0199_T1_to_T2_t1c,2,EIA-morph,0.297478152309613,0.1747279500190655,0.2060105132106792,0.535027842644153,0.297478152309613,0.0031514336917562,0.1108012215562355,28916,11134,0.3850463411260202,0.2182504042025215,0.1224921867566038,PASS,,shard2_attempt1,996d63d2f7ef590801341ec3f945cb2ce0e40c70c4ebdd2b479db41f7da6d3ae,855de367d9bddfcb035f54183a997b90579ac24a71a44c713a2877acb73fbe06,6bd511d6cbeef78b0996c89dc5fbc470c7571a01b76a067672b43fb841a90417,src/models/eia.py,2136540541c6d42e78a879ce83728886e644dfd3ace819d36766c1d7e5018dbd,996d63d2f7ef590801341ec3f945cb2ce0e40c70c4ebdd2b479db41f7da6d3ae,82730934288f233e80b9367b778c86f943d18fa4
PatientID_0199,PatientID_0199_T1_to_T2_t1c,2,Full PCC,0.5239068574405835,0.35492804778713,0.4730404574075414,0.5870307167235495,0.2414327348578319,0.0013903207001691,0.4165520070514784,13817,11134,0.8058189187233119,0.522902820211833,0.3540070534261214,PASS,,shard2_attempt1,1ce4cc7063e01bf7896fcc87d293d33d187674a1b44868f4216da54e414f8597,855de367d9bddfcb035f54183a997b90579ac24a71a44c713a2877acb73fbe06,6bd511d6cbeef78b0996c89dc5fbc470c7571a01b76a067672b43fb841a90417,src/models/pcc.py,123122d313885dc1d5736a3ef0c2b739b84988a4c4e9f17137f25ef724a13dc4,1ce4cc7063e01bf7896fcc87d293d33d187674a1b44868f4216da54e414f8597,82730934288f233e80b9367b778c86f943d18fa4
PatientID_0199,PatientID_0199_T1_to_T2_t1c,2,No-smoothing PCC,0.7817364861798212,0.6416809477684227,0.7901642352509405,0.7734866175678103,0.3121668196516155,0.0009312658748797,0.7278583894702004,10899,11134,1.021561611156987,0.7786958864838021,0.637593763815444,PASS,,shard2_attempt1,a98cff9de3cd973fac6fd4129a2a0437abb1490f192afe845d096994cd98b126,855de367d9bddfcb035f54183a997b90579ac24a71a44c713a2877acb73fbe06,6bd511d6cbeef78b0996c89dc5fbc470c7571a01b76a067672b43fb841a90417,src/analysis/internal_completion.py,d72550e520742f4fd2a3fe63f61d29804bdd17c303016b7e3a48452ae6cd62f9;123122d313885dc1d5736a3ef0c2b739b84988a4c4e9f17137f25ef724a13dc4,a98cff9de3cd973fac6fd4129a2a0437abb1490f192afe845d096994cd98b126,82730934288f233e80b9367b778c86f943d18fa4
PatientID_0201,PatientID_0201_T1_to_T2_t1c,2,Fixed,0.3855035871539859,0.238776366479765,0.2637233011753802,0.7162471395881007,0.1997456188703394,0.0019775180508101,0.3517514239052082,23737,8740,0.3682015418966171,0.4162471396214962,0.2628232914851305,PASS,,shard2_attempt1,1ce4cc7063e01bf7896fcc87d293d33d187674a1b44868f4216da54e414f8597,f8c89037532d84f5e05b34aca3353fee783153421434c2d52a85d9442d4783db,9b48128ab59992b0a9e126163f384253bbbe81f47338043d42cd4d8609994906,src/models/pcc.py,123122d313885dc1d5736a3ef0c2b739b84988a4c4e9f17137f25ef724a13dc4,1ce4cc7063e01bf7896fcc87d293d33d187674a1b44868f4216da54e414f8597,82730934288f233e80b9367b778c86f943d18fa4
PatientID_0201,PatientID_0201_T1_to_T2_t1c,2,Naive,0.3855035871539859,0.238776366479765,0.2637233011753802,0.7162471395881007,0.3219657536166099,0.0017734184255112,0.3517687067413268,23737,8740,0.3682015418966171,0.4162471396214962,0.2628232914851305,PASS,,shard2_attempt1,55571640a310a07ad9308efdca53e052351467d1c3f7fa58b36754d53d564135,f8c89037532d84f5e05b34aca3353fee783153421434c2d52a85d9442d4783db,9b48128ab59992b0a9e126163f384253bbbe81f47338043d42cd4d8609994906,src/models/naive_self_tightening.py,131759341c8cebad65044361f13f5ed778994c76eee669c99a818025b0a8c634,55571640a310a07ad9308efdca53e052351467d1c3f7fa58b36754d53d564135,82730934288f233e80b9367b778c86f943d18fa4
PatientID_0201,PatientID_0201_T1_to_T2_t1c,2,EIA-linear,0.4164075133723099,0.26295118023644,0.2859156132558934,0.7660183066361556,0.2197508589706697,0.0018178046009964,0.4015294480684225,23416,8740,0.3732490604714725,0.4521739130748184,0.292134831513,PASS,,shard2_attempt1,996d63d2f7ef590801341ec3f945cb2ce0e40c70c4ebdd2b479db41f7da6d3ae,f8c89037532d84f5e05b34aca3353fee783153421434c2d52a85d9442d4783db,9b48128ab59992b0a9e126163f384253bbbe81f47338043d42cd4d8609994906,src/models/eia.py,2136540541c6d42e78a879ce83728886e644dfd3ace819d36766c1d7e5018dbd,996d63d2f7ef590801341ec3f945cb2ce0e40c70c4ebdd2b479db41f7da6d3ae,82730934288f233e80b9367b778c86f943d18fa4
PatientID_0201,PatientID_0201_T1_to_T2_t1c,2,EIA-blend-0.90,0.4177991662995221,0.264062031444116,0.2968170655366687,0.7052631578947368,0.2065763045748241,0.0016743478610912,0.4678232538322006,20767,8740,0.4208600182982616,0.460068649916472,0.298759194643082,PASS,,shard2_attempt1,996d63d2f7ef590801341ec3f945cb2ce0e40c70c4ebdd2b479db41f7da6d3ae,f8c89037532d84f5e05b34aca3353fee783153421434c2d52a85d9442d4783db,9b48128ab59992b0a9e126163f384253bbbe81f47338043d42cd4d8609994906,src/models/eia.py,2136540541c6d42e78a879ce83728886e644dfd3ace819d36766c1d7e5018dbd,996d63d2f7ef590801341ec3f945cb2ce0e40c70c4ebdd2b479db41f7da6d3ae,82730934288f233e80b9367b778c86f943d18fa4
PatientID_0201,PatientID_0201_T1_to_T2_t1c,2,EIA-blend-0.75,0.4919374844951625,0.3262049679223556,0.3851482584487893,0.6806636155606407,0.2188409886266151,0.0012848805927706,0.5722885889869207,15446,8740,0.5658422892658294,0.5162471396157754,0.3479333745104925,PASS,,shard2_attempt1,996d63d2f7ef590801341ec3f945cb2ce0e40c70c4ebdd2b479db41f7da6d3ae,f8c89037532d84f5e05b34aca3353fee783153421434c2d52a85d9442d4783db,9b48128ab59992b0a9e126163f384253bbbe81f47338043d42cd4d8609994906,src/models/eia.py,2136540541c6d42e78a879ce83728886e644dfd3ace819d36766c1d7e5018dbd,996d63d2f7ef590801341ec3f945cb2ce0e40c70c4ebdd2b479db41f7da6d3ae,82730934288f233e80b9367b778c86f943d18fa4
PatientID_0201,PatientID_0201_T1_to_T2_t1c,2,EIA-morph,0.3961709790541181,0.2470157191821297,0.2736437830052808,0.717391304347826,0.3961709790541181,0.0021407930107526,0.1965863281229251,22913,8740,0.3814428490376642,0.2816933638854866,0.1639366094577216,PASS,,shard2_attempt1,996d63d2f7ef590801341ec3f945cb2ce0e40c70c4ebdd2b479db41f7da6d3ae,f8c89037532d84f5e05b34aca3353fee783153421434c2d52a85d9442d4783db,9b48128ab59992b0a9e126163f384253bbbe81f47338043d42cd4d8609994906,src/models/eia.py,2136540541c6d42e78a879ce83728886e644dfd3ace819d36766c1d7e5018dbd,996d63d2f7ef590801341ec3f945cb2ce0e40c70c4ebdd2b479db41f7da6d3ae,82730934288f233e80b9367b778c86f943d18fa4
PatientID_0201,PatientID_0201_T1_to_T2_t1c,2,Full PCC,0.5852338976726832,0.4136612382145447,0.4939768522163609,0.7178489702517162,0.2550234447508672,0.0010759998429287,0.5748963559324753,12701,8740,0.6881347925360208,0.5767734554017864,0.4052576574157683,PASS,,shard2_attempt1,1ce4cc7063e01bf7896fcc87d293d33d187674a1b44868f4216da54e414f8597,f8c89037532d84f5e05b34aca3353fee783153421434c2d52a85d9442d4783db,9b48128ab59992b0a9e126163f384253bbbe81f47338043d42cd4d8609994906,src/models/pcc.py,123122d313885dc1d5736a3ef0c2b739b84988a4c4e9f17137f25ef724a13dc4,1ce4cc7063e01bf7896fcc87d293d33d187674a1b44868f4216da54e414f8597,82730934288f233e80b9367b778c86f943d18fa4
PatientID_0201,PatientID_0201_T1_to_T2_t1c,2,No-smoothing PCC,0.8607672949514663,0.7555675773149401,0.7809151057683348,0.9588100686498856,0.3301965851505862,0.0006574877636557,0.9182161543021108,10731,8740,0.8144627714099338,0.875514874148998,0.778591778614307,PASS,,shard2_attempt1,a98cff9de3cd973fac6fd4129a2a0437abb1490f192afe845d096994cd98b126,f8c89037532d84f5e05b34aca3353fee783153421434c2d52a85d9442d4783db,9b48128ab59992b0a9e126163f384253bbbe81f47338043d42cd4d8609994906,src/analysis/internal_completion.py,d72550e520742f4fd2a3fe63f61d29804bdd17c303016b7e3a48452ae6cd62f9;123122d313885dc1d5736a3ef0c2b739b84988a4c4e9f17137f25ef724a13dc4,a98cff9de3cd973fac6fd4129a2a0437abb1490f192afe845d096994cd98b126,82730934288f233e80b9367b778c86f943d18fa4
PatientID_0202,PatientID_0202_T1_to_T2_t1c,2,Fixed,0.3153432917016116,0.1871854901644196,0.217626630791853,0.572321869343426,0.2304314253364294,0.002567255356821,0.231802833010897,31963,12154,0.3802521665675938,0.3239262794419974,0.1932649354870519,PASS,,shard2_attempt1,1ce4cc7063e01bf7896fcc87d293d33d187674a1b44868f4216da54e414f8597,50f390711b02c85eabc426b65c0e7c949d2cf3c698e33053427e80914ea49351,d9df56f24ce39a86bbdbf64c0c8c59ab27aa784cfdb0f7cfa6f22ece677d9d99,src/models/pcc.py,123122d313885dc1d5736a3ef0c2b739b84988a4c4e9f17137f25ef724a13dc4,1ce4cc7063e01bf7896fcc87d293d33d187674a1b44868f4216da54e414f8597,82730934288f233e80b9367b778c86f943d18fa4
PatientID_0202,PatientID_0202_T1_to_T2_t1c,2,Naive,0.3153432917016116,0.1871854901644196,0.217626630791853,0.572321869343426,0.2972043464206453,0.0027791573755722,0.2319426495314238,31963,12154,0.3802521665675938,0.3239262794419974,0.1932649354870519,PASS,,shard2_attempt1,55571640a310a07ad9308efdca53e052351467d1c3f7fa58b36754d53d564135,50f390711b02c85eabc426b65c0e7c949d2cf3c698e33053427e80914ea49351,d9df56f24ce39a86bbdbf64c0c8c59ab27aa784cfdb0f7cfa6f22ece677d9d99,src/models/naive_self_tightening.py,131759341c8cebad65044361f13f5ed778994c76eee669c99a818025b0a8c634,55571640a310a07ad9308efdca53e052351467d1c3f7fa58b36754d53d564135,82730934288f233e80b9367b778c86f943d18fa4
PatientID_0202,PatientID_0202_T1_to_T2_t1c,2,EIA-linear,0.3599456233727333,0.2194717617308232,0.2499759976957788,0.6426690801382261,0.2726689167526264,0.0022905667689663,0.2920857138509652,31247,12154,0.3889653406727046,0.3724699687603888,0.2288559729422751,PASS,,shard2_attempt1,996d63d2f7ef590801341ec3f945cb2ce0e40c70c4ebdd2b479db41f7da6d3ae,50f390711b02c85eabc426b65c0e7c949d2cf3c698e33053427e80914ea49351,d9df56f24ce39a86bbdbf64c0c8c59ab27aa784cfdb0f7cfa6f22ece677d9d99,src/models/eia.py,2136540541c6d42e78a879ce83728886e644dfd3ace819d36766c1d7e5018dbd,996d63d2f7ef590801341ec3f945cb2ce0e40c70c4ebdd2b479db41f7da6d3ae,82730934288f233e80b9367b778c86f943d18fa4
PatientID_0202,PatientID_0202_T1_to_T2_t1c,2,EIA-blend-0.90,0.3422577033539405,0.2064601380120393,0.2430181114337066,0.5784926773078822,0.2450950394228909,0.0021562429728961,0.3728326721787571,28932,12154,0.4200884833402461,0.3891722889834963,0.2415977117559711,PASS,,shard2_attempt1,996d63d2f7ef590801341ec3f945cb2ce0e40c70c4ebdd2b479db41f7da6d3ae,50f390711b02c85eabc426b65c0e7c949d2cf3c698e33053427e80914ea49351,d9df56f24ce39a86bbdbf64c0c8c59ab27aa784cfdb0f7cfa6f22ece677d9d99,src/models/eia.py,2136540541c6d42e78a879ce83728886e644dfd3ace819d36766c1d7e5018dbd,996d63d2f7ef590801341ec3f945cb2ce0e40c70c4ebdd2b479db41f7da6d3ae,82730934288f233e80b9367b778c86f943d18fa4
PatientID_0202,PatientID_0202_T1_to_T2_t1c,2,EIA-blend-0.75,0.4087110660926817,0.2568427753023551,0.3105571471330226,0.5975810432779332,0.270759438985476,0.0016238324232789,0.4944941949427897,23387,12154,0.5196904263052123,0.4496462070326787,0.2900281271936513,PASS,,shard2_attempt1,996d63d2f7ef590801341ec3f945cb2ce0e40c70c4ebdd2b479db41f7da6d3ae,50f390711b02c85eabc426b65c0e7c949d2cf3c698e33053427e80914ea49351,d9df56f24ce39a86bbdbf64c0c8c59ab27aa784cfdb0f7cfa6f22ece677d9d99,src/models/eia.py,2136540541c6d42e78a879ce83728886e644dfd3ace819d36766c1d7e5018dbd,996d63d2f7ef590801341ec3f945cb2ce0e40c70c4ebdd2b479db41f7da6d3ae,82730934288f233e80b9367b778c86f943d18fa4
PatientID_0202,PatientID_0202_T1_to_T2_t1c,2,EIA-morph,0.3279101207402918,0.1961079513772722,0.2287628463639911,0.5787395096264605,0.3279101207402918,0.0032296146953405,0.1329675742279585,30748,12154,0.3952777416417328,0.2180352147762862,0.1223566350021998,PASS,,shard2_attempt1,996d63d2f7ef590801341ec3f945cb2ce0e40c70c4ebdd2b479db41f7da6d3ae,50f390711b02c85eabc426b65c0e7c949d2cf3c698e33053427e80914ea49351,d9df56f24ce39a86bbdbf64c0c8c59ab27aa784cfdb0f7cfa6f22ece677d9d99,src/models/eia.py,2136540541c6d42e78a879ce83728886e644dfd3ace819d36766c1d7e5018dbd,996d63d2f7ef590801341ec3f945cb2ce0e40c70c4ebdd2b479db41f7da6d3ae,82730934288f233e80b9367b778c86f943d18fa4
PatientID_0202,PatientID_0202_T1_to_T2_t1c,2,Full PCC,0.5630272028185237,0.3918147956056391,0.4785488050676648,0.683725522461741,0.3181647880416128,0.0013792623927965,0.4779245415462498,17365,12154,0.6999136193492658,0.5470626954275521,0.3765218868918669,PASS,,shard2_attempt1,1ce4cc7063e01bf7896fcc87d293d33d187674a1b44868f4216da54e414f8597,50f390711b02c85eabc426b65c0e7c949d2cf3c698e33053427e80914ea49351,d9df56f24ce39a86bbdbf64c0c8c59ab27aa784cfdb0f7cfa6f22ece677d9d99,src/models/pcc.py,123122d313885dc1d5736a3ef0c2b739b84988a4c4e9f17137f25ef724a13dc4,1ce4cc7063e01bf7896fcc87d293d33d187674a1b44868f4216da54e414f8597,82730934288f233e80b9367b778c86f943d18fa4
PatientID_0202,PatientID_0202_T1_to_T2_t1c,2,No-smoothing PCC,0.7293247131806121,0.5739662372801599,0.6681273536460116,0.8028632548955077,0.3784994785693655,0.0010038771656385,0.701081634277653,14605,12154,0.8321807600136939,0.7225604739294652,0.5656318433875028,PASS,,shard2_attempt1,a98cff9de3cd973fac6fd4129a2a0437abb1490f192afe845d096994cd98b126,50f390711b02c85eabc426b65c0e7c949d2cf3c698e33053427e80914ea49351,d9df56f24ce39a86bbdbf64c0c8c59ab27aa784cfdb0f7cfa6f22ece677d9d99,src/analysis/internal_completion.py,d72550e520742f4fd2a3fe63f61d29804bdd17c303016b7e3a48452ae6cd62f9;123122d313885dc1d5736a3ef0c2b739b84988a4c4e9f17137f25ef724a13dc4,a98cff9de3cd973fac6fd4129a2a0437abb1490f192afe845d096994cd98b126,82730934288f233e80b9367b778c86f943d18fa4
PatientID_0204,PatientID_0204_T1_to_T2_t1c,2,Fixed,0.2843027546963168,0.1657068317120217,0.1943996743996744,0.5289010940337512,0.2074824606085181,0.0049621541725191,0.1877749348035615,61425,22577,0.3675539275539276,0.2731983877558312,0.1582106397384135,PASS,,shard2_attempt1,1ce4cc7063e01bf7896fcc87d293d33d187674a1b44868f4216da54e414f8597,938b08e6e0850836d7bdd7367917178a39cdb7bcb94d2bf5695c79c9df25ce84,f2b872d94a0f5649bdc03ca0cc5027361b14f562820fd80046fae2151a1c05a3,src/models/pcc.py,123122d313885dc1d5736a3ef0c2b739b84988a4c4e9f17137f25ef724a13dc4,1ce4cc7063e01bf7896fcc87d293d33d187674a1b44868f4216da54e414f8597,82730934288f233e80b9367b778c86f943d18fa4
PatientID_0204,PatientID_0204_T1_to_T2_t1c,2,Naive,0.2843027546963168,0.1657068317120217,0.1943996743996744,0.5289010940337512,0.2635553913383454,0.0053861263465763,0.1877967950940215,61425,22577,0.3675539275539276,0.2731983877558312,0.1582106397384135,PASS,,shard2_attempt1,55571640a310a07ad9308efdca53e052351467d1c3f7fa58b36754d53d564135,938b08e6e0850836d7bdd7367917178a39cdb7bcb94d2bf5695c79c9df25ce84,f2b872d94a0f5649bdc03ca0cc5027361b14f562820fd80046fae2151a1c05a3,src/models/naive_self_tightening.py,131759341c8cebad65044361f13f5ed778994c76eee669c99a818025b0a8c634,55571640a310a07ad9308efdca53e052351467d1c3f7fa58b36754d53d564135,82730934288f233e80b9367b778c86f943d18fa4
PatientID_0204,PatientID_0204_T1_to_T2_t1c,2,EIA-linear,0.3126813168743613,0.185312543505499,0.2127581356690748,0.5895823182885237,0.2382901112890238,0.0046204759987074,0.239058123270052,62564,22577,0.3608624768237325,0.3155423661399756,0.187325795446034,PASS,,shard2_attempt1,996d63d2f7ef590801341ec3f945cb2ce0e40c70c4ebdd2b479db41f7da6d3ae,938b08e6e0850836d7bdd7367917178a39cdb7bcb94d2bf5695c79c9df25ce84,f2b872d94a0f5649bdc03ca0cc5027361b14f562820fd80046fae2151a1c05a3,src/models/eia.py,2136540541c6d42e78a879ce83728886e644dfd3ace819d36766c1d7e5018dbd,996d63d2f7ef590801341ec3f945cb2ce0e40c70c4ebdd2b479db41f7da6d3ae,82730934288f233e80b9367b778c86f943d18fa4
PatientID_0204,PatientID_0204_T1_to_T2_t1c,2,EIA-blend-0.90,0.3096436845579384,0.1831824933768242,0.2187397140035841,0.5298312441865616,0.2214612979679679,0.0041742620737185,0.3102609481484132,54686,22577,0.4128478952565556,0.3282987110925212,0.1963859891050716,PASS,,shard2_attempt1,996d63d2f7ef590801341ec3f945cb2ce0e40c70c4ebdd2b479db41f7da6d3ae,938b08e6e0850836d7bdd7367917178a39cdb7bcb94d2bf5695c79c9df25ce84,f2b872d94a0f5649bdc03ca0cc5027361b14f562820fd80046fae2151a1c05a3,src/models/eia.py,2136540541c6d42e78a879ce83728886e644dfd3ace819d36766c1d7e5018dbd,996d63d2f7ef590801341ec3f945cb2ce0e40c70c4ebdd2b479db41f7da6d3ae,82730934288f233e80b9367b778c86f943d18fa4
PatientID_0204,PatientID_0204_T1_to_T2_t1c,2,EIA-blend-0.75,0.3814301233305642,0.2356587310987405,0.298308303555811,0.5287682154404926,0.2459223922251969,0.0031542090610466,0.4325355374699969,40019,22577,0.5641570254129289,0.4127652035387171,0.2600530208103794,PASS,,shard2_attempt1,996d63d2f7ef590801341ec3f945cb2ce0e40c70c4ebdd2b479db41f7da6d3ae,938b08e6e0850836d7bdd7367917178a39cdb7bcb94d2bf5695c79c9df25ce84,f2b872d94a0f5649bdc03ca0cc5027361b14f562820fd80046fae2151a1c05a3,src/models/eia.py,2136540541c6d42e78a879ce83728886e644dfd3ace819d36766c1d7e5018dbd,996d63d2f7ef590801341ec3f945cb2ce0e40c70c4ebdd2b479db41f7da6d3ae,82730934288f233e80b9367b778c86f943d18fa4
PatientID_0204,PatientID_0204_T1_to_T2_t1c,2,EIA-morph,0.2836126346318017,0.1652381276827689,0.1926780436647917,0.5370952739513665,0.2836126346318017,0.0068614471326164,0.1046570535641173,62934,22577,0.3587409031683986,0.1807148868498756,0.0993329113526967,PASS,,shard2_attempt1,996d63d2f7ef590801341ec3f945cb2ce0e40c70c4ebdd2b479db41f7da6d3ae,938b08e6e0850836d7bdd7367917178a39cdb7bcb94d2bf5695c79c9df25ce84,f2b872d94a0f5649bdc03ca0cc5027361b14f562820fd80046fae2151a1c05a3,src/models/eia.py,2136540541c6d42e78a879ce83728886e644dfd3ace819d36766c1d7e5018dbd,996d63d2f7ef590801341ec3f945cb2ce0e40c70c4ebdd2b479db41f7da6d3ae,82730934288f233e80b9367b778c86f943d18fa4
PatientID_0204,PatientID_0204_T1_to_T2_t1c,2,Full PCC,0.4960228796139065,0.3298074637508913,0.4158175497482618,0.6145634938211454,0.2893425413027606,0.0028244160347512,0.4136827334400655,33368,22577,0.676606329417406,0.5070647118858337,0.3396427935875024,PASS,,shard2_attempt1,1ce4cc7063e01bf7896fcc87d293d33d187674a1b44868f4216da54e414f8597,938b08e6e0850836d7bdd7367917178a39cdb7bcb94d2bf5695c79c9df25ce84,f2b872d94a0f5649bdc03ca0cc5027361b14f562820fd80046fae2151a1c05a3,src/models/pcc.py,123122d313885dc1d5736a3ef0c2b739b84988a4c4e9f17137f25ef724a13dc4,1ce4cc7063e01bf7896fcc87d293d33d187674a1b44868f4216da54e414f8597,82730934288f233e80b9367b778c86f943d18fa4
PatientID_0204,PatientID_0204_T1_to_T2_t1c,2,No-smoothing PCC,0.7499531357397263,0.5999400159957344,0.7078320358575135,0.7974044381450148,0.3666289603943158,0.0018389921571407,0.7003186767734756,25434,22577,0.8876700479672879,0.7574079815795409,0.6095387467167057,PASS,,shard2_attempt1,a98cff9de3cd973fac6fd4129a2a0437abb1490f192afe845d096994cd98b126,938b08e6e0850836d7bdd7367917178a39cdb7bcb94d2bf5695c79c9df25ce84,f2b872d94a0f5649bdc03ca0cc5027361b14f562820fd80046fae2151a1c05a3,src/analysis/internal_completion.py,d72550e520742f4fd2a3fe63f61d29804bdd17c303016b7e3a48452ae6cd62f9;123122d313885dc1d5736a3ef0c2b739b84988a4c4e9f17137f25ef724a13dc4,a98cff9de3cd973fac6fd4129a2a0437abb1490f192afe845d096994cd98b126,82730934288f233e80b9367b778c86f943d18fa4
PatientID_0205,PatientID_0205_T1_to_T2_t1c,2,Fixed,0.3661774343499002,0.2241231343283582,0.2396417243511739,0.7758331180573496,0.260526986964985,0.0036089143577894,0.4108911303399161,50129,15484,0.3088830816493447,0.4473650219759957,0.2881327732087628,PASS,,shard2_attempt1,1ce4cc7063e01bf7896fcc87d293d33d187674a1b44868f4216da54e414f8597,74df06087592a4da79d2a5a490e07c9ca47ca3568328d9159eaa0418161c4ce4,0af2e1bfab45caf886c3670590b1c769653f7e98ee27ecfcf9cc5502d0f99feb,src/models/pcc.py,123122d313885dc1d5736a3ef0c2b739b84988a4c4e9f17137f25ef724a13dc4,1ce4cc7063e01bf7896fcc87d293d33d187674a1b44868f4216da54e414f8597,82730934288f233e80b9367b778c86f943d18fa4
PatientID_0205,PatientID_0205_T1_to_T2_t1c,2,Naive,0.3661774343499002,0.2241231343283582,0.2396417243511739,0.7758331180573496,0.3310468053012846,0.0038093078601545,0.4105597287540463,50129,15484,0.3088830816493447,0.4473650219759957,0.2881327732087628,PASS,,shard2_attempt1,55571640a310a07ad9308efdca53e052351467d1c3f7fa58b36754d53d564135,74df06087592a4da79d2a5a490e07c9ca47ca3568328d9159eaa0418161c4ce4,0af2e1bfab45caf886c3670590b1c769653f7e98ee27ecfcf9cc5502d0f99feb,src/models/naive_self_tightening.py,131759341c8cebad65044361f13f5ed778994c76eee669c99a818025b0a8c634,55571640a310a07ad9308efdca53e052351467d1c3f7fa58b36754d53d564135,82730934288f233e80b9367b778c86f943d18fa4
PatientID_0205,PatientID_0205_T1_to_T2_t1c,2,EIA-linear,0.3888219779549647,0.2413277568554721,0.2544852222155701,0.8235598036683027,0.2769675367316735,0.0034678474458065,0.4552143177036512,50109,15484,0.3090063661218543,0.4656419530009803,0.3034767236592526,PASS,,shard2_attempt1,996d63d2f7ef590801341ec3f945cb2ce0e40c70c4ebdd2b479db41f7da6d3ae,74df06087592a4da79d2a5a490e07c9ca47ca3568328d9159eaa0418161c4ce4,0af2e1bfab45caf886c3670590b1c769653f7e98ee27ecfcf9cc5502d0f99feb,src/models/eia.py,2136540541c6d42e78a879ce83728886e644dfd3ace819d36766c1d7e5018dbd,996d63d2f7ef590801341ec3f945cb2ce0e40c70c4ebdd2b479db41f7da6d3ae,82730934288f233e80b9367b778c86f943d18fa4
PatientID_0205,PatientID_0205_T1_to_T2_t1c,2,EIA-blend-0.90,0.3958932238193018,0.2467997951868919,0.2654711286378357,0.7782226814776544,0.2714164971178695,0.0030085894866669,0.5734788065025614,45391,15484,0.3411248925998546,0.4923792301894736,0.3265935572598272,PASS,,shard2_attempt1,996d63d2f7ef590801341ec3f945cb2ce0e40c70c4ebdd2b479db41f7da6d3ae,74df06087592a4da79d2a5a490e07c9ca47ca3568328d9159eaa0418161c4ce4,0af2e1bfab45caf886c3670590b1c769653f7e98ee27ecfcf9cc5502d0f99feb,src/models/eia.py,2136540541c6d42e78a879ce83728886e644dfd3ace819d36766c1d7e5018dbd,996d63d2f7ef590801341ec3f945cb2ce0e40c70c4ebdd2b479db41f7da6d3ae,82730934288f233e80b9367b778c86f943d18fa4
PatientID_0205,PatientID_0205_T1_to_T2_t1c,2,EIA-blend-0.75,0.4758189410127227,0.3121800643086816,0.3415993469755397,0.7837768018599846,0.2908327787057994,0.0022335353833524,0.6798258989979353,35527,15484,0.4358375320179019,0.5795660036302129,0.4080203692185132,PASS,,shard2_attempt1,996d63d2f7ef590801341ec3f945cb2ce0e40c70c4ebdd2b479db41f7da6d3ae,74df06087592a4da79d2a5a490e07c9ca47ca3568328d9159eaa0418161c4ce4,0af2e1bfab45caf886c3670590b1c769653f7e98ee27ecfcf9cc5502d0f99feb,src/models/eia.py,2136540541c6d42e78a879ce83728886e644dfd3ace819d36766c1d7e5018dbd,996d63d2f7ef590801341ec3f945cb2ce0e40c70c4ebdd2b479db41f7da6d3ae,82730934288f233e80b9367b778c86f943d18fa4
PatientID_0205,PatientID_0205_T1_to_T2_t1c,2,EIA-morph,0.3629039504028273,0.2216754175737729,0.2362264592349982,0.7825497287522604,0.3629039504028273,0.0047652329749103,0.1852360797346555,51294,15484,0.3018676648340936,0.2496770860485121,0.1426462991977475,PASS,,shard2_attempt1,996d63d2f7ef590801341ec3f945cb2ce0e40c70c4ebdd2b479db41f7da6d3ae,74df06087592a4da79d2a5a490e07c9ca47ca3568328d9159eaa0418161c4ce4,0af2e1bfab45caf886c3670590b1c769653f7e98ee27ecfcf9cc5502d0f99feb,src/models/eia.py,2136540541c6d42e78a879ce83728886e644dfd3ace819d36766c1d7e5018dbd,996d63d2f7ef590801341ec3f945cb2ce0e40c70c4ebdd2b479db41f7da6d3ae,82730934288f233e80b9367b778c86f943d18fa4
PatientID_0205,PatientID_0205_T1_to_T2_t1c,2,Full PCC,0.5919779346454116,0.4204322852684352,0.4638801377390285,0.8178119349005425,0.3433443966638851,0.0018724872774161,0.6310088567167895,27298,15484,0.5672210418345667,0.5962929475718066,0.4247987117816978,PASS,,shard2_attempt1,1ce4cc7063e01bf7896fcc87d293d33d187674a1b44868f4216da54e414f8597,74df06087592a4da79d2a5a490e07c9ca47ca3568328d9159eaa0418161c4ce4,0af2e1bfab45caf886c3670590b1c769653f7e98ee27ecfcf9cc5502d0f99feb,src/models/pcc.py,123122d313885dc1d5736a3ef0c2b739b84988a4c4e9f17137f25ef724a13dc4,1ce4cc7063e01bf7896fcc87d293d33d187674a1b44868f4216da54e414f8597,82730934288f233e80b9367b778c86f943d18fa4
PatientID_0205,PatientID_0205_T1_to_T2_t1c,2,No-smoothing PCC,0.7954856912535267,0.6604202917949404,0.6811467488840827,0.9559545337122192,0.4062373377995731,0.0012432186045866,0.8670964023502741,21731,15484,0.7125304864019143,0.7898475846102477,0.6526843846913927,PASS,,shard2_attempt1,a98cff9de3cd973fac6fd4129a2a0437abb1490f192afe845d096994cd98b126,74df06087592a4da79d2a5a490e07c9ca47ca3568328d9159eaa0418161c4ce4,0af2e1bfab45caf886c3670590b1c769653f7e98ee27ecfcf9cc5502d0f99feb,src/analysis/internal_completion.py,d72550e520742f4fd2a3fe63f61d29804bdd17c303016b7e3a48452ae6cd62f9;123122d313885dc1d5736a3ef0c2b739b84988a4c4e9f17137f25ef724a13dc4,a98cff9de3cd973fac6fd4129a2a0437abb1490f192afe845d096994cd98b126,82730934288f233e80b9367b778c86f943d18fa4
PatientID_0207,PatientID_0207_T1_to_T2_t1c,2,Fixed,0.5572350469920742,0.3862271853986551,0.4258572752548656,0.8058374044845297,0.4012456786444427,0.0018641723480465,0.6726267980801143,30212,15966,0.5284655103932212,0.6404233997356751,0.4710462063172688,PASS,,shard2_attempt1,1ce4cc7063e01bf7896fcc87d293d33d187674a1b44868f4216da54e414f8597,20306ad70760d4028e351884534e0296f905338702312afd0c86aff81c36bda9,a5cc1b1f78ad6c7e4b1252f22cab5a3c26cda0d55eb0eb938906154b3a10012f,src/models/pcc.py,123122d313885dc1d5736a3ef0c2b739b84988a4c4e9f17137f25ef724a13dc4,1ce4cc7063e01bf7896fcc87d293d33d187674a1b44868f4216da54e414f8597,82730934288f233e80b9367b778c86f943d18fa4
PatientID_0207,PatientID_0207_T1_to_T2_t1c,2,Naive,0.5572350469920742,0.3862271853986551,0.4258572752548656,0.8058374044845297,0.5203238798087799,0.0018677625342316,0.6676202307253648,30212,15966,0.5284655103932212,0.6404233997356751,0.4710462063172688,PASS,,shard2_attempt1,55571640a310a07ad9308efdca53e052351467d1c3f7fa58b36754d53d564135,20306ad70760d4028e351884534e0296f905338702312afd0c86aff81c36bda9,a5cc1b1f78ad6c7e4b1252f22cab5a3c26cda0d55eb0eb938906154b3a10012f,src/models/naive_self_tightening.py,131759341c8cebad65044361f13f5ed778994c76eee669c99a818025b0a8c634,55571640a310a07ad9308efdca53e052351467d1c3f7fa58b36754d53d564135,82730934288f233e80b9367b778c86f943d18fa4
PatientID_0207,PatientID_0207_T1_to_T2_t1c,2,EIA-linear,0.5866626158286495,0.4150902837489252,0.4488460899883779,0.8466115495427784,0.4290819350821537,0.0016883671674986,0.7178642848552937,30115,15966,0.5301676905196746,0.6659777026285238,0.4992253157660348,PASS,,shard2_attempt1,996d63d2f7ef590801341ec3f945cb2ce0e40c70c4ebdd2b479db41f7da6d3ae,20306ad70760d4028e351884534e0296f905338702312afd0c86aff81c36bda9,a5cc1b1f78ad6c7e4b1252f22cab5a3c26cda0d55eb0eb938906154b3a10012f,src/models/eia.py,2136540541c6d42e78a879ce83728886e644dfd3ace819d36766c1d7e5018dbd,996d63d2f7ef590801341ec3f945cb2ce0e40c70c4ebdd2b479db41f7da6d3ae,82730934288f233e80b9367b778c86f943d18fa4
PatientID_0207,PatientID_0207_T1_to_T2_t1c,2,EIA-blend-0.90,0.5894530448462187,0.4178897006530032,0.4634163828643126,0.8096580232995114,0.4133993077404271,0.0015743292427143,0.7500635441413813,27895,15966,0.5723606381071876,0.6759989978806213,0.5105728748043629,PASS,,shard2_attempt1,996d63d2f7ef590801341ec3f945cb2ce0e40c70c4ebdd2b479db41f7da6d3ae,20306ad70760d4028e351884534e0296f905338702312afd0c86aff81c36bda9,a5cc1b1f78ad6c7e4b1252f22cab5a3c26cda0d55eb0eb938906154b3a10012f,src/models/eia.py,2136540541c6d42e78a879ce83728886e644dfd3ace819d36766c1d7e5018dbd,996d63d2f7ef590801341ec3f945cb2ce0e40c70c4ebdd2b479db41f7da6d3ae,82730934288f233e80b9367b778c86f943d18fa4
PatientID_0207,PatientID_0207_T1_to_T2_t1c,2,EIA-blend-0.75,0.6596647141991517,0.4921639541892706,0.5525759242026901,0.8182387573593887,0.433985924448493,0.0012039411477596,0.806672053222295,23642,15966,0.6753235766855596,0.7145183515058713,0.5558370688191465,PASS,,shard2_attempt1,996d63d2f7ef590801341ec3f945cb2ce0e40c70c4ebdd2b479db41f7da6d3ae,20306ad70760d4028e351884534e0296f905338702312afd0c86aff81c36bda9,a5cc1b1f78ad6c7e4b1252f22cab5a3c26cda0d55eb0eb938906154b3a10012f,src/models/eia.py,2136540541c6d42e78a879ce83728886e644dfd3ace819d36766c1d7e5018dbd,996d63d2f7ef590801341ec3f945cb2ce0e40c70c4ebdd2b479db41f7da6d3ae,82730934288f233e80b9367b778c86f943d18fa4
PatientID_0207,PatientID_0207_T1_to_T2_t1c,2,EIA-morph,0.5596609949624889,0.3885619933953768,0.4273450655396705,0.8106601528247526,0.5596609949624889,0.00228125,0.3467702138095441,30287,15966,0.5271568659821045,0.4221470625259255,0.2675452524901737,PASS,,shard2_attempt1,996d63d2f7ef590801341ec3f945cb2ce0e40c70c4ebdd2b479db41f7da6d3ae,20306ad70760d4028e351884534e0296f905338702312afd0c86aff81c36bda9,a5cc1b1f78ad6c7e4b1252f22cab5a3c26cda0d55eb0eb938906154b3a10012f,src/models/eia.py,2136540541c6d42e78a879ce83728886e644dfd3ace819d36766c1d7e5018dbd,996d63d2f7ef590801341ec3f945cb2ce0e40c70c4ebdd2b479db41f7da6d3ae,82730934288f233e80b9367b778c86f943d18fa4
PatientID_0207,PatientID_0207_T1_to_T2_t1c,2,Full PCC,0.7169871117684344,0.5588307945656649,0.6198739610923372,0.8501816359764499,0.4828674936718681,0.001122008977823,0.7864902080934729,21898,15966,0.729107681066764,0.744895402738792,0.5934926892762367,PASS,,shard2_attempt1,1ce4cc7063e01bf7896fcc87d293d33d187674a1b44868f4216da54e414f8597,20306ad70760d4028e351884534e0296f905338702312afd0c86aff81c36bda9,a5cc1b1f78ad6c7e4b1252f22cab5a3c26cda0d55eb0eb938906154b3a10012f,src/models/pcc.py,123122d313885dc1d5736a3ef0c2b739b84988a4c4e9f17137f25ef724a13dc4,1ce4cc7063e01bf7896fcc87d293d33d187674a1b44868f4216da54e414f8597,82730934288f233e80b9367b778c86f943d18fa4
PatientID_0207,PatientID_0207_T1_to_T2_t1c,2,No-smoothing PCC,0.8530117660832407,0.7436970501173829,0.8006593406593406,0.912689465113366,0.5350719656466051,0.0007443624912902,0.8888606910688941,18200,15966,0.8772527472527473,0.8588876362314015,0.7526757780474957,PASS,,shard2_attempt1,a98cff9de3cd973fac6fd4129a2a0437abb1490f192afe845d096994cd98b126,20306ad70760d4028e351884534e0296f905338702312afd0c86aff81c36bda9,a5cc1b1f78ad6c7e4b1252f22cab5a3c26cda0d55eb0eb938906154b3a10012f,src/analysis/internal_completion.py,d72550e520742f4fd2a3fe63f61d29804bdd17c303016b7e3a48452ae6cd62f9;123122d313885dc1d5736a3ef0c2b739b84988a4c4e9f17137f25ef724a13dc4,a98cff9de3cd973fac6fd4129a2a0437abb1490f192afe845d096994cd98b126,82730934288f233e80b9367b778c86f943d18fa4
PatientID_0208,PatientID_0208_T1_to_T2_t1c,2,Fixed,0.0125288493241015,0.0063039150630391,0.0063081009296148,0.9047619047619048,0.0057541862174778,0.002347408817415,0.0741754472908882,24096,168,0.0069721115537848,0.1130952407348355,0.0599369114828488,PASS,,shard2_attempt1,1ce4cc7063e01bf7896fcc87d293d33d187674a1b44868f4216da54e414f8597,4c3314a299fed625d1d97c771fa87c43f2619b50b9c39701821de5bd75fc6bf2,6892c89f4446e8c7528606c80fc3bb25cd264984feb3636a10944266ea089f86,src/models/pcc.py,123122d313885dc1d5736a3ef0c2b739b84988a4c4e9f17137f25ef724a13dc4,1ce4cc7063e01bf7896fcc87d293d33d187674a1b44868f4216da54e414f8597,82730934288f233e80b9367b778c86f943d18fa4
PatientID_0208,PatientID_0208_T1_to_T2_t1c,2,Naive,0.0125288493241015,0.0063039150630391,0.0063081009296148,0.9047619047619048,0.010209715933472,0.0021978005811061,0.0433891698435996,24096,168,0.0069721115537848,0.1488095263428288,0.0803858550469908,PASS,,shard2_attempt1,55571640a310a07ad9308efdca53e052351467d1c3f7fa58b36754d53d564135,4c3314a299fed625d1d97c771fa87c43f2619b50b9c39701821de5bd75fc6bf2,6892c89f4446e8c7528606c80fc3bb25cd264984feb3636a10944266ea089f86,src/models/naive_self_tightening.py,131759341c8cebad65044361f13f5ed778994c76eee669c99a818025b0a8c634,55571640a310a07ad9308efdca53e052351467d1c3f7fa58b36754d53d564135,82730934288f233e80b9367b778c86f943d18fa4
PatientID_0208,PatientID_0208_T1_to_T2_t1c,2,EIA-linear,0.0143595880165819,0.0072317162412293,0.0072317162412293,1.0,0.0066979549883887,0.0021355194563936,0.0814908290138403,23231,168,0.0072317162412293,0.1369047644734977,0.073482431075136,PASS,,shard2_attempt1,996d63d2f7ef590801341ec3f945cb2ce0e40c70c4ebdd2b479db41f7da6d3ae,4c3314a299fed625d1d97c771fa87c43f2619b50b9c39701821de5bd75fc6bf2,6892c89f4446e8c7528606c80fc3bb25cd264984feb3636a10944266ea089f86,src/models/eia.py,2136540541c6d42e78a879ce83728886e644dfd3ace819d36766c1d7e5018dbd,996d63d2f7ef590801341ec3f945cb2ce0e40c70c4ebdd2b479db41f7da6d3ae,82730934288f233e80b9367b778c86f943d18fa4
PatientID_0208,PatientID_0208_T1_to_T2_t1c,2,EIA-blend-0.90,0.0151391750107794,0.0076273231957518,0.0076310070031393,0.9404761904761904,0.0060561357873111,0.0019058786954016,0.4467454832746645,20705,168,0.0081139821299203,0.4702380968147676,0.3073929988039183,PASS,,shard2_attempt1,996d63d2f7ef590801341ec3f945cb2ce0e40c70c4ebdd2b479db41f7da6d3ae,4c3314a299fed625d1d97c771fa87c43f2619b50b9c39701821de5bd75fc6bf2,6892c89f4446e8c7528606c80fc3bb25cd264984feb3636a10944266ea089f86,src/models/eia.py,2136540541c6d42e78a879ce83728886e644dfd3ace819d36766c1d7e5018dbd,996d63d2f7ef590801341ec3f945cb2ce0e40c70c4ebdd2b479db41f7da6d3ae,82730934288f233e80b9367b778c86f943d18fa4
PatientID_0208,PatientID_0208_T1_to_T2_t1c,2,EIA-blend-0.75,0.023391812865497,0.0118343195266272,0.0118360071301247,0.988095238095238,0.0066557693732804,0.0013307939162918,0.4579314241691194,14025,168,0.0119786096256684,0.4940476205534297,0.3280632437625959,PASS,,shard2_attempt1,996d63d2f7ef590801341ec3f945cb2ce0e40c70c4ebdd2b479db41f7da6d3ae,4c3314a299fed625d1d97c771fa87c43f2619b50b9c39701821de5bd75fc6bf2,6892c89f4446e8c7528606c80fc3bb25cd264984feb3636a10944266ea089f86,src/models/eia.py,2136540541c6d42e78a879ce83728886e644dfd3ace819d36766c1d7e5018dbd,996d63d2f7ef590801341ec3f945cb2ce0e40c70c4ebdd2b479db41f7da6d3ae,82730934288f233e80b9367b778c86f943d18fa4
PatientID_0208,PatientID_0208_T1_to_T2_t1c,2,EIA-morph,0.0106429800344096,0.0053499597747385,0.0053575025176233,0.7916666666666666,0.0106429800344096,0.0027696012544802,0.0042452764106812,24825,168,0.0067673716012084,0.0119047648455215,0.0059880269281795,PASS,,shard2_attempt1,996d63d2f7ef590801341ec3f945cb2ce0e40c70c4ebdd2b479db41f7da6d3ae,4c3314a299fed625d1d97c771fa87c43f2619b50b9c39701821de5bd75fc6bf2,6892c89f4446e8c7528606c80fc3bb25cd264984feb3636a10944266ea089f86,src/models/eia.py,2136540541c6d42e78a879ce83728886e644dfd3ace819d36766c1d7e5018dbd,996d63d2f7ef590801341ec3f945cb2ce0e40c70c4ebdd2b479db41f7da6d3ae,82730934288f233e80b9367b778c86f943d18fa4
PatientID_0208,PatientID_0208_T1_to_T2_t1c,2,Full PCC,0.0252643948296122,0.0127938113656649,0.0128434886499402,0.7678571428571429,0.0076529285243918,0.0012305604766443,0.1310062503232571,10044,168,0.016726403823178,0.2023809547548185,0.1125827843954212,PASS,,shard2_attempt1,1ce4cc7063e01bf7896fcc87d293d33d187674a1b44868f4216da54e414f8597,4c3314a299fed625d1d97c771fa87c43f2619b50b9c39701821de5bd75fc6bf2,6892c89f4446e8c7528606c80fc3bb25cd264984feb3636a10944266ea089f86,src/models/pcc.py,123122d313885dc1d5736a3ef0c2b739b84988a4c4e9f17137f25ef724a13dc4,1ce4cc7063e01bf7896fcc87d293d33d187674a1b44868f4216da54e414f8597,82730934288f233e80b9367b778c86f943d18fa4
PatientID_0208,PatientID_0208_T1_to_T2_t1c,2,No-smoothing PCC,0.0552722487251192,0.0284215868719336,0.0284215868719336,1.0,0.0096549868353817,0.0009209551832813,0.5641898110971193,5911,168,0.0284215868719336,0.5476190489654195,0.3770491828809459,PASS,,shard2_attempt1,a98cff9de3cd973fac6fd4129a2a0437abb1490f192afe845d096994cd98b126,4c3314a299fed625d1d97c771fa87c43f2619b50b9c39701821de5bd75fc6bf2,6892c89f4446e8c7528606c80fc3bb25cd264984feb3636a10944266ea089f86,src/analysis/internal_completion.py,d72550e520742f4fd2a3fe63f61d29804bdd17c303016b7e3a48452ae6cd62f9;123122d313885dc1d5736a3ef0c2b739b84988a4c4e9f17137f25ef724a13dc4,a98cff9de3cd973fac6fd4129a2a0437abb1490f192afe845d096994cd98b126,82730934288f233e80b9367b778c86f943d18fa4
PatientID_0209,PatientID_0209_T1_to_T2_t1c,2,Fixed,0.2398389989937437,0.1362596937760986,0.1727811396873424,0.3919633919633919,0.2023598819413684,0.0043187484939479,0.1519205357666717,47592,20979,0.4408093797276853,0.1653081653280588,0.0901013250431254,PASS,,shard2_attempt1,1ce4cc7063e01bf7896fcc87d293d33d187674a1b44868f4216da54e414f8597,d678f0482f8b3fde4ed293638beb75ef8b8c6be946cf36ff20f3dab48201da91,97b597af254b531e168323492230fe0d61aa34901d94b19d0fc86916ef98638c,src/models/pcc.py,123122d313885dc1d5736a3ef0c2b739b84988a4c4e9f17137f25ef724a13dc4,1ce4cc7063e01bf7896fcc87d293d33d187674a1b44868f4216da54e414f8597,82730934288f233e80b9367b778c86f943d18fa4
PatientID_0209,PatientID_0209_T1_to_T2_t1c,2,Naive,0.2398389989937437,0.1362596937760986,0.1727811396873424,0.3919633919633919,0.2301366368164575,0.0047547756096843,0.1517135287397491,47592,20979,0.4408093797276853,0.1653081653280588,0.0901013250431254,PASS,,shard2_attempt1,55571640a310a07ad9308efdca53e052351467d1c3f7fa58b36754d53d564135,d678f0482f8b3fde4ed293638beb75ef8b8c6be946cf36ff20f3dab48201da91,97b597af254b531e168323492230fe0d61aa34901d94b19d0fc86916ef98638c,src/models/naive_self_tightening.py,131759341c8cebad65044361f13f5ed778994c76eee669c99a818025b0a8c634,55571640a310a07ad9308efdca53e052351467d1c3f7fa58b36754d53d564135,82730934288f233e80b9367b778c86f943d18fa4
PatientID_0209,PatientID_0209_T1_to_T2_t1c,2,EIA-linear,0.2872479449167427,0.1677113415594644,0.2036623759614235,0.4872014872014872,0.2338723584381208,0.0040880642903343,0.194809277197264,50186,20979,0.4180249471964293,0.1795128461990678,0.0986070381467687,PASS,,shard2_attempt1,996d63d2f7ef590801341ec3f945cb2ce0e40c70c4ebdd2b479db41f7da6d3ae,d678f0482f8b3fde4ed293638beb75ef8b8c6be946cf36ff20f3dab48201da91,97b597af254b531e168323492230fe0d61aa34901d94b19d0fc86916ef98638c,src/models/eia.py,2136540541c6d42e78a879ce83728886e644dfd3ace819d36766c1d7e5018dbd,996d63d2f7ef590801341ec3f945cb2ce0e40c70c4ebdd2b479db41f7da6d3ae,82730934288f233e80b9367b778c86f943d18fa4
PatientID_0209,PatientID_0209_T1_to_T2_t1c,2,EIA-blend-0.90,0.25356492241975,0.1451900077333957,0.189076515914467,0.3848133848133848,0.2154782251863227,0.003674100891342,0.2173944109028915,42697,20979,0.4913459962058224,0.1839458506319665,0.1012887477597498,PASS,,shard2_attempt1,996d63d2f7ef590801341ec3f945cb2ce0e40c70c4ebdd2b479db41f7da6d3ae,d678f0482f8b3fde4ed293638beb75ef8b8c6be946cf36ff20f3dab48201da91,97b597af254b531e168323492230fe0d61aa34901d94b19d0fc86916ef98638c,src/models/eia.py,2136540541c6d42e78a879ce83728886e644dfd3ace819d36766c1d7e5018dbd,996d63d2f7ef590801341ec3f945cb2ce0e40c70c4ebdd2b479db41f7da6d3ae,82730934288f233e80b9367b778c86f943d18fa4
PatientID_0209,PatientID_0209_T1_to_T2_t1c,2,EIA-blend-0.75,0.2898949710557577,0.1695188109204781,0.2398140637673925,0.3664140330806997,0.2380132985609458,0.0028391406792264,0.2810540183743482,32054,20979,0.6544892993074187,0.2408122408303348,0.136888310867152,PASS,,shard2_attempt1,996d63d2f7ef590801341ec3f945cb2ce0e40c70c4ebdd2b479db41f7da6d3ae,d678f0482f8b3fde4ed293638beb75ef8b8c6be946cf36ff20f3dab48201da91,97b597af254b531e168323492230fe0d61aa34901d94b19d0fc86916ef98638c,src/models/eia.py,2136540541c6d42e78a879ce83728886e644dfd3ace819d36766c1d7e5018dbd,996d63d2f7ef590801341ec3f945cb2ce0e40c70c4ebdd2b479db41f7da6d3ae,82730934288f233e80b9367b778c86f943d18fa4
PatientID_0209,PatientID_0209_T1_to_T2_t1c,2,EIA-morph,0.236632634172042,0.134193610904745,0.1687175113710201,0.3960627293960627,0.236632634172042,0.0060045922939068,0.0682418488748902,49248,20979,0.4259868421052631,0.1709328376192637,0.0934535599110431,PASS,,shard2_attempt1,996d63d2f7ef590801341ec3f945cb2ce0e40c70c4ebdd2b479db41f7da6d3ae,d678f0482f8b3fde4ed293638beb75ef8b8c6be946cf36ff20f3dab48201da91,97b597af254b531e168323492230fe0d61aa34901d94b19d0fc86916ef98638c,src/models/eia.py,2136540541c6d42e78a879ce83728886e644dfd3ace819d36766c1d7e5018dbd,996d63d2f7ef590801341ec3f945cb2ce0e40c70c4ebdd2b479db41f7da6d3ae,82730934288f233e80b9367b778c86f943d18fa4
PatientID_0209,PatientID_0209_T1_to_T2_t1c,2,Full PCC,0.4503121481936342,0.2905824858010831,0.3946046778590902,0.524333857667191,0.2806062054885586,0.0026664475013151,0.3050420547750067,27876,20979,0.7525828669823504,0.3991133991277202,0.2493077266860411,PASS,,shard2_attempt1,1ce4cc7063e01bf7896fcc87d293d33d187674a1b44868f4216da54e414f8597,d678f0482f8b3fde4ed293638beb75ef8b8c6be946cf36ff20f3dab48201da91,97b597af254b531e168323492230fe0d61aa34901d94b19d0fc86916ef98638c,src/models/pcc.py,123122d313885dc1d5736a3ef0c2b739b84988a4c4e9f17137f25ef724a13dc4,1ce4cc7063e01bf7896fcc87d293d33d187674a1b44868f4216da54e414f8597,82730934288f233e80b9367b778c86f943d18fa4
PatientID_0209,PatientID_0209_T1_to_T2_t1c,2,No-smoothing PCC,0.7285373781148429,0.572991581171819,0.6678717571808828,0.801325134658468,0.386574923258744,0.0016828433356227,0.6130615169376854,25171,20979,0.8334591394859163,0.7085180418583222,0.5486085480346716,PASS,,shard2_attempt1,a98cff9de3cd973fac6fd4129a2a0437abb1490f192afe845d096994cd98b126,d678f0482f8b3fde4ed293638beb75ef8b8c6be946cf36ff20f3dab48201da91,97b597af254b531e168323492230fe0d61aa34901d94b19d0fc86916ef98638c,src/analysis/internal_completion.py,d72550e520742f4fd2a3fe63f61d29804bdd17c303016b7e3a48452ae6cd62f9;123122d313885dc1d5736a3ef0c2b739b84988a4c4e9f17137f25ef724a13dc4,a98cff9de3cd973fac6fd4129a2a0437abb1490f192afe845d096994cd98b126,82730934288f233e80b9367b778c86f943d18fa4
PatientID_0210,PatientID_0210_T1_to_T2_t1c,2,Fixed,0.2638739706408879,0.1519901010517632,0.2848309178743961,0.2457895614473903,0.1740027505835675,0.0016047714472642,0.1853856918760194,10350,11994,1.1588405797101449,0.264132066063693,0.1521613833260249,PASS,,shard2_attempt1,1ce4cc7063e01bf7896fcc87d293d33d187674a1b44868f4216da54e414f8597,cf77931b7ce98bd2e738635f0a13bbb914327f7b40c739344b36056b95550dab,e777b4906693984731cff8bd8208abe38d46c1de8f0360c80cacc1f82a65174c,src/models/pcc.py,123122d313885dc1d5736a3ef0c2b739b84988a4c4e9f17137f25ef724a13dc4,1ce4cc7063e01bf7896fcc87d293d33d187674a1b44868f4216da54e414f8597,82730934288f233e80b9367b778c86f943d18fa4
PatientID_0210,PatientID_0210_T1_to_T2_t1c,2,Naive,0.2638739706408879,0.1519901010517632,0.2848309178743961,0.2457895614473903,0.2364942731702654,0.0015782278828434,0.1853836307258409,10350,11994,1.1588405797101449,0.264132066063693,0.1521613833260249,PASS,,shard2_attempt1,55571640a310a07ad9308efdca53e052351467d1c3f7fa58b36754d53d564135,cf77931b7ce98bd2e738635f0a13bbb914327f7b40c739344b36056b95550dab,e777b4906693984731cff8bd8208abe38d46c1de8f0360c80cacc1f82a65174c,src/models/naive_self_tightening.py,131759341c8cebad65044361f13f5ed778994c76eee669c99a818025b0a8c634,55571640a310a07ad9308efdca53e052351467d1c3f7fa58b36754d53d564135,82730934288f233e80b9367b778c86f943d18fa4
PatientID_0210,PatientID_0210_T1_to_T2_t1c,2,EIA-linear,0.3074539660056657,0.1816517600292902,0.3277033402528779,0.2895614473903618,0.258082583664535,0.0012674878850022,0.3355581805398348,10598,11994,1.1317229665974713,0.3133233283594579,0.1857637172918554,PASS,,shard2_attempt1,996d63d2f7ef590801341ec3f945cb2ce0e40c70c4ebdd2b479db41f7da6d3ae,cf77931b7ce98bd2e738635f0a13bbb914327f7b40c739344b36056b95550dab,e777b4906693984731cff8bd8208abe38d46c1de8f0360c80cacc1f82a65174c,src/models/eia.py,2136540541c6d42e78a879ce83728886e644dfd3ace819d36766c1d7e5018dbd,996d63d2f7ef590801341ec3f945cb2ce0e40c70c4ebdd2b479db41f7da6d3ae,82730934288f233e80b9367b778c86f943d18fa4
PatientID_0210,PatientID_0210_T1_to_T2_t1c,2,EIA-blend-0.90,0.2804212541886069,0.1630755525861589,0.3292491007194245,0.244205436051359,0.2019752286794287,0.0013850015402895,0.2600285711749134,8896,11994,1.348246402877698,0.2854760713988046,0.1665045711356494,PASS,,shard2_attempt1,996d63d2f7ef590801341ec3f945cb2ce0e40c70c4ebdd2b479db41f7da6d3ae,cf77931b7ce98bd2e738635f0a13bbb914327f7b40c739344b36056b95550dab,e777b4906693984731cff8bd8208abe38d46c1de8f0360c80cacc1f82a65174c,src/models/eia.py,2136540541c6d42e78a879ce83728886e644dfd3ace819d36766c1d7e5018dbd,996d63d2f7ef590801341ec3f945cb2ce0e40c70c4ebdd2b479db41f7da6d3ae,82730934288f233e80b9367b778c86f943d18fa4
PatientID_0210,PatientID_0210_T1_to_T2_t1c,2,EIA-blend-0.75,0.3165200284168534,0.1880153216905797,0.4593180015860428,0.241454060363515,0.2472533733621005,0.0010994570463041,0.3774410915242303,6305,11994,1.9022997620935764,0.3390862097991043,0.2041564178904595,PASS,,shard2_attempt1,996d63d2f7ef590801341ec3f945cb2ce0e40c70c4ebdd2b479db41f7da6d3ae,cf77931b7ce98bd2e738635f0a13bbb914327f7b40c739344b36056b95550dab,e777b4906693984731cff8bd8208abe38d46c1de8f0360c80cacc1f82a65174c,src/models/eia.py,2136540541c6d42e78a879ce83728886e644dfd3ace819d36766c1d7e5018dbd,996d63d2f7ef590801341ec3f945cb2ce0e40c70c4ebdd2b479db41f7da6d3ae,82730934288f233e80b9367b778c86f943d18fa4
PatientID_0210,PatientID_0210_T1_to_T2_t1c,2,EIA-morph,0.2682703740967712,0.1549146992024507,0.2971029173419773,0.244538936134734,0.2682703740967712,0.0017921146953405,0.0736681282827379,9872,11994,1.2149513776337115,0.2445389361662273,0.1393018285851673,PASS,,shard2_attempt1,996d63d2f7ef590801341ec3f945cb2ce0e40c70c4ebdd2b479db41f7da6d3ae,cf77931b7ce98bd2e738635f0a13bbb914327f7b40c739344b36056b95550dab,e777b4906693984731cff8bd8208abe38d46c1de8f0360c80cacc1f82a65174c,src/models/eia.py,2136540541c6d42e78a879ce83728886e644dfd3ace819d36766c1d7e5018dbd,996d63d2f7ef590801341ec3f945cb2ce0e40c70c4ebdd2b479db41f7da6d3ae,82730934288f233e80b9367b778c86f943d18fa4
PatientID_0210,PatientID_0210_T1_to_T2_t1c,2,Full PCC,0.4681437389770723,0.3056055263725984,0.6905691056910569,0.3540937135234284,0.2580273937061823,0.0010971434370469,0.4162435902040986,6150,11994,1.9502439024390243,0.4553109888504539,0.2947590004158925,PASS,,shard2_attempt1,1ce4cc7063e01bf7896fcc87d293d33d187674a1b44868f4216da54e414f8597,cf77931b7ce98bd2e738635f0a13bbb914327f7b40c739344b36056b95550dab,e777b4906693984731cff8bd8208abe38d46c1de8f0360c80cacc1f82a65174c,src/models/pcc.py,123122d313885dc1d5736a3ef0c2b739b84988a4c4e9f17137f25ef724a13dc4,1ce4cc7063e01bf7896fcc87d293d33d187674a1b44868f4216da54e414f8597,82730934288f233e80b9367b778c86f943d18fa4
PatientID_0210,PatientID_0210_T1_to_T2_t1c,2,No-smoothing PCC,0.6476560332871012,0.4789136855923859,0.967832863538385,0.4866599966649991,0.3349855674744054,0.0008512908276641,0.5915949738994721,6031,11994,1.988724921240259,0.5555277639004699,0.3845887446242662,PASS,,shard2_attempt1,a98cff9de3cd973fac6fd4129a2a0437abb1490f192afe845d096994cd98b126,cf77931b7ce98bd2e738635f0a13bbb914327f7b40c739344b36056b95550dab,e777b4906693984731cff8bd8208abe38d46c1de8f0360c80cacc1f82a65174c,src/analysis/internal_completion.py,d72550e520742f4fd2a3fe63f61d29804bdd17c303016b7e3a48452ae6cd62f9;123122d313885dc1d5736a3ef0c2b739b84988a4c4e9f17137f25ef724a13dc4,a98cff9de3cd973fac6fd4129a2a0437abb1490f192afe845d096994cd98b126,82730934288f233e80b9367b778c86f943d18fa4
PatientID_0211,PatientID_0211_T1_to_T2_t1c,2,Fixed,0.2462137748077504,0.1403898441389346,0.2176507257992697,0.2834061304162962,0.2194788314784837,0.0038122083543286,0.1729606425588776,33687,25871,0.7679817140143081,0.2336593096665444,0.1322843950558618,PASS,,shard2_attempt1,1ce4cc7063e01bf7896fcc87d293d33d187674a1b44868f4216da54e414f8597,ea0937653a39602d3f6f156378840cf1b6976c215480f65b53dc276893871c37,09f11a696a289431cc5319296a9616e915a890c16cb85a0041e732836235a02a,src/models/pcc.py,123122d313885dc1d5736a3ef0c2b739b84988a4c4e9f17137f25ef724a13dc4,1ce4cc7063e01bf7896fcc87d293d33d187674a1b44868f4216da54e414f8597,82730934288f233e80b9367b778c86f943d18fa4
PatientID_0211,PatientID_0211_T1_to_T2_t1c,2,Naive,0.2462137748077504,0.1403898441389346,0.2176507257992697,0.2834061304162962,0.2448492213970531,0.0041663676410968,0.1729386580209686,33687,25871,0.7679817140143081,0.2336593096665444,0.1322843950558618,PASS,,shard2_attempt1,55571640a310a07ad9308efdca53e052351467d1c3f7fa58b36754d53d564135,ea0937653a39602d3f6f156378840cf1b6976c215480f65b53dc276893871c37,09f11a696a289431cc5319296a9616e915a890c16cb85a0041e732836235a02a,src/models/naive_self_tightening.py,131759341c8cebad65044361f13f5ed778994c76eee669c99a818025b0a8c634,55571640a310a07ad9308efdca53e052351467d1c3f7fa58b36754d53d564135,82730934288f233e80b9367b778c86f943d18fa4
PatientID_0211,PatientID_0211_T1_to_T2_t1c,2,EIA-linear,0.3158266226057942,0.1875261934697298,0.2699426879096169,0.3805032662054037,0.2879223421277563,0.0032737811761885,0.267902316369405,36467,25871,0.709435928373598,0.276023346618298,0.1601085177650701,PASS,,shard2_attempt1,996d63d2f7ef590801341ec3f945cb2ce0e40c70c4ebdd2b479db41f7da6d3ae,ea0937653a39602d3f6f156378840cf1b6976c215480f65b53dc276893871c37,09f11a696a289431cc5319296a9616e915a890c16cb85a0041e732836235a02a,src/models/eia.py,2136540541c6d42e78a879ce83728886e644dfd3ace819d36766c1d7e5018dbd,996d63d2f7ef590801341ec3f945cb2ce0e40c70c4ebdd2b479db41f7da6d3ae,82730934288f233e80b9367b778c86f943d18fa4
PatientID_0211,PatientID_0211_T1_to_T2_t1c,2,EIA-blend-0.90,0.2677370905449864,0.1545591544352924,0.2490933892271351,0.2893973947663407,0.245646919176457,0.0032421011984452,0.2507628690104691,30057,25871,0.8607312772399108,0.2646979243310135,0.152537087380217,PASS,,shard2_attempt1,996d63d2f7ef590801341ec3f945cb2ce0e40c70c4ebdd2b479db41f7da6d3ae,ea0937653a39602d3f6f156378840cf1b6976c215480f65b53dc276893871c37,09f11a696a289431cc5319296a9616e915a890c16cb85a0041e732836235a02a,src/models/eia.py,2136540541c6d42e78a879ce83728886e644dfd3ace819d36766c1d7e5018dbd,996d63d2f7ef590801341ec3f945cb2ce0e40c70c4ebdd2b479db41f7da6d3ae,82730934288f233e80b9367b778c86f943d18fa4
PatientID_0211,PatientID_0211_T1_to_T2_t1c,2,EIA-blend-0.75,0.3298599074206244,0.1975043344484872,0.3491022099447514,0.3126280391171582,0.2885490552863398,0.0025011500433798,0.3605055869033299,23168,25871,1.116669544198895,0.3454833597590838,0.2088122605548824,PASS,,shard2_attempt1,996d63d2f7ef590801341ec3f945cb2ce0e40c70c4ebdd2b479db41f7da6d3ae,ea0937653a39602d3f6f156378840cf1b6976c215480f65b53dc276893871c37,09f11a696a289431cc5319296a9616e915a890c16cb85a0041e732836235a02a,src/models/eia.py,2136540541c6d42e78a879ce83728886e644dfd3ace819d36766c1d7e5018dbd,996d63d2f7ef590801341ec3f945cb2ce0e40c70c4ebdd2b479db41f7da6d3ae,82730934288f233e80b9367b778c86f943d18fa4
PatientID_0211,PatientID_0211_T1_to_T2_t1c,2,EIA-morph,0.2451293067834421,0.1396851105503032,0.2140919062463918,0.2866916624792238,0.2451293067834421,0.0051165994623655,0.0634453448118625,34644,25871,0.74676711696109,0.2159174365270782,0.121024352215941,PASS,,shard2_attempt1,996d63d2f7ef590801341ec3f945cb2ce0e40c70c4ebdd2b479db41f7da6d3ae,ea0937653a39602d3f6f156378840cf1b6976c215480f65b53dc276893871c37,09f11a696a289431cc5319296a9616e915a890c16cb85a0041e732836235a02a,src/models/eia.py,2136540541c6d42e78a879ce83728886e644dfd3ace819d36766c1d7e5018dbd,996d63d2f7ef590801341ec3f945cb2ce0e40c70c4ebdd2b479db41f7da6d3ae,82730934288f233e80b9367b778c86f943d18fa4
PatientID_0211,PatientID_0211_T1_to_T2_t1c,2,Full PCC,0.5423769221599714,0.3720968269545306,0.5579855291664964,0.5276177959877856,0.3441804517951349,0.0023099786190487,0.4282182396652794,24463,25871,1.057556309528676,0.5476402149211929,0.3770692500298858,PASS,,shard2_attempt1,1ce4cc7063e01bf7896fcc87d293d33d187674a1b44868f4216da54e414f8597,ea0937653a39602d3f6f156378840cf1b6976c215480f65b53dc276893871c37,09f11a696a289431cc5319296a9616e915a890c16cb85a0041e732836235a02a,src/models/pcc.py,123122d313885dc1d5736a3ef0c2b739b84988a4c4e9f17137f25ef724a13dc4,1ce4cc7063e01bf7896fcc87d293d33d187674a1b44868f4216da54e414f8597,82730934288f233e80b9367b778c86f943d18fa4
PatientID_0211,PatientID_0211_T1_to_T2_t1c,2,No-smoothing PCC,0.7473793677204659,0.5966526085079534,0.8089963528299338,0.6944841714661204,0.4271710526099028,0.0015953440370401,0.6870016805726736,22209,25871,1.1648881084245126,0.7297746511590241,0.5745237660649223,PASS,,shard2_attempt1,a98cff9de3cd973fac6fd4129a2a0437abb1490f192afe845d096994cd98b126,ea0937653a39602d3f6f156378840cf1b6976c215480f65b53dc276893871c37,09f11a696a289431cc5319296a9616e915a890c16cb85a0041e732836235a02a,src/analysis/internal_completion.py,d72550e520742f4fd2a3fe63f61d29804bdd17c303016b7e3a48452ae6cd62f9;123122d313885dc1d5736a3ef0c2b739b84988a4c4e9f17137f25ef724a13dc4,a98cff9de3cd973fac6fd4129a2a0437abb1490f192afe845d096994cd98b126,82730934288f233e80b9367b778c86f943d18fa4
PatientID_0212,PatientID_0212_T1_to_T2_t1c,2,Fixed,0.2427555178435764,0.1381455570403476,0.2736027400306919,0.2181592480936336,0.2486009304677758,0.0066394543662973,0.2027521434239123,44963,56390,1.2541422947757044,0.281450611816976,0.1637721986692281,PASS,,shard2_attempt1,1ce4cc7063e01bf7896fcc87d293d33d187674a1b44868f4216da54e414f8597,f09aa610df97374d7d6a6ebb33963c0806b7a8f691bdcb68e3162be0b787fefb,1544fb9f35f2b62523617e31cdd877d4e1ca72263772fd40aa349831f639f6ea,src/models/pcc.py,123122d313885dc1d5736a3ef0c2b739b84988a4c4e9f17137f25ef724a13dc4,1ce4cc7063e01bf7896fcc87d293d33d187674a1b44868f4216da54e414f8597,82730934288f233e80b9367b778c86f943d18fa4
PatientID_0212,PatientID_0212_T1_to_T2_t1c,2,Naive,0.2427555178435764,0.1381455570403476,0.2736027400306919,0.2181592480936336,0.2509034863749637,0.0073791718369849,0.20274800649641,44963,56390,1.2541422947757044,0.281450611816976,0.1637721986692281,PASS,,shard2_attempt1,55571640a310a07ad9308efdca53e052351467d1c3f7fa58b36754d53d564135,f09aa610df97374d7d6a6ebb33963c0806b7a8f691bdcb68e3162be0b787fefb,1544fb9f35f2b62523617e31cdd877d4e1ca72263772fd40aa349831f639f6ea,src/models/naive_self_tightening.py,131759341c8cebad65044361f13f5ed778994c76eee669c99a818025b0a8c634,55571640a310a07ad9308efdca53e052351467d1c3f7fa58b36754d53d564135,82730934288f233e80b9367b778c86f943d18fa4
PatientID_0212,PatientID_0212_T1_to_T2_t1c,2,EIA-linear,0.3475989328590484,0.210359905819038,0.3638726193708545,0.3327185671218301,0.3594736631267058,0.0051575903313041,0.3525951118177663,51562,56390,1.093634847368217,0.3706153573384411,0.2274572545006317,PASS,,shard2_attempt1,996d63d2f7ef590801341ec3f945cb2ce0e40c70c4ebdd2b479db41f7da6d3ae,f09aa610df97374d7d6a6ebb33963c0806b7a8f691bdcb68e3162be0b787fefb,1544fb9f35f2b62523617e31cdd877d4e1ca72263772fd40aa349831f639f6ea,src/models/eia.py,2136540541c6d42e78a879ce83728886e644dfd3ace819d36766c1d7e5018dbd,996d63d2f7ef590801341ec3f945cb2ce0e40c70c4ebdd2b479db41f7da6d3ae,82730934288f233e80b9367b778c86f943d18fa4
PatientID_0212,PatientID_0212_T1_to_T2_t1c,2,EIA-blend-0.90,0.2599901936749203,0.1494188094399436,0.3066062737917409,0.2256783117574038,0.2890730283471781,0.0056617914890219,0.2999858653492147,41506,56390,1.358598756806245,0.3346338003251052,0.200937067413471,PASS,,shard2_attempt1,996d63d2f7ef590801341ec3f945cb2ce0e40c70c4ebdd2b479db41f7da6d3ae,f09aa610df97374d7d6a6ebb33963c0806b7a8f691bdcb68e3162be0b787fefb,1544fb9f35f2b62523617e31cdd877d4e1ca72263772fd40aa349831f639f6ea,src/models/eia.py,2136540541c6d42e78a879ce83728886e644dfd3ace819d36766c1d7e5018dbd,996d63d2f7ef590801341ec3f945cb2ce0e40c70c4ebdd2b479db41f7da6d3ae,82730934288f233e80b9367b778c86f943d18fa4
PatientID_0212,PatientID_0212_T1_to_T2_t1c,2,EIA-blend-0.75,0.3184984945385816,0.1894131486080251,0.4186987172079047,0.2569959212626352,0.3508055618840701,0.0043856889795129,0.4354160483972324,34612,56390,1.6292037443661158,0.4121298102552569,0.25954880501162,PASS,,shard2_attempt1,996d63d2f7ef590801341ec3f945cb2ce0e40c70c4ebdd2b479db41f7da6d3ae,f09aa610df97374d7d6a6ebb33963c0806b7a8f691bdcb68e3162be0b787fefb,1544fb9f35f2b62523617e31cdd877d4e1ca72263772fd40aa349831f639f6ea,src/models/eia.py,2136540541c6d42e78a879ce83728886e644dfd3ace819d36766c1d7e5018dbd,996d63d2f7ef590801341ec3f945cb2ce0e40c70c4ebdd2b479db41f7da6d3ae,82730934288f233e80b9367b778c86f943d18fa4
PatientID_0212,PatientID_0212_T1_to_T2_t1c,2,EIA-morph,0.2420972987845021,0.1377193963107881,0.2714691817801186,0.2184607199858131,0.2420972987845021,0.0086392249103942,0.0642416208267912,45379,56390,1.242645276449459,0.2184607199927428,0.1226247001411231,PASS,,shard2_attempt1,996d63d2f7ef590801341ec3f945cb2ce0e40c70c4ebdd2b479db41f7da6d3ae,f09aa610df97374d7d6a6ebb33963c0806b7a8f691bdcb68e3162be0b787fefb,1544fb9f35f2b62523617e31cdd877d4e1ca72263772fd40aa349831f639f6ea,src/models/eia.py,2136540541c6d42e78a879ce83728886e644dfd3ace819d36766c1d7e5018dbd,996d63d2f7ef590801341ec3f945cb2ce0e40c70c4ebdd2b479db41f7da6d3ae,82730934288f233e80b9367b778c86f943d18fa4
PatientID_0212,PatientID_0212_T1_to_T2_t1c,2,Full PCC,0.5441970768603934,0.3738123259752562,0.6622339749294414,0.4618726724596559,0.3999960105248597,0.0043120747640988,0.4558840913073834,39329,56390,1.4338020290370974,0.5539634687040791,0.3830909224769678,PASS,,shard2_attempt1,1ce4cc7063e01bf7896fcc87d293d33d187674a1b44868f4216da54e414f8597,f09aa610df97374d7d6a6ebb33963c0806b7a8f691bdcb68e3162be0b787fefb,1544fb9f35f2b62523617e31cdd877d4e1ca72263772fd40aa349831f639f6ea,src/models/pcc.py,123122d313885dc1d5736a3ef0c2b739b84988a4c4e9f17137f25ef724a13dc4,1ce4cc7063e01bf7896fcc87d293d33d187674a1b44868f4216da54e414f8597,82730934288f233e80b9367b778c86f943d18fa4
PatientID_0212,PatientID_0212_T1_to_T2_t1c,2,No-smoothing PCC,0.6855819827404757,0.5215859595183192,0.8431788765208387,0.5776201454158538,0.4740851925358608,0.0033150788169575,0.6308897068141606,38630,56390,1.4597463111571318,0.6539280014217598,0.4858046242080785,PASS,,shard2_attempt1,a98cff9de3cd973fac6fd4129a2a0437abb1490f192afe845d096994cd98b126,f09aa610df97374d7d6a6ebb33963c0806b7a8f691bdcb68e3162be0b787fefb,1544fb9f35f2b62523617e31cdd877d4e1ca72263772fd40aa349831f639f6ea,src/analysis/internal_completion.py,d72550e520742f4fd2a3fe63f61d29804bdd17c303016b7e3a48452ae6cd62f9;123122d313885dc1d5736a3ef0c2b739b84988a4c4e9f17137f25ef724a13dc4,a98cff9de3cd973fac6fd4129a2a0437abb1490f192afe845d096994cd98b126,82730934288f233e80b9367b778c86f943d18fa4
PatientID_0213,PatientID_0213_T1_to_T2_t1c,2,Fixed,0.4203805603393959,0.266127745572515,0.3475241336203903,0.5318877551020408,0.2389889279910157,0.0013189268129965,0.440722651267325,14399,9408,0.6533787068546427,0.4490858843830205,0.2895620588520621,PASS,,shard2_attempt1,1ce4cc7063e01bf7896fcc87d293d33d187674a1b44868f4216da54e414f8597,f0975e1a43ef6aca8110bbe4193cc69ae18de7f7bc45165923833d819286a6eb,652ec7507bca34c3dc00a8d93cfabf1ae6d95bfb0c75c327c79b327d206c75ac,src/models/pcc.py,123122d313885dc1d5736a3ef0c2b739b84988a4c4e9f17137f25ef724a13dc4,1ce4cc7063e01bf7896fcc87d293d33d187674a1b44868f4216da54e414f8597,82730934288f233e80b9367b778c86f943d18fa4
PatientID_0213,PatientID_0213_T1_to_T2_t1c,2,Naive,0.4203805603393959,0.266127745572515,0.3475241336203903,0.5318877551020408,0.3579988589084645,0.0011479629617041,0.4407047558459188,14399,9408,0.6533787068546427,0.4490858843830205,0.2895620588520621,PASS,,shard2_attempt1,55571640a310a07ad9308efdca53e052351467d1c3f7fa58b36754d53d564135,f0975e1a43ef6aca8110bbe4193cc69ae18de7f7bc45165923833d819286a6eb,652ec7507bca34c3dc00a8d93cfabf1ae6d95bfb0c75c327c79b327d206c75ac,src/models/naive_self_tightening.py,131759341c8cebad65044361f13f5ed778994c76eee669c99a818025b0a8c634,55571640a310a07ad9308efdca53e052351467d1c3f7fa58b36754d53d564135,82730934288f233e80b9367b778c86f943d18fa4
PatientID_0213,PatientID_0213_T1_to_T2_t1c,2,EIA-linear,0.5154542749032779,0.3472134715619451,0.4295330546304825,0.6443452380952381,0.2769706303986403,0.0011433194951929,0.5513860114239425,14113,9408,0.6666194288953448,0.522002551045812,0.3531823085686312,PASS,,shard2_attempt1,996d63d2f7ef590801341ec3f945cb2ce0e40c70c4ebdd2b479db41f7da6d3ae,f0975e1a43ef6aca8110bbe4193cc69ae18de7f7bc45165923833d819286a6eb,652ec7507bca34c3dc00a8d93cfabf1ae6d95bfb0c75c327c79b327d206c75ac,src/models/eia.py,2136540541c6d42e78a879ce83728886e644dfd3ace819d36766c1d7e5018dbd,996d63d2f7ef590801341ec3f945cb2ce0e40c70c4ebdd2b479db41f7da6d3ae,82730934288f233e80b9367b778c86f943d18fa4
PatientID_0213,PatientID_0213_T1_to_T2_t1c,2,EIA-blend-0.90,0.4731202832386099,0.3098608738101049,0.421131199203848,0.5397534013605442,0.2524810302535842,0.0011347647624209,0.5153781043778312,12058,9408,0.780228893680544,0.499255952407565,0.3326722856198971,PASS,,shard2_attempt1,996d63d2f7ef590801341ec3f945cb2ce0e40c70c4ebdd2b479db41f7da6d3ae,f0975e1a43ef6aca8110bbe4193cc69ae18de7f7bc45165923833d819286a6eb,652ec7507bca34c3dc00a8d93cfabf1ae6d95bfb0c75c327c79b327d206c75ac,src/models/eia.py,2136540541c6d42e78a879ce83728886e644dfd3ace819d36766c1d7e5018dbd,996d63d2f7ef590801341ec3f945cb2ce0e40c70c4ebdd2b479db41f7da6d3ae,82730934288f233e80b9367b778c86f943d18fa4
PatientID_0213,PatientID_0213_T1_to_T2_t1c,2,EIA-blend-0.75,0.5791860269831496,0.4076438140267927,0.6118273211117682,0.5498511904761905,0.2756682169631756,0.0008975419551929,0.6373218718134391,8455,9408,1.1127143701951507,0.581526360566458,0.4099662795496466,PASS,,shard2_attempt1,996d63d2f7ef590801341ec3f945cb2ce0e40c70c4ebdd2b479db41f7da6d3ae,f0975e1a43ef6aca8110bbe4193cc69ae18de7f7bc45165923833d819286a6eb,652ec7507bca34c3dc00a8d93cfabf1ae6d95bfb0c75c327c79b327d206c75ac,src/models/eia.py,2136540541c6d42e78a879ce83728886e644dfd3ace819d36766c1d7e5018dbd,996d63d2f7ef590801341ec3f945cb2ce0e40c70c4ebdd2b479db41f7da6d3ae,82730934288f233e80b9367b778c86f943d18fa4
PatientID_0213,PatientID_0213_T1_to_T2_t1c,2,EIA-morph,0.4524557780371734,0.2923701769654772,0.3916524172236903,0.5356079931972789,0.4524557780371734,0.0013660394265232,0.2102615245390405,12866,9408,0.7312295973884657,0.3858418367673341,0.2390359542184225,PASS,,shard2_attempt1,996d63d2f7ef590801341ec3f945cb2ce0e40c70c4ebdd2b479db41f7da6d3ae,f0975e1a43ef6aca8110bbe4193cc69ae18de7f7bc45165923833d819286a6eb,652ec7507bca34c3dc00a8d93cfabf1ae6d95bfb0c75c327c79b327d206c75ac,src/models/eia.py,2136540541c6d42e78a879ce83728886e644dfd3ace819d36766c1d7e5018dbd,996d63d2f7ef590801341ec3f945cb2ce0e40c70c4ebdd2b479db41f7da6d3ae,82730934288f233e80b9367b778c86f943d18fa4
PatientID_0213,PatientID_0213_T1_to_T2_t1c,2,Full PCC,0.6833543298460865,0.5190115650220484,0.7049384111199005,0.6630527210884354,0.3242925693350119,0.0007286705200951,0.7267685235281164,8849,9408,1.0631709797717257,0.6875000000166082,0.523809523848088,PASS,,shard2_attempt1,1ce4cc7063e01bf7896fcc87d293d33d187674a1b44868f4216da54e414f8597,f0975e1a43ef6aca8110bbe4193cc69ae18de7f7bc45165923833d819286a6eb,652ec7507bca34c3dc00a8d93cfabf1ae6d95bfb0c75c327c79b327d206c75ac,src/models/pcc.py,123122d313885dc1d5736a3ef0c2b739b84988a4c4e9f17137f25ef724a13dc4,1ce4cc7063e01bf7896fcc87d293d33d187674a1b44868f4216da54e414f8597,82730934288f233e80b9367b778c86f943d18fa4
PatientID_0213,PatientID_0213_T1_to_T2_t1c,2,No-smoothing PCC,0.961013750337018,0.924953290429728,0.9752654043996936,0.9471726190476192,0.4168534441151109,0.0004198678423672,0.9573163052197566,9137,9408,1.0296596256977126,0.9545068027235062,0.9129727531605356,PASS,,shard2_attempt1,a98cff9de3cd973fac6fd4129a2a0437abb1490f192afe845d096994cd98b126,f0975e1a43ef6aca8110bbe4193cc69ae18de7f7bc45165923833d819286a6eb,652ec7507bca34c3dc00a8d93cfabf1ae6d95bfb0c75c327c79b327d206c75ac,src/analysis/internal_completion.py,d72550e520742f4fd2a3fe63f61d29804bdd17c303016b7e3a48452ae6cd62f9;123122d313885dc1d5736a3ef0c2b739b84988a4c4e9f17137f25ef724a13dc4,a98cff9de3cd973fac6fd4129a2a0437abb1490f192afe845d096994cd98b126,82730934288f233e80b9367b778c86f943d18fa4
PatientID_0214,PatientID_0214_T1_to_T2_t1c,3,Fixed,0.3164028842229377,0.1879326599326599,0.1905763452608576,0.9312600106780566,0.2189328160086923,0.0024680978098992,0.3756968480603924,36610,7492,0.2046435400163889,0.3986919381074018,0.248978911457116,PASS,,shard3_attempt1,1ce4cc7063e01bf7896fcc87d293d33d187674a1b44868f4216da54e414f8597,024bc15b44d9d3815711709cba266231822d62bd703e80b8cb5bc104d7795308,b169421ec024932043855853aed0d40ba55d9236b333ff6c86517534d527948a,src/models/pcc.py,123122d313885dc1d5736a3ef0c2b739b84988a4c4e9f17137f25ef724a13dc4,1ce4cc7063e01bf7896fcc87d293d33d187674a1b44868f4216da54e414f8597,82730934288f233e80b9367b778c86f943d18fa4
PatientID_0214,PatientID_0214_T1_to_T2_t1c,3,Naive,0.3164028842229377,0.1879326599326599,0.1905763452608576,0.9312600106780566,0.2905487910006266,0.0027482485204612,0.3757684212451346,36610,7492,0.2046435400163889,0.3986919381074018,0.248978911457116,PASS,,shard3_attempt1,55571640a310a07ad9308efdca53e052351467d1c3f7fa58b36754d53d564135,024bc15b44d9d3815711709cba266231822d62bd703e80b8cb5bc104d7795308,b169421ec024932043855853aed0d40ba55d9236b333ff6c86517534d527948a,src/models/naive_self_tightening.py,131759341c8cebad65044361f13f5ed778994c76eee669c99a818025b0a8c634,55571640a310a07ad9308efdca53e052351467d1c3f7fa58b36754d53d564135,82730934288f233e80b9367b778c86f943d18fa4
PatientID_0214,PatientID_0214_T1_to_T2_t1c,3,EIA-linear,0.3247426210422992,0.1938464054068785,0.1958694754233787,0.9494127068873464,0.2282349457994976,0.0024167089143529,0.4180499440206544,36315,7492,0.206305934186975,0.4168446343154802,0.2632998904592109,PASS,,shard3_attempt1,996d63d2f7ef590801341ec3f945cb2ce0e40c70c4ebdd2b479db41f7da6d3ae,024bc15b44d9d3815711709cba266231822d62bd703e80b8cb5bc104d7795308,b169421ec024932043855853aed0d40ba55d9236b333ff6c86517534d527948a,src/models/eia.py,2136540541c6d42e78a879ce83728886e644dfd3ace819d36766c1d7e5018dbd,996d63d2f7ef590801341ec3f945cb2ce0e40c70c4ebdd2b479db41f7da6d3ae,82730934288f233e80b9367b778c86f943d18fa4
PatientID_0214,PatientID_0214_T1_to_T2_t1c,3,EIA-blend-0.90,0.3413346370080665,0.2057887290733317,0.2089293195283978,0.9319273892151628,0.2268110057578236,0.0020419768131272,0.5726407186546107,33418,7492,0.224190555987791,0.4603577149319035,0.2990030343043777,PASS,,shard3_attempt1,996d63d2f7ef590801341ec3f945cb2ce0e40c70c4ebdd2b479db41f7da6d3ae,024bc15b44d9d3815711709cba266231822d62bd703e80b8cb5bc104d7795308,b169421ec024932043855853aed0d40ba55d9236b333ff6c86517534d527948a,src/models/eia.py,2136540541c6d42e78a879ce83728886e644dfd3ace819d36766c1d7e5018dbd,996d63d2f7ef590801341ec3f945cb2ce0e40c70c4ebdd2b479db41f7da6d3ae,82730934288f233e80b9367b778c86f943d18fa4
PatientID_0214,PatientID_0214_T1_to_T2_t1c,3,EIA-blend-0.75,0.4134538450140761,0.2605999477006985,0.2657220127223555,0.9311265349706354,0.2411358049759757,0.0014926447440579,0.7355674429564754,26253,7492,0.2853769093056031,0.6230646022675478,0.4525009694210449,PASS,,shard3_attempt1,996d63d2f7ef590801341ec3f945cb2ce0e40c70c4ebdd2b479db41f7da6d3ae,024bc15b44d9d3815711709cba266231822d62bd703e80b8cb5bc104d7795308,b169421ec024932043855853aed0d40ba55d9236b333ff6c86517534d527948a,src/models/eia.py,2136540541c6d42e78a879ce83728886e644dfd3ace819d36766c1d7e5018dbd,996d63d2f7ef590801341ec3f945cb2ce0e40c70c4ebdd2b479db41f7da6d3ae,82730934288f233e80b9367b778c86f943d18fa4
PatientID_0214,PatientID_0214_T1_to_T2_t1c,3,EIA-morph,0.3144102840704782,0.1865283592437535,0.1890336179872446,0.933662573411639,0.3144102840704782,0.0034168906810035,0.1765492817940075,37004,7492,0.2024645984217922,0.1942071543516946,0.1075467514888353,PASS,,shard3_attempt1,996d63d2f7ef590801341ec3f945cb2ce0e40c70c4ebdd2b479db41f7da6d3ae,024bc15b44d9d3815711709cba266231822d62bd703e80b8cb5bc104d7795308,b169421ec024932043855853aed0d40ba55d9236b333ff6c86517534d527948a,src/models/eia.py,2136540541c6d42e78a879ce83728886e644dfd3ace819d36766c1d7e5018dbd,996d63d2f7ef590801341ec3f945cb2ce0e40c70c4ebdd2b479db41f7da6d3ae,82730934288f233e80b9367b778c86f943d18fa4
PatientID_0214,PatientID_0214_T1_to_T2_t1c,3,Full PCC,0.521152348819102,0.3524043524043524,0.3607988089737666,0.9380672717565404,0.282966846363211,0.0012798553131153,0.588312496019719,19479,7492,0.3846193336413573,0.5480512547018118,0.3774590918020354,PASS,,shard3_attempt1,1ce4cc7063e01bf7896fcc87d293d33d187674a1b44868f4216da54e414f8597,024bc15b44d9d3815711709cba266231822d62bd703e80b8cb5bc104d7795308,b169421ec024932043855853aed0d40ba55d9236b333ff6c86517534d527948a,src/models/pcc.py,123122d313885dc1d5736a3ef0c2b739b84988a4c4e9f17137f25ef724a13dc4,1ce4cc7063e01bf7896fcc87d293d33d187674a1b44868f4216da54e414f8597,82730934288f233e80b9367b778c86f943d18fa4
PatientID_0214,PatientID_0214_T1_to_T2_t1c,3,No-smoothing PCC,0.7637373945256225,0.6177792575328783,0.6213998660415271,0.9906567004805126,0.3400853398694823,0.0007923852966387,0.9360737867713108,11944,7492,0.6272605492297387,0.8752002135694608,0.7780942209827822,PASS,,shard3_attempt1,a98cff9de3cd973fac6fd4129a2a0437abb1490f192afe845d096994cd98b126,024bc15b44d9d3815711709cba266231822d62bd703e80b8cb5bc104d7795308,b169421ec024932043855853aed0d40ba55d9236b333ff6c86517534d527948a,src/analysis/internal_completion.py,d72550e520742f4fd2a3fe63f61d29804bdd17c303016b7e3a48452ae6cd62f9;123122d313885dc1d5736a3ef0c2b739b84988a4c4e9f17137f25ef724a13dc4,a98cff9de3cd973fac6fd4129a2a0437abb1490f192afe845d096994cd98b126,82730934288f233e80b9367b778c86f943d18fa4
PatientID_0215,PatientID_0215_T1_to_T2_t1c,3,Fixed,0.2433324413522433,0.1385193459937036,0.1406765676567656,0.9003300330033003,0.1600688588164609,0.0021584151863723,0.1784459939655409,29088,4545,0.15625,0.2008800880967128,0.1116546411750452,PASS,,shard3_attempt1,1ce4cc7063e01bf7896fcc87d293d33d187674a1b44868f4216da54e414f8597,a30279bf4cd19a13062f39db7442be238679715545b2b613b584fec6ae6be4a7,99715fa72a8fe65e3d87eb7d2dd863aacd0f65c0b30fbc82eaf5254d0b2ddfa2,src/models/pcc.py,123122d313885dc1d5736a3ef0c2b739b84988a4c4e9f17137f25ef724a13dc4,1ce4cc7063e01bf7896fcc87d293d33d187674a1b44868f4216da54e414f8597,82730934288f233e80b9367b778c86f943d18fa4
PatientID_0215,PatientID_0215_T1_to_T2_t1c,3,Naive,0.2433324413522433,0.1385193459937036,0.1406765676567656,0.9003300330033003,0.2202466280798529,0.0023543527684506,0.1785235859912293,29088,4545,0.15625,0.2008800880967128,0.1116546411750452,PASS,,shard3_attempt1,55571640a310a07ad9308efdca53e052351467d1c3f7fa58b36754d53d564135,a30279bf4cd19a13062f39db7442be238679715545b2b613b584fec6ae6be4a7,99715fa72a8fe65e3d87eb7d2dd863aacd0f65c0b30fbc82eaf5254d0b2ddfa2,src/models/naive_self_tightening.py,131759341c8cebad65044361f13f5ed778994c76eee669c99a818025b0a8c634,55571640a310a07ad9308efdca53e052351467d1c3f7fa58b36754d53d564135,82730934288f233e80b9367b778c86f943d18fa4
PatientID_0215,PatientID_0215_T1_to_T2_t1c,3,EIA-linear,0.2466400827056565,0.1406671159029649,0.1424428522688502,0.9185918591859186,0.166390513005022,0.0021373631267552,0.1951139459663344,29310,4545,0.1550665301944728,0.2121012102076896,0.1186315531480886,PASS,,shard3_attempt1,996d63d2f7ef590801341ec3f945cb2ce0e40c70c4ebdd2b479db41f7da6d3ae,a30279bf4cd19a13062f39db7442be238679715545b2b613b584fec6ae6be4a7,99715fa72a8fe65e3d87eb7d2dd863aacd0f65c0b30fbc82eaf5254d0b2ddfa2,src/models/eia.py,2136540541c6d42e78a879ce83728886e644dfd3ace819d36766c1d7e5018dbd,996d63d2f7ef590801341ec3f945cb2ce0e40c70c4ebdd2b479db41f7da6d3ae,82730934288f233e80b9367b778c86f943d18fa4
PatientID_0215,PatientID_0215_T1_to_T2_t1c,3,EIA-blend-0.90,0.2604089756348111,0.1496955157778187,0.1524468165075546,0.8924092409240925,0.1647119947257335,0.0017840347144177,0.3680854501010182,26606,4545,0.1708261294444862,0.2776677668561421,0.1612161472711783,PASS,,shard3_attempt1,996d63d2f7ef590801341ec3f945cb2ce0e40c70c4ebdd2b479db41f7da6d3ae,a30279bf4cd19a13062f39db7442be238679715545b2b613b584fec6ae6be4a7,99715fa72a8fe65e3d87eb7d2dd863aacd0f65c0b30fbc82eaf5254d0b2ddfa2,src/models/eia.py,2136540541c6d42e78a879ce83728886e644dfd3ace819d36766c1d7e5018dbd,996d63d2f7ef590801341ec3f945cb2ce0e40c70c4ebdd2b479db41f7da6d3ae,82730934288f233e80b9367b778c86f943d18fa4
PatientID_0215,PatientID_0215_T1_to_T2_t1c,3,EIA-blend-0.75,0.3116770480170306,0.1846074814365105,0.1898563949858316,0.8697469746974698,0.1732930051076997,0.0013009872591947,0.5150623505052349,20821,4545,0.2182892272225157,0.4275027503380085,0.2718623199563645,PASS,,shard3_attempt1,996d63d2f7ef590801341ec3f945cb2ce0e40c70c4ebdd2b479db41f7da6d3ae,a30279bf4cd19a13062f39db7442be238679715545b2b613b584fec6ae6be4a7,99715fa72a8fe65e3d87eb7d2dd863aacd0f65c0b30fbc82eaf5254d0b2ddfa2,src/models/eia.py,2136540541c6d42e78a879ce83728886e644dfd3ace819d36766c1d7e5018dbd,996d63d2f7ef590801341ec3f945cb2ce0e40c70c4ebdd2b479db41f7da6d3ae,82730934288f233e80b9367b778c86f943d18fa4
PatientID_0215,PatientID_0215_T1_to_T2_t1c,3,EIA-morph,0.2317324815558131,0.1310505786815013,0.1329462895692786,0.901870187018702,0.2317324815558131,0.0030442428315412,0.1199502502344204,30832,4545,0.1474117799688635,0.1042904291414422,0.0550139276862797,PASS,,shard3_attempt1,996d63d2f7ef590801341ec3f945cb2ce0e40c70c4ebdd2b479db41f7da6d3ae,a30279bf4cd19a13062f39db7442be238679715545b2b613b584fec6ae6be4a7,99715fa72a8fe65e3d87eb7d2dd863aacd0f65c0b30fbc82eaf5254d0b2ddfa2,src/models/eia.py,2136540541c6d42e78a879ce83728886e644dfd3ace819d36766c1d7e5018dbd,996d63d2f7ef590801341ec3f945cb2ce0e40c70c4ebdd2b479db41f7da6d3ae,82730934288f233e80b9367b778c86f943d18fa4
PatientID_0215,PatientID_0215_T1_to_T2_t1c,3,Full PCC,0.3840692472281657,0.2376767980740295,0.2465197577876272,0.8688668866886688,0.2026845934218982,0.0012176466533992,0.3319217214050614,16019,4545,0.2837255758786441,0.319251925267409,0.1899463281594519,PASS,,shard3_attempt1,1ce4cc7063e01bf7896fcc87d293d33d187674a1b44868f4216da54e414f8597,a30279bf4cd19a13062f39db7442be238679715545b2b613b584fec6ae6be4a7,99715fa72a8fe65e3d87eb7d2dd863aacd0f65c0b30fbc82eaf5254d0b2ddfa2,src/models/pcc.py,123122d313885dc1d5736a3ef0c2b739b84988a4c4e9f17137f25ef724a13dc4,1ce4cc7063e01bf7896fcc87d293d33d187674a1b44868f4216da54e414f8597,82730934288f233e80b9367b778c86f943d18fa4
PatientID_0215,PatientID_0215_T1_to_T2_t1c,3,No-smoothing PCC,0.589526914631712,0.4179639588640438,0.4225486455551316,0.9746974697469748,0.2571796621868182,0.0008009750602174,0.7199202669277401,10484,4545,0.4335177413201068,0.6457645764966156,0.4768480910679369,PASS,,shard3_attempt1,a98cff9de3cd973fac6fd4129a2a0437abb1490f192afe845d096994cd98b126,a30279bf4cd19a13062f39db7442be238679715545b2b613b584fec6ae6be4a7,99715fa72a8fe65e3d87eb7d2dd863aacd0f65c0b30fbc82eaf5254d0b2ddfa2,src/analysis/internal_completion.py,d72550e520742f4fd2a3fe63f61d29804bdd17c303016b7e3a48452ae6cd62f9;123122d313885dc1d5736a3ef0c2b739b84988a4c4e9f17137f25ef724a13dc4,a98cff9de3cd973fac6fd4129a2a0437abb1490f192afe845d096994cd98b126,82730934288f233e80b9367b778c86f943d18fa4
PatientID_0220,PatientID_0220_T1_to_T6_t1c,3,Fixed,0.3848311324062171,0.2382606179002966,0.2531713692627046,0.8018018018018018,0.1931349847301489,0.001101645864167,0.5926677794386987,13007,4107,0.3157530560467441,0.5400535671365896,0.3699132756220958,PASS,,shard3_attempt1,1ce4cc7063e01bf7896fcc87d293d33d187674a1b44868f4216da54e414f8597,13a0e43b66e58ddd0eeba32badecd72941dc964e92229c0ffbe682e4ccc20763,edfdd879490e13043b84157494f82e2ed6839c790cf36836383f80b211ec024d,src/models/pcc.py,123122d313885dc1d5736a3ef0c2b739b84988a4c4e9f17137f25ef724a13dc4,1ce4cc7063e01bf7896fcc87d293d33d187674a1b44868f4216da54e414f8597,82730934288f233e80b9367b778c86f943d18fa4
PatientID_0220,PatientID_0220_T1_to_T6_t1c,3,Naive,0.3848311324062171,0.2382606179002966,0.2531713692627046,0.8018018018018018,0.3213741866827761,0.0009719535222588,0.5915979618296209,13007,4107,0.3157530560467441,0.5400535671365896,0.3699132756220958,PASS,,shard3_attempt1,55571640a310a07ad9308efdca53e052351467d1c3f7fa58b36754d53d564135,13a0e43b66e58ddd0eeba32badecd72941dc964e92229c0ffbe682e4ccc20763,edfdd879490e13043b84157494f82e2ed6839c790cf36836383f80b211ec024d,src/models/naive_self_tightening.py,131759341c8cebad65044361f13f5ed778994c76eee669c99a818025b0a8c634,55571640a310a07ad9308efdca53e052351467d1c3f7fa58b36754d53d564135,82730934288f233e80b9367b778c86f943d18fa4
PatientID_0220,PatientID_0220_T1_to_T6_t1c,3,EIA-linear,0.4106022955863211,0.2583382966051221,0.2711996873778819,0.8448989530070611,0.2216163625318383,0.0009688797982661,0.6356156407609306,12795,4107,0.3209847596717468,0.5622108595614548,0.3910245555646021,PASS,,shard3_attempt1,996d63d2f7ef590801341ec3f945cb2ce0e40c70c4ebdd2b479db41f7da6d3ae,13a0e43b66e58ddd0eeba32badecd72941dc964e92229c0ffbe682e4ccc20763,edfdd879490e13043b84157494f82e2ed6839c790cf36836383f80b211ec024d,src/models/eia.py,2136540541c6d42e78a879ce83728886e644dfd3ace819d36766c1d7e5018dbd,996d63d2f7ef590801341ec3f945cb2ce0e40c70c4ebdd2b479db41f7da6d3ae,82730934288f233e80b9367b778c86f943d18fa4
PatientID_0220,PatientID_0220_T1_to_T6_t1c,3,EIA-blend-0.90,0.4210660221345885,0.2666774089590719,0.2849763237193284,0.8059410762113465,0.2049484076438545,0.0009123285126096,0.6747496394036814,11615,4107,0.353594489883771,0.5868030192857556,0.4152308753591952,PASS,,shard3_attempt1,996d63d2f7ef590801341ec3f945cb2ce0e40c70c4ebdd2b479db41f7da6d3ae,13a0e43b66e58ddd0eeba32badecd72941dc964e92229c0ffbe682e4ccc20763,edfdd879490e13043b84157494f82e2ed6839c790cf36836383f80b211ec024d,src/models/eia.py,2136540541c6d42e78a879ce83728886e644dfd3ace819d36766c1d7e5018dbd,996d63d2f7ef590801341ec3f945cb2ce0e40c70c4ebdd2b479db41f7da6d3ae,82730934288f233e80b9367b778c86f943d18fa4
PatientID_0220,PatientID_0220_T1_to_T6_t1c,3,EIA-blend-0.75,0.5055745164960183,0.3383069427527405,0.3671513549239921,0.8115412710007305,0.2266635011227006,0.0006667030355852,0.7566374654437584,9078,4107,0.4524124256444151,0.6751887022552728,0.5096489616780648,PASS,,shard3_attempt1,996d63d2f7ef590801341ec3f945cb2ce0e40c70c4ebdd2b479db41f7da6d3ae,13a0e43b66e58ddd0eeba32badecd72941dc964e92229c0ffbe682e4ccc20763,edfdd879490e13043b84157494f82e2ed6839c790cf36836383f80b211ec024d,src/models/eia.py,2136540541c6d42e78a879ce83728886e644dfd3ace819d36766c1d7e5018dbd,996d63d2f7ef590801341ec3f945cb2ce0e40c70c4ebdd2b479db41f7da6d3ae,82730934288f233e80b9367b778c86f943d18fa4
PatientID_0220,PatientID_0220_T1_to_T6_t1c,3,EIA-morph,0.3923660502607871,0.2440642973012829,0.2593027810419114,0.8059410762113465,0.3923660502607871,0.0011482974910394,0.2090720321307749,12765,4107,0.3217391304347826,0.2865838812653294,0.167258775164522,PASS,,shard3_attempt1,996d63d2f7ef590801341ec3f945cb2ce0e40c70c4ebdd2b479db41f7da6d3ae,13a0e43b66e58ddd0eeba32badecd72941dc964e92229c0ffbe682e4ccc20763,edfdd879490e13043b84157494f82e2ed6839c790cf36836383f80b211ec024d,src/models/eia.py,2136540541c6d42e78a879ce83728886e644dfd3ace819d36766c1d7e5018dbd,996d63d2f7ef590801341ec3f945cb2ce0e40c70c4ebdd2b479db41f7da6d3ae,82730934288f233e80b9367b778c86f943d18fa4
PatientID_0220,PatientID_0220_T1_to_T6_t1c,3,Full PCC,0.5566959520486082,0.3857094094891341,0.4199702675916749,0.8254200146092038,0.2546748827144982,0.0005976259043668,0.7197302460975248,8072,4107,0.5087958374628345,0.6566837107795613,0.4888526373955315,PASS,,shard3_attempt1,1ce4cc7063e01bf7896fcc87d293d33d187674a1b44868f4216da54e414f8597,13a0e43b66e58ddd0eeba32badecd72941dc964e92229c0ffbe682e4ccc20763,edfdd879490e13043b84157494f82e2ed6839c790cf36836383f80b211ec024d,src/models/pcc.py,123122d313885dc1d5736a3ef0c2b739b84988a4c4e9f17137f25ef724a13dc4,1ce4cc7063e01bf7896fcc87d293d33d187674a1b44868f4216da54e414f8597,82730934288f233e80b9367b778c86f943d18fa4
PatientID_0220,PatientID_0220_T1_to_T6_t1c,3,No-smoothing PCC,0.8418619312808658,0.726909816730176,0.7404805914972273,0.9754078402727052,0.2990829774287673,0.0003758321007037,0.9292018547997212,5410,4107,0.7591497227356747,0.850986121274533,0.7406230134052504,PASS,,shard3_attempt1,a98cff9de3cd973fac6fd4129a2a0437abb1490f192afe845d096994cd98b126,13a0e43b66e58ddd0eeba32badecd72941dc964e92229c0ffbe682e4ccc20763,edfdd879490e13043b84157494f82e2ed6839c790cf36836383f80b211ec024d,src/analysis/internal_completion.py,d72550e520742f4fd2a3fe63f61d29804bdd17c303016b7e3a48452ae6cd62f9;123122d313885dc1d5736a3ef0c2b739b84988a4c4e9f17137f25ef724a13dc4,a98cff9de3cd973fac6fd4129a2a0437abb1490f192afe845d096994cd98b126,82730934288f233e80b9367b778c86f943d18fa4
PatientID_0235,PatientID_0235_T1_to_T3_t1c,3,Fixed,0.2314214050289173,0.1308516374035959,0.2580853965832119,0.2097510568341944,0.214685767056144,0.0065351087555539,0.1806227652861643,43257,53225,1.2304366923272534,0.2483043682550652,0.1417508634281297,PASS,,shard3_attempt1,1ce4cc7063e01bf7896fcc87d293d33d187674a1b44868f4216da54e414f8597,3174164cfd2b7fcdd6c50cd45f271cbdde3b8b49554baf376e811ae4e41383b5,9762984d9ba37ae78c4a7a72245c68dd9431e9b897b58b2f45abe3ec8e188e52,src/models/pcc.py,123122d313885dc1d5736a3ef0c2b739b84988a4c4e9f17137f25ef724a13dc4,1ce4cc7063e01bf7896fcc87d293d33d187674a1b44868f4216da54e414f8597,82730934288f233e80b9367b778c86f943d18fa4
PatientID_0235,PatientID_0235_T1_to_T3_t1c,3,Naive,0.2314214050289173,0.1308516374035959,0.2580853965832119,0.2097510568341944,0.224283201518788,0.007077145269592,0.1806050094544938,43257,53225,1.2304366923272534,0.2483043682550652,0.1417508634281297,PASS,,shard3_attempt1,55571640a310a07ad9308efdca53e052351467d1c3f7fa58b36754d53d564135,3174164cfd2b7fcdd6c50cd45f271cbdde3b8b49554baf376e811ae4e41383b5,9762984d9ba37ae78c4a7a72245c68dd9431e9b897b58b2f45abe3ec8e188e52,src/models/naive_self_tightening.py,131759341c8cebad65044361f13f5ed778994c76eee669c99a818025b0a8c634,55571640a310a07ad9308efdca53e052351467d1c3f7fa58b36754d53d564135,82730934288f233e80b9367b778c86f943d18fa4
PatientID_0235,PatientID_0235_T1_to_T3_t1c,3,EIA-linear,0.2978562678644345,0.1749889050149332,0.3261204873141835,0.2741005166744951,0.3106053701156276,0.0051580521489618,0.3192884924421156,44735,53225,1.1897842852352745,0.3196993893910784,0.1902632108684587,PASS,,shard3_attempt1,996d63d2f7ef590801341ec3f945cb2ce0e40c70c4ebdd2b479db41f7da6d3ae,3174164cfd2b7fcdd6c50cd45f271cbdde3b8b49554baf376e811ae4e41383b5,9762984d9ba37ae78c4a7a72245c68dd9431e9b897b58b2f45abe3ec8e188e52,src/models/eia.py,2136540541c6d42e78a879ce83728886e644dfd3ace819d36766c1d7e5018dbd,996d63d2f7ef590801341ec3f945cb2ce0e40c70c4ebdd2b479db41f7da6d3ae,82730934288f233e80b9367b778c86f943d18fa4
PatientID_0235,PatientID_0235_T1_to_T3_t1c,3,EIA-blend-0.90,0.2460046098554777,0.1402538519985551,0.2938566731040242,0.2115547205260685,0.2488573989742661,0.0056426598831043,0.2620611729127257,38318,53225,1.389033874419333,0.2831188351406001,0.1649029885953874,PASS,,shard3_attempt1,996d63d2f7ef590801341ec3f945cb2ce0e40c70c4ebdd2b479db41f7da6d3ae,3174164cfd2b7fcdd6c50cd45f271cbdde3b8b49554baf376e811ae4e41383b5,9762984d9ba37ae78c4a7a72245c68dd9431e9b897b58b2f45abe3ec8e188e52,src/models/eia.py,2136540541c6d42e78a879ce83728886e644dfd3ace819d36766c1d7e5018dbd,996d63d2f7ef590801341ec3f945cb2ce0e40c70c4ebdd2b479db41f7da6d3ae,82730934288f233e80b9367b778c86f943d18fa4
PatientID_0235,PatientID_0235_T1_to_T3_t1c,3,EIA-blend-0.75,0.2877080111351686,0.1680250874302725,0.421268115942029,0.2184499765147956,0.301804505106008,0.0044779069001788,0.3859099231967475,27600,53225,1.9284420289855075,0.3457022076153527,0.2089721749096085,PASS,,shard3_attempt1,996d63d2f7ef590801341ec3f945cb2ce0e40c70c4ebdd2b479db41f7da6d3ae,3174164cfd2b7fcdd6c50cd45f271cbdde3b8b49554baf376e811ae4e41383b5,9762984d9ba37ae78c4a7a72245c68dd9431e9b897b58b2f45abe3ec8e188e52,src/models/eia.py,2136540541c6d42e78a879ce83728886e644dfd3ace819d36766c1d7e5018dbd,996d63d2f7ef590801341ec3f945cb2ce0e40c70c4ebdd2b479db41f7da6d3ae,82730934288f233e80b9367b778c86f943d18fa4
PatientID_0235,PatientID_0235_T1_to_T3_t1c,3,EIA-morph,0.239930540849604,0.1363187910580648,0.2748732380698221,0.2128698919680601,0.239930540849604,0.0080403225806451,0.0632047768154145,41219,53225,1.2912734418593368,0.2213809300214055,0.12446787160125,PASS,,shard3_attempt1,996d63d2f7ef590801341ec3f945cb2ce0e40c70c4ebdd2b479db41f7da6d3ae,3174164cfd2b7fcdd6c50cd45f271cbdde3b8b49554baf376e811ae4e41383b5,9762984d9ba37ae78c4a7a72245c68dd9431e9b897b58b2f45abe3ec8e188e52,src/models/eia.py,2136540541c6d42e78a879ce83728886e644dfd3ace819d36766c1d7e5018dbd,996d63d2f7ef590801341ec3f945cb2ce0e40c70c4ebdd2b479db41f7da6d3ae,82730934288f233e80b9367b778c86f943d18fa4
PatientID_0235,PatientID_0235_T1_to_T3_t1c,3,Full PCC,0.4802293604821251,0.3159880497720833,0.6366428793049953,0.385514325974636,0.3406130902830281,0.0043994635116203,0.4303692074073963,32230,53225,1.651411728203537,0.5148144668904198,0.3466331009962601,PASS,,shard3_attempt1,1ce4cc7063e01bf7896fcc87d293d33d187674a1b44868f4216da54e414f8597,3174164cfd2b7fcdd6c50cd45f271cbdde3b8b49554baf376e811ae4e41383b5,9762984d9ba37ae78c4a7a72245c68dd9431e9b897b58b2f45abe3ec8e188e52,src/models/pcc.py,123122d313885dc1d5736a3ef0c2b739b84988a4c4e9f17137f25ef724a13dc4,1ce4cc7063e01bf7896fcc87d293d33d187674a1b44868f4216da54e414f8597,82730934288f233e80b9367b778c86f943d18fa4
PatientID_0235,PatientID_0235_T1_to_T3_t1c,3,No-smoothing PCC,0.696163956545002,0.5339351984013703,0.9137988946227366,0.5622545796148426,0.4354689508595289,0.0032193271568565,0.6688322729876848,32749,53225,1.6252404653577208,0.6394363550996764,0.4699790101708189,PASS,,shard3_attempt1,a98cff9de3cd973fac6fd4129a2a0437abb1490f192afe845d096994cd98b126,3174164cfd2b7fcdd6c50cd45f271cbdde3b8b49554baf376e811ae4e41383b5,9762984d9ba37ae78c4a7a72245c68dd9431e9b897b58b2f45abe3ec8e188e52,src/analysis/internal_completion.py,d72550e520742f4fd2a3fe63f61d29804bdd17c303016b7e3a48452ae6cd62f9;123122d313885dc1d5736a3ef0c2b739b84988a4c4e9f17137f25ef724a13dc4,a98cff9de3cd973fac6fd4129a2a0437abb1490f192afe845d096994cd98b126,82730934288f233e80b9367b778c86f943d18fa4
PatientID_0236,PatientID_0236_T1_to_T3_t1c,3,Fixed,0.003813882532418,0.0019105846388995,0.001993620414673,0.043859649122807,0.0042462992080229,0.0006148732286579,0.0023278396919241,5016,228,0.0454545454545454,2.1929824513311792e-09,2.1929824513311792e-09,PASS,,shard3_attempt1,1ce4cc7063e01bf7896fcc87d293d33d187674a1b44868f4216da54e414f8597,87dd4f27e548dbf6ba58cbe7063445de05da5074de0d2ebd0c934263ea8d6d95,d117997cc83e285b11a9ef46bc86c950d0f5c49b9304a5fb56fb68cd7e3978b4,src/models/pcc.py,123122d313885dc1d5736a3ef0c2b739b84988a4c4e9f17137f25ef724a13dc4,1ce4cc7063e01bf7896fcc87d293d33d187674a1b44868f4216da54e414f8597,82730934288f233e80b9367b778c86f943d18fa4
PatientID_0236,PatientID_0236_T1_to_T3_t1c,3,Naive,0.003813882532418,0.0019105846388995,0.001993620414673,0.043859649122807,0.0044402406314107,0.0004013687744194,0.002327839683905,5016,228,0.0454545454545454,2.1929824513311792e-09,2.1929824513311792e-09,PASS,,shard3_attempt1,55571640a310a07ad9308efdca53e052351467d1c3f7fa58b36754d53d564135,87dd4f27e548dbf6ba58cbe7063445de05da5074de0d2ebd0c934263ea8d6d95,d117997cc83e285b11a9ef46bc86c950d0f5c49b9304a5fb56fb68cd7e3978b4,src/models/naive_self_tightening.py,131759341c8cebad65044361f13f5ed778994c76eee669c99a818025b0a8c634,55571640a310a07ad9308efdca53e052351467d1c3f7fa58b36754d53d564135,82730934288f233e80b9367b778c86f943d18fa4
PatientID_0236,PatientID_0236_T1_to_T3_t1c,3,EIA-linear,0.0179820179820179,0.0090725806451612,0.0101465614430665,0.0789473684210526,0.009664923848654,0.0004011405109627,0.0112230351514574,1774,228,0.1285231116121758,2.1929824513311792e-09,2.1929824513311792e-09,PASS,,shard3_attempt1,996d63d2f7ef590801341ec3f945cb2ce0e40c70c4ebdd2b479db41f7da6d3ae,87dd4f27e548dbf6ba58cbe7063445de05da5074de0d2ebd0c934263ea8d6d95,d117997cc83e285b11a9ef46bc86c950d0f5c49b9304a5fb56fb68cd7e3978b4,src/models/eia.py,2136540541c6d42e78a879ce83728886e644dfd3ace819d36766c1d7e5018dbd,996d63d2f7ef590801341ec3f945cb2ce0e40c70c4ebdd2b479db41f7da6d3ae,82730934288f233e80b9367b778c86f943d18fa4
PatientID_0236,PatientID_0236_T1_to_T3_t1c,3,EIA-blend-0.90,0.00585262037776,0.0029348986125933,0.0031152647975077,0.0482456140350877,0.0057441802291189,0.0005003230184688,0.0041425903285418,3531,228,0.0645709430756159,2.1929824513311792e-09,2.1929824513311792e-09,PASS,,shard3_attempt1,996d63d2f7ef590801341ec3f945cb2ce0e40c70c4ebdd2b479db41f7da6d3ae,87dd4f27e548dbf6ba58cbe7063445de05da5074de0d2ebd0c934263ea8d6d95,d117997cc83e285b11a9ef46bc86c950d0f5c49b9304a5fb56fb68cd7e3978b4,src/models/eia.py,2136540541c6d42e78a879ce83728886e644dfd3ace819d36766c1d7e5018dbd,996d63d2f7ef590801341ec3f945cb2ce0e40c70c4ebdd2b479db41f7da6d3ae,82730934288f233e80b9367b778c86f943d18fa4
PatientID_0236,PatientID_0236_T1_to_T3_t1c,3,EIA-blend-0.75,0.0187265917602996,0.0094517958412098,0.0119047619047619,0.043859649122807,0.0087083386389711,0.0003511407720095,0.0095161154413532,840,228,0.2714285714285714,0.0131578969009695,0.0066225187491776,PASS,,shard3_attempt1,996d63d2f7ef590801341ec3f945cb2ce0e40c70c4ebdd2b479db41f7da6d3ae,87dd4f27e548dbf6ba58cbe7063445de05da5074de0d2ebd0c934263ea8d6d95,d117997cc83e285b11a9ef46bc86c950d0f5c49b9304a5fb56fb68cd7e3978b4,src/models/eia.py,2136540541c6d42e78a879ce83728886e644dfd3ace819d36766c1d7e5018dbd,996d63d2f7ef590801341ec3f945cb2ce0e40c70c4ebdd2b479db41f7da6d3ae,82730934288f233e80b9367b778c86f943d18fa4
PatientID_0236,PatientID_0236_T1_to_T3_t1c,3,EIA-morph,0.0107758620689655,0.0054171180931744,0.0061425061425061,0.043859649122807,0.0107758620689655,0.0002056451612903,0.000293825726869,1628,228,0.14004914004914,0.0131578969009695,0.0066225187491776,PASS,,shard3_attempt1,996d63d2f7ef590801341ec3f945cb2ce0e40c70c4ebdd2b479db41f7da6d3ae,87dd4f27e548dbf6ba58cbe7063445de05da5074de0d2ebd0c934263ea8d6d95,d117997cc83e285b11a9ef46bc86c950d0f5c49b9304a5fb56fb68cd7e3978b4,src/models/eia.py,2136540541c6d42e78a879ce83728886e644dfd3ace819d36766c1d7e5018dbd,996d63d2f7ef590801341ec3f945cb2ce0e40c70c4ebdd2b479db41f7da6d3ae,82730934288f233e80b9367b778c86f943d18fa4
PatientID_0236,PatientID_0236_T1_to_T3_t1c,3,Full PCC,0.0561299852289512,0.0288753799392097,0.042316258351893,0.0833333333333333,0.0089227618041992,0.0002477639734447,0.027989595492009,449,228,0.5077951002227171,0.0394736863169436,0.0201342303800129,PASS,,shard3_attempt1,1ce4cc7063e01bf7896fcc87d293d33d187674a1b44868f4216da54e414f8597,87dd4f27e548dbf6ba58cbe7063445de05da5074de0d2ebd0c934263ea8d6d95,d117997cc83e285b11a9ef46bc86c950d0f5c49b9304a5fb56fb68cd7e3978b4,src/models/pcc.py,123122d313885dc1d5736a3ef0c2b739b84988a4c4e9f17137f25ef724a13dc4,1ce4cc7063e01bf7896fcc87d293d33d187674a1b44868f4216da54e414f8597,82730934288f233e80b9367b778c86f943d18fa4
PatientID_0236,PatientID_0236_T1_to_T3_t1c,3,No-smoothing PCC,0.6939655172413793,0.5313531353135313,0.6822033898305084,0.706140350877193,0.0170296556867495,0.0002071878475364,0.5205443477150974,236,228,0.9661016949152542,0.6973684217162973,0.5353535369180016,PASS,,shard3_attempt1,a98cff9de3cd973fac6fd4129a2a0437abb1490f192afe845d096994cd98b126,87dd4f27e548dbf6ba58cbe7063445de05da5074de0d2ebd0c934263ea8d6d95,d117997cc83e285b11a9ef46bc86c950d0f5c49b9304a5fb56fb68cd7e3978b4,src/analysis/internal_completion.py,d72550e520742f4fd2a3fe63f61d29804bdd17c303016b7e3a48452ae6cd62f9;123122d313885dc1d5736a3ef0c2b739b84988a4c4e9f17137f25ef724a13dc4,a98cff9de3cd973fac6fd4129a2a0437abb1490f192afe845d096994cd98b126,82730934288f233e80b9367b778c86f943d18fa4
PatientID_0237,PatientID_0237_T1_to_T3_t1c,3,Fixed,0.4822531535450196,0.3177428137448772,0.45895599619158,0.5080419740640608,0.3685684885688665,0.0020575248954837,0.3988045123170172,24157,21823,0.9033820424721613,0.4740411492582587,0.3106513318125386,PASS,,shard3_attempt1,1ce4cc7063e01bf7896fcc87d293d33d187674a1b44868f4216da54e414f8597,31355b8ff4ce80c73a09f43fa34158679aa6d51457bd9b52d6cc54e2fc2e14f6,7d2b9cc880a0be4f81dd202d802984dab47330869af0457c38649d2d7d133a86,src/models/pcc.py,123122d313885dc1d5736a3ef0c2b739b84988a4c4e9f17137f25ef724a13dc4,1ce4cc7063e01bf7896fcc87d293d33d187674a1b44868f4216da54e414f8597,82730934288f233e80b9367b778c86f943d18fa4
PatientID_0237,PatientID_0237_T1_to_T3_t1c,3,Naive,0.4822531535450196,0.3177428137448772,0.45895599619158,0.5080419740640608,0.4532762403505457,0.0021499542472717,0.3985092729869766,24157,21823,0.9033820424721613,0.4740411492582587,0.3106513318125386,PASS,,shard3_attempt1,55571640a310a07ad9308efdca53e052351467d1c3f7fa58b36754d53d564135,31355b8ff4ce80c73a09f43fa34158679aa6d51457bd9b52d6cc54e2fc2e14f6,7d2b9cc880a0be4f81dd202d802984dab47330869af0457c38649d2d7d133a86,src/models/naive_self_tightening.py,131759341c8cebad65044361f13f5ed778994c76eee669c99a818025b0a8c634,55571640a310a07ad9308efdca53e052351467d1c3f7fa58b36754d53d564135,82730934288f233e80b9367b778c86f943d18fa4
PatientID_0237,PatientID_0237_T1_to_T3_t1c,3,EIA-linear,0.5552161359166422,0.3842901002143312,0.5108775172307574,0.6079824038858086,0.4091768060131929,0.0018069606798223,0.4887717252655638,25971,21823,0.8402833930152863,0.5305869953826103,0.3610877226007706,PASS,,shard3_attempt1,996d63d2f7ef590801341ec3f945cb2ce0e40c70c4ebdd2b479db41f7da6d3ae,31355b8ff4ce80c73a09f43fa34158679aa6d51457bd9b52d6cc54e2fc2e14f6,7d2b9cc880a0be4f81dd202d802984dab47330869af0457c38649d2d7d133a86,src/models/eia.py,2136540541c6d42e78a879ce83728886e644dfd3ace819d36766c1d7e5018dbd,996d63d2f7ef590801341ec3f945cb2ce0e40c70c4ebdd2b479db41f7da6d3ae,82730934288f233e80b9367b778c86f943d18fa4
PatientID_0237,PatientID_0237_T1_to_T3_t1c,3,EIA-blend-0.90,0.5046316121616444,0.3374630734912883,0.4965404062804932,0.512990881180406,0.3825042417006973,0.0018040876492906,0.4928671010534351,22546,21823,0.9679322274461102,0.5045594098083545,0.3373984985648108,PASS,,shard3_attempt1,996d63d2f7ef590801341ec3f945cb2ce0e40c70c4ebdd2b479db41f7da6d3ae,31355b8ff4ce80c73a09f43fa34158679aa6d51457bd9b52d6cc54e2fc2e14f6,7d2b9cc880a0be4f81dd202d802984dab47330869af0457c38649d2d7d133a86,src/models/eia.py,2136540541c6d42e78a879ce83728886e644dfd3ace819d36766c1d7e5018dbd,996d63d2f7ef590801341ec3f945cb2ce0e40c70c4ebdd2b479db41f7da6d3ae,82730934288f233e80b9367b778c86f943d18fa4
PatientID_0237,PatientID_0237_T1_to_T3_t1c,3,EIA-blend-0.75,0.565327489651814,0.3940463663826754,0.6031589338598223,0.5319616917930624,0.4046512474178943,0.0014792402856101,0.6176151388664697,19247,21823,1.1338390398503664,0.5746231040742652,0.4031376583487707,PASS,,shard3_attempt1,996d63d2f7ef590801341ec3f945cb2ce0e40c70c4ebdd2b479db41f7da6d3ae,31355b8ff4ce80c73a09f43fa34158679aa6d51457bd9b52d6cc54e2fc2e14f6,7d2b9cc880a0be4f81dd202d802984dab47330869af0457c38649d2d7d133a86,src/models/eia.py,2136540541c6d42e78a879ce83728886e644dfd3ace819d36766c1d7e5018dbd,996d63d2f7ef590801341ec3f945cb2ce0e40c70c4ebdd2b479db41f7da6d3ae,82730934288f233e80b9367b778c86f943d18fa4
PatientID_0237,PatientID_0237_T1_to_T3_t1c,3,EIA-morph,0.493666688772465,0.3277273927973936,0.4768941658836593,0.5116620079732392,0.493666688772465,0.0025655241935483,0.2452022869010214,23414,21823,0.932049201332536,0.4779361224515892,0.3140052986719049,PASS,,shard3_attempt1,996d63d2f7ef590801341ec3f945cb2ce0e40c70c4ebdd2b479db41f7da6d3ae,31355b8ff4ce80c73a09f43fa34158679aa6d51457bd9b52d6cc54e2fc2e14f6,7d2b9cc880a0be4f81dd202d802984dab47330869af0457c38649d2d7d133a86,src/models/eia.py,2136540541c6d42e78a879ce83728886e644dfd3ace819d36766c1d7e5018dbd,996d63d2f7ef590801341ec3f945cb2ce0e40c70c4ebdd2b479db41f7da6d3ae,82730934288f233e80b9367b778c86f943d18fa4
PatientID_0237,PatientID_0237_T1_to_T3_t1c,3,Full PCC,0.6795009422934707,0.5145788922209777,0.7086982484076433,0.6526142143609953,0.4672032068863692,0.0013477455115502,0.6226133563132569,20096,21823,1.0859375,0.6874398570387334,0.5237397011756829,PASS,,shard3_attempt1,1ce4cc7063e01bf7896fcc87d293d33d187674a1b44868f4216da54e414f8597,31355b8ff4ce80c73a09f43fa34158679aa6d51457bd9b52d6cc54e2fc2e14f6,7d2b9cc880a0be4f81dd202d802984dab47330869af0457c38649d2d7d133a86,src/models/pcc.py,123122d313885dc1d5736a3ef0c2b739b84988a4c4e9f17137f25ef724a13dc4,1ce4cc7063e01bf7896fcc87d293d33d187674a1b44868f4216da54e414f8597,82730934288f233e80b9367b778c86f943d18fa4
PatientID_0237,PatientID_0237_T1_to_T3_t1c,3,No-smoothing PCC,0.8695529610749606,0.7692115872158264,0.8921237828979081,0.8480960454566283,0.5685773863258836,0.0008181331042379,0.8222857306279494,20746,21823,1.0519136219030174,0.8686248453496627,0.7677602268218809,PASS,,shard3_attempt1,a98cff9de3cd973fac6fd4129a2a0437abb1490f192afe845d096994cd98b126,31355b8ff4ce80c73a09f43fa34158679aa6d51457bd9b52d6cc54e2fc2e14f6,7d2b9cc880a0be4f81dd202d802984dab47330869af0457c38649d2d7d133a86,src/analysis/internal_completion.py,d72550e520742f4fd2a3fe63f61d29804bdd17c303016b7e3a48452ae6cd62f9;123122d313885dc1d5736a3ef0c2b739b84988a4c4e9f17137f25ef724a13dc4,a98cff9de3cd973fac6fd4129a2a0437abb1490f192afe845d096994cd98b126,82730934288f233e80b9367b778c86f943d18fa4
PatientID_0238,PatientID_0238_T1_to_T3_t1c,3,Fixed,0.2108586438597004,0.1178546586808457,0.8342475712114202,0.1206805068906341,0.2583056218338466,0.0185617072524888,0.4738570209651784,30262,209197,6.912861013812703,0.469949377860414,0.307146293764388,PASS,,shard3_attempt1,1ce4cc7063e01bf7896fcc87d293d33d187674a1b44868f4216da54e414f8597,439ead8649ba63c3da9aeff6e286c3d91f1d7eff7be1bbaf4e0a0193806db67d,6c1e8fbd9f0f70b233852a5521f6f0cde984744210305804a7a4f30e62bcbb5e,src/models/pcc.py,123122d313885dc1d5736a3ef0c2b739b84988a4c4e9f17137f25ef724a13dc4,1ce4cc7063e01bf7896fcc87d293d33d187674a1b44868f4216da54e414f8597,82730934288f233e80b9367b778c86f943d18fa4
PatientID_0238,PatientID_0238_T1_to_T3_t1c,3,Naive,0.2108586438597004,0.1178546586808457,0.8342475712114202,0.1206805068906341,0.2231353960019072,0.0200782662255626,0.4738481239337818,30262,209197,6.912861013812703,0.469949377860414,0.307146293764388,PASS,,shard3_attempt1,55571640a310a07ad9308efdca53e052351467d1c3f7fa58b36754d53d564135,439ead8649ba63c3da9aeff6e286c3d91f1d7eff7be1bbaf4e0a0193806db67d,6c1e8fbd9f0f70b233852a5521f6f0cde984744210305804a7a4f30e62bcbb5e,src/models/naive_self_tightening.py,131759341c8cebad65044361f13f5ed778994c76eee669c99a818025b0a8c634,55571640a310a07ad9308efdca53e052351467d1c3f7fa58b36754d53d564135,82730934288f233e80b9367b778c86f943d18fa4
PatientID_0238,PatientID_0238_T1_to_T3_t1c,3,EIA-linear,0.3220404846857668,0.191923870478757,0.9002765219681341,0.1960926781932819,0.5033397603762358,0.0106500612797189,0.9001908293668932,45566,209197,4.591076679980687,0.8867765790143101,0.7965845510415248,PASS,,shard3_attempt1,996d63d2f7ef590801341ec3f945cb2ce0e40c70c4ebdd2b479db41f7da6d3ae,439ead8649ba63c3da9aeff6e286c3d91f1d7eff7be1bbaf4e0a0193806db67d,6c1e8fbd9f0f70b233852a5521f6f0cde984744210305804a7a4f30e62bcbb5e,src/models/eia.py,2136540541c6d42e78a879ce83728886e644dfd3ace819d36766c1d7e5018dbd,996d63d2f7ef590801341ec3f945cb2ce0e40c70c4ebdd2b479db41f7da6d3ae,82730934288f233e80b9367b778c86f943d18fa4
PatientID_0238,PatientID_0238_T1_to_T3_t1c,3,EIA-blend-0.90,0.2288125406713835,0.1291859534496234,0.8607871265514876,0.1319426186800001,0.3476679580504976,0.0156101290213327,0.7539847923866113,32066,209197,6.523950601883615,0.7072472358597226,0.5470862298493304,PASS,,shard3_attempt1,996d63d2f7ef590801341ec3f945cb2ce0e40c70c4ebdd2b479db41f7da6d3ae,439ead8649ba63c3da9aeff6e286c3d91f1d7eff7be1bbaf4e0a0193806db67d,6c1e8fbd9f0f70b233852a5521f6f0cde984744210305804a7a4f30e62bcbb5e,src/models/eia.py,2136540541c6d42e78a879ce83728886e644dfd3ace819d36766c1d7e5018dbd,996d63d2f7ef590801341ec3f945cb2ce0e40c70c4ebdd2b479db41f7da6d3ae,82730934288f233e80b9367b778c86f943d18fa4
PatientID_0238,PatientID_0238_T1_to_T3_t1c,3,EIA-blend-0.75,0.2918993572320428,0.1708911933661141,0.9115139662002908,0.1737740024952556,0.464222592143422,0.0117337802849283,0.9015545192500408,39882,209197,5.245398926834161,0.8854046664151842,0.7943732041008947,PASS,,shard3_attempt1,996d63d2f7ef590801341ec3f945cb2ce0e40c70c4ebdd2b479db41f7da6d3ae,439ead8649ba63c3da9aeff6e286c3d91f1d7eff7be1bbaf4e0a0193806db67d,6c1e8fbd9f0f70b233852a5521f6f0cde984744210305804a7a4f30e62bcbb5e,src/models/eia.py,2136540541c6d42e78a879ce83728886e644dfd3ace819d36766c1d7e5018dbd,996d63d2f7ef590801341ec3f945cb2ce0e40c70c4ebdd2b479db41f7da6d3ae,82730934288f233e80b9367b778c86f943d18fa4
PatientID_0238,PatientID_0238_T1_to_T3_t1c,3,EIA-morph,0.2152531185508868,0.1206070848411364,0.8537296616628558,0.1231518616423753,0.2152531185508868,0.0210403225806451,0.125684320112164,30177,209197,6.932332571163469,0.1514075249665353,0.0819042201099454,PASS,,shard3_attempt1,996d63d2f7ef590801341ec3f945cb2ce0e40c70c4ebdd2b479db41f7da6d3ae,439ead8649ba63c3da9aeff6e286c3d91f1d7eff7be1bbaf4e0a0193806db67d,6c1e8fbd9f0f70b233852a5521f6f0cde984744210305804a7a4f30e62bcbb5e,src/models/eia.py,2136540541c6d42e78a879ce83728886e644dfd3ace819d36766c1d7e5018dbd,996d63d2f7ef590801341ec3f945cb2ce0e40c70c4ebdd2b479db41f7da6d3ae,82730934288f233e80b9367b778c86f943d18fa4
PatientID_0238,PatientID_0238_T1_to_T3_t1c,3,Full PCC,0.5131380788390045,0.3451148163363601,0.9659538473738468,0.3493644746339575,0.4375678523919755,0.0143877702494747,0.6866276694137958,75662,209197,2.764888583436864,0.5742386363103337,0.4027592912363074,PASS,,shard3_attempt1,1ce4cc7063e01bf7896fcc87d293d33d187674a1b44868f4216da54e414f8597,439ead8649ba63c3da9aeff6e286c3d91f1d7eff7be1bbaf4e0a0193806db67d,6c1e8fbd9f0f70b233852a5521f6f0cde984744210305804a7a4f30e62bcbb5e,src/models/pcc.py,123122d313885dc1d5736a3ef0c2b739b84988a4c4e9f17137f25ef724a13dc4,1ce4cc7063e01bf7896fcc87d293d33d187674a1b44868f4216da54e414f8597,82730934288f233e80b9367b778c86f943d18fa4
PatientID_0238,PatientID_0238_T1_to_T3_t1c,3,No-smoothing PCC,0.55103209031911,0.380292818521057,0.988873349258017,0.3819270830843654,0.4617568910938419,0.0136275124275534,0.7381681696244993,80797,209197,2.5891679146502966,0.5977714785594493,0.4263010411075594,PASS,,shard3_attempt1,a98cff9de3cd973fac6fd4129a2a0437abb1490f192afe845d096994cd98b126,439ead8649ba63c3da9aeff6e286c3d91f1d7eff7be1bbaf4e0a0193806db67d,6c1e8fbd9f0f70b233852a5521f6f0cde984744210305804a7a4f30e62bcbb5e,src/analysis/internal_completion.py,d72550e520742f4fd2a3fe63f61d29804bdd17c303016b7e3a48452ae6cd62f9;123122d313885dc1d5736a3ef0c2b739b84988a4c4e9f17137f25ef724a13dc4,a98cff9de3cd973fac6fd4129a2a0437abb1490f192afe845d096994cd98b126,82730934288f233e80b9367b778c86f943d18fa4
PatientID_0239,PatientID_0239_T1_to_T3_t1c,3,Fixed,0.1485789171922352,0.0802512829587683,0.0839737061383205,0.6441761363636364,0.0608384787701926,0.0010196080879999,0.1187832479834234,10801,1408,0.1303583001573928,0.1633522730243777,0.0889404489215234,PASS,,shard3_attempt1,1ce4cc7063e01bf7896fcc87d293d33d187674a1b44868f4216da54e414f8597,e5680004c589ae7024f19f8bc6875de52b99dc80af34210f1577037b4177b16c,ca09b5ded12b184055801bad633d10ec415ffc04db52f84333e2569334db0186,src/models/pcc.py,123122d313885dc1d5736a3ef0c2b739b84988a4c4e9f17137f25ef724a13dc4,1ce4cc7063e01bf7896fcc87d293d33d187674a1b44868f4216da54e414f8597,82730934288f233e80b9367b778c86f943d18fa4
PatientID_0239,PatientID_0239_T1_to_T3_t1c,3,Naive,0.1485789171922352,0.0802512829587683,0.0839737061383205,0.6441761363636364,0.1151333188468294,0.0008956919893749,0.1186564538014831,10801,1408,0.1303583001573928,0.1633522730243777,0.0889404489215234,PASS,,shard3_attempt1,55571640a310a07ad9308efdca53e052351467d1c3f7fa58b36754d53d564135,e5680004c589ae7024f19f8bc6875de52b99dc80af34210f1577037b4177b16c,ca09b5ded12b184055801bad633d10ec415ffc04db52f84333e2569334db0186,src/models/naive_self_tightening.py,131759341c8cebad65044361f13f5ed778994c76eee669c99a818025b0a8c634,55571640a310a07ad9308efdca53e052351467d1c3f7fa58b36754d53d564135,82730934288f233e80b9367b778c86f943d18fa4
PatientID_0239,PatientID_0239_T1_to_T3_t1c,3,EIA-linear,0.2194809039771045,0.123267930384658,0.1274498567335243,0.7897727272727273,0.0787015863594904,0.0008041516879617,0.1674958704772176,8725,1408,0.1613753581661891,0.1882102275610049,0.1038808313979299,PASS,,shard3_attempt1,996d63d2f7ef590801341ec3f945cb2ce0e40c70c4ebdd2b479db41f7da6d3ae,e5680004c589ae7024f19f8bc6875de52b99dc80af34210f1577037b4177b16c,ca09b5ded12b184055801bad633d10ec415ffc04db52f84333e2569334db0186,src/models/eia.py,2136540541c6d42e78a879ce83728886e644dfd3ace819d36766c1d7e5018dbd,996d63d2f7ef590801341ec3f945cb2ce0e40c70c4ebdd2b479db41f7da6d3ae,82730934288f233e80b9367b778c86f943d18fa4
PatientID_0239,PatientID_0239_T1_to_T3_t1c,3,EIA-blend-0.90,0.1772028788173507,0.0972148116529719,0.1026594545864322,0.6470170454545454,0.0653928277113902,0.0008386328793041,0.1840867920286358,8874,1408,0.1586657651566373,0.1988636366481308,0.1104100949880086,PASS,,shard3_attempt1,996d63d2f7ef590801341ec3f945cb2ce0e40c70c4ebdd2b479db41f7da6d3ae,e5680004c589ae7024f19f8bc6875de52b99dc80af34210f1577037b4177b16c,ca09b5ded12b184055801bad633d10ec415ffc04db52f84333e2569334db0186,src/models/eia.py,2136540541c6d42e78a879ce83728886e644dfd3ace819d36766c1d7e5018dbd,996d63d2f7ef590801341ec3f945cb2ce0e40c70c4ebdd2b479db41f7da6d3ae,82730934288f233e80b9367b778c86f943d18fa4
PatientID_0239,PatientID_0239_T1_to_T3_t1c,3,EIA-blend-0.75,0.2672719534685771,0.1542492222040281,0.1669916681439461,0.6690340909090909,0.0741648914747691,0.0006032766451714,0.3092243963251056,5641,1408,0.2496011345506116,0.3061079547918651,0.1807127886034747,PASS,,shard3_attempt1,996d63d2f7ef590801341ec3f945cb2ce0e40c70c4ebdd2b479db41f7da6d3ae,e5680004c589ae7024f19f8bc6875de52b99dc80af34210f1577037b4177b16c,ca09b5ded12b184055801bad633d10ec415ffc04db52f84333e2569334db0186,src/models/eia.py,2136540541c6d42e78a879ce83728886e644dfd3ace819d36766c1d7e5018dbd,996d63d2f7ef590801341ec3f945cb2ce0e40c70c4ebdd2b479db41f7da6d3ae,82730934288f233e80b9367b778c86f943d18fa4
PatientID_0239,PatientID_0239_T1_to_T3_t1c,3,EIA-morph,0.1918412348401323,0.1060975609756097,0.1116816431322208,0.6796875,0.1918412348401323,0.0009031137992831,0.0759591320494062,8569,1408,0.1643132220795892,0.1150568184960735,0.0610399400674303,PASS,,shard3_attempt1,996d63d2f7ef590801341ec3f945cb2ce0e40c70c4ebdd2b479db41f7da6d3ae,e5680004c589ae7024f19f8bc6875de52b99dc80af34210f1577037b4177b16c,ca09b5ded12b184055801bad633d10ec415ffc04db52f84333e2569334db0186,src/models/eia.py,2136540541c6d42e78a879ce83728886e644dfd3ace819d36766c1d7e5018dbd,996d63d2f7ef590801341ec3f945cb2ce0e40c70c4ebdd2b479db41f7da6d3ae,82730934288f233e80b9367b778c86f943d18fa4
PatientID_0239,PatientID_0239_T1_to_T3_t1c,3,Full PCC,0.3859581070597362,0.2391252102859889,0.2654749199573105,0.7066761363636364,0.0875825322123152,0.0004638908020203,0.2932972342455548,3748,1408,0.375667022411953,0.3245738638762167,0.1937261554922738,PASS,,shard3_attempt1,1ce4cc7063e01bf7896fcc87d293d33d187674a1b44868f4216da54e414f8597,e5680004c589ae7024f19f8bc6875de52b99dc80af34210f1577037b4177b16c,ca09b5ded12b184055801bad633d10ec415ffc04db52f84333e2569334db0186,src/models/pcc.py,123122d313885dc1d5736a3ef0c2b739b84988a4c4e9f17137f25ef724a13dc4,1ce4cc7063e01bf7896fcc87d293d33d187674a1b44868f4216da54e414f8597,82730934288f233e80b9367b778c86f943d18fa4
PatientID_0239,PatientID_0239_T1_to_T3_t1c,3,No-smoothing PCC,0.7722490759169747,0.6289949050486336,0.6439070649596965,0.9644886363636364,0.1197287121573379,0.0003207110601975,0.8886085712974893,2109,1408,0.6676149834044571,0.8480113636903369,0.7361282369074426,PASS,,shard3_attempt1,a98cff9de3cd973fac6fd4129a2a0437abb1490f192afe845d096994cd98b126,e5680004c589ae7024f19f8bc6875de52b99dc80af34210f1577037b4177b16c,ca09b5ded12b184055801bad633d10ec415ffc04db52f84333e2569334db0186,src/analysis/internal_completion.py,d72550e520742f4fd2a3fe63f61d29804bdd17c303016b7e3a48452ae6cd62f9;123122d313885dc1d5736a3ef0c2b739b84988a4c4e9f17137f25ef724a13dc4,a98cff9de3cd973fac6fd4129a2a0437abb1490f192afe845d096994cd98b126,82730934288f233e80b9367b778c86f943d18fa4
PatientID_0240,PatientID_0240_T1_to_T3_t1c,3,Fixed,0.2250893395832366,0.1268172785273507,0.3308923860638588,0.1705544484820068,0.2236025369227312,0.0045792589568771,0.2077137202589609,21986,42655,1.9400982443373056,0.2934943148599989,0.1719855476752348,PASS,,shard3_attempt1,1ce4cc7063e01bf7896fcc87d293d33d187674a1b44868f4216da54e414f8597,99b4a6b1f4f046d6238f23efa4609bcf00a5a93a5c04614a19cab116460059cd,4f71ac8d25c1bfb343436fe4f16f1a5c79a4b416466cc43a02b304dbf00e5128,src/models/pcc.py,123122d313885dc1d5736a3ef0c2b739b84988a4c4e9f17137f25ef724a13dc4,1ce4cc7063e01bf7896fcc87d293d33d187674a1b44868f4216da54e414f8597,82730934288f233e80b9367b778c86f943d18fa4
PatientID_0240,PatientID_0240_T1_to_T3_t1c,3,Naive,0.2250893395832366,0.1268172785273507,0.3308923860638588,0.1705544484820068,0.2287209131093301,0.0048904092232542,0.2076924442542994,21986,42655,1.9400982443373056,0.2934943148599989,0.1719855476752348,PASS,,shard3_attempt1,55571640a310a07ad9308efdca53e052351467d1c3f7fa58b36754d53d564135,99b4a6b1f4f046d6238f23efa4609bcf00a5a93a5c04614a19cab116460059cd,4f71ac8d25c1bfb343436fe4f16f1a5c79a4b416466cc43a02b304dbf00e5128,src/models/naive_self_tightening.py,131759341c8cebad65044361f13f5ed778994c76eee669c99a818025b0a8c634,55571640a310a07ad9308efdca53e052351467d1c3f7fa58b36754d53d564135,82730934288f233e80b9367b778c86f943d18fa4
PatientID_0240,PatientID_0240_T1_to_T3_t1c,3,EIA-linear,0.3242959287903108,0.1935281619004493,0.4294492753623188,0.2605087328566405,0.3663299480955883,0.0033071516864996,0.4398633083368862,25875,42655,1.6485024154589372,0.4116047356768069,0.2591324369509966,PASS,,shard3_attempt1,996d63d2f7ef590801341ec3f945cb2ce0e40c70c4ebdd2b479db41f7da6d3ae,99b4a6b1f4f046d6238f23efa4609bcf00a5a93a5c04614a19cab116460059cd,4f71ac8d25c1bfb343436fe4f16f1a5c79a4b416466cc43a02b304dbf00e5128,src/models/eia.py,2136540541c6d42e78a879ce83728886e644dfd3ace819d36766c1d7e5018dbd,996d63d2f7ef590801341ec3f945cb2ce0e40c70c4ebdd2b479db41f7da6d3ae,82730934288f233e80b9367b778c86f943d18fa4
PatientID_0240,PatientID_0240_T1_to_T3_t1c,3,EIA-blend-0.90,0.2457724459192138,0.1401029446536076,0.3845923411053972,0.1805884421521509,0.2768509782712616,0.0039238369019332,0.3447347812650058,20029,42655,2.129661990114334,0.3333489626147773,0.2000112531937937,PASS,,shard3_attempt1,996d63d2f7ef590801341ec3f945cb2ce0e40c70c4ebdd2b479db41f7da6d3ae,99b4a6b1f4f046d6238f23efa4609bcf00a5a93a5c04614a19cab116460059cd,4f71ac8d25c1bfb343436fe4f16f1a5c79a4b416466cc43a02b304dbf00e5128,src/models/eia.py,2136540541c6d42e78a879ce83728886e644dfd3ace819d36766c1d7e5018dbd,996d63d2f7ef590801341ec3f945cb2ce0e40c70c4ebdd2b479db41f7da6d3ae,82730934288f233e80b9367b778c86f943d18fa4
PatientID_0240,PatientID_0240_T1_to_T3_t1c,3,EIA-blend-0.75,0.3208055982249531,0.191047324768255,0.5897709444618764,0.2203258703551752,0.3551816879076969,0.003060854537221,0.5142382220350904,15935,42655,2.6768120489488547,0.4363615051056575,0.2790680240598667,PASS,,shard3_attempt1,996d63d2f7ef590801341ec3f945cb2ce0e40c70c4ebdd2b479db41f7da6d3ae,99b4a6b1f4f046d6238f23efa4609bcf00a5a93a5c04614a19cab116460059cd,4f71ac8d25c1bfb343436fe4f16f1a5c79a4b416466cc43a02b304dbf00e5128,src/models/eia.py,2136540541c6d42e78a879ce83728886e644dfd3ace819d36766c1d7e5018dbd,996d63d2f7ef590801341ec3f945cb2ce0e40c70c4ebdd2b479db41f7da6d3ae,82730934288f233e80b9367b778c86f943d18fa4
PatientID_0240,PatientID_0240_T1_to_T3_t1c,3,EIA-morph,0.2294317152898206,0.1295808341712027,0.3321336532480227,0.1752432305708592,0.2294317152898206,0.0056239919354838,0.0621445865628649,22506,42655,1.8952723718119613,0.1814793107586276,0.0997950212185306,PASS,,shard3_attempt1,996d63d2f7ef590801341ec3f945cb2ce0e40c70c4ebdd2b479db41f7da6d3ae,99b4a6b1f4f046d6238f23efa4609bcf00a5a93a5c04614a19cab116460059cd,4f71ac8d25c1bfb343436fe4f16f1a5c79a4b416466cc43a02b304dbf00e5128,src/models/eia.py,2136540541c6d42e78a879ce83728886e644dfd3ace819d36766c1d7e5018dbd,996d63d2f7ef590801341ec3f945cb2ce0e40c70c4ebdd2b479db41f7da6d3ae,82730934288f233e80b9367b778c86f943d18fa4
PatientID_0240,PatientID_0240_T1_to_T3_t1c,3,Full PCC,0.5096994210484574,0.3420111541572651,0.7879843060323688,0.3766733091079592,0.3667966789293937,0.0032889412835264,0.4739698566396559,20390,42655,2.091956841589014,0.4913609190072517,0.3256981243597505,PASS,,shard3_attempt1,1ce4cc7063e01bf7896fcc87d293d33d187674a1b44868f4216da54e414f8597,99b4a6b1f4f046d6238f23efa4609bcf00a5a93a5c04614a19cab116460059cd,4f71ac8d25c1bfb343436fe4f16f1a5c79a4b416466cc43a02b304dbf00e5128,src/models/pcc.py,123122d313885dc1d5736a3ef0c2b739b84988a4c4e9f17137f25ef724a13dc4,1ce4cc7063e01bf7896fcc87d293d33d187674a1b44868f4216da54e414f8597,82730934288f233e80b9367b778c86f943d18fa4
PatientID_0240,PatientID_0240_T1_to_T3_t1c,3,No-smoothing PCC,0.6172792604552506,0.4464236651708032,0.9502412398265022,0.4571093658422225,0.4251101839183299,0.0027818954718795,0.6012950389334354,20519,42655,2.07880500999074,0.5485171726696927,0.3779012485362056,PASS,,shard3_attempt1,a98cff9de3cd973fac6fd4129a2a0437abb1490f192afe845d096994cd98b126,99b4a6b1f4f046d6238f23efa4609bcf00a5a93a5c04614a19cab116460059cd,4f71ac8d25c1bfb343436fe4f16f1a5c79a4b416466cc43a02b304dbf00e5128,src/analysis/internal_completion.py,d72550e520742f4fd2a3fe63f61d29804bdd17c303016b7e3a48452ae6cd62f9;123122d313885dc1d5736a3ef0c2b739b84988a4c4e9f17137f25ef724a13dc4,a98cff9de3cd973fac6fd4129a2a0437abb1490f192afe845d096994cd98b126,82730934288f233e80b9367b778c86f943d18fa4
PatientID_0242,PatientID_0242_T1_to_T3_t1c,3,Fixed,0.0032323232323232,0.0016187778227438,0.0016220600162206,0.4444444444444444,0.0004809092181418,0.0004705766876611,0.0014888952766478,2466,9,0.0036496350364963,5.5555552469135975e-08,5.5555552469135975e-08,PASS,,shard3_attempt1,1ce4cc7063e01bf7896fcc87d293d33d187674a1b44868f4216da54e414f8597,f374aff609879101945829f11c777da3595e0a5d8ee6e1a29104c352d4e60341,fb11e3b4801195bfda171df11124c62a29f8da0b57d0ef7803e6a9d26e83850a,src/models/pcc.py,123122d313885dc1d5736a3ef0c2b739b84988a4c4e9f17137f25ef724a13dc4,1ce4cc7063e01bf7896fcc87d293d33d187674a1b44868f4216da54e414f8597,82730934288f233e80b9367b778c86f943d18fa4
PatientID_0242,PatientID_0242_T1_to_T3_t1c,3,Naive,0.0032323232323232,0.0016187778227438,0.0016220600162206,0.4444444444444444,0.0014759745327207,0.0002198824045158,0.0014888952766478,2466,9,0.0036496350364963,5.5555552469135975e-08,5.5555552469135975e-08,PASS,,shard3_attempt1,55571640a310a07ad9308efdca53e052351467d1c3f7fa58b36754d53d564135,f374aff609879101945829f11c777da3595e0a5d8ee6e1a29104c352d4e60341,fb11e3b4801195bfda171df11124c62a29f8da0b57d0ef7803e6a9d26e83850a,src/models/naive_self_tightening.py,131759341c8cebad65044361f13f5ed778994c76eee669c99a818025b0a8c634,55571640a310a07ad9308efdca53e052351467d1c3f7fa58b36754d53d564135,82730934288f233e80b9367b778c86f943d18fa4
PatientID_0242,PatientID_0242_T1_to_T3_t1c,3,EIA-linear,0.0067372473532242,0.0033800096571704,0.0033832769453842,0.7777777777777778,0.0007358291382575,0.0003524083102988,0.0054222728363548,2069,9,0.0043499275012083,5.5555552469135975e-08,5.5555552469135975e-08,PASS,,shard3_attempt1,996d63d2f7ef590801341ec3f945cb2ce0e40c70c4ebdd2b479db41f7da6d3ae,f374aff609879101945829f11c777da3595e0a5d8ee6e1a29104c352d4e60341,fb11e3b4801195bfda171df11124c62a29f8da0b57d0ef7803e6a9d26e83850a,src/models/eia.py,2136540541c6d42e78a879ce83728886e644dfd3ace819d36766c1d7e5018dbd,996d63d2f7ef590801341ec3f945cb2ce0e40c70c4ebdd2b479db41f7da6d3ae,82730934288f233e80b9367b778c86f943d18fa4
PatientID_0242,PatientID_0242_T1_to_T3_t1c,3,EIA-blend-0.90,0.0063532401524777,0.0031867431485022,0.0031948881789137,0.5555555555555556,0.0005621694775299,0.0003818414239664,0.0033304034143754,1565,9,0.0057507987220447,5.5555552469135975e-08,5.5555552469135975e-08,PASS,,shard3_attempt1,996d63d2f7ef590801341ec3f945cb2ce0e40c70c4ebdd2b479db41f7da6d3ae,f374aff609879101945829f11c777da3595e0a5d8ee6e1a29104c352d4e60341,fb11e3b4801195bfda171df11124c62a29f8da0b57d0ef7803e6a9d26e83850a,src/models/eia.py,2136540541c6d42e78a879ce83728886e644dfd3ace819d36766c1d7e5018dbd,996d63d2f7ef590801341ec3f945cb2ce0e40c70c4ebdd2b479db41f7da6d3ae,82730934288f233e80b9367b778c86f943d18fa4
PatientID_0242,PatientID_0242_T1_to_T3_t1c,3,EIA-blend-0.75,0.0207468879668049,0.010482180293501,0.0105708245243128,0.5555555555555556,0.0007239996988028,0.0002663819947535,0.0251263684196017,473,9,0.0190274841437632,5.5555552469135975e-08,5.5555552469135975e-08,PASS,,shard3_attempt1,996d63d2f7ef590801341ec3f945cb2ce0e40c70c4ebdd2b479db41f7da6d3ae,f374aff609879101945829f11c777da3595e0a5d8ee6e1a29104c352d4e60341,fb11e3b4801195bfda171df11124c62a29f8da0b57d0ef7803e6a9d26e83850a,src/models/eia.py,2136540541c6d42e78a879ce83728886e644dfd3ace819d36766c1d7e5018dbd,996d63d2f7ef590801341ec3f945cb2ce0e40c70c4ebdd2b479db41f7da6d3ae,82730934288f233e80b9367b778c86f943d18fa4
PatientID_0242,PatientID_0242_T1_to_T3_t1c,3,EIA-morph,0.0019493177387914,0.0009756097560975,0.0009789525208027,0.2222222222222222,0.0019493177387914,0.0002293906810035,0.000218329054802,2043,9,0.0044052863436123,5.5555552469135975e-08,5.5555552469135975e-08,PASS,,shard3_attempt1,996d63d2f7ef590801341ec3f945cb2ce0e40c70c4ebdd2b479db41f7da6d3ae,f374aff609879101945829f11c777da3595e0a5d8ee6e1a29104c352d4e60341,fb11e3b4801195bfda171df11124c62a29f8da0b57d0ef7803e6a9d26e83850a,src/models/eia.py,2136540541c6d42e78a879ce83728886e644dfd3ace819d36766c1d7e5018dbd,996d63d2f7ef590801341ec3f945cb2ce0e40c70c4ebdd2b479db41f7da6d3ae,82730934288f233e80b9367b778c86f943d18fa4
PatientID_0242,PatientID_0242_T1_to_T3_t1c,3,Full PCC,0.0066889632107023,0.0033557046979865,0.0034482758620689,0.1111111111111111,0.0005773958805036,0.0002028586880725,0.0052792246346308,290,9,0.0310344827586206,5.5555552469135975e-08,5.5555552469135975e-08,PASS,,shard3_attempt1,1ce4cc7063e01bf7896fcc87d293d33d187674a1b44868f4216da54e414f8597,f374aff609879101945829f11c777da3595e0a5d8ee6e1a29104c352d4e60341,fb11e3b4801195bfda171df11124c62a29f8da0b57d0ef7803e6a9d26e83850a,src/models/pcc.py,123122d313885dc1d5736a3ef0c2b739b84988a4c4e9f17137f25ef724a13dc4,1ce4cc7063e01bf7896fcc87d293d33d187674a1b44868f4216da54e414f8597,82730934288f233e80b9367b778c86f943d18fa4
PatientID_0242,PatientID_0242_T1_to_T3_t1c,3,No-smoothing PCC,0.5142857142857142,0.3461538461538461,0.3461538461538461,1.0,0.0011092914364798,0.0001665946954382,1.0,26,9,0.3461538461538461,1.0,1.0,PASS,,shard3_attempt1,a98cff9de3cd973fac6fd4129a2a0437abb1490f192afe845d096994cd98b126,f374aff609879101945829f11c777da3595e0a5d8ee6e1a29104c352d4e60341,fb11e3b4801195bfda171df11124c62a29f8da0b57d0ef7803e6a9d26e83850a,src/analysis/internal_completion.py,d72550e520742f4fd2a3fe63f61d29804bdd17c303016b7e3a48452ae6cd62f9;123122d313885dc1d5736a3ef0c2b739b84988a4c4e9f17137f25ef724a13dc4,a98cff9de3cd973fac6fd4129a2a0437abb1490f192afe845d096994cd98b126,82730934288f233e80b9367b778c86f943d18fa4
PatientID_0249,PatientID_0249_T1_to_T3_t1c,3,Fixed,0.1467972827196128,0.079212749555559,0.1014384720767185,0.2655310621242485,0.123399818796322,0.0048119427617506,0.0652713674828286,49636,18962,0.3820211137077927,0.1168653095897884,0.0620589223966041,PASS,,shard3_attempt1,1ce4cc7063e01bf7896fcc87d293d33d187674a1b44868f4216da54e414f8597,5a8a4dc2b440ab73d3264a9b220d08c35fc5040b2ba0b1eece29114c40dbc81a,10100646b1a305160ab0a844d534a6d3b41042a5a52a45f5098632e2771119f3,src/models/pcc.py,123122d313885dc1d5736a3ef0c2b739b84988a4c4e9f17137f25ef724a13dc4,1ce4cc7063e01bf7896fcc87d293d33d187674a1b44868f4216da54e414f8597,82730934288f233e80b9367b778c86f943d18fa4
PatientID_0249,PatientID_0249_T1_to_T3_t1c,3,Naive,0.1467972827196128,0.079212749555559,0.1014384720767185,0.2655310621242485,0.1395339668336202,0.0054223160944454,0.0649674660671463,49636,18962,0.3820211137077927,0.1168653095897884,0.0620589223966041,PASS,,shard3_attempt1,55571640a310a07ad9308efdca53e052351467d1c3f7fa58b36754d53d564135,5a8a4dc2b440ab73d3264a9b220d08c35fc5040b2ba0b1eece29114c40dbc81a,10100646b1a305160ab0a844d534a6d3b41042a5a52a45f5098632e2771119f3,src/models/naive_self_tightening.py,131759341c8cebad65044361f13f5ed778994c76eee669c99a818025b0a8c634,55571640a310a07ad9308efdca53e052351467d1c3f7fa58b36754d53d564135,82730934288f233e80b9367b778c86f943d18fa4
PatientID_0249,PatientID_0249_T1_to_T3_t1c,3,EIA-linear,0.1738903923242789,0.0952245098505381,0.1198268812700692,0.31684421474528,0.1914964040108425,0.0042365805026951,0.1402085643829987,50139,18962,0.3781886355930513,0.1416517245242682,0.0762245303627837,PASS,,shard3_attempt1,996d63d2f7ef590801341ec3f945cb2ce0e40c70c4ebdd2b479db41f7da6d3ae,5a8a4dc2b440ab73d3264a9b220d08c35fc5040b2ba0b1eece29114c40dbc81a,10100646b1a305160ab0a844d534a6d3b41042a5a52a45f5098632e2771119f3,src/models/eia.py,2136540541c6d42e78a879ce83728886e644dfd3ace819d36766c1d7e5018dbd,996d63d2f7ef590801341ec3f945cb2ce0e40c70c4ebdd2b479db41f7da6d3ae,82730934288f233e80b9367b778c86f943d18fa4
PatientID_0249,PatientID_0249_T1_to_T3_t1c,3,EIA-blend-0.90,0.1605474280320906,0.0872800041048796,0.1143965208034433,0.2691171817318848,0.1505460424515275,0.0040016929416273,0.1384722197240999,44608,18962,0.4250807030129125,0.14776922267831,0.0797790558886231,PASS,,shard3_attempt1,996d63d2f7ef590801341ec3f945cb2ce0e40c70c4ebdd2b479db41f7da6d3ae,5a8a4dc2b440ab73d3264a9b220d08c35fc5040b2ba0b1eece29114c40dbc81a,10100646b1a305160ab0a844d534a6d3b41042a5a52a45f5098632e2771119f3,src/models/eia.py,2136540541c6d42e78a879ce83728886e644dfd3ace819d36766c1d7e5018dbd,996d63d2f7ef590801341ec3f945cb2ce0e40c70c4ebdd2b479db41f7da6d3ae,82730934288f233e80b9367b778c86f943d18fa4
PatientID_0249,PatientID_0249_T1_to_T3_t1c,3,EIA-blend-0.75,0.2059229464884262,0.1147793212590117,0.1644413654112608,0.2753928910452484,0.1974694537029757,0.0029444163914948,0.2206155937918008,31756,18962,0.5971155057312004,0.2126357979323743,0.1189661277257474,PASS,,shard3_attempt1,996d63d2f7ef590801341ec3f945cb2ce0e40c70c4ebdd2b479db41f7da6d3ae,5a8a4dc2b440ab73d3264a9b220d08c35fc5040b2ba0b1eece29114c40dbc81a,10100646b1a305160ab0a844d534a6d3b41042a5a52a45f5098632e2771119f3,src/models/eia.py,2136540541c6d42e78a879ce83728886e644dfd3ace819d36766c1d7e5018dbd,996d63d2f7ef590801341ec3f945cb2ce0e40c70c4ebdd2b479db41f7da6d3ae,82730934288f233e80b9367b778c86f943d18fa4
PatientID_0249,PatientID_0249_T1_to_T3_t1c,3,EIA-morph,0.1449279518245035,0.0781252415328252,0.09952149341315,0.2665330661322645,0.1449279518245035,0.0066797715053763,0.0280835644843935,50783,18962,0.3733926707756532,0.0877544563050375,0.0458907887742446,PASS,,shard3_attempt1,996d63d2f7ef590801341ec3f945cb2ce0e40c70c4ebdd2b479db41f7da6d3ae,5a8a4dc2b440ab73d3264a9b220d08c35fc5040b2ba0b1eece29114c40dbc81a,10100646b1a305160ab0a844d534a6d3b41042a5a52a45f5098632e2771119f3,src/models/eia.py,2136540541c6d42e78a879ce83728886e644dfd3ace819d36766c1d7e5018dbd,996d63d2f7ef590801341ec3f945cb2ce0e40c70c4ebdd2b479db41f7da6d3ae,82730934288f233e80b9367b778c86f943d18fa4
PatientID_0249,PatientID_0249_T1_to_T3_t1c,3,Full PCC,0.351964106725216,0.2135658016682113,0.3214472537053182,0.3888830292163274,0.2042088430149609,0.0028222457320386,0.1918911962879032,22940,18962,0.8265911072362685,0.3528108849448156,0.2141896651336944,PASS,,shard3_attempt1,1ce4cc7063e01bf7896fcc87d293d33d187674a1b44868f4216da54e414f8597,5a8a4dc2b440ab73d3264a9b220d08c35fc5040b2ba0b1eece29114c40dbc81a,10100646b1a305160ab0a844d534a6d3b41042a5a52a45f5098632e2771119f3,src/models/pcc.py,123122d313885dc1d5736a3ef0c2b739b84988a4c4e9f17137f25ef724a13dc4,1ce4cc7063e01bf7896fcc87d293d33d187674a1b44868f4216da54e414f8597,82730934288f233e80b9367b778c86f943d18fa4
PatientID_0249,PatientID_0249_T1_to_T3_t1c,3,No-smoothing PCC,0.5225324694191824,0.3536676499508357,0.5818181818181818,0.4742115810568505,0.2549410454120781,0.0021793444873155,0.359818795255194,15455,18962,1.2269168553866063,0.5012656892864343,0.3344593406054238,PASS,,shard3_attempt1,a98cff9de3cd973fac6fd4129a2a0437abb1490f192afe845d096994cd98b126,5a8a4dc2b440ab73d3264a9b220d08c35fc5040b2ba0b1eece29114c40dbc81a,10100646b1a305160ab0a844d534a6d3b41042a5a52a45f5098632e2771119f3,src/analysis/internal_completion.py,d72550e520742f4fd2a3fe63f61d29804bdd17c303016b7e3a48452ae6cd62f9;123122d313885dc1d5736a3ef0c2b739b84988a4c4e9f17137f25ef724a13dc4,a98cff9de3cd973fac6fd4129a2a0437abb1490f192afe845d096994cd98b126,82730934288f233e80b9367b778c86f943d18fa4
PatientID_0250,PatientID_0250_T1_to_T2_t1c,3,Fixed,0.2219193592351079,0.124808377160916,0.1351793195054664,0.6193095377413692,0.1732978681560777,0.0030054927344196,0.1517193181241375,39148,8545,0.2182742413405538,0.1959040374958511,0.10858847955964,PASS,,shard3_attempt1,1ce4cc7063e01bf7896fcc87d293d33d187674a1b44868f4216da54e414f8597,0eb46db26565bd91a85f26d15d1516491c845b04243661a4785ac7073f48d846,e3dd6ba20901d0e3b776f019204b95fbb8aebff01ae6938f153fa57994aa8cff,src/models/pcc.py,123122d313885dc1d5736a3ef0c2b739b84988a4c4e9f17137f25ef724a13dc4,1ce4cc7063e01bf7896fcc87d293d33d187674a1b44868f4216da54e414f8597,82730934288f233e80b9367b778c86f943d18fa4
PatientID_0250,PatientID_0250_T1_to_T2_t1c,3,Naive,0.2219193592351079,0.124808377160916,0.1351793195054664,0.6193095377413692,0.21071184824694,0.003452755028526,0.1518021553962082,39148,8545,0.2182742413405538,0.1959040374958511,0.10858847955964,PASS,,shard3_attempt1,55571640a310a07ad9308efdca53e052351467d1c3f7fa58b36754d53d564135,0eb46db26565bd91a85f26d15d1516491c845b04243661a4785ac7073f48d846,e3dd6ba20901d0e3b776f019204b95fbb8aebff01ae6938f153fa57994aa8cff,src/models/naive_self_tightening.py,131759341c8cebad65044361f13f5ed778994c76eee669c99a818025b0a8c634,55571640a310a07ad9308efdca53e052351467d1c3f7fa58b36754d53d564135,82730934288f233e80b9367b778c86f943d18fa4
PatientID_0250,PatientID_0250_T1_to_T2_t1c,3,EIA-linear,0.2549132577939952,0.146074834922964,0.1558797432016284,0.6990052662375659,0.1964656445598635,0.0028058977986101,0.1910561096942908,38318,8545,0.2230022443760112,0.2200117027957863,0.1236028928912818,PASS,,shard3_attempt1,996d63d2f7ef590801341ec3f945cb2ce0e40c70c4ebdd2b479db41f7da6d3ae,0eb46db26565bd91a85f26d15d1516491c845b04243661a4785ac7073f48d846,e3dd6ba20901d0e3b776f019204b95fbb8aebff01ae6938f153fa57994aa8cff,src/models/eia.py,2136540541c6d42e78a879ce83728886e644dfd3ace819d36766c1d7e5018dbd,996d63d2f7ef590801341ec3f945cb2ce0e40c70c4ebdd2b479db41f7da6d3ae,82730934288f233e80b9367b778c86f943d18fa4
PatientID_0250,PatientID_0250_T1_to_T2_t1c,3,EIA-blend-0.90,0.2399423670051104,0.136326426195958,0.1485476947092602,0.6236395552954944,0.1842590584877992,0.0024927130549678,0.2843414431943348,35874,8545,0.2381947928862128,0.2458747806175614,0.1401694576596057,PASS,,shard3_attempt1,996d63d2f7ef590801341ec3f945cb2ce0e40c70c4ebdd2b479db41f7da6d3ae,0eb46db26565bd91a85f26d15d1516491c845b04243661a4785ac7073f48d846,e3dd6ba20901d0e3b776f019204b95fbb8aebff01ae6938f153fa57994aa8cff,src/models/eia.py,2136540541c6d42e78a879ce83728886e644dfd3ace819d36766c1d7e5018dbd,996d63d2f7ef590801341ec3f945cb2ce0e40c70c4ebdd2b479db41f7da6d3ae,82730934288f233e80b9367b778c86f943d18fa4
PatientID_0250,PatientID_0250_T1_to_T2_t1c,3,EIA-blend-0.75,0.2891566265060241,0.1690140845070422,0.1872217044630837,0.6347571679344646,0.2041134718276289,0.0018272993859891,0.4269886240157816,28971,8545,0.2949501225363294,0.3648917495983094,0.2231606069837417,PASS,,shard3_attempt1,996d63d2f7ef590801341ec3f945cb2ce0e40c70c4ebdd2b479db41f7da6d3ae,0eb46db26565bd91a85f26d15d1516491c845b04243661a4785ac7073f48d846,e3dd6ba20901d0e3b776f019204b95fbb8aebff01ae6938f153fa57994aa8cff,src/models/eia.py,2136540541c6d42e78a879ce83728886e644dfd3ace819d36766c1d7e5018dbd,996d63d2f7ef590801341ec3f945cb2ce0e40c70c4ebdd2b479db41f7da6d3ae,82730934288f233e80b9367b778c86f943d18fa4
PatientID_0250,PatientID_0250_T1_to_T2_t1c,3,EIA-morph,0.2339270531295646,0.132456053723089,0.1437412924659736,0.6278525453481568,0.2339270531295646,0.0039358198924731,0.0906045191420943,37324,8545,0.2289411638623941,0.1595084845430363,0.0866662428252898,PASS,,shard3_attempt1,996d63d2f7ef590801341ec3f945cb2ce0e40c70c4ebdd2b479db41f7da6d3ae,0eb46db26565bd91a85f26d15d1516491c845b04243661a4785ac7073f48d846,e3dd6ba20901d0e3b776f019204b95fbb8aebff01ae6938f153fa57994aa8cff,src/models/eia.py,2136540541c6d42e78a879ce83728886e644dfd3ace819d36766c1d7e5018dbd,996d63d2f7ef590801341ec3f945cb2ce0e40c70c4ebdd2b479db41f7da6d3ae,82730934288f233e80b9367b778c86f943d18fa4
PatientID_0250,PatientID_0250_T1_to_T2_t1c,3,Full PCC,0.4024216759850464,0.2518948022364878,0.2805091781200996,0.7117612638970158,0.2402296132483508,0.0016520224513271,0.3375569263157307,21682,8545,0.3941057098053685,0.3530719719512538,0.2143821502725515,PASS,,shard3_attempt1,1ce4cc7063e01bf7896fcc87d293d33d187674a1b44868f4216da54e414f8597,0eb46db26565bd91a85f26d15d1516491c845b04243661a4785ac7073f48d846,e3dd6ba20901d0e3b776f019204b95fbb8aebff01ae6938f153fa57994aa8cff,src/models/pcc.py,123122d313885dc1d5736a3ef0c2b739b84988a4c4e9f17137f25ef724a13dc4,1ce4cc7063e01bf7896fcc87d293d33d187674a1b44868f4216da54e414f8597,82730934288f233e80b9367b778c86f943d18fa4
PatientID_0250,PatientID_0250_T1_to_T2_t1c,3,No-smoothing PCC,0.6853664765472035,0.5213365278767079,0.5385644524717372,0.9421884142773552,0.3148401203774701,0.0010192858283587,0.7259069562885878,14949,8545,0.5716101411465649,0.6651843183343953,0.4983342101088607,PASS,,shard3_attempt1,a98cff9de3cd973fac6fd4129a2a0437abb1490f192afe845d096994cd98b126,0eb46db26565bd91a85f26d15d1516491c845b04243661a4785ac7073f48d846,e3dd6ba20901d0e3b776f019204b95fbb8aebff01ae6938f153fa57994aa8cff,src/analysis/internal_completion.py,d72550e520742f4fd2a3fe63f61d29804bdd17c303016b7e3a48452ae6cd62f9;123122d313885dc1d5736a3ef0c2b739b84988a4c4e9f17137f25ef724a13dc4,a98cff9de3cd973fac6fd4129a2a0437abb1490f192afe845d096994cd98b126,82730934288f233e80b9367b778c86f943d18fa4
PatientID_0251,PatientID_0251_T1_to_T2_t1c,3,Fixed,0.4949677982752974,0.328875221213264,0.5398609391370607,0.4569677913492159,0.3689981169047241,0.0020585630732533,0.489967791339661,20998,24807,1.181398228402705,0.4982867739045776,0.3318122030619866,PASS,,shard3_attempt1,1ce4cc7063e01bf7896fcc87d293d33d187674a1b44868f4216da54e414f8597,ef0c96abc7a3a6c7969782f417f0e147636958f9c5cfe715a5cad9b37ff00cc3,9fcd079871a9fbfc37aa15400eb826369ea37ab83dfa8592939e8b99bb08a6ba,src/models/pcc.py,123122d313885dc1d5736a3ef0c2b739b84988a4c4e9f17137f25ef724a13dc4,1ce4cc7063e01bf7896fcc87d293d33d187674a1b44868f4216da54e414f8597,82730934288f233e80b9367b778c86f943d18fa4
PatientID_0251,PatientID_0251_T1_to_T2_t1c,3,Naive,0.4949677982752974,0.328875221213264,0.5398609391370607,0.4569677913492159,0.4602418294747175,0.0021153032661119,0.4899636641833459,20998,24807,1.181398228402705,0.4982867739045776,0.3318122030619866,PASS,,shard3_attempt1,55571640a310a07ad9308efdca53e052351467d1c3f7fa58b36754d53d564135,ef0c96abc7a3a6c7969782f417f0e147636958f9c5cfe715a5cad9b37ff00cc3,9fcd079871a9fbfc37aa15400eb826369ea37ab83dfa8592939e8b99bb08a6ba,src/models/naive_self_tightening.py,131759341c8cebad65044361f13f5ed778994c76eee669c99a818025b0a8c634,55571640a310a07ad9308efdca53e052351467d1c3f7fa58b36754d53d564135,82730934288f233e80b9367b778c86f943d18fa4
PatientID_0251,PatientID_0251_T1_to_T2_t1c,3,EIA-linear,0.5683568211535668,0.3969961436979907,0.5857790707623856,0.5519409843995646,0.4392597448275214,0.0016469070937136,0.628481649999351,23374,24807,1.0613074356122187,0.5737493449515509,0.4022780588620367,PASS,,shard3_attempt1,996d63d2f7ef590801341ec3f945cb2ce0e40c70c4ebdd2b479db41f7da6d3ae,ef0c96abc7a3a6c7969782f417f0e147636958f9c5cfe715a5cad9b37ff00cc3,9fcd079871a9fbfc37aa15400eb826369ea37ab83dfa8592939e8b99bb08a6ba,src/models/eia.py,2136540541c6d42e78a879ce83728886e644dfd3ace819d36766c1d7e5018dbd,996d63d2f7ef590801341ec3f945cb2ce0e40c70c4ebdd2b479db41f7da6d3ae,82730934288f233e80b9367b778c86f943d18fa4
PatientID_0251,PatientID_0251_T1_to_T2_t1c,3,EIA-blend-0.90,0.5232874862120973,0.354359756097561,0.5925265089722676,0.4685371064618857,0.3925364446685036,0.0018020089284139,0.5732879908708006,19616,24807,1.2646309135399674,0.538920466006794,0.3688508760003076,PASS,,shard3_attempt1,996d63d2f7ef590801341ec3f945cb2ce0e40c70c4ebdd2b479db41f7da6d3ae,ef0c96abc7a3a6c7969782f417f0e147636958f9c5cfe715a5cad9b37ff00cc3,9fcd079871a9fbfc37aa15400eb826369ea37ab83dfa8592939e8b99bb08a6ba,src/models/eia.py,2136540541c6d42e78a879ce83728886e644dfd3ace819d36766c1d7e5018dbd,996d63d2f7ef590801341ec3f945cb2ce0e40c70c4ebdd2b479db41f7da6d3ae,82730934288f233e80b9367b778c86f943d18fa4
PatientID_0251,PatientID_0251_T1_to_T2_t1c,3,EIA-blend-0.75,0.5886768995361736,0.4171099440962222,0.7233680004700629,0.4962712137703067,0.4293644870657532,0.0014674158008809,0.6929083243565489,17019,24807,1.457606204829896,0.6037811908009074,0.432440235609411,PASS,,shard3_attempt1,996d63d2f7ef590801341ec3f945cb2ce0e40c70c4ebdd2b479db41f7da6d3ae,ef0c96abc7a3a6c7969782f417f0e147636958f9c5cfe715a5cad9b37ff00cc3,9fcd079871a9fbfc37aa15400eb826369ea37ab83dfa8592939e8b99bb08a6ba,src/models/eia.py,2136540541c6d42e78a879ce83728886e644dfd3ace819d36766c1d7e5018dbd,996d63d2f7ef590801341ec3f945cb2ce0e40c70c4ebdd2b479db41f7da6d3ae,82730934288f233e80b9367b778c86f943d18fa4
PatientID_0251,PatientID_0251_T1_to_T2_t1c,3,EIA-morph,0.5020019148750979,0.3351151913076319,0.5454158589058584,0.4649897206433668,0.5020019148750979,0.0025633960573476,0.255099327006882,21149,24807,1.1729632606742637,0.4649897206541502,0.302922870892016,PASS,,shard3_attempt1,996d63d2f7ef590801341ec3f945cb2ce0e40c70c4ebdd2b479db41f7da6d3ae,ef0c96abc7a3a6c7969782f417f0e147636958f9c5cfe715a5cad9b37ff00cc3,9fcd079871a9fbfc37aa15400eb826369ea37ab83dfa8592939e8b99bb08a6ba,src/models/eia.py,2136540541c6d42e78a879ce83728886e644dfd3ace819d36766c1d7e5018dbd,996d63d2f7ef590801341ec3f945cb2ce0e40c70c4ebdd2b479db41f7da6d3ae,82730934288f233e80b9367b778c86f943d18fa4
PatientID_0251,PatientID_0251_T1_to_T2_t1c,3,Full PCC,0.7166169743041173,0.5583812158615308,0.8229482488238369,0.6346192606925465,0.4867689542332378,0.001310800840245,0.7365044410333703,19130,24807,1.296759017250392,0.7193534083178266,0.5617111020314863,PASS,,shard3_attempt1,1ce4cc7063e01bf7896fcc87d293d33d187674a1b44868f4216da54e414f8597,ef0c96abc7a3a6c7969782f417f0e147636958f9c5cfe715a5cad9b37ff00cc3,9fcd079871a9fbfc37aa15400eb826369ea37ab83dfa8592939e8b99bb08a6ba,src/models/pcc.py,123122d313885dc1d5736a3ef0c2b739b84988a4c4e9f17137f25ef724a13dc4,1ce4cc7063e01bf7896fcc87d293d33d187674a1b44868f4216da54e414f8597,82730934288f233e80b9367b778c86f943d18fa4
PatientID_0251,PatientID_0251_T1_to_T2_t1c,3,No-smoothing PCC,0.8636720766830539,0.7600553141050967,0.97451874366768,0.7754666021687427,0.5704683344948935,0.000857980119666,0.8798160781647935,19740,24807,1.2566869300911854,0.8401257709549699,0.7243248879253353,PASS,,shard3_attempt1,a98cff9de3cd973fac6fd4129a2a0437abb1490f192afe845d096994cd98b126,ef0c96abc7a3a6c7969782f417f0e147636958f9c5cfe715a5cad9b37ff00cc3,9fcd079871a9fbfc37aa15400eb826369ea37ab83dfa8592939e8b99bb08a6ba,src/analysis/internal_completion.py,d72550e520742f4fd2a3fe63f61d29804bdd17c303016b7e3a48452ae6cd62f9;123122d313885dc1d5736a3ef0c2b739b84988a4c4e9f17137f25ef724a13dc4,a98cff9de3cd973fac6fd4129a2a0437abb1490f192afe845d096994cd98b126,82730934288f233e80b9367b778c86f943d18fa4
PatientID_0252,PatientID_0252_T1_to_T2_t1c,3,Fixed,0.2400455683955087,0.1363930588683863,0.1509889570552147,0.585222949322782,0.2090766087552134,0.0074345279235354,0.1507080023413946,101875,26284,0.2580024539877301,0.1864632476185804,0.1028174628337672,PASS,,shard3_attempt1,1ce4cc7063e01bf7896fcc87d293d33d187674a1b44868f4216da54e414f8597,d5b9a9396728a2f48092a009d6594d015cc78341462ef0869cce329b10a74f4a,ac216ea7ea5956856fa02fd165a59b91dda9305e949298ac9a4daa2a1d6209e4,src/models/pcc.py,123122d313885dc1d5736a3ef0c2b739b84988a4c4e9f17137f25ef724a13dc4,1ce4cc7063e01bf7896fcc87d293d33d187674a1b44868f4216da54e414f8597,82730934288f233e80b9367b778c86f943d18fa4
PatientID_0252,PatientID_0252_T1_to_T2_t1c,3,Naive,0.2400455683955087,0.1363930588683863,0.1509889570552147,0.585222949322782,0.2335440163779951,0.0087873356826996,0.1507888642386967,101875,26284,0.2580024539877301,0.1864632476185804,0.1028174628337672,PASS,,shard3_attempt1,55571640a310a07ad9308efdca53e052351467d1c3f7fa58b36754d53d564135,d5b9a9396728a2f48092a009d6594d015cc78341462ef0869cce329b10a74f4a,ac216ea7ea5956856fa02fd165a59b91dda9305e949298ac9a4daa2a1d6209e4,src/models/naive_self_tightening.py,131759341c8cebad65044361f13f5ed778994c76eee669c99a818025b0a8c634,55571640a310a07ad9308efdca53e052351467d1c3f7fa58b36754d53d564135,82730934288f233e80b9367b778c86f943d18fa4
PatientID_0252,PatientID_0252_T1_to_T2_t1c,3,EIA-linear,0.2650928674153178,0.1527994567757524,0.1659038682497127,0.6592223405874296,0.2253882772153786,0.0072932882533314,0.1766468776934678,104440,26284,0.2516660283416315,0.2032034698066656,0.1130920871723147,PASS,,shard3_attempt1,996d63d2f7ef590801341ec3f945cb2ce0e40c70c4ebdd2b479db41f7da6d3ae,d5b9a9396728a2f48092a009d6594d015cc78341462ef0869cce329b10a74f4a,ac216ea7ea5956856fa02fd165a59b91dda9305e949298ac9a4daa2a1d6209e4,src/models/eia.py,2136540541c6d42e78a879ce83728886e644dfd3ace819d36766c1d7e5018dbd,996d63d2f7ef590801341ec3f945cb2ce0e40c70c4ebdd2b479db41f7da6d3ae,82730934288f233e80b9367b778c86f943d18fa4
PatientID_0252,PatientID_0252_T1_to_T2_t1c,3,EIA-blend-0.90,0.2554415332160691,0.1464218815703964,0.16355833591323,0.5829021457921169,0.2183474098229298,0.0062399116846484,0.2456308387621935,93673,26284,0.2805931271551034,0.2332978237857004,0.1320527177377023,PASS,,shard3_attempt1,996d63d2f7ef590801341ec3f945cb2ce0e40c70c4ebdd2b479db41f7da6d3ae,d5b9a9396728a2f48092a009d6594d015cc78341462ef0869cce329b10a74f4a,ac216ea7ea5956856fa02fd165a59b91dda9305e949298ac9a4daa2a1d6209e4,src/models/eia.py,2136540541c6d42e78a879ce83728886e644dfd3ace819d36766c1d7e5018dbd,996d63d2f7ef590801341ec3f945cb2ce0e40c70c4ebdd2b479db41f7da6d3ae,82730934288f233e80b9367b778c86f943d18fa4
PatientID_0252,PatientID_0252_T1_to_T2_t1c,3,EIA-blend-0.75,0.3101374923045352,0.1835282402516181,0.2123328088119591,0.5749885862121442,0.2346462076914659,0.0046951934568052,0.3396217824361363,71176,26284,0.3692817803754074,0.3161999695762403,0.1877895022439887,PASS,,shard3_attempt1,996d63d2f7ef590801341ec3f945cb2ce0e40c70c4ebdd2b479db41f7da6d3ae,d5b9a9396728a2f48092a009d6594d015cc78341462ef0869cce329b10a74f4a,ac216ea7ea5956856fa02fd165a59b91dda9305e949298ac9a4daa2a1d6209e4,src/models/eia.py,2136540541c6d42e78a879ce83728886e644dfd3ace819d36766c1d7e5018dbd,996d63d2f7ef590801341ec3f945cb2ce0e40c70c4ebdd2b479db41f7da6d3ae,82730934288f233e80b9367b778c86f943d18fa4
PatientID_0252,PatientID_0252_T1_to_T2_t1c,3,EIA-morph,0.2361313451050684,0.133871274626814,0.1476707911582602,0.5889134073961345,0.2361313451050684,0.0112171818996415,0.0881755462490911,104821,26284,0.2507512807548105,0.167668543616503,0.0915055750692156,PASS,,shard3_attempt1,996d63d2f7ef590801341ec3f945cb2ce0e40c70c4ebdd2b479db41f7da6d3ae,d5b9a9396728a2f48092a009d6594d015cc78341462ef0869cce329b10a74f4a,ac216ea7ea5956856fa02fd165a59b91dda9305e949298ac9a4daa2a1d6209e4,src/models/eia.py,2136540541c6d42e78a879ce83728886e644dfd3ace819d36766c1d7e5018dbd,996d63d2f7ef590801341ec3f945cb2ce0e40c70c4ebdd2b479db41f7da6d3ae,82730934288f233e80b9367b778c86f943d18fa4
PatientID_0252,PatientID_0252_T1_to_T2_t1c,3,Full PCC,0.4561272316957549,0.2954435372266814,0.351398061848034,0.649786942626693,0.2848727814072136,0.0040277607556987,0.3068279566197878,48603,26284,0.540789663189515,0.3799269517695189,0.234512235234735,PASS,,shard3_attempt1,1ce4cc7063e01bf7896fcc87d293d33d187674a1b44868f4216da54e414f8597,d5b9a9396728a2f48092a009d6594d015cc78341462ef0869cce329b10a74f4a,ac216ea7ea5956856fa02fd165a59b91dda9305e949298ac9a4daa2a1d6209e4,src/models/pcc.py,123122d313885dc1d5736a3ef0c2b739b84988a4c4e9f17137f25ef724a13dc4,1ce4cc7063e01bf7896fcc87d293d33d187674a1b44868f4216da54e414f8597,82730934288f233e80b9367b778c86f943d18fa4
PatientID_0252,PatientID_0252_T1_to_T2_t1c,3,No-smoothing PCC,0.7054868857401266,0.5449824169170219,0.5842071100459357,0.8903134987064374,0.3747050454993931,0.0026938248020003,0.6271750669198396,40056,26284,0.6561813461154384,0.6419114290130514,0.4726580009112321,PASS,,shard3_attempt1,a98cff9de3cd973fac6fd4129a2a0437abb1490f192afe845d096994cd98b126,d5b9a9396728a2f48092a009d6594d015cc78341462ef0869cce329b10a74f4a,ac216ea7ea5956856fa02fd165a59b91dda9305e949298ac9a4daa2a1d6209e4,src/analysis/internal_completion.py,d72550e520742f4fd2a3fe63f61d29804bdd17c303016b7e3a48452ae6cd62f9;123122d313885dc1d5736a3ef0c2b739b84988a4c4e9f17137f25ef724a13dc4,a98cff9de3cd973fac6fd4129a2a0437abb1490f192afe845d096994cd98b126,82730934288f233e80b9367b778c86f943d18fa4
PatientID_0254,PatientID_0254_T1_to_T2_t1c,3,Fixed,0.0679988635287432,0.0351960784313725,0.0355656825837131,0.7720430107526882,0.0336004826177042,0.0009189239579398,0.0868531061259818,10094,465,0.0460669704775113,0.1139784955763672,0.0604332963963132,PASS,,shard3_attempt1,1ce4cc7063e01bf7896fcc87d293d33d187674a1b44868f4216da54e414f8597,70e459bd249634b0f5f28d265107365a80515b287f0769cdd407903fbfacf2df,1ac686d49f5cd843d33d5df015b595a818d2819dbd554c7f3ddcbe09ea39bab7,src/models/pcc.py,123122d313885dc1d5736a3ef0c2b739b84988a4c4e9f17137f25ef724a13dc4,1ce4cc7063e01bf7896fcc87d293d33d187674a1b44868f4216da54e414f8597,82730934288f233e80b9367b778c86f943d18fa4
PatientID_0254,PatientID_0254_T1_to_T2_t1c,3,Naive,0.0679988635287432,0.0351960784313725,0.0355656825837131,0.7720430107526882,0.057613954308683,0.0008883107424811,0.0879306522569574,10094,465,0.0460669704775113,0.111827957944271,0.0592255135999709,PASS,,shard3_attempt1,55571640a310a07ad9308efdca53e052351467d1c3f7fa58b36754d53d564135,70e459bd249634b0f5f28d265107365a80515b287f0769cdd407903fbfacf2df,1ac686d49f5cd843d33d5df015b595a818d2819dbd554c7f3ddcbe09ea39bab7,src/models/naive_self_tightening.py,131759341c8cebad65044361f13f5ed778994c76eee669c99a818025b0a8c634,55571640a310a07ad9308efdca53e052351467d1c3f7fa58b36754d53d564135,82730934288f233e80b9367b778c86f943d18fa4
PatientID_0254,PatientID_0254_T1_to_T2_t1c,3,EIA-linear,0.08138179506199,0.0424168783828565,0.0427998216674097,0.8258064516129032,0.0405215329283942,0.0007945587359211,0.1003075664210068,8972,465,0.0518279090503789,0.1225806461047519,0.0652920972906161,PASS,,shard3_attempt1,996d63d2f7ef590801341ec3f945cb2ce0e40c70c4ebdd2b479db41f7da6d3ae,70e459bd249634b0f5f28d265107365a80515b287f0769cdd407903fbfacf2df,1ac686d49f5cd843d33d5df015b595a818d2819dbd554c7f3ddcbe09ea39bab7,src/models/eia.py,2136540541c6d42e78a879ce83728886e644dfd3ace819d36766c1d7e5018dbd,996d63d2f7ef590801341ec3f945cb2ce0e40c70c4ebdd2b479db41f7da6d3ae,82730934288f233e80b9367b778c86f943d18fa4
PatientID_0254,PatientID_0254_T1_to_T2_t1c,3,EIA-blend-0.90,0.0796129316032548,0.0414567109482363,0.0419515586974156,0.7784946236559139,0.0361165774895883,0.0007516672002574,0.4255447418246918,8629,465,0.053888051917951,0.4602150543438548,0.2988826825434599,PASS,,shard3_attempt1,996d63d2f7ef590801341ec3f945cb2ce0e40c70c4ebdd2b479db41f7da6d3ae,70e459bd249634b0f5f28d265107365a80515b287f0769cdd407903fbfacf2df,1ac686d49f5cd843d33d5df015b595a818d2819dbd554c7f3ddcbe09ea39bab7,src/models/eia.py,2136540541c6d42e78a879ce83728886e644dfd3ace819d36766c1d7e5018dbd,996d63d2f7ef590801341ec3f945cb2ce0e40c70c4ebdd2b479db41f7da6d3ae,82730934288f233e80b9367b778c86f943d18fa4
PatientID_0254,PatientID_0254_T1_to_T2_t1c,3,EIA-blend-0.75,0.1130274099168463,0.0598988085523094,0.0608724498258417,0.789247311827957,0.0410008591321149,0.0005340393241614,0.4671704801481074,6029,465,0.0771272184441864,0.5139784951462597,0.3458755436383856,PASS,,shard3_attempt1,996d63d2f7ef590801341ec3f945cb2ce0e40c70c4ebdd2b479db41f7da6d3ae,70e459bd249634b0f5f28d265107365a80515b287f0769cdd407903fbfacf2df,1ac686d49f5cd843d33d5df015b595a818d2819dbd554c7f3ddcbe09ea39bab7,src/models/eia.py,2136540541c6d42e78a879ce83728886e644dfd3ace819d36766c1d7e5018dbd,996d63d2f7ef590801341ec3f945cb2ce0e40c70c4ebdd2b479db41f7da6d3ae,82730934288f233e80b9367b778c86f943d18fa4
PatientID_0254,PatientID_0254_T1_to_T2_t1c,3,EIA-morph,0.0768901263653887,0.0399821806437242,0.0404598219317029,0.7720430107526882,0.0768901263653887,0.0009655017921146,0.0312485954985261,8873,465,0.0524061760396709,0.0451612913492889,0.023102311305718,PASS,,shard3_attempt1,996d63d2f7ef590801341ec3f945cb2ce0e40c70c4ebdd2b479db41f7da6d3ae,70e459bd249634b0f5f28d265107365a80515b287f0769cdd407903fbfacf2df,1ac686d49f5cd843d33d5df015b595a818d2819dbd554c7f3ddcbe09ea39bab7,src/models/eia.py,2136540541c6d42e78a879ce83728886e644dfd3ace819d36766c1d7e5018dbd,996d63d2f7ef590801341ec3f945cb2ce0e40c70c4ebdd2b479db41f7da6d3ae,82730934288f233e80b9367b778c86f943d18fa4
PatientID_0254,PatientID_0254_T1_to_T2_t1c,3,Full PCC,0.1361585246223268,0.0730526315789473,0.0749136442141623,0.7462365591397849,0.0450733334287414,0.0004999215415514,0.1186240431040241,4632,465,0.1003886010362694,0.1763440869071569,0.0966981142727616,PASS,,shard3_attempt1,1ce4cc7063e01bf7896fcc87d293d33d187674a1b44868f4216da54e414f8597,70e459bd249634b0f5f28d265107365a80515b287f0769cdd407903fbfacf2df,1ac686d49f5cd843d33d5df015b595a818d2819dbd554c7f3ddcbe09ea39bab7,src/models/pcc.py,123122d313885dc1d5736a3ef0c2b739b84988a4c4e9f17137f25ef724a13dc4,1ce4cc7063e01bf7896fcc87d293d33d187674a1b44868f4216da54e414f8597,82730934288f233e80b9367b778c86f943d18fa4
PatientID_0254,PatientID_0254_T1_to_T2_t1c,3,No-smoothing PCC,0.292716133424098,0.1714513556618819,0.1738778811160533,0.9247311827956988,0.0577837546929433,0.000346095281917,0.4931071213751818,2473,465,0.1880307319045693,0.4709677425043357,0.3080168786103841,PASS,,shard3_attempt1,a98cff9de3cd973fac6fd4129a2a0437abb1490f192afe845d096994cd98b126,70e459bd249634b0f5f28d265107365a80515b287f0769cdd407903fbfacf2df,1ac686d49f5cd843d33d5df015b595a818d2819dbd554c7f3ddcbe09ea39bab7,src/analysis/internal_completion.py,d72550e520742f4fd2a3fe63f61d29804bdd17c303016b7e3a48452ae6cd62f9;123122d313885dc1d5736a3ef0c2b739b84988a4c4e9f17137f25ef724a13dc4,a98cff9de3cd973fac6fd4129a2a0437abb1490f192afe845d096994cd98b126,82730934288f233e80b9367b778c86f943d18fa4
PatientID_0255,PatientID_0255_T1_to_T2_t1c,3,Fixed,0.0448738422229319,0.0229518908764191,0.0283094902276848,0.1081601231716705,0.0373171792238643,0.0011722337238529,0.0201815467311024,9926,2598,0.2617368527100544,0.039260970161805,0.0200235573184091,PASS,,shard3_attempt1,1ce4cc7063e01bf7896fcc87d293d33d187674a1b44868f4216da54e414f8597,f777c2c3a109aa3130ddeaa98a67f813f966784e163fd4d4a853bc26a03ae682,0a8aa753a3b0de7690164779682ce1d7332e34a5cbeb5a054b89f058f585396a,src/models/pcc.py,123122d313885dc1d5736a3ef0c2b739b84988a4c4e9f17137f25ef724a13dc4,1ce4cc7063e01bf7896fcc87d293d33d187674a1b44868f4216da54e414f8597,82730934288f233e80b9367b778c86f943d18fa4
PatientID_0255,PatientID_0255_T1_to_T2_t1c,3,Naive,0.0448738422229319,0.0229518908764191,0.0283094902276848,0.1081601231716705,0.045359336899134,0.001073418266005,0.020181518925803,9926,2598,0.2617368527100544,0.039260970161805,0.0200235573184091,PASS,,shard3_attempt1,55571640a310a07ad9308efdca53e052351467d1c3f7fa58b36754d53d564135,f777c2c3a109aa3130ddeaa98a67f813f966784e163fd4d4a853bc26a03ae682,0a8aa753a3b0de7690164779682ce1d7332e34a5cbeb5a054b89f058f585396a,src/models/naive_self_tightening.py,131759341c8cebad65044361f13f5ed778994c76eee669c99a818025b0a8c634,55571640a310a07ad9308efdca53e052351467d1c3f7fa58b36754d53d564135,82730934288f233e80b9367b778c86f943d18fa4
PatientID_0255,PatientID_0255_T1_to_T2_t1c,3,EIA-linear,0.0722826575564146,0.0374965021919597,0.0471554252199413,0.1547344110854503,0.0694670302900526,0.0009495655121526,0.0539045443106156,8525,2598,0.3047507331378299,0.0454195536864088,0.0232374952691537,PASS,,shard3_attempt1,996d63d2f7ef590801341ec3f945cb2ce0e40c70c4ebdd2b479db41f7da6d3ae,f777c2c3a109aa3130ddeaa98a67f813f966784e163fd4d4a853bc26a03ae682,0a8aa753a3b0de7690164779682ce1d7332e34a5cbeb5a054b89f058f585396a,src/models/eia.py,2136540541c6d42e78a879ce83728886e644dfd3ace819d36766c1d7e5018dbd,996d63d2f7ef590801341ec3f945cb2ce0e40c70c4ebdd2b479db41f7da6d3ae,82730934288f233e80b9367b778c86f943d18fa4
PatientID_0255,PatientID_0255_T1_to_T2_t1c,3,EIA-blend-0.90,0.0516902331678996,0.0265308084206478,0.0341541888380151,0.1062355658198614,0.0474000496288653,0.0009715201719535,0.0308046290196162,8081,2598,0.3214948644969682,0.0438799078052579,0.0224321135335631,PASS,,shard3_attempt1,996d63d2f7ef590801341ec3f945cb2ce0e40c70c4ebdd2b479db41f7da6d3ae,f777c2c3a109aa3130ddeaa98a67f813f966784e163fd4d4a853bc26a03ae682,0a8aa753a3b0de7690164779682ce1d7332e34a5cbeb5a054b89f058f585396a,src/models/eia.py,2136540541c6d42e78a879ce83728886e644dfd3ace819d36766c1d7e5018dbd,996d63d2f7ef590801341ec3f945cb2ce0e40c70c4ebdd2b479db41f7da6d3ae,82730934288f233e80b9367b778c86f943d18fa4
PatientID_0255,PatientID_0255_T1_to_T2_t1c,3,EIA-blend-0.75,0.0686612436233282,0.0355511136493432,0.0534908700322234,0.0958429561200923,0.0663539572228671,0.0007097349130334,0.0585437958686075,4655,2598,0.558109559613319,0.0527328716218758,0.0270804508742675,PASS,,shard3_attempt1,996d63d2f7ef590801341ec3f945cb2ce0e40c70c4ebdd2b479db41f7da6d3ae,f777c2c3a109aa3130ddeaa98a67f813f966784e163fd4d4a853bc26a03ae682,0a8aa753a3b0de7690164779682ce1d7332e34a5cbeb5a054b89f058f585396a,src/models/eia.py,2136540541c6d42e78a879ce83728886e644dfd3ace819d36766c1d7e5018dbd,996d63d2f7ef590801341ec3f945cb2ce0e40c70c4ebdd2b479db41f7da6d3ae,82730934288f233e80b9367b778c86f943d18fa4
PatientID_0255,PatientID_0255_T1_to_T2_t1c,3,EIA-morph,0.0492400675495511,0.0252414798614907,0.0320120189529642,0.1066204772902232,0.0492400675495511,0.0011981406810035,0.0036731053777815,8653,2598,0.3002426903963943,0.0454195536864088,0.0232374952691537,PASS,,shard3_attempt1,996d63d2f7ef590801341ec3f945cb2ce0e40c70c4ebdd2b479db41f7da6d3ae,f777c2c3a109aa3130ddeaa98a67f813f966784e163fd4d4a853bc26a03ae682,0a8aa753a3b0de7690164779682ce1d7332e34a5cbeb5a054b89f058f585396a,src/models/eia.py,2136540541c6d42e78a879ce83728886e644dfd3ace819d36766c1d7e5018dbd,996d63d2f7ef590801341ec3f945cb2ce0e40c70c4ebdd2b479db41f7da6d3ae,82730934288f233e80b9367b778c86f943d18fa4
PatientID_0255,PatientID_0255_T1_to_T2_t1c,3,Full PCC,0.247631710154562,0.1413125948406677,0.2178999707516817,0.2867590454195535,0.0807379834729032,0.0005922130347949,0.1117665466092055,3419,2598,0.7598713073998246,0.2124711317912873,0.1188630492853438,PASS,,shard3_attempt1,1ce4cc7063e01bf7896fcc87d293d33d187674a1b44868f4216da54e414f8597,f777c2c3a109aa3130ddeaa98a67f813f966784e163fd4d4a853bc26a03ae682,0a8aa753a3b0de7690164779682ce1d7332e34a5cbeb5a054b89f058f585396a,src/models/pcc.py,123122d313885dc1d5736a3ef0c2b739b84988a4c4e9f17137f25ef724a13dc4,1ce4cc7063e01bf7896fcc87d293d33d187674a1b44868f4216da54e414f8597,82730934288f233e80b9367b778c86f943d18fa4
PatientID_0255,PatientID_0255_T1_to_T2_t1c,3,No-smoothing PCC,0.5625617711010081,0.3913641364136414,0.5782202356765542,0.5477290223248653,0.1202152749319167,0.0004277804252297,0.392852048021398,2461,2598,1.0556684274685086,0.560046189461115,0.388933440419959,PASS,,shard3_attempt1,a98cff9de3cd973fac6fd4129a2a0437abb1490f192afe845d096994cd98b126,f777c2c3a109aa3130ddeaa98a67f813f966784e163fd4d4a853bc26a03ae682,0a8aa753a3b0de7690164779682ce1d7332e34a5cbeb5a054b89f058f585396a,src/analysis/internal_completion.py,d72550e520742f4fd2a3fe63f61d29804bdd17c303016b7e3a48452ae6cd62f9;123122d313885dc1d5736a3ef0c2b739b84988a4c4e9f17137f25ef724a13dc4,a98cff9de3cd973fac6fd4129a2a0437abb1490f192afe845d096994cd98b126,82730934288f233e80b9367b778c86f943d18fa4
PatientID_0256,PatientID_0256_T1_to_T2_t1c,3,Fixed,0.1688202542283853,0.0921920715965808,0.1006513841914067,0.5231119791666666,0.0832613059253018,0.0014377776128277,0.0843274893712547,15966,3072,0.1924088688462983,0.1438802084726757,0.077516660982547,PASS,,shard3_attempt1,1ce4cc7063e01bf7896fcc87d293d33d187674a1b44868f4216da54e414f8597,4f151cff23824c4dc602e481757f5bd52f93a4c833d820daaa066a340d091098,7912169f701f33b0bd599409eb8da5f52933fc0b3213863af42db59d0c2ce13e,src/models/pcc.py,123122d313885dc1d5736a3ef0c2b739b84988a4c4e9f17137f25ef724a13dc4,1ce4cc7063e01bf7896fcc87d293d33d187674a1b44868f4216da54e414f8597,82730934288f233e80b9367b778c86f943d18fa4
PatientID_0256,PatientID_0256_T1_to_T2_t1c,3,Naive,0.1688202542283853,0.0921920715965808,0.1006513841914067,0.5231119791666666,0.1366831268038007,0.0013520300326116,0.0843295054574522,15966,3072,0.1924088688462983,0.1438802084726757,0.077516660982547,PASS,,shard3_attempt1,55571640a310a07ad9308efdca53e052351467d1c3f7fa58b36754d53d564135,4f151cff23824c4dc602e481757f5bd52f93a4c833d820daaa066a340d091098,7912169f701f33b0bd599409eb8da5f52933fc0b3213863af42db59d0c2ce13e,src/models/naive_self_tightening.py,131759341c8cebad65044361f13f5ed778994c76eee669c99a818025b0a8c634,55571640a310a07ad9308efdca53e052351467d1c3f7fa58b36754d53d564135,82730934288f233e80b9367b778c86f943d18fa4
PatientID_0256,PatientID_0256_T1_to_T2_t1c,3,EIA-linear,0.2061342912406742,0.1149106592729513,0.1241429807628303,0.6070963541666666,0.1047950320254701,0.001288430568379,0.1225314102534518,15023,3072,0.2044864541037076,0.1842447917994393,0.1014700611148314,PASS,,shard3_attempt1,996d63d2f7ef590801341ec3f945cb2ce0e40c70c4ebdd2b479db41f7da6d3ae,4f151cff23824c4dc602e481757f5bd52f93a4c833d820daaa066a340d091098,7912169f701f33b0bd599409eb8da5f52933fc0b3213863af42db59d0c2ce13e,src/models/eia.py,2136540541c6d42e78a879ce83728886e644dfd3ace819d36766c1d7e5018dbd,996d63d2f7ef590801341ec3f945cb2ce0e40c70c4ebdd2b479db41f7da6d3ae,82730934288f233e80b9367b778c86f943d18fa4
PatientID_0256,PatientID_0256_T1_to_T2_t1c,3,EIA-blend-0.90,0.1937670196671709,0.1072768694719914,0.1190069129562179,0.5211588541666666,0.091488755109893,0.0011881513144333,0.1495672339148912,13453,3072,0.228350553779826,0.1956380209642516,0.1084250407525843,PASS,,shard3_attempt1,996d63d2f7ef590801341ec3f945cb2ce0e40c70c4ebdd2b479db41f7da6d3ae,4f151cff23824c4dc602e481757f5bd52f93a4c833d820daaa066a340d091098,7912169f701f33b0bd599409eb8da5f52933fc0b3213863af42db59d0c2ce13e,src/models/eia.py,2136540541c6d42e78a879ce83728886e644dfd3ace819d36766c1d7e5018dbd,996d63d2f7ef590801341ec3f945cb2ce0e40c70c4ebdd2b479db41f7da6d3ae,82730934288f233e80b9367b778c86f943d18fa4
PatientID_0256,PatientID_0256_T1_to_T2_t1c,3,EIA-blend-0.75,0.2817510358493965,0.1639756762423988,0.1947696139476961,0.5091145833333334,0.1069115958881179,0.0008640532900629,0.2617823681355567,8030,3072,0.3825653798256538,0.2623697917867236,0.1509928813879743,PASS,,shard3_attempt1,996d63d2f7ef590801341ec3f945cb2ce0e40c70c4ebdd2b479db41f7da6d3ae,4f151cff23824c4dc602e481757f5bd52f93a4c833d820daaa066a340d091098,7912169f701f33b0bd599409eb8da5f52933fc0b3213863af42db59d0c2ce13e,src/models/eia.py,2136540541c6d42e78a879ce83728886e644dfd3ace819d36766c1d7e5018dbd,996d63d2f7ef590801341ec3f945cb2ce0e40c70c4ebdd2b479db41f7da6d3ae,82730934288f233e80b9367b778c86f943d18fa4
PatientID_0256,PatientID_0256_T1_to_T2_t1c,3,EIA-morph,0.1826387341207934,0.1004966582868354,0.1101774670610379,0.5335286458333334,0.1826387341207934,0.0016431451612903,0.0589433410748236,14876,3072,0.2065071255713901,0.1263020834755367,0.0674079223301932,PASS,,shard3_attempt1,996d63d2f7ef590801341ec3f945cb2ce0e40c70c4ebdd2b479db41f7da6d3ae,4f151cff23824c4dc602e481757f5bd52f93a4c833d820daaa066a340d091098,7912169f701f33b0bd599409eb8da5f52933fc0b3213863af42db59d0c2ce13e,src/models/eia.py,2136540541c6d42e78a879ce83728886e644dfd3ace819d36766c1d7e5018dbd,996d63d2f7ef590801341ec3f945cb2ce0e40c70c4ebdd2b479db41f7da6d3ae,82730934288f233e80b9367b778c86f943d18fa4
PatientID_0256,PatientID_0256_T1_to_T2_t1c,3,Full PCC,0.3952879581151832,0.2463295269168026,0.297244094488189,0.58984375,0.1253419214905825,0.0007380566491221,0.2207115556722256,6096,3072,0.5039370078740157,0.3398437501074473,0.2047058825088812,PASS,,shard3_attempt1,1ce4cc7063e01bf7896fcc87d293d33d187674a1b44868f4216da54e414f8597,4f151cff23824c4dc602e481757f5bd52f93a4c833d820daaa066a340d091098,7912169f701f33b0bd599409eb8da5f52933fc0b3213863af42db59d0c2ce13e,src/models/pcc.py,123122d313885dc1d5736a3ef0c2b739b84988a4c4e9f17137f25ef724a13dc4,1ce4cc7063e01bf7896fcc87d293d33d187674a1b44868f4216da54e414f8597,82730934288f233e80b9367b778c86f943d18fa4
PatientID_0256,PatientID_0256_T1_to_T2_t1c,3,No-smoothing PCC,0.6810958904109589,0.5164104694640631,0.5879848628193,0.8092447916666666,0.172158138081205,0.000500398973152,0.5623156349067432,4228,3072,0.7265846736045412,0.6614583333884344,0.4941634242475283,PASS,,shard3_attempt1,a98cff9de3cd973fac6fd4129a2a0437abb1490f192afe845d096994cd98b126,4f151cff23824c4dc602e481757f5bd52f93a4c833d820daaa066a340d091098,7912169f701f33b0bd599409eb8da5f52933fc0b3213863af42db59d0c2ce13e,src/analysis/internal_completion.py,d72550e520742f4fd2a3fe63f61d29804bdd17c303016b7e3a48452ae6cd62f9;123122d313885dc1d5736a3ef0c2b739b84988a4c4e9f17137f25ef724a13dc4,a98cff9de3cd973fac6fd4129a2a0437abb1490f192afe845d096994cd98b126,82730934288f233e80b9367b778c86f943d18fa4
PatientID_0259,PatientID_0259_T1_to_T2_t1c,3,Fixed,0.110768538736189,0.0586315340429964,0.5821513002364066,0.0612073697401534,0.1427099027426468,0.0098711161373613,0.2102475984327494,10152,96557,9.511130811662726,0.2742110877550348,0.1588902824753272,PASS,,shard3_attempt1,1ce4cc7063e01bf7896fcc87d293d33d187674a1b44868f4216da54e414f8597,883a0ad7bfeb9522da0dd7321598364ff0fd8a1e60189949008424cb5dbd708d,4f6e70c3ada0f2087ec2b235708597077942535f1a38b0457003423b47ab49d1,src/models/pcc.py,123122d313885dc1d5736a3ef0c2b739b84988a4c4e9f17137f25ef724a13dc4,1ce4cc7063e01bf7896fcc87d293d33d187674a1b44868f4216da54e414f8597,82730934288f233e80b9367b778c86f943d18fa4
PatientID_0259,PatientID_0259_T1_to_T2_t1c,3,Naive,0.110768538736189,0.0586315340429964,0.5821513002364066,0.0612073697401534,0.1198974844102792,0.0102531461773864,0.2102459897306025,10152,96557,9.511130811662726,0.2742110877550348,0.1588902824753272,PASS,,shard3_attempt1,55571640a310a07ad9308efdca53e052351467d1c3f7fa58b36754d53d564135,883a0ad7bfeb9522da0dd7321598364ff0fd8a1e60189949008424cb5dbd708d,4f6e70c3ada0f2087ec2b235708597077942535f1a38b0457003423b47ab49d1,src/models/naive_self_tightening.py,131759341c8cebad65044361f13f5ed778994c76eee669c99a818025b0a8c634,55571640a310a07ad9308efdca53e052351467d1c3f7fa58b36754d53d564135,82730934288f233e80b9367b778c86f943d18fa4
PatientID_0259,PatientID_0259_T1_to_T2_t1c,3,EIA-linear,0.1671103197027373,0.0911731466978607,0.6805535000739973,0.0952494381557007,0.4385069817648339,0.0056303615990339,0.7900416528429064,13514,96557,7.144960781411869,0.8443406485296543,0.7306137811776406,PASS,,shard3_attempt1,996d63d2f7ef590801341ec3f945cb2ce0e40c70c4ebdd2b479db41f7da6d3ae,883a0ad7bfeb9522da0dd7321598364ff0fd8a1e60189949008424cb5dbd708d,4f6e70c3ada0f2087ec2b235708597077942535f1a38b0457003423b47ab49d1,src/models/eia.py,2136540541c6d42e78a879ce83728886e644dfd3ace819d36766c1d7e5018dbd,996d63d2f7ef590801341ec3f945cb2ce0e40c70c4ebdd2b479db41f7da6d3ae,82730934288f233e80b9367b778c86f943d18fa4
PatientID_0259,PatientID_0259_T1_to_T2_t1c,3,EIA-blend-0.90,0.1174877518971629,0.0624100863171355,0.6383609237686491,0.0646975361703449,0.2533247885130546,0.008253549582114,0.6077024906599476,9786,96557,9.866850602902105,0.6380479923794335,0.4684805256074363,PASS,,shard3_attempt1,996d63d2f7ef590801341ec3f945cb2ce0e40c70c4ebdd2b479db41f7da6d3ae,883a0ad7bfeb9522da0dd7321598364ff0fd8a1e60189949008424cb5dbd708d,4f6e70c3ada0f2087ec2b235708597077942535f1a38b0457003423b47ab49d1,src/models/eia.py,2136540541c6d42e78a879ce83728886e644dfd3ace819d36766c1d7e5018dbd,996d63d2f7ef590801341ec3f945cb2ce0e40c70c4ebdd2b479db41f7da6d3ae,82730934288f233e80b9367b778c86f943d18fa4
PatientID_0259,PatientID_0259_T1_to_T2_t1c,3,EIA-blend-0.75,0.1424159683645607,0.0766673086865287,0.7834869988604579,0.0783267914288969,0.3959628478384204,0.0061331255662527,0.8075996709500525,9653,96557,10.002797057909458,0.846391250764593,0.7336900412093322,PASS,,shard3_attempt1,996d63d2f7ef590801341ec3f945cb2ce0e40c70c4ebdd2b479db41f7da6d3ae,883a0ad7bfeb9522da0dd7321598364ff0fd8a1e60189949008424cb5dbd708d,4f6e70c3ada0f2087ec2b235708597077942535f1a38b0457003423b47ab49d1,src/models/eia.py,2136540541c6d42e78a879ce83728886e644dfd3ace819d36766c1d7e5018dbd,996d63d2f7ef590801341ec3f945cb2ce0e40c70c4ebdd2b479db41f7da6d3ae,82730934288f233e80b9367b778c86f943d18fa4
PatientID_0259,PatientID_0259_T1_to_T2_t1c,3,EIA-morph,0.1124252043711548,0.0595606619835694,0.5865741645495407,0.062170531395963,0.1124252043711548,0.0106165994623655,0.0466103246458044,10234,96557,9.434922806331835,0.0830908168279716,0.0433462459058336,PASS,,shard3_attempt1,996d63d2f7ef590801341ec3f945cb2ce0e40c70c4ebdd2b479db41f7da6d3ae,883a0ad7bfeb9522da0dd7321598364ff0fd8a1e60189949008424cb5dbd708d,4f6e70c3ada0f2087ec2b235708597077942535f1a38b0457003423b47ab49d1,src/models/eia.py,2136540541c6d42e78a879ce83728886e644dfd3ace819d36766c1d7e5018dbd,996d63d2f7ef590801341ec3f945cb2ce0e40c70c4ebdd2b479db41f7da6d3ae,82730934288f233e80b9367b778c86f943d18fa4
PatientID_0259,PatientID_0259_T1_to_T2_t1c,3,Full PCC,0.3007216905211055,0.1769702401564377,0.9142857142857144,0.1799558809822177,0.2582499000102535,0.0086296649787481,0.4451756746628886,19005,96557,5.080610365693238,0.3737895750728906,0.2298531416028973,PASS,,shard3_attempt1,1ce4cc7063e01bf7896fcc87d293d33d187674a1b44868f4216da54e414f8597,883a0ad7bfeb9522da0dd7321598364ff0fd8a1e60189949008424cb5dbd708d,4f6e70c3ada0f2087ec2b235708597077942535f1a38b0457003423b47ab49d1,src/models/pcc.py,123122d313885dc1d5736a3ef0c2b739b84988a4c4e9f17137f25ef724a13dc4,1ce4cc7063e01bf7896fcc87d293d33d187674a1b44868f4216da54e414f8597,82730934288f233e80b9367b778c86f943d18fa4
PatientID_0259,PatientID_0259_T1_to_T2_t1c,3,No-smoothing PCC,0.3457885603398901,0.209035285362879,0.9903535402996768,0.2094617686962105,0.2852966129492631,0.0082870601467122,0.5007163108561862,20422,96557,4.728087356772108,0.3940884658833948,0.2453986147525157,PASS,,shard3_attempt1,a98cff9de3cd973fac6fd4129a2a0437abb1490f192afe845d096994cd98b126,883a0ad7bfeb9522da0dd7321598364ff0fd8a1e60189949008424cb5dbd708d,4f6e70c3ada0f2087ec2b235708597077942535f1a38b0457003423b47ab49d1,src/analysis/internal_completion.py,d72550e520742f4fd2a3fe63f61d29804bdd17c303016b7e3a48452ae6cd62f9;123122d313885dc1d5736a3ef0c2b739b84988a4c4e9f17137f25ef724a13dc4,a98cff9de3cd973fac6fd4129a2a0437abb1490f192afe845d096994cd98b126,82730934288f233e80b9367b778c86f943d18fa4
PatientID_0260,PatientID_0260_T1_to_T2_t1c,3,Fixed,0.0443217169422209,0.02266309204647,0.1646325629706569,0.0256078843202197,0.0494559908658641,0.0029657754922071,0.0394242619794711,3851,24758,6.428979485847831,0.0772275628266171,0.0401646920628484,PASS,,shard3_attempt1,1ce4cc7063e01bf7896fcc87d293d33d187674a1b44868f4216da54e414f8597,44634f8c9256482a54f847f0012ce4ffb7845362a116c8abb3bc450f60996dfd,5e5e7b36e5edb2386870f063321712a9a06b68292356192a24a440b7c373130c,src/models/pcc.py,123122d313885dc1d5736a3ef0c2b739b84988a4c4e9f17137f25ef724a13dc4,1ce4cc7063e01bf7896fcc87d293d33d187674a1b44868f4216da54e414f8597,82730934288f233e80b9367b778c86f943d18fa4
PatientID_0260,PatientID_0260_T1_to_T2_t1c,3,Naive,0.0443217169422209,0.02266309204647,0.1646325629706569,0.0256078843202197,0.0456844667395213,0.0029368157275385,0.039424223744812,3851,24758,6.428979485847831,0.0772275628266171,0.0401646920628484,PASS,,shard3_attempt1,55571640a310a07ad9308efdca53e052351467d1c3f7fa58b36754d53d564135,44634f8c9256482a54f847f0012ce4ffb7845362a116c8abb3bc450f60996dfd,5e5e7b36e5edb2386870f063321712a9a06b68292356192a24a440b7c373130c,src/models/naive_self_tightening.py,131759341c8cebad65044361f13f5ed778994c76eee669c99a818025b0a8c634,55571640a310a07ad9308efdca53e052351467d1c3f7fa58b36754d53d564135,82730934288f233e80b9367b778c86f943d18fa4
PatientID_0260,PatientID_0260_T1_to_T2_t1c,3,EIA-linear,0.0538439796495195,0.027666836104858,0.2148900169204737,0.0307779303659423,0.2684524324587635,0.0019914422709918,0.4272294623735058,3546,24758,6.98195149464185,0.520114710406331,0.3514560987103508,PASS,,shard3_attempt1,996d63d2f7ef590801341ec3f945cb2ce0e40c70c4ebdd2b479db41f7da6d3ae,44634f8c9256482a54f847f0012ce4ffb7845362a116c8abb3bc450f60996dfd,5e5e7b36e5edb2386870f063321712a9a06b68292356192a24a440b7c373130c,src/models/eia.py,2136540541c6d42e78a879ce83728886e644dfd3ace819d36766c1d7e5018dbd,996d63d2f7ef590801341ec3f945cb2ce0e40c70c4ebdd2b479db41f7da6d3ae,82730934288f233e80b9367b778c86f943d18fa4
PatientID_0260,PatientID_0260_T1_to_T2_t1c,3,EIA-blend-0.90,0.0426931740980441,0.0218122031421264,0.1860392645684013,0.024113417885128,0.1300295702639072,0.0025658999332742,0.2318974802219968,3209,24758,7.715176067310689,0.0910008886200218,0.0476694243055314,PASS,,shard3_attempt1,996d63d2f7ef590801341ec3f945cb2ce0e40c70c4ebdd2b479db41f7da6d3ae,44634f8c9256482a54f847f0012ce4ffb7845362a116c8abb3bc450f60996dfd,5e5e7b36e5edb2386870f063321712a9a06b68292356192a24a440b7c373130c,src/models/eia.py,2136540541c6d42e78a879ce83728886e644dfd3ace819d36766c1d7e5018dbd,996d63d2f7ef590801341ec3f945cb2ce0e40c70c4ebdd2b479db41f7da6d3ae,82730934288f233e80b9367b778c86f943d18fa4
PatientID_0260,PatientID_0260_T1_to_T2_t1c,3,EIA-blend-0.75,0.0363280072354537,0.0185000383818223,0.2710911136107986,0.0194684546409241,0.2414816349863408,0.0020357892646975,0.435821175632002,1778,24758,13.924634420697412,0.5318684869631661,0.3622757786023364,PASS,,shard3_attempt1,996d63d2f7ef590801341ec3f945cb2ce0e40c70c4ebdd2b479db41f7da6d3ae,44634f8c9256482a54f847f0012ce4ffb7845362a116c8abb3bc450f60996dfd,5e5e7b36e5edb2386870f063321712a9a06b68292356192a24a440b7c373130c,src/models/eia.py,2136540541c6d42e78a879ce83728886e644dfd3ace819d36766c1d7e5018dbd,996d63d2f7ef590801341ec3f945cb2ce0e40c70c4ebdd2b479db41f7da6d3ae,82730934288f233e80b9367b778c86f943d18fa4
PatientID_0260,PatientID_0260_T1_to_T2_t1c,3,EIA-morph,0.0446415796251251,0.0228303819698521,0.1951219512195122,0.0252039744728976,0.0446415796251251,0.0029914874551971,0.0076210296812227,3198,24758,7.741713570981863,0.0283544713016327,0.0143811201906342,PASS,,shard3_attempt1,996d63d2f7ef590801341ec3f945cb2ce0e40c70c4ebdd2b479db41f7da6d3ae,44634f8c9256482a54f847f0012ce4ffb7845362a116c8abb3bc450f60996dfd,5e5e7b36e5edb2386870f063321712a9a06b68292356192a24a440b7c373130c,src/models/eia.py,2136540541c6d42e78a879ce83728886e644dfd3ace819d36766c1d7e5018dbd,996d63d2f7ef590801341ec3f945cb2ce0e40c70c4ebdd2b479db41f7da6d3ae,82730934288f233e80b9367b778c86f943d18fa4
PatientID_0260,PatientID_0260_T1_to_T2_t1c,3,Full PCC,0.0847476593681226,0.044248821719316,0.5538761579717211,0.045884158655788,0.0901266772126188,0.0026824325235277,0.1151533160381674,2051,24758,12.071184787908338,0.1350270619772391,0.0724016200144586,PASS,,shard3_attempt1,1ce4cc7063e01bf7896fcc87d293d33d187674a1b44868f4216da54e414f8597,44634f8c9256482a54f847f0012ce4ffb7845362a116c8abb3bc450f60996dfd,5e5e7b36e5edb2386870f063321712a9a06b68292356192a24a440b7c373130c,src/models/pcc.py,123122d313885dc1d5736a3ef0c2b739b84988a4c4e9f17137f25ef724a13dc4,1ce4cc7063e01bf7896fcc87d293d33d187674a1b44868f4216da54e414f8597,82730934288f233e80b9367b778c86f943d18fa4
PatientID_0260,PatientID_0260_T1_to_T2_t1c,3,No-smoothing PCC,0.164256540457004,0.0894768490679494,0.9226953286482016,0.0901526779222877,0.1363698065632565,0.002498761252655,0.2133655703670764,2419,24758,10.234807771806532,0.1755392196628253,0.096214301547571,PASS,,shard3_attempt1,a98cff9de3cd973fac6fd4129a2a0437abb1490f192afe845d096994cd98b126,44634f8c9256482a54f847f0012ce4ffb7845362a116c8abb3bc450f60996dfd,5e5e7b36e5edb2386870f063321712a9a06b68292356192a24a440b7c373130c,src/analysis/internal_completion.py,d72550e520742f4fd2a3fe63f61d29804bdd17c303016b7e3a48452ae6cd62f9;123122d313885dc1d5736a3ef0c2b739b84988a4c4e9f17137f25ef724a13dc4,a98cff9de3cd973fac6fd4129a2a0437abb1490f192afe845d096994cd98b126,82730934288f233e80b9367b778c86f943d18fa4
PatientID_0264,PatientID_0264_T1_to_T2_t1c,3,Fixed,0.3817691857059168,0.2359176344521996,0.5286863966770509,0.2987494040415154,0.333117087602145,0.0023673099129498,0.3900110047073096,15408,27267,1.769665109034268,0.4404224887328928,0.2823985890821305,PASS,,shard3_attempt1,1ce4cc7063e01bf7896fcc87d293d33d187674a1b44868f4216da54e414f8597,b9c295693dedf9f4d55e8b5f6d34718105b3d94af22fbc225a3e754d524a1185,16aca0ae3e5431df305b2b174a49fe4c6f05ddf7997cfbcab3d8168260a34340,src/models/pcc.py,123122d313885dc1d5736a3ef0c2b739b84988a4c4e9f17137f25ef724a13dc4,1ce4cc7063e01bf7896fcc87d293d33d187674a1b44868f4216da54e414f8597,82730934288f233e80b9367b778c86f943d18fa4
PatientID_0264,PatientID_0264_T1_to_T2_t1c,3,Naive,0.3817691857059168,0.2359176344521996,0.5286863966770509,0.2987494040415154,0.3782657006831376,0.0025299538753646,0.3899895647252916,15408,27267,1.769665109034268,0.4404224887328928,0.2823985890821305,PASS,,shard3_attempt1,55571640a310a07ad9308efdca53e052351467d1c3f7fa58b36754d53d564135,b9c295693dedf9f4d55e8b5f6d34718105b3d94af22fbc225a3e754d524a1185,16aca0ae3e5431df305b2b174a49fe4c6f05ddf7997cfbcab3d8168260a34340,src/models/naive_self_tightening.py,131759341c8cebad65044361f13f5ed778994c76eee669c99a818025b0a8c634,55571640a310a07ad9308efdca53e052351467d1c3f7fa58b36754d53d564135,82730934288f233e80b9367b778c86f943d18fa4
PatientID_0264,PatientID_0264_T1_to_T2_t1c,3,EIA-linear,0.500550248712418,0.3338226227871884,0.6259151208234711,0.4170242417574357,0.4358012220953495,0.0017461428954889,0.5967037085712041,18167,27267,1.5009082402157758,0.5690394983025445,0.3976626172690127,PASS,,shard3_attempt1,996d63d2f7ef590801341ec3f945cb2ce0e40c70c4ebdd2b479db41f7da6d3ae,b9c295693dedf9f4d55e8b5f6d34718105b3d94af22fbc225a3e754d524a1185,16aca0ae3e5431df305b2b174a49fe4c6f05ddf7997cfbcab3d8168260a34340,src/models/eia.py,2136540541c6d42e78a879ce83728886e644dfd3ace819d36766c1d7e5018dbd,996d63d2f7ef590801341ec3f945cb2ce0e40c70c4ebdd2b479db41f7da6d3ae,82730934288f233e80b9367b778c86f943d18fa4
PatientID_0264,PatientID_0264_T1_to_T2_t1c,3,EIA-blend-0.90,0.4052150242364908,0.2540875606396359,0.5806871064878182,0.3111820148897935,0.3675460756709498,0.0020577513733634,0.5072976052206892,14612,27267,1.8660689843963865,0.4744196281315432,0.3109764892708549,PASS,,shard3_attempt1,996d63d2f7ef590801341ec3f945cb2ce0e40c70c4ebdd2b479db41f7da6d3ae,b9c295693dedf9f4d55e8b5f6d34718105b3d94af22fbc225a3e754d524a1185,16aca0ae3e5431df305b2b174a49fe4c6f05ddf7997cfbcab3d8168260a34340,src/models/eia.py,2136540541c6d42e78a879ce83728886e644dfd3ace819d36766c1d7e5018dbd,996d63d2f7ef590801341ec3f945cb2ce0e40c70c4ebdd2b479db41f7da6d3ae,82730934288f233e80b9367b778c86f943d18fa4
PatientID_0264,PatientID_0264_T1_to_T2_t1c,3,EIA-blend-0.75,0.4834364227562771,0.3187709569254578,0.725066001760047,0.3625994792239703,0.4192924514134324,0.0016530393790638,0.6573669997982471,13636,27267,1.9996333235552948,0.5882568672830114,0.4166883150772409,PASS,,shard3_attempt1,996d63d2f7ef590801341ec3f945cb2ce0e40c70c4ebdd2b479db41f7da6d3ae,b9c295693dedf9f4d55e8b5f6d34718105b3d94af22fbc225a3e754d524a1185,16aca0ae3e5431df305b2b174a49fe4c6f05ddf7997cfbcab3d8168260a34340,src/models/eia.py,2136540541c6d42e78a879ce83728886e644dfd3ace819d36766c1d7e5018dbd,996d63d2f7ef590801341ec3f945cb2ce0e40c70c4ebdd2b479db41f7da6d3ae,82730934288f233e80b9367b778c86f943d18fa4
PatientID_0264,PatientID_0264_T1_to_T2_t1c,3,EIA-morph,0.3910956325301205,0.2430819633768209,0.5456694464508504,0.3047640004400924,0.3910956325301205,0.0028982974910394,0.168423723310765,15229,27267,1.790465559130606,0.3047640004528411,0.1797767393739231,PASS,,shard3_attempt1,996d63d2f7ef590801341ec3f945cb2ce0e40c70c4ebdd2b479db41f7da6d3ae,b9c295693dedf9f4d55e8b5f6d34718105b3d94af22fbc225a3e754d524a1185,16aca0ae3e5431df305b2b174a49fe4c6f05ddf7997cfbcab3d8168260a34340,src/models/eia.py,2136540541c6d42e78a879ce83728886e644dfd3ace819d36766c1d7e5018dbd,996d63d2f7ef590801341ec3f945cb2ce0e40c70c4ebdd2b479db41f7da6d3ae,82730934288f233e80b9367b778c86f943d18fa4
PatientID_0264,PatientID_0264_T1_to_T2_t1c,3,Full PCC,0.6409033651250675,0.4715657067196293,0.8287858514166037,0.5224630505739538,0.4685991225187336,0.0016145889431249,0.6448987371366495,17189,27267,1.586305195182966,0.666446620463079,0.4997524888757562,PASS,,shard3_attempt1,1ce4cc7063e01bf7896fcc87d293d33d187674a1b44868f4216da54e414f8597,b9c295693dedf9f4d55e8b5f6d34718105b3d94af22fbc225a3e754d524a1185,16aca0ae3e5431df305b2b174a49fe4c6f05ddf7997cfbcab3d8168260a34340,src/models/pcc.py,123122d313885dc1d5736a3ef0c2b739b84988a4c4e9f17137f25ef724a13dc4,1ce4cc7063e01bf7896fcc87d293d33d187674a1b44868f4216da54e414f8597,82730934288f233e80b9367b778c86f943d18fa4
PatientID_0264,PatientID_0264_T1_to_T2_t1c,3,No-smoothing PCC,0.7856073915023749,0.6469138448349764,0.9613057324840764,0.6642094839916383,0.5409213169768186,0.0012185460372811,0.7767684479679944,18840,27267,1.4472929936305732,0.73829170793013,0.5851524576465671,PASS,,shard3_attempt1,a98cff9de3cd973fac6fd4129a2a0437abb1490f192afe845d096994cd98b126,b9c295693dedf9f4d55e8b5f6d34718105b3d94af22fbc225a3e754d524a1185,16aca0ae3e5431df305b2b174a49fe4c6f05ddf7997cfbcab3d8168260a34340,src/analysis/internal_completion.py,d72550e520742f4fd2a3fe63f61d29804bdd17c303016b7e3a48452ae6cd62f9;123122d313885dc1d5736a3ef0c2b739b84988a4c4e9f17137f25ef724a13dc4,a98cff9de3cd973fac6fd4129a2a0437abb1490f192afe845d096994cd98b126,82730934288f233e80b9367b778c86f943d18fa4
PatientID_0265,PatientID_0265_T1_to_T2_t1c,3,Fixed,0.2236382602385595,0.1258968008782904,0.4047609275600246,0.1545017311337751,0.1967828473471557,0.0071480415073256,0.150928623048271,24365,63831,2.619782474861481,0.2221647788752944,0.1249636503104047,PASS,,shard3_attempt1,1ce4cc7063e01bf7896fcc87d293d33d187674a1b44868f4216da54e414f8597,2463ddb15bcf1aa633d3743c051f0bc5e895b4d7277e8ba859ec1c9db5b7a8e7,0c08447f927bdcdb2bf6fcd41e9e3581b6e9081edece65a9743c8bd311cafe13,src/models/pcc.py,123122d313885dc1d5736a3ef0c2b739b84988a4c4e9f17137f25ef724a13dc4,1ce4cc7063e01bf7896fcc87d293d33d187674a1b44868f4216da54e414f8597,82730934288f233e80b9367b778c86f943d18fa4
PatientID_0265,PatientID_0265_T1_to_T2_t1c,3,Naive,0.2236382602385595,0.1258968008782904,0.4047609275600246,0.1545017311337751,0.2169166915295427,0.0072987418180101,0.1497718747847548,24365,63831,2.619782474861481,0.2221647788752944,0.1249636503104047,PASS,,shard3_attempt1,55571640a310a07ad9308efdca53e052351467d1c3f7fa58b36754d53d564135,2463ddb15bcf1aa633d3743c051f0bc5e895b4d7277e8ba859ec1c9db5b7a8e7,0c08447f927bdcdb2bf6fcd41e9e3581b6e9081edece65a9743c8bd311cafe13,src/models/naive_self_tightening.py,131759341c8cebad65044361f13f5ed778994c76eee669c99a818025b0a8c634,55571640a310a07ad9308efdca53e052351467d1c3f7fa58b36754d53d564135,82730934288f233e80b9367b778c86f943d18fa4
PatientID_0265,PatientID_0265_T1_to_T2_t1c,3,EIA-linear,0.2567383701971191,0.1472747210217377,0.4548207171314741,0.1788472685685638,0.388085333956498,0.0047458985789693,0.5263008686586893,25100,63831,2.543067729083665,0.5685951966946421,0.3972287890793579,PASS,,shard3_attempt1,996d63d2f7ef590801341ec3f945cb2ce0e40c70c4ebdd2b479db41f7da6d3ae,2463ddb15bcf1aa633d3743c051f0bc5e895b4d7277e8ba859ec1c9db5b7a8e7,0c08447f927bdcdb2bf6fcd41e9e3581b6e9081edece65a9743c8bd311cafe13,src/models/eia.py,2136540541c6d42e78a879ce83728886e644dfd3ace819d36766c1d7e5018dbd,996d63d2f7ef590801341ec3f945cb2ce0e40c70c4ebdd2b479db41f7da6d3ae,82730934288f233e80b9367b778c86f943d18fa4
PatientID_0265,PatientID_0265_T1_to_T2_t1c,3,EIA-blend-0.90,0.231947080816796,0.1311878611212326,0.4365203083051875,0.1579326659460136,0.2650838652489086,0.006075500391364,0.3854075524163863,23094,63831,2.7639646661470514,0.2490326017197832,0.1422257216045825,PASS,,shard3_attempt1,996d63d2f7ef590801341ec3f945cb2ce0e40c70c4ebdd2b479db41f7da6d3ae,2463ddb15bcf1aa633d3743c051f0bc5e895b4d7277e8ba859ec1c9db5b7a8e7,0c08447f927bdcdb2bf6fcd41e9e3581b6e9081edece65a9743c8bd311cafe13,src/models/eia.py,2136540541c6d42e78a879ce83728886e644dfd3ace819d36766c1d7e5018dbd,996d63d2f7ef590801341ec3f945cb2ce0e40c70c4ebdd2b479db41f7da6d3ae,82730934288f233e80b9367b778c86f943d18fa4
PatientID_0265,PatientID_0265_T1_to_T2_t1c,3,EIA-blend-0.75,0.2514661977980482,0.1438154626930137,0.5095160673297628,0.1669251617552599,0.3614620819788031,0.0046646739177669,0.5647991375993604,20912,63831,3.0523622800306045,0.5631119675427056,0.3918969013782257,PASS,,shard3_attempt1,996d63d2f7ef590801341ec3f945cb2ce0e40c70c4ebdd2b479db41f7da6d3ae,2463ddb15bcf1aa633d3743c051f0bc5e895b4d7277e8ba859ec1c9db5b7a8e7,0c08447f927bdcdb2bf6fcd41e9e3581b6e9081edece65a9743c8bd311cafe13,src/models/eia.py,2136540541c6d42e78a879ce83728886e644dfd3ace819d36766c1d7e5018dbd,996d63d2f7ef590801341ec3f945cb2ce0e40c70c4ebdd2b479db41f7da6d3ae,82730934288f233e80b9367b778c86f943d18fa4
PatientID_0265,PatientID_0265_T1_to_T2_t1c,3,EIA-morph,0.230439233096024,0.1302239727540979,0.4333794774182384,0.1569456846986573,0.230439233096024,0.0074945116487455,0.0740444805740241,23116,63831,2.761334140854819,0.1668311635477524,0.0910069821379589,PASS,,shard3_attempt1,996d63d2f7ef590801341ec3f945cb2ce0e40c70c4ebdd2b479db41f7da6d3ae,2463ddb15bcf1aa633d3743c051f0bc5e895b4d7277e8ba859ec1c9db5b7a8e7,0c08447f927bdcdb2bf6fcd41e9e3581b6e9081edece65a9743c8bd311cafe13,src/models/eia.py,2136540541c6d42e78a879ce83728886e644dfd3ace819d36766c1d7e5018dbd,996d63d2f7ef590801341ec3f945cb2ce0e40c70c4ebdd2b479db41f7da6d3ae,82730934288f233e80b9367b778c86f943d18fa4
PatientID_0265,PatientID_0265_T1_to_T2_t1c,3,Full PCC,0.3179039909070876,0.1889927740084946,0.6121036176864671,0.2147075872225094,0.2686355820725838,0.0061760951656694,0.2822196466281294,22390,63831,2.850870924519875,0.2982406667661619,0.1752543153125408,PASS,,shard3_attempt1,1ce4cc7063e01bf7896fcc87d293d33d187674a1b44868f4216da54e414f8597,2463ddb15bcf1aa633d3743c051f0bc5e895b4d7277e8ba859ec1c9db5b7a8e7,0c08447f927bdcdb2bf6fcd41e9e3581b6e9081edece65a9743c8bd311cafe13,src/models/pcc.py,123122d313885dc1d5736a3ef0c2b739b84988a4c4e9f17137f25ef724a13dc4,1ce4cc7063e01bf7896fcc87d293d33d187674a1b44868f4216da54e414f8597,82730934288f233e80b9367b778c86f943d18fa4
PatientID_0265,PatientID_0265_T1_to_T2_t1c,3,No-smoothing PCC,0.3815872637290561,0.2357787078519217,0.7989912105473432,0.2506462377214833,0.3059540507614333,0.0056421378602213,0.3594004814852324,20024,63831,3.187724730323612,0.3340383199438044,0.2005078051608002,PASS,,shard3_attempt1,a98cff9de3cd973fac6fd4129a2a0437abb1490f192afe845d096994cd98b126,2463ddb15bcf1aa633d3743c051f0bc5e895b4d7277e8ba859ec1c9db5b7a8e7,0c08447f927bdcdb2bf6fcd41e9e3581b6e9081edece65a9743c8bd311cafe13,src/analysis/internal_completion.py,d72550e520742f4fd2a3fe63f61d29804bdd17c303016b7e3a48452ae6cd62f9;123122d313885dc1d5736a3ef0c2b739b84988a4c4e9f17137f25ef724a13dc4,a98cff9de3cd973fac6fd4129a2a0437abb1490f192afe845d096994cd98b126,82730934288f233e80b9367b778c86f943d18fa4
PatientID_0267,PatientID_0267_T1_to_T2_t1c,3,Fixed,0.3748850096979773,0.2306821436852945,0.3883084976924666,0.3623585875899897,0.3150226876854382,0.0049335263386084,0.3079119238567177,43553,46672,1.0716138957132688,0.3799922866024598,0.2345620230497088,PASS,,shard3_attempt1,1ce4cc7063e01bf7896fcc87d293d33d187674a1b44868f4216da54e414f8597,b14f734fbdd418a185f215ea97c4c547009c988c2c5e729974166b55b5868d5c,ed09809583cf23dc68af7c1d84a0edb715c0460f8497c58e0256f39a866d9e19,src/models/pcc.py,123122d313885dc1d5736a3ef0c2b739b84988a4c4e9f17137f25ef724a13dc4,1ce4cc7063e01bf7896fcc87d293d33d187674a1b44868f4216da54e414f8597,82730934288f233e80b9367b778c86f943d18fa4
PatientID_0267,PatientID_0267_T1_to_T2_t1c,3,Naive,0.3748850096979773,0.2306821436852945,0.3883084976924666,0.3623585875899897,0.3588680157888163,0.0053562379158128,0.3079615153175262,43553,46672,1.0716138957132688,0.3799922866024598,0.2345620230497088,PASS,,shard3_attempt1,55571640a310a07ad9308efdca53e052351467d1c3f7fa58b36754d53d564135,b14f734fbdd418a185f215ea97c4c547009c988c2c5e729974166b55b5868d5c,ed09809583cf23dc68af7c1d84a0edb715c0460f8497c58e0256f39a866d9e19,src/models/naive_self_tightening.py,131759341c8cebad65044361f13f5ed778994c76eee669c99a818025b0a8c634,55571640a310a07ad9308efdca53e052351467d1c3f7fa58b36754d53d564135,82730934288f233e80b9367b778c86f943d18fa4
PatientID_0267,PatientID_0267_T1_to_T2_t1c,3,EIA-linear,0.4479591512442132,0.2886258770852103,0.4430172865374541,0.4530125128556736,0.4021248182195779,0.0039278535930228,0.4536381546419276,47725,46672,0.9779360921948664,0.443906410701878,0.2852697381201599,PASS,,shard3_attempt1,996d63d2f7ef590801341ec3f945cb2ce0e40c70c4ebdd2b479db41f7da6d3ae,b14f734fbdd418a185f215ea97c4c547009c988c2c5e729974166b55b5868d5c,ed09809583cf23dc68af7c1d84a0edb715c0460f8497c58e0256f39a866d9e19,src/models/eia.py,2136540541c6d42e78a879ce83728886e644dfd3ace819d36766c1d7e5018dbd,996d63d2f7ef590801341ec3f945cb2ce0e40c70c4ebdd2b479db41f7da6d3ae,82730934288f233e80b9367b778c86f943d18fa4
PatientID_0267,PatientID_0267_T1_to_T2_t1c,3,EIA-blend-0.90,0.3980324868451155,0.2484647682157036,0.4269657406498478,0.3727716832362016,0.3495383450332032,0.0042276305115023,0.426794180530773,40748,46672,1.1453813684107197,0.4111458690498463,0.2587687951013584,PASS,,shard3_attempt1,996d63d2f7ef590801341ec3f945cb2ce0e40c70c4ebdd2b479db41f7da6d3ae,b14f734fbdd418a185f215ea97c4c547009c988c2c5e729974166b55b5868d5c,ed09809583cf23dc68af7c1d84a0edb715c0460f8497c58e0256f39a866d9e19,src/models/eia.py,2136540541c6d42e78a879ce83728886e644dfd3ace819d36766c1d7e5018dbd,996d63d2f7ef590801341ec3f945cb2ce0e40c70c4ebdd2b479db41f7da6d3ae,82730934288f233e80b9367b778c86f943d18fa4
PatientID_0267,PatientID_0267_T1_to_T2_t1c,3,EIA-blend-0.75,0.4586589177573745,0.2975713312526734,0.5331232970027248,0.4024468632156325,0.4032522094160253,0.0033010249411407,0.5651940482259291,35232,46672,1.3247048138056312,0.4802879670950432,0.3160387999194107,PASS,,shard3_attempt1,996d63d2f7ef590801341ec3f945cb2ce0e40c70c4ebdd2b479db41f7da6d3ae,b14f734fbdd418a185f215ea97c4c547009c988c2c5e729974166b55b5868d5c,ed09809583cf23dc68af7c1d84a0edb715c0460f8497c58e0256f39a866d9e19,src/models/eia.py,2136540541c6d42e78a879ce83728886e644dfd3ace819d36766c1d7e5018dbd,996d63d2f7ef590801341ec3f945cb2ce0e40c70c4ebdd2b479db41f7da6d3ae,82730934288f233e80b9367b778c86f943d18fa4
PatientID_0267,PatientID_0267_T1_to_T2_t1c,3,EIA-morph,0.3829659984494407,0.2368323721592855,0.3963730569948187,0.370436235858759,0.3829659984494407,0.0062401433691756,0.1501220498598143,43618,46672,1.07001696547297,0.3710790195473616,0.2278066425619493,PASS,,shard3_attempt1,996d63d2f7ef590801341ec3f945cb2ce0e40c70c4ebdd2b479db41f7da6d3ae,b14f734fbdd418a185f215ea97c4c547009c988c2c5e729974166b55b5868d5c,ed09809583cf23dc68af7c1d84a0edb715c0460f8497c58e0256f39a866d9e19,src/models/eia.py,2136540541c6d42e78a879ce83728886e644dfd3ace819d36766c1d7e5018dbd,996d63d2f7ef590801341ec3f945cb2ce0e40c70c4ebdd2b479db41f7da6d3ae,82730934288f233e80b9367b778c86f943d18fa4
PatientID_0267,PatientID_0267_T1_to_T2_t1c,3,Full PCC,0.6077416585179709,0.4365150061669179,0.685257892755338,0.5459804593760713,0.4393346363929448,0.0032308057301018,0.5653740496547528,37186,46672,1.255096003872425,0.6114586904395414,0.4403604604598284,PASS,,shard3_attempt1,1ce4cc7063e01bf7896fcc87d293d33d187674a1b44868f4216da54e414f8597,b14f734fbdd418a185f215ea97c4c547009c988c2c5e729974166b55b5868d5c,ed09809583cf23dc68af7c1d84a0edb715c0460f8497c58e0256f39a866d9e19,src/models/pcc.py,123122d313885dc1d5736a3ef0c2b739b84988a4c4e9f17137f25ef724a13dc4,1ce4cc7063e01bf7896fcc87d293d33d187674a1b44868f4216da54e414f8597,82730934288f233e80b9367b778c86f943d18fa4
PatientID_0267,PatientID_0267_T1_to_T2_t1c,3,No-smoothing PCC,0.7660589957438433,0.620823032139724,0.8993703425567559,0.6671666095303393,0.5190489484845684,0.002317449162003,0.7451942794568678,34622,46672,1.3480445959216685,0.722595989032797,0.5656753719524703,PASS,,shard3_attempt1,a98cff9de3cd973fac6fd4129a2a0437abb1490f192afe845d096994cd98b126,b14f734fbdd418a185f215ea97c4c547009c988c2c5e729974166b55b5868d5c,ed09809583cf23dc68af7c1d84a0edb715c0460f8497c58e0256f39a866d9e19,src/analysis/internal_completion.py,d72550e520742f4fd2a3fe63f61d29804bdd17c303016b7e3a48452ae6cd62f9;123122d313885dc1d5736a3ef0c2b739b84988a4c4e9f17137f25ef724a13dc4,a98cff9de3cd973fac6fd4129a2a0437abb1490f192afe845d096994cd98b126,82730934288f233e80b9367b778c86f943d18fa4
PatientID_0268,PatientID_0268_T1_to_T3_t1c,3,Fixed,0.0059899117276166,0.0030039525691699,0.0030039525691699,1.0,0.0038546125643481,0.0015617499506575,0.0136544190586887,18975,57,0.0030039525691699,8.771929747614652e-09,8.771929747614652e-09,PASS,,shard3_attempt1,1ce4cc7063e01bf7896fcc87d293d33d187674a1b44868f4216da54e414f8597,903ebc38362ba8aa5036bb3f2435b2055db572d5d241b979ab29bb0177a10a04,01bb127cfaf9e7ef8c185fa1b0cbb44055a4b41b877c8d3b1da041b336628b84,src/models/pcc.py,123122d313885dc1d5736a3ef0c2b739b84988a4c4e9f17137f25ef724a13dc4,1ce4cc7063e01bf7896fcc87d293d33d187674a1b44868f4216da54e414f8597,82730934288f233e80b9367b778c86f943d18fa4
PatientID_0268,PatientID_0268_T1_to_T3_t1c,3,Naive,0.0059899117276166,0.0030039525691699,0.0030039525691699,1.0,0.0055361159001795,0.0017376969414223,0.0136912361606164,18975,57,0.0030039525691699,8.771929747614652e-09,8.771929747614652e-09,PASS,,shard3_attempt1,55571640a310a07ad9308efdca53e052351467d1c3f7fa58b36754d53d564135,903ebc38362ba8aa5036bb3f2435b2055db572d5d241b979ab29bb0177a10a04,01bb127cfaf9e7ef8c185fa1b0cbb44055a4b41b877c8d3b1da041b336628b84,src/models/naive_self_tightening.py,131759341c8cebad65044361f13f5ed778994c76eee669c99a818025b0a8c634,55571640a310a07ad9308efdca53e052351467d1c3f7fa58b36754d53d564135,82730934288f233e80b9367b778c86f943d18fa4
PatientID_0268,PatientID_0268_T1_to_T3_t1c,3,EIA-linear,0.006990862819648,0.0035076923076923,0.0035076923076923,1.0,0.0044434101878162,0.0013701229888748,0.0185731903721402,16250,57,0.0035076923076923,8.771929747614652e-09,8.771929747614652e-09,PASS,,shard3_attempt1,996d63d2f7ef590801341ec3f945cb2ce0e40c70c4ebdd2b479db41f7da6d3ae,903ebc38362ba8aa5036bb3f2435b2055db572d5d241b979ab29bb0177a10a04,01bb127cfaf9e7ef8c185fa1b0cbb44055a4b41b877c8d3b1da041b336628b84,src/models/eia.py,2136540541c6d42e78a879ce83728886e644dfd3ace819d36766c1d7e5018dbd,996d63d2f7ef590801341ec3f945cb2ce0e40c70c4ebdd2b479db41f7da6d3ae,82730934288f233e80b9367b778c86f943d18fa4
PatientID_0268,PatientID_0268_T1_to_T3_t1c,3,EIA-blend-0.90,0.006745163008106,0.0033839943006411,0.0033839943006411,1.0,0.0041835899848494,0.0012660870735509,0.537908337893285,16844,57,0.0033839943006411,0.5789473721144968,0.4074074147233652,PASS,,shard3_attempt1,996d63d2f7ef590801341ec3f945cb2ce0e40c70c4ebdd2b479db41f7da6d3ae,903ebc38362ba8aa5036bb3f2435b2055db572d5d241b979ab29bb0177a10a04,01bb127cfaf9e7ef8c185fa1b0cbb44055a4b41b877c8d3b1da041b336628b84,src/models/eia.py,2136540541c6d42e78a879ce83728886e644dfd3ace819d36766c1d7e5018dbd,996d63d2f7ef590801341ec3f945cb2ce0e40c70c4ebdd2b479db41f7da6d3ae,82730934288f233e80b9367b778c86f943d18fa4
PatientID_0268,PatientID_0268_T1_to_T3_t1c,3,EIA-blend-0.75,0.0092886824737228,0.0046660117878192,0.0046660117878192,1.0,0.004839185590225,0.0008810030972731,0.7190688689953826,12216,57,0.0046660117878192,0.5964912316097261,0.4250000071874999,PASS,,shard3_attempt1,996d63d2f7ef590801341ec3f945cb2ce0e40c70c4ebdd2b479db41f7da6d3ae,903ebc38362ba8aa5036bb3f2435b2055db572d5d241b979ab29bb0177a10a04,01bb127cfaf9e7ef8c185fa1b0cbb44055a4b41b877c8d3b1da041b336628b84,src/models/eia.py,2136540541c6d42e78a879ce83728886e644dfd3ace819d36766c1d7e5018dbd,996d63d2f7ef590801341ec3f945cb2ce0e40c70c4ebdd2b479db41f7da6d3ae,82730934288f233e80b9367b778c86f943d18fa4
PatientID_0268,PatientID_0268_T1_to_T3_t1c,3,EIA-morph,0.0072482197355035,0.0036372918129028,0.0036372918129028,1.0,0.0072482197355035,0.0017488799283154,0.0036372918129028,15671,57,0.0036372918129028,8.771929747614652e-09,8.771929747614652e-09,PASS,,shard3_attempt1,996d63d2f7ef590801341ec3f945cb2ce0e40c70c4ebdd2b479db41f7da6d3ae,903ebc38362ba8aa5036bb3f2435b2055db572d5d241b979ab29bb0177a10a04,01bb127cfaf9e7ef8c185fa1b0cbb44055a4b41b877c8d3b1da041b336628b84,src/models/eia.py,2136540541c6d42e78a879ce83728886e644dfd3ace819d36766c1d7e5018dbd,996d63d2f7ef590801341ec3f945cb2ce0e40c70c4ebdd2b479db41f7da6d3ae,82730934288f233e80b9367b778c86f943d18fa4
PatientID_0268,PatientID_0268_T1_to_T3_t1c,3,Full PCC,0.0161633347511697,0.0081475128644939,0.0081475128644939,1.0,0.0055437812566088,0.000730857190774,0.0830565160677185,6996,57,0.0081475128644939,0.1754386037242228,0.0961538548446744,PASS,,shard3_attempt1,1ce4cc7063e01bf7896fcc87d293d33d187674a1b44868f4216da54e414f8597,903ebc38362ba8aa5036bb3f2435b2055db572d5d241b979ab29bb0177a10a04,01bb127cfaf9e7ef8c185fa1b0cbb44055a4b41b877c8d3b1da041b336628b84,src/models/pcc.py,123122d313885dc1d5736a3ef0c2b739b84988a4c4e9f17137f25ef724a13dc4,1ce4cc7063e01bf7896fcc87d293d33d187674a1b44868f4216da54e414f8597,82730934288f233e80b9367b778c86f943d18fa4
PatientID_0268,PatientID_0268_T1_to_T3_t1c,3,No-smoothing PCC,0.0299527062532842,0.0152040544145105,0.0152040544145105,1.0,0.0064350682267066,0.0005545788223906,0.5618388089396624,3749,57,0.0152040544145105,0.5614035126192675,0.3902439098750742,PASS,,shard3_attempt1,a98cff9de3cd973fac6fd4129a2a0437abb1490f192afe845d096994cd98b126,903ebc38362ba8aa5036bb3f2435b2055db572d5d241b979ab29bb0177a10a04,01bb127cfaf9e7ef8c185fa1b0cbb44055a4b41b877c8d3b1da041b336628b84,src/analysis/internal_completion.py,d72550e520742f4fd2a3fe63f61d29804bdd17c303016b7e3a48452ae6cd62f9;123122d313885dc1d5736a3ef0c2b739b84988a4c4e9f17137f25ef724a13dc4,a98cff9de3cd973fac6fd4129a2a0437abb1490f192afe845d096994cd98b126,82730934288f233e80b9367b778c86f943d18fa4
PatientID_0270,PatientID_0270_T1_to_T3_t1c,3,Fixed,0.3285414794848757,0.1965597563160724,0.2134241245136186,0.7132639791937582,0.1791559646010792,0.0013145288938441,0.4667991242680754,15420,4614,0.2992217898832685,0.4763762462639384,0.3126600285472745,PASS,,shard3_attempt1,1ce4cc7063e01bf7896fcc87d293d33d187674a1b44868f4216da54e414f8597,20b1fc173e57e74ac8f4efff2f13be49e97f5198c06b250005b3e45f4ce130e0,765656c4573a04ec37475fb279613cb8a0c995d450adf027cb0ac6790cfc40e0,src/models/pcc.py,123122d313885dc1d5736a3ef0c2b739b84988a4c4e9f17137f25ef724a13dc4,1ce4cc7063e01bf7896fcc87d293d33d187674a1b44868f4216da54e414f8597,82730934288f233e80b9367b778c86f943d18fa4
PatientID_0270,PatientID_0270_T1_to_T3_t1c,3,Naive,0.3285414794848757,0.1965597563160724,0.2134241245136186,0.7132639791937582,0.2870383645735282,0.0012157137425406,0.4657080127911748,15420,4614,0.2992217898832685,0.4763762462639384,0.3126600285472745,PASS,,shard3_attempt1,55571640a310a07ad9308efdca53e052351467d1c3f7fa58b36754d53d564135,20b1fc173e57e74ac8f4efff2f13be49e97f5198c06b250005b3e45f4ce130e0,765656c4573a04ec37475fb279613cb8a0c995d450adf027cb0ac6790cfc40e0,src/models/naive_self_tightening.py,131759341c8cebad65044361f13f5ed778994c76eee669c99a818025b0a8c634,55571640a310a07ad9308efdca53e052351467d1c3f7fa58b36754d53d564135,82730934288f233e80b9367b778c86f943d18fa4
PatientID_0270,PatientID_0270_T1_to_T3_t1c,3,EIA-linear,0.3979016686199007,0.2483628256931865,0.2679443818113491,0.7726484612050282,0.2143241093262977,0.0010924206029163,0.5268503844421113,13305,4614,0.3467869222096956,0.4954486346450533,0.3292999136661912,PASS,,shard3_attempt1,996d63d2f7ef590801341ec3f945cb2ce0e40c70c4ebdd2b479db41f7da6d3ae,20b1fc173e57e74ac8f4efff2f13be49e97f5198c06b250005b3e45f4ce130e0,765656c4573a04ec37475fb279613cb8a0c995d450adf027cb0ac6790cfc40e0,src/models/eia.py,2136540541c6d42e78a879ce83728886e644dfd3ace819d36766c1d7e5018dbd,996d63d2f7ef590801341ec3f945cb2ce0e40c70c4ebdd2b479db41f7da6d3ae,82730934288f233e80b9367b778c86f943d18fa4
PatientID_0270,PatientID_0270_T1_to_T3_t1c,3,EIA-blend-0.90,0.3674056056166731,0.2250440200460517,0.2466048237476809,0.7201993931512787,0.192190629943827,0.0010850719817783,0.5977542015373364,13475,4614,0.3424118738404452,0.5153879497707642,0.3471532847668389,PASS,,shard3_attempt1,996d63d2f7ef590801341ec3f945cb2ce0e40c70c4ebdd2b479db41f7da6d3ae,20b1fc173e57e74ac8f4efff2f13be49e97f5198c06b250005b3e45f4ce130e0,765656c4573a04ec37475fb279613cb8a0c995d450adf027cb0ac6790cfc40e0,src/models/eia.py,2136540541c6d42e78a879ce83728886e644dfd3ace819d36766c1d7e5018dbd,996d63d2f7ef590801341ec3f945cb2ce0e40c70c4ebdd2b479db41f7da6d3ae,82730934288f233e80b9367b778c86f943d18fa4
PatientID_0270,PatientID_0270_T1_to_T3_t1c,3,EIA-blend-0.75,0.4609866684712729,0.2995339020314836,0.3351372626193053,0.7381881231035977,0.2162192316212028,0.0007870285520813,0.6869423703565251,10163,4614,0.4539998032077142,0.5964456003905022,0.4249536751968879,PASS,,shard3_attempt1,996d63d2f7ef590801341ec3f945cb2ce0e40c70c4ebdd2b479db41f7da6d3ae,20b1fc173e57e74ac8f4efff2f13be49e97f5198c06b250005b3e45f4ce130e0,765656c4573a04ec37475fb279613cb8a0c995d450adf027cb0ac6790cfc40e0,src/models/eia.py,2136540541c6d42e78a879ce83728886e644dfd3ace819d36766c1d7e5018dbd,996d63d2f7ef590801341ec3f945cb2ce0e40c70c4ebdd2b479db41f7da6d3ae,82730934288f233e80b9367b778c86f943d18fa4
PatientID_0270,PatientID_0270_T1_to_T3_t1c,3,EIA-morph,0.3863649516754441,0.2394376300121942,0.2635609948677457,0.7234503684438665,0.3863649516754441,0.0011876120071684,0.190816219991456,12665,4614,0.3643110935649427,0.2288686606817437,0.1292217328525181,PASS,,shard3_attempt1,996d63d2f7ef590801341ec3f945cb2ce0e40c70c4ebdd2b479db41f7da6d3ae,20b1fc173e57e74ac8f4efff2f13be49e97f5198c06b250005b3e45f4ce130e0,765656c4573a04ec37475fb279613cb8a0c995d450adf027cb0ac6790cfc40e0,src/models/eia.py,2136540541c6d42e78a879ce83728886e644dfd3ace819d36766c1d7e5018dbd,996d63d2f7ef590801341ec3f945cb2ce0e40c70c4ebdd2b479db41f7da6d3ae,82730934288f233e80b9367b778c86f943d18fa4
PatientID_0270,PatientID_0270_T1_to_T3_t1c,3,Full PCC,0.5545598313125989,0.3836615609044493,0.4249278707443739,0.7980060684872128,0.2464397814309425,0.0006937172222007,0.646354138602838,8665,4614,0.5324870167339874,0.5851755527107526,0.4136029412662985,PASS,,shard3_attempt1,1ce4cc7063e01bf7896fcc87d293d33d187674a1b44868f4216da54e414f8597,20b1fc173e57e74ac8f4efff2f13be49e97f5198c06b250005b3e45f4ce130e0,765656c4573a04ec37475fb279613cb8a0c995d450adf027cb0ac6790cfc40e0,src/models/pcc.py,123122d313885dc1d5736a3ef0c2b739b84988a4c4e9f17137f25ef724a13dc4,1ce4cc7063e01bf7896fcc87d293d33d187674a1b44868f4216da54e414f8597,82730934288f233e80b9367b778c86f943d18fa4
PatientID_0270,PatientID_0270_T1_to_T3_t1c,3,No-smoothing PCC,0.7738810655664186,0.6311631309436723,0.6601377199693955,0.9349804941482444,0.2843630113383655,0.0004801897649518,0.8404998300972171,6535,4614,0.7060443764345831,0.7516254876732092,0.602083333402416,PASS,,shard3_attempt1,a98cff9de3cd973fac6fd4129a2a0437abb1490f192afe845d096994cd98b126,20b1fc173e57e74ac8f4efff2f13be49e97f5198c06b250005b3e45f4ce130e0,765656c4573a04ec37475fb279613cb8a0c995d450adf027cb0ac6790cfc40e0,src/analysis/internal_completion.py,d72550e520742f4fd2a3fe63f61d29804bdd17c303016b7e3a48452ae6cd62f9;123122d313885dc1d5736a3ef0c2b739b84988a4c4e9f17137f25ef724a13dc4,a98cff9de3cd973fac6fd4129a2a0437abb1490f192afe845d096994cd98b126,82730934288f233e80b9367b778c86f943d18fa4
PatientID_0271,PatientID_0271_T1_to_T3_t1c,3,Fixed,0.0054808959156785,0.0027479786503197,0.0029013000055794,0.0494296577946768,0.0135421127302963,0.0017081618028977,0.0077744139019261,17923,1052,0.0586955308821067,4.752851708767657e-10,4.752851708767657e-10,PASS,,shard3_attempt1,1ce4cc7063e01bf7896fcc87d293d33d187674a1b44868f4216da54e414f8597,fbf32a5d7195fa2b81a3acba3427f1300eadb0c10b12fdfb1a4c8584ae6cf474,95430b9eaeddee78372188b0c6b38b117686b93329da9009ec99549195dd8510,src/models/pcc.py,123122d313885dc1d5736a3ef0c2b739b84988a4c4e9f17137f25ef724a13dc4,1ce4cc7063e01bf7896fcc87d293d33d187674a1b44868f4216da54e414f8597,82730934288f233e80b9367b778c86f943d18fa4
PatientID_0271,PatientID_0271_T1_to_T3_t1c,3,Naive,0.0054808959156785,0.0027479786503197,0.0029013000055794,0.0494296577946768,0.0110651203914369,0.0016303373487084,0.0077744138043592,17923,1052,0.0586955308821067,4.752851708767657e-10,4.752851708767657e-10,PASS,,shard3_attempt1,55571640a310a07ad9308efdca53e052351467d1c3f7fa58b36754d53d564135,fbf32a5d7195fa2b81a3acba3427f1300eadb0c10b12fdfb1a4c8584ae6cf474,95430b9eaeddee78372188b0c6b38b117686b93329da9009ec99549195dd8510,src/models/naive_self_tightening.py,131759341c8cebad65044361f13f5ed778994c76eee669c99a818025b0a8c634,55571640a310a07ad9308efdca53e052351467d1c3f7fa58b36754d53d564135,82730934288f233e80b9367b778c86f943d18fa4
PatientID_0271,PatientID_0271_T1_to_T3_t1c,3,EIA-linear,0.0270917803169922,0.01373190098085,0.015,0.1397338403041825,0.0261820065354344,0.0010287455873856,0.0211044807004703,9800,1052,0.1073469387755102,0.0009505708170387,0.0004755116497976,PASS,,shard3_attempt1,996d63d2f7ef590801341ec3f945cb2ce0e40c70c4ebdd2b479db41f7da6d3ae,fbf32a5d7195fa2b81a3acba3427f1300eadb0c10b12fdfb1a4c8584ae6cf474,95430b9eaeddee78372188b0c6b38b117686b93329da9009ec99549195dd8510,src/models/eia.py,2136540541c6d42e78a879ce83728886e644dfd3ace819d36766c1d7e5018dbd,996d63d2f7ef590801341ec3f945cb2ce0e40c70c4ebdd2b479db41f7da6d3ae,82730934288f233e80b9367b778c86f943d18fa4
PatientID_0271,PatientID_0271_T1_to_T3_t1c,3,EIA-blend-0.90,0.0058479532163742,0.002932551319648,0.003133514986376,0.0437262357414448,0.0169323366276601,0.0013932218276792,0.0105451900511077,14680,1052,0.0716621253405994,4.752851708767657e-10,4.752851708767657e-10,PASS,,shard3_attempt1,996d63d2f7ef590801341ec3f945cb2ce0e40c70c4ebdd2b479db41f7da6d3ae,fbf32a5d7195fa2b81a3acba3427f1300eadb0c10b12fdfb1a4c8584ae6cf474,95430b9eaeddee78372188b0c6b38b117686b93329da9009ec99549195dd8510,src/models/eia.py,2136540541c6d42e78a879ce83728886e644dfd3ace819d36766c1d7e5018dbd,996d63d2f7ef590801341ec3f945cb2ce0e40c70c4ebdd2b479db41f7da6d3ae,82730934288f233e80b9367b778c86f943d18fa4
PatientID_0271,PatientID_0271_T1_to_T3_t1c,3,EIA-blend-0.75,0.0136518771331058,0.0068728522336769,0.0076886112445939,0.0608365019011406,0.0235763679981116,0.0009827120347197,0.0177582159009631,8324,1052,0.1263815473330129,4.752851708767657e-10,4.752851708767657e-10,PASS,,shard3_attempt1,996d63d2f7ef590801341ec3f945cb2ce0e40c70c4ebdd2b479db41f7da6d3ae,fbf32a5d7195fa2b81a3acba3427f1300eadb0c10b12fdfb1a4c8584ae6cf474,95430b9eaeddee78372188b0c6b38b117686b93329da9009ec99549195dd8510,src/models/eia.py,2136540541c6d42e78a879ce83728886e644dfd3ace819d36766c1d7e5018dbd,996d63d2f7ef590801341ec3f945cb2ce0e40c70c4ebdd2b479db41f7da6d3ae,82730934288f233e80b9367b778c86f943d18fa4
PatientID_0271,PatientID_0271_T1_to_T3_t1c,3,EIA-morph,0.0137931034482758,0.0069444444444444,0.0094306671323786,0.0256653992395437,0.0137931034482758,0.0004324596774193,0.0003568491847179,2863,1052,0.3674467341949005,0.0095057038928204,0.0047755496634309,PASS,,shard3_attempt1,996d63d2f7ef590801341ec3f945cb2ce0e40c70c4ebdd2b479db41f7da6d3ae,fbf32a5d7195fa2b81a3acba3427f1300eadb0c10b12fdfb1a4c8584ae6cf474,95430b9eaeddee78372188b0c6b38b117686b93329da9009ec99549195dd8510,src/models/eia.py,2136540541c6d42e78a879ce83728886e644dfd3ace819d36766c1d7e5018dbd,996d63d2f7ef590801341ec3f945cb2ce0e40c70c4ebdd2b479db41f7da6d3ae,82730934288f233e80b9367b778c86f943d18fa4
PatientID_0271,PatientID_0271_T1_to_T3_t1c,3,Full PCC,0.1440677966101695,0.0776255707762557,0.0998531571218795,0.2585551330798479,0.0313742001435782,0.0006494998660955,0.0657438468420153,2724,1052,0.3861967694566813,0.0047528521840528,0.0023820871832386,PASS,,shard3_attempt1,1ce4cc7063e01bf7896fcc87d293d33d187674a1b44868f4216da54e414f8597,fbf32a5d7195fa2b81a3acba3427f1300eadb0c10b12fdfb1a4c8584ae6cf474,95430b9eaeddee78372188b0c6b38b117686b93329da9009ec99549195dd8510,src/models/pcc.py,123122d313885dc1d5736a3ef0c2b739b84988a4c4e9f17137f25ef724a13dc4,1ce4cc7063e01bf7896fcc87d293d33d187674a1b44868f4216da54e414f8597,82730934288f233e80b9367b778c86f943d18fa4
PatientID_0271,PatientID_0271_T1_to_T3_t1c,3,No-smoothing PCC,0.4275653923541248,0.2719129878438899,0.2906976744186046,0.8079847908745247,0.0504667649677115,0.0005599197836146,0.2045842000197275,2924,1052,0.359781121751026,0.1055133084099271,0.055694932736731,PASS,,shard3_attempt1,a98cff9de3cd973fac6fd4129a2a0437abb1490f192afe845d096994cd98b126,fbf32a5d7195fa2b81a3acba3427f1300eadb0c10b12fdfb1a4c8584ae6cf474,95430b9eaeddee78372188b0c6b38b117686b93329da9009ec99549195dd8510,src/analysis/internal_completion.py,d72550e520742f4fd2a3fe63f61d29804bdd17c303016b7e3a48452ae6cd62f9;123122d313885dc1d5736a3ef0c2b739b84988a4c4e9f17137f25ef724a13dc4,a98cff9de3cd973fac6fd4129a2a0437abb1490f192afe845d096994cd98b126,82730934288f233e80b9367b778c86f943d18fa4
PatientID_0272,PatientID_0272_T1_to_T3_t1c,3,Fixed,0.1770808490341044,0.0971413619415189,0.1028749567024593,0.6354300385109114,0.0997429083769594,0.0012291770388393,0.0906086115015727,14435,2337,0.1618981641842743,0.0684638427324638,0.0354452815606013,PASS,,shard3_attempt1,1ce4cc7063e01bf7896fcc87d293d33d187674a1b44868f4216da54e414f8597,62f1d5e51db97a8d6c6a295e9d98235adb3e3ee863c2c843b895dea1dd331b3c,ec292164657c65bed2727e0cc431ed4b92509836fefcb2e2e08880886b4c5525,src/models/pcc.py,123122d313885dc1d5736a3ef0c2b739b84988a4c4e9f17137f25ef724a13dc4,1ce4cc7063e01bf7896fcc87d293d33d187674a1b44868f4216da54e414f8597,82730934288f233e80b9367b778c86f943d18fa4
PatientID_0272,PatientID_0272_T1_to_T3_t1c,3,Naive,0.1770808490341044,0.0971413619415189,0.1028749567024593,0.6354300385109114,0.1520015953920168,0.0012543663370304,0.0906201733385541,14435,2337,0.1618981641842743,0.0684638427324638,0.0354452815606013,PASS,,shard3_attempt1,55571640a310a07ad9308efdca53e052351467d1c3f7fa58b36754d53d564135,62f1d5e51db97a8d6c6a295e9d98235adb3e3ee863c2c843b895dea1dd331b3c,ec292164657c65bed2727e0cc431ed4b92509836fefcb2e2e08880886b4c5525,src/models/naive_self_tightening.py,131759341c8cebad65044361f13f5ed778994c76eee669c99a818025b0a8c634,55571640a310a07ad9308efdca53e052351467d1c3f7fa58b36754d53d564135,82730934288f233e80b9367b778c86f943d18fa4
PatientID_0272,PatientID_0272_T1_to_T3_t1c,3,EIA-linear,0.2019660411081322,0.1123260437375745,0.1173172757475083,0.7252888318356868,0.1170320484576577,0.001154656987683,0.1156730987253535,14448,2337,0.1617524916943521,0.0701754387954267,0.0363636365773029,PASS,,shard3_attempt1,996d63d2f7ef590801341ec3f945cb2ce0e40c70c4ebdd2b479db41f7da6d3ae,62f1d5e51db97a8d6c6a295e9d98235adb3e3ee863c2c843b895dea1dd331b3c,ec292164657c65bed2727e0cc431ed4b92509836fefcb2e2e08880886b4c5525,src/models/eia.py,2136540541c6d42e78a879ce83728886e644dfd3ace819d36766c1d7e5018dbd,996d63d2f7ef590801341ec3f945cb2ce0e40c70c4ebdd2b479db41f7da6d3ae,82730934288f233e80b9367b778c86f943d18fa4
PatientID_0272,PatientID_0272_T1_to_T3_t1c,3,EIA-blend-0.90,0.1995461825947677,0.1108310475202016,0.1182098521388471,0.6397090286692341,0.1069686296856201,0.0010121936964506,0.1513498132860368,12647,2337,0.1847869059856092,0.0795892171417224,0.0414438504809617,PASS,,shard3_attempt1,996d63d2f7ef590801341ec3f945cb2ce0e40c70c4ebdd2b479db41f7da6d3ae,62f1d5e51db97a8d6c6a295e9d98235adb3e3ee863c2c843b895dea1dd331b3c,ec292164657c65bed2727e0cc431ed4b92509836fefcb2e2e08880886b4c5525,src/models/eia.py,2136540541c6d42e78a879ce83728886e644dfd3ace819d36766c1d7e5018dbd,996d63d2f7ef590801341ec3f945cb2ce0e40c70c4ebdd2b479db41f7da6d3ae,82730934288f233e80b9367b778c86f943d18fa4
PatientID_0272,PatientID_0272_T1_to_T3_t1c,3,EIA-blend-0.75,0.2581311306143521,0.1481920569057498,0.1615508885298869,0.6418485237483954,0.1204885618454845,0.000731337921497,0.2618322740900866,9285,2337,0.2516962843295638,0.2255027815093062,0.1270798169454835,PASS,,shard3_attempt1,996d63d2f7ef590801341ec3f945cb2ce0e40c70c4ebdd2b479db41f7da6d3ae,62f1d5e51db97a8d6c6a295e9d98235adb3e3ee863c2c843b895dea1dd331b3c,ec292164657c65bed2727e0cc431ed4b92509836fefcb2e2e08880886b4c5525,src/models/eia.py,2136540541c6d42e78a879ce83728886e644dfd3ace819d36766c1d7e5018dbd,996d63d2f7ef590801341ec3f945cb2ce0e40c70c4ebdd2b479db41f7da6d3ae,82730934288f233e80b9367b778c86f943d18fa4
PatientID_0272,PatientID_0272_T1_to_T3_t1c,3,EIA-morph,0.1747012772970745,0.0957110609480812,0.1012831012831012,0.6350021394950791,0.1747012772970745,0.0015704525089605,0.0644105281241614,14652,2337,0.1595004095004095,0.1069747541491282,0.0565099459637183,PASS,,shard3_attempt1,996d63d2f7ef590801341ec3f945cb2ce0e40c70c4ebdd2b479db41f7da6d3ae,62f1d5e51db97a8d6c6a295e9d98235adb3e3ee863c2c843b895dea1dd331b3c,ec292164657c65bed2727e0cc431ed4b92509836fefcb2e2e08880886b4c5525,src/models/eia.py,2136540541c6d42e78a879ce83728886e644dfd3ace819d36766c1d7e5018dbd,996d63d2f7ef590801341ec3f945cb2ce0e40c70c4ebdd2b479db41f7da6d3ae,82730934288f233e80b9367b778c86f943d18fa4
PatientID_0272,PatientID_0272_T1_to_T3_t1c,3,Full PCC,0.3476627712854758,0.2104066683505935,0.2298882296122533,0.7128797603765511,0.1439410409202824,0.0006584795418944,0.2150637232067579,7247,2337,0.3224782668690492,0.2327770647768983,0.1317191285395353,PASS,,shard3_attempt1,1ce4cc7063e01bf7896fcc87d293d33d187674a1b44868f4216da54e414f8597,62f1d5e51db97a8d6c6a295e9d98235adb3e3ee863c2c843b895dea1dd331b3c,ec292164657c65bed2727e0cc431ed4b92509836fefcb2e2e08880886b4c5525,src/models/pcc.py,123122d313885dc1d5736a3ef0c2b739b84988a4c4e9f17137f25ef724a13dc4,1ce4cc7063e01bf7896fcc87d293d33d187674a1b44868f4216da54e414f8597,82730934288f233e80b9367b778c86f943d18fa4
PatientID_0272,PatientID_0272_T1_to_T3_t1c,3,No-smoothing PCC,0.6358279316440778,0.4660907127429806,0.4848348685688609,0.9234060761660248,0.1928776651650065,0.0004270861072092,0.5524550668136528,4451,2337,0.5250505504381038,0.5862216517787288,0.4146489105887867,PASS,,shard3_attempt1,a98cff9de3cd973fac6fd4129a2a0437abb1490f192afe845d096994cd98b126,62f1d5e51db97a8d6c6a295e9d98235adb3e3ee863c2c843b895dea1dd331b3c,ec292164657c65bed2727e0cc431ed4b92509836fefcb2e2e08880886b4c5525,src/analysis/internal_completion.py,d72550e520742f4fd2a3fe63f61d29804bdd17c303016b7e3a48452ae6cd62f9;123122d313885dc1d5736a3ef0c2b739b84988a4c4e9f17137f25ef724a13dc4,a98cff9de3cd973fac6fd4129a2a0437abb1490f192afe845d096994cd98b126,82730934288f233e80b9367b778c86f943d18fa4
PatientID_0274,PatientID_0274_T1_to_T3_t1c,3,Fixed,0.4182967198314776,0.2644596651445967,0.4615384615384615,0.3824635421443639,0.3191948762835529,0.0010243692212415,0.4050442346859407,9035,10903,1.2067515218594356,0.4341007062535953,0.2772213436843425,PASS,,shard3_attempt1,1ce4cc7063e01bf7896fcc87d293d33d187674a1b44868f4216da54e414f8597,1e420ed4ef63916c87b5c9b05d40bf5bca60b6164c3389a9d5c362d2020c2cfb,20335c69f1e79ca237e5c0ecc7de0c710e4a4d41bc7fca5ca794a06c41d629bd,src/models/pcc.py,123122d313885dc1d5736a3ef0c2b739b84988a4c4e9f17137f25ef724a13dc4,1ce4cc7063e01bf7896fcc87d293d33d187674a1b44868f4216da54e414f8597,82730934288f233e80b9367b778c86f943d18fa4
PatientID_0274,PatientID_0274_T1_to_T3_t1c,3,Naive,0.4182967198314776,0.2644596651445967,0.4615384615384615,0.3824635421443639,0.4026058077841646,0.0010401148702362,0.4051249791910177,9035,10903,1.2067515218594356,0.4341007062535953,0.2772213436843425,PASS,,shard3_attempt1,55571640a310a07ad9308efdca53e052351467d1c3f7fa58b36754d53d564135,1e420ed4ef63916c87b5c9b05d40bf5bca60b6164c3389a9d5c362d2020c2cfb,20335c69f1e79ca237e5c0ecc7de0c710e4a4d41bc7fca5ca794a06c41d629bd,src/models/naive_self_tightening.py,131759341c8cebad65044361f13f5ed778994c76eee669c99a818025b0a8c634,55571640a310a07ad9308efdca53e052351467d1c3f7fa58b36754d53d564135,82730934288f233e80b9367b778c86f943d18fa4
PatientID_0274,PatientID_0274_T1_to_T3_t1c,3,EIA-linear,0.5334624786679582,0.3637564473518682,0.5365559473000556,0.5304044758323397,0.3850080156912837,0.0008419687134771,0.5367773987332323,10778,10903,1.0115976990165152,0.5348986517685546,0.3650932766141797,PASS,,shard3_attempt1,996d63d2f7ef590801341ec3f945cb2ce0e40c70c4ebdd2b479db41f7da6d3ae,1e420ed4ef63916c87b5c9b05d40bf5bca60b6164c3389a9d5c362d2020c2cfb,20335c69f1e79ca237e5c0ecc7de0c710e4a4d41bc7fca5ca794a06c41d629bd,src/models/eia.py,2136540541c6d42e78a879ce83728886e644dfd3ace819d36766c1d7e5018dbd,996d63d2f7ef590801341ec3f945cb2ce0e40c70c4ebdd2b479db41f7da6d3ae,82730934288f233e80b9367b778c86f943d18fa4
PatientID_0274,PatientID_0274_T1_to_T3_t1c,3,EIA-blend-0.90,0.4483099838550075,0.2889172316573807,0.5186791998071825,0.3947537375034394,0.3410067706733811,0.0008949670473442,0.4933420755067783,8298,10903,1.3139310677271632,0.5000458589608344,0.3333740981207427,PASS,,shard3_attempt1,996d63d2f7ef590801341ec3f945cb2ce0e40c70c4ebdd2b479db41f7da6d3ae,1e420ed4ef63916c87b5c9b05d40bf5bca60b6164c3389a9d5c362d2020c2cfb,20335c69f1e79ca237e5c0ecc7de0c710e4a4d41bc7fca5ca794a06c41d629bd,src/models/eia.py,2136540541c6d42e78a879ce83728886e644dfd3ace819d36766c1d7e5018dbd,996d63d2f7ef590801341ec3f945cb2ce0e40c70c4ebdd2b479db41f7da6d3ae,82730934288f233e80b9367b778c86f943d18fa4
PatientID_0274,PatientID_0274_T1_to_T3_t1c,3,EIA-blend-0.75,0.5415095370825819,0.3712808214044817,0.6700027048958616,0.4543703567825369,0.3757732746311438,0.0007274377086295,0.6188462541656701,7394,10903,1.4745739789018122,0.5665413189229321,0.3952268219722806,PASS,,shard3_attempt1,996d63d2f7ef590801341ec3f945cb2ce0e40c70c4ebdd2b479db41f7da6d3ae,1e420ed4ef63916c87b5c9b05d40bf5bca60b6164c3389a9d5c362d2020c2cfb,20335c69f1e79ca237e5c0ecc7de0c710e4a4d41bc7fca5ca794a06c41d629bd,src/models/eia.py,2136540541c6d42e78a879ce83728886e644dfd3ace819d36766c1d7e5018dbd,996d63d2f7ef590801341ec3f945cb2ce0e40c70c4ebdd2b479db41f7da6d3ae,82730934288f233e80b9367b778c86f943d18fa4
PatientID_0274,PatientID_0274_T1_to_T3_t1c,3,EIA-morph,0.4250371103414151,0.2698711907005969,0.4614806059954873,0.3939282766211134,0.4250371103414151,0.001301523297491,0.182530403183045,9307,10903,1.1714838293757386,0.3939282766489073,0.245274398992332,PASS,,shard3_attempt1,996d63d2f7ef590801341ec3f945cb2ce0e40c70c4ebdd2b479db41f7da6d3ae,1e420ed4ef63916c87b5c9b05d40bf5bca60b6164c3389a9d5c362d2020c2cfb,20335c69f1e79ca237e5c0ecc7de0c710e4a4d41bc7fca5ca794a06c41d629bd,src/models/eia.py,2136540541c6d42e78a879ce83728886e644dfd3ace819d36766c1d7e5018dbd,996d63d2f7ef590801341ec3f945cb2ce0e40c70c4ebdd2b479db41f7da6d3ae,82730934288f233e80b9367b778c86f943d18fa4
PatientID_0274,PatientID_0274_T1_to_T3_t1c,3,Full PCC,0.6701776125567948,0.503960242273645,0.7666863555818074,0.595249014032835,0.4294528168854533,0.0006682546745905,0.663492800586282,8465,10903,1.2880094506792676,0.6791708704173544,0.5142004027835428,PASS,,shard3_attempt1,1ce4cc7063e01bf7896fcc87d293d33d187674a1b44868f4216da54e414f8597,1e420ed4ef63916c87b5c9b05d40bf5bca60b6164c3389a9d5c362d2020c2cfb,20335c69f1e79ca237e5c0ecc7de0c710e4a4d41bc7fca5ca794a06c41d629bd,src/models/pcc.py,123122d313885dc1d5736a3ef0c2b739b84988a4c4e9f17137f25ef724a13dc4,1ce4cc7063e01bf7896fcc87d293d33d187674a1b44868f4216da54e414f8597,82730934288f233e80b9367b778c86f943d18fa4
PatientID_0274,PatientID_0274_T1_to_T3_t1c,3,No-smoothing PCC,0.8590468497576736,0.7529203539823008,0.9554183043234138,0.7803356874254792,0.5234671044350023,0.0004250070873197,0.8467958179073659,8905,10903,1.2243683323975294,0.8296799046212199,0.7089341693018076,PASS,,shard3_attempt1,a98cff9de3cd973fac6fd4129a2a0437abb1490f192afe845d096994cd98b126,1e420ed4ef63916c87b5c9b05d40bf5bca60b6164c3389a9d5c362d2020c2cfb,20335c69f1e79ca237e5c0ecc7de0c710e4a4d41bc7fca5ca794a06c41d629bd,src/analysis/internal_completion.py,d72550e520742f4fd2a3fe63f61d29804bdd17c303016b7e3a48452ae6cd62f9;123122d313885dc1d5736a3ef0c2b739b84988a4c4e9f17137f25ef724a13dc4,a98cff9de3cd973fac6fd4129a2a0437abb1490f192afe845d096994cd98b126,82730934288f233e80b9367b778c86f943d18fa4
PatientID_0275,PatientID_0275_T1_to_T3_t1c,3,Fixed,0.0279935457240421,0.0141954635408738,0.0148174631549676,0.252710027100271,0.0154769662195011,0.0025353430710242,0.0100783232598791,25173,1476,0.0586342509831962,0.0223577239084154,0.0113052418597789,PASS,,shard3_attempt1,1ce4cc7063e01bf7896fcc87d293d33d187674a1b44868f4216da54e414f8597,a3a3acc62d6a8ea0e485a8f874f8e5bfa9685107919b35b1b04dafd4370838c9,6d531e0693ad91f01b44456329319be3cee7fc989f347a82ce42be5eea689d98,src/models/pcc.py,123122d313885dc1d5736a3ef0c2b739b84988a4c4e9f17137f25ef724a13dc4,1ce4cc7063e01bf7896fcc87d293d33d187674a1b44868f4216da54e414f8597,82730934288f233e80b9367b778c86f943d18fa4
PatientID_0275,PatientID_0275_T1_to_T3_t1c,3,Naive,0.0279935457240421,0.0141954635408738,0.0148174631549676,0.252710027100271,0.022816015421125,0.0023018348663853,0.0100782068731168,25173,1476,0.0586342509831962,0.0223577239084154,0.0113052418597789,PASS,,shard3_attempt1,55571640a310a07ad9308efdca53e052351467d1c3f7fa58b36754d53d564135,a3a3acc62d6a8ea0e485a8f874f8e5bfa9685107919b35b1b04dafd4370838c9,6d531e0693ad91f01b44456329319be3cee7fc989f347a82ce42be5eea689d98,src/models/naive_self_tightening.py,131759341c8cebad65044361f13f5ed778994c76eee669c99a818025b0a8c634,55571640a310a07ad9308efdca53e052351467d1c3f7fa58b36754d53d564135,82730934288f233e80b9367b778c86f943d18fa4
PatientID_0275,PatientID_0275_T1_to_T3_t1c,3,EIA-linear,0.0392997811816192,0.0200437480469621,0.0210068307289229,0.30420054200542,0.0247297482526759,0.0020810379768125,0.0198680440926187,21374,1476,0.069055862262562,0.0277777781071213,0.0140845073809397,PASS,,shard3_attempt1,996d63d2f7ef590801341ec3f945cb2ce0e40c70c4ebdd2b479db41f7da6d3ae,a3a3acc62d6a8ea0e485a8f874f8e5bfa9685107919b35b1b04dafd4370838c9,6d531e0693ad91f01b44456329319be3cee7fc989f347a82ce42be5eea689d98,src/models/eia.py,2136540541c6d42e78a879ce83728886e644dfd3ace819d36766c1d7e5018dbd,996d63d2f7ef590801341ec3f945cb2ce0e40c70c4ebdd2b479db41f7da6d3ae,82730934288f233e80b9367b778c86f943d18fa4
PatientID_0275,PatientID_0275_T1_to_T3_t1c,3,EIA-blend-0.90,0.0326271565209618,0.0165841246762688,0.0174657861996363,0.247289972899729,0.0182663064091386,0.0020657981763521,0.0368593576461928,20898,1476,0.0706287683031869,0.0406504068290479,0.0207468883054125,PASS,,shard3_attempt1,996d63d2f7ef590801341ec3f945cb2ce0e40c70c4ebdd2b479db41f7da6d3ae,a3a3acc62d6a8ea0e485a8f874f8e5bfa9685107919b35b1b04dafd4370838c9,6d531e0693ad91f01b44456329319be3cee7fc989f347a82ce42be5eea689d98,src/models/eia.py,2136540541c6d42e78a879ce83728886e644dfd3ace819d36766c1d7e5018dbd,996d63d2f7ef590801341ec3f945cb2ce0e40c70c4ebdd2b479db41f7da6d3ae,82730934288f233e80b9367b778c86f943d18fa4
PatientID_0275,PatientID_0275_T1_to_T3_t1c,3,EIA-blend-0.75,0.050177095631641,0.0257341810475325,0.0281550182179529,0.2303523035230352,0.0237380052215832,0.0014545264550618,0.0710423574638607,12076,1476,0.1222259026167605,0.0670731710477394,0.0347003157957587,PASS,,shard3_attempt1,996d63d2f7ef590801341ec3f945cb2ce0e40c70c4ebdd2b479db41f7da6d3ae,a3a3acc62d6a8ea0e485a8f874f8e5bfa9685107919b35b1b04dafd4370838c9,6d531e0693ad91f01b44456329319be3cee7fc989f347a82ce42be5eea689d98,src/models/eia.py,2136540541c6d42e78a879ce83728886e644dfd3ace819d36766c1d7e5018dbd,996d63d2f7ef590801341ec3f945cb2ce0e40c70c4ebdd2b479db41f7da6d3ae,82730934288f233e80b9367b778c86f943d18fa4
PatientID_0275,PatientID_0275_T1_to_T3_t1c,3,EIA-morph,0.0306841741534208,0.0155811341942728,0.0164615156458549,0.2256097560975609,0.0306841741534208,0.0023565188172043,0.0038419027234059,20229,1476,0.0729645558356814,0.0189701900342241,0.0095759237313351,PASS,,shard3_attempt1,996d63d2f7ef590801341ec3f945cb2ce0e40c70c4ebdd2b479db41f7da6d3ae,a3a3acc62d6a8ea0e485a8f874f8e5bfa9685107919b35b1b04dafd4370838c9,6d531e0693ad91f01b44456329319be3cee7fc989f347a82ce42be5eea689d98,src/models/eia.py,2136540541c6d42e78a879ce83728886e644dfd3ace819d36766c1d7e5018dbd,996d63d2f7ef590801341ec3f945cb2ce0e40c70c4ebdd2b479db41f7da6d3ae,82730934288f233e80b9367b778c86f943d18fa4
PatientID_0275,PatientID_0275_T1_to_T3_t1c,3,Full PCC,0.1227420101899027,0.0653836664199358,0.074022346368715,0.3590785907859078,0.0293151901212157,0.0011165019043947,0.050851495276321,7160,1476,0.206145251396648,0.0643631439483864,0.0332516629215079,PASS,,shard3_attempt1,1ce4cc7063e01bf7896fcc87d293d33d187674a1b44868f4216da54e414f8597,a3a3acc62d6a8ea0e485a8f874f8e5bfa9685107919b35b1b04dafd4370838c9,6d531e0693ad91f01b44456329319be3cee7fc989f347a82ce42be5eea689d98,src/models/pcc.py,123122d313885dc1d5736a3ef0c2b739b84988a4c4e9f17137f25ef724a13dc4,1ce4cc7063e01bf7896fcc87d293d33d187674a1b44868f4216da54e414f8597,82730934288f233e80b9367b778c86f943d18fa4
PatientID_0275,PatientID_0275_T1_to_T3_t1c,3,No-smoothing PCC,0.3522968197879859,0.2138108513832297,0.2382887189292543,0.6754742547425474,0.0430335127950991,0.0008523899314181,0.2346187872630722,4184,1476,0.3527724665391969,0.255420054452771,0.1464077673217834,PASS,,shard3_attempt1,a98cff9de3cd973fac6fd4129a2a0437abb1490f192afe845d096994cd98b126,a3a3acc62d6a8ea0e485a8f874f8e5bfa9685107919b35b1b04dafd4370838c9,6d531e0693ad91f01b44456329319be3cee7fc989f347a82ce42be5eea689d98,src/analysis/internal_completion.py,d72550e520742f4fd2a3fe63f61d29804bdd17c303016b7e3a48452ae6cd62f9;123122d313885dc1d5736a3ef0c2b739b84988a4c4e9f17137f25ef724a13dc4,a98cff9de3cd973fac6fd4129a2a0437abb1490f192afe845d096994cd98b126,82730934288f233e80b9367b778c86f943d18fa4
